text	label
[鼓掌] //@朱皓毅: 原来蔡总是首发[嘻嘻]	1
年味十足！[爱你]	1
本周的午餐菜单如下：http://t.cn/zY8FsCy 感兴趣的朋友不要错过[可爱] //@teruisitan: 用餐环境看起来挺棒的，138元能吃到如此丰富的菜品，真是物超所值[good]	1
11月22日-12月7日，#奥迪创新空间站#将正式对公众开放，欢迎到广州海心沙探寻”四个大球“的秘密[嘻嘻] 也可以关注我们的”奥迪创新空间“微信账号，和奥迪一起开启创新之旅！	1
有，乐不思蜀。//@姿颖的微博:[哈哈]【宜家靠迷路创造60%冲动购物】你有没有过这种感受呢？	1
知了还活着[哈哈]	1
仲有得好耶不讲得// @月亮游味? :回复  @大哥餐厅  : 切?的?包???有扁塌了呢! ?有蛋白炸的??, 有趣! [?嘴][good] //  @大哥餐厅  :回复  @月亮游味?  : 很??[可爱][可爱]只是厚多士一?九炸，?有?料花生?等，如果熟客，可以私伙要求蛋白炸或者蛋?炸[偷笑][偷笑]?味大不相同[酷]	1
太震撼了，我去巴黎的时候怎么没找到这样的好位置，哈哈！[亲亲]@璇宝宝Elaine @刘杨刘杨刘大杨 @我想说真话- @我没微博真的 @楠心-楠意	1
大家快仔细看看，找到你心仪的那个人了吗？[嘻嘻]	1
看到这张图马上想到你@小萌萌277 [爱你][爱你]	1
在看的亲们来冒泡！！[亲亲]	1
支持！//@DJ曙光: 都来投票啊[嘻嘻]@阿仝木 @背包客小鹏 @BTV杨艳 @BTV祖冲冲 @DavidFeng冯琰 @冯关蕾 @高颂 @高欣_百合 @郭茜Cherry @九歌宣元 @Lu瑶Yao @趴趴熊-Elsa @馒头圆圆 @美丽毅 @怒怒小哥 @齐天胤的微博 @田野Manu	1
今晚20:00~21:00北京文艺广播电台FM87.6[话筒][话筒][话筒]//@隋小爷:今晚做客去[哈哈]	1
中国特色竞争模式 //@中国经营报:顶老刘一下！[嘻嘻]	1
哈哈哈哈 //@春风春风017:真希望这样[哈哈][抓狂] //@朱八贱:这塔马熊孩子领导！哈哈//@进击的巨人官网: 哈哈哈哈哈哈哈//@吴谚祖: 哈哈哈哈哈哈哈//@七个柚子多少钱:哈哈哈哈哈哈//@杰克波比:哈哈哈哈哈哈	1
[鼓掌] //@奥迪英杰汇:#品致生活脱口秀#奥迪英杰汇马未都老师即将和大家分享有趣的故事，期待！@太美黑卡会	1
所以嘛，let it be[可爱]	1
提前祝大家五一长假快乐！真就是一眨眼，一眨眼就会到的！[嘻嘻]	1
[哈哈]算谣言否？	1
#三清驴友#巨蟒出山那张有点白娘子即将幻化成人形那时的感觉~~[哈哈]	1
妹子长得好可爱！[哈哈]	1
[good] //@报纸观察：格调决定发行量[嘻嘻]   //@炸小鱼：现在报纸的标题越来越奔放了	1
苏局长，帝都人民能帮你的就这么多了[嘻嘻]PS：我八达岭高速一战成名[鼓掌][鼓掌]	1
巴神啊,[哈哈]	1
[爱你]//@职业规划洪向阳:本月底，当当网及全国各大书店有售！[呵呵] //@思思小魔女:哪里买这个书啊 //《10天谋定好前途―职业规划实操手册》节后来袭！绝对实用！绝对经典！十年一剑，倾情奉献！你还在等什么？小伙伴们，勇敢做自己的职业规划师吧！[鼓掌]	1
[阳光]//@乐猴817: 几度风雨几度秋，云遮雾绕景如旧。偶失青山真面目，江山多娇千古流。[鼓掌][赞]美	1
等你回来聚会啊！[哈哈] //@三摩地帮主:好好吃吧，我给@侯新庆 侯哥打电话，慰问一下[哈哈][哈哈]大师兄辛苦哦，[鼓掌]	1
坚持，所以拥有希望[馋嘴]//@芭莎珠宝敬静:我笨我骄傲。[嘻嘻] //@珍珠皇后和茉莉珠宝:转发微博	1
应该是穷人乍富，好像郊区的拆迁户一样 //@老王年方一十八:我其实特别欣赏这支球队、球员及其球迷身上所散发的天然的不加修饰的暴发户的气质！显得特别贵族，充分显示了什么叫小人得志！[挖鼻屎][鼓掌]	1
谢谢杨总推荐，晚安[鼓掌]	1
Team集体旷工，一起去郊游耶[爱你]向大觉寺出发喽[哈哈]	1
最后一道菜在雨中完成，[嘻嘻]	1
我在第四届北京青年相声节传统相声邀请赛现场，@嘻哈包袱铺王惟 @百变连旭 两位嘻哈包袱铺的元老按照行话可谓是名副其实的娃娃腿儿，今天参赛准备的是一段最具知识性的传统活《铃铛谱》，如果上学时候那些枯燥的文化课程用相声来表演讲解，估计主页君我考上北大就势在必得了[哈哈][哈哈][哈哈]	1
回复@晴天小迷糊:好像夏天快要来了[吃惊] // すぐにも夏が来そうだね[吃惊] //@晴天小迷糊:广州现在24度~~嘻嘻~[嘻嘻]	1
//@未成年人勿进: [哈哈]	1
我爱家乡的清水煮碱粽。[太开心]	1
#五折烤鸭优惠券等您来拿！#[礼物]现在通过淘点点手机APP预订一花一叶咖餐厅堂食座位，可免费领取一花一叶五折烤鸭兑换券，立省59元起。粉粉们，快来一花一叶淘点点手机餐厅抢吧！[鼓掌]	1
[哈哈]//@菲弄潮儿: [哈哈][哈哈][哈哈]//@疗伤心理学: 要不要这么逗啊~[哈哈]	1
就是这样子的呀！[哈哈]	1
那就关注@龙腾精英超级模特大赛 的微博吧~咱们微博上看比赛[嘻嘻]//@Im晓粉: 我 2号回杭州咯就[泪] //@贝贝9603:11月3号来看我们的大赛啊！	1
灿烂的心情才会有灿烂的人生[鼓掌]//@行者1020: 因为每天都是新的！ //@美食健康顾问:开心的时候要漂亮，不开心的时候更要漂亮！	1
回复@纯棉婚姻:真被秒到了~否则也不会在它面前停驻很长时间~[哈哈] //@纯棉婚姻:哈哈，用温柔的眼神杀死你。。。	1
回复@林风徐徐:我们也很期待！此前的媒体采访都链接在围脖里了，慢慢找吧！[哈哈]这次的俺争取直播给你啊！ //@林风徐徐:期待看专访，哪能看到？ //@赵骋夫妇之昊游中国:回复@wintersweet_0:[呵呵]榜样的力量！[威武]	1
爸爸最早起的名子，我就是刘小?，现在小女又回来了！明天开始叫我刘小?吧![爱你]	1
为欢迎@杨淇羽 小姐的宝书到我家做客，今晚我亲手为它制作了一件漂亮的“家居服”，[兔子]所以Miss杨请放心，我会好好照顾它哒，谢谢你哟！[爱你]	1
太超值咯~~[鼓掌]//@福州名城豪生大酒店: 豪华尊享7晚2999元净价优惠哦~[招财]	1
[哈哈] 据说，刺猬吃了盐巴会像人一样“咳咳”地咳。//@西西蓝：我想说，原来刺猬长得这么可爱吗？没有这个角度看过刺猬。//@江南Ricardo：[抱抱] //@可爱宠物中心：介个笑话太冷啦~~[偷笑]	1
[花心]//@绿茵战士: 一哥要不当明星都耽误了[哈哈]	1
回复@兰兰的兰兰:小编我连喝豆汁都修炼出来了！[偷乐] //@兰兰的兰兰:回复@北京姚记炒肝店-官方:[哈哈]之前真心不喜欢吃，但是这次吃了大大一碗	1
[鼓掌] #方家美食工作室#	1
是@潮汕渔家 ，不好意思，我再转发一下啦，地址的话，大家可以直接看他家微博哦！[可爱]	1
回复@博斐秀禾tina肖:因为我知道自从你来到博斐秀禾后才变得漂亮的[偷笑] //@博斐秀禾tina肖:回复@陈玉霞博斐秀禾:[不好意思]你咋知道呢，那晒得黑的就看见眼睛和牙了，不过很爽[嘻嘻]	1
[得意地笑]//@sun_昊枫林: [ppb鼓掌][鼓掌][给力]//@武程翔: [鼓掌]//@水云-仙子: 主帖发了不到48小时，阅读量现在已经是2.7万啦！掌声在哪里？[嘻嘻]	1
软浆叶煮汤太治愈了。叶片肉而光，脆而滑，介于小菠菜和秋葵之间，一切刚刚好。一定洒两三颗花椒，最好是成熟馨香的大红袍，不尖锐的麻在沸水中散开，消解了叶的微涩，却放大和延续了叶的清甜，舒服得想记一辈子的软浆叶味。汤也赞，喝光发一身微汗，所有不确定感随之遣散[可爱]	1
别国开会是如何解决问题起争端，我国是“和谐社会，空前盛世”没有问题，走走形式！[哈哈]	1
当然。。。。[哈哈]	1
这是一个客户订的，不零卖啦，没法开价[汗]//@加油的小邹:什么时候做好呢？我也订购些[爱你]	1
回复 @吴楠-楠梓:风景也不错！ //@吴楠-楠梓:半包围结构～ //@简红明:回复 @邓广?:我来蹭饭。[哈哈]  //@邓广?:Leon哥哥来hdtMEDIA检查工作？	1
[哈哈] //@成都同城会:高端大气上档次√	1
女神太美了 周末愉快！[哈哈] //@桂纶镁:喜???的描?。嘿，周末愉快！	1
大家早啊~正在收拾行李中~8：00准时出发~大连的朋友们我来了[太开心]话说只睡了3个半小时的小潘真心困[打哈气][打哈气][打哈气]车上补一觉[奥特曼]	1
我是绿色的小青蛙！呱呱~我是远看很瘦的小青蛙~呱呱呱~~[嘻嘻]	1
喜欢你的喜欢！[鼓掌]	1
今天我是调酒师[爱你]@武汉万达威斯汀酒店	1
单反单反啊。。[太开心][鼓掌]	1
碧?泉??男士超保??惠套?7件套特?712元，可送男士??情人??拜物哦[呵呵][嘻嘻]	1
【#我爱满堂彩#――精彩回顾】大伙儿去过英国吗？要是没去过但您又想再朋友面前吹几句，嘿嘿，这好说，看看本期的“我爱满堂彩”中的相声《学舞蹈》吧。绝对让您受益匪浅。不过仅供娱乐，乐呵乐呵就成了~~[哈哈][哈哈]@德???? @师父我想你_郑好 http://t.cn/8s5pmiP	1
//@怀念那抹忧伤:[吃惊]//@夫子戆:[哈哈]天天的粉丝对我一条羞辱他的帖子大肆攻击，说我下流。这贴子证明，他龟孙子比老子下流多了。	1
@Possible-Cafe 预定的终于吃上了！[哈哈]	1
偶们在8000M主题餐厅晒太阳~生活很美好~[亲亲]	1
回复@经典-女人:一个人 //@经典-女人:回复@杨亚天:上联：经典-女人，下联：知心-姐姐。求横批[阴险] //@经典-女人:回复@杨亚天:必须叫哈[偷笑] //@杨亚天:回复@知心-姐姐:[哈哈]明知不该叫姐姐，那是叫呢还是不叫呢	1
醒来大晴天，开心，让我们爱地球[爱你] //@更好小姐:爱地球，从自己做起！@董克平 @秦洲同 @郭小懒 @李小妮 @小宽胖 让我们一起爱地球！	1
[嘻嘻]中枪的有几个？	1
一早就看正能量！[哈哈]	1
看了@德乐梦香槟 发布的投票，突然觉得我们家特别适合拍赫本照[嘻嘻]，@陈乐博士 您看要不要找几套服装来拍上个几组[可爱]	1
买到了法国原产DGF高纯度可可含量72%的黑巧克力,你们说这大冬天的我做点什么好呢？[嘻嘻][嘻嘻][嘻嘻]	1
还在刷屏的亲们，这是向?靠拢的节奏吗？[嘻嘻]响应“地球一小时”，小伙伴们还可以早睡一小时！	1
换了电脑就是不一样。机子不卡了，工作效率也高了，打字也有劲了[哈哈]	1
公交卡福利[哈哈]：上车只需晒卡（无需刷卡），无卡乘客请买票。 我在这里:http://t.cn/zj5hc1m	1
太可爱了 //@全球奇闻趣事: 笑喷了！[哈哈]	1
郑老师，有才的永远不知道没才的多没才，没才的永远不知道有才的多有才[哈哈]/@郑渊洁: 我喜欢老弗这句诗：我选了一条人迹稀少的路行走，结果后来的一切都截然不同。[good]	1
我们小编也要去//@旅游新生活: 回复@完美女人俏俏俏:呵呵听说熏衣草开得正旺，近期抽空去看看你，也看看它...[可爱][爱你][太开心]@河南旅游新生活杂志 @河南旅游张林治 @河南酒店BOSS堂 //@完美女人俏俏俏:可想可想可想您了，美女何时再来？最大的店--驻马店，等您再来	1
哈哈，这个可以有！6月份我计划环一下洱海 //@英伦西德的老道:回来组建个骑行队//@韦道甫:骑完腾冲之后，现在骑个二几十公里跟玩似的[哈哈][哈哈]	1
咱比比回去谁长得肉多哈~！[哈哈][嘻嘻][酷]	1
#北京美食地图#推荐异常火爆的水晶烤肉～他家的特点自然就是水晶烤盘了，不容易糊，不用换频道换篦子，让服务员用水和专用的铲子清一下就好；推荐原味水晶五花肉（及各种肉），肉非常厚实，经过适度的烤制能做到边缘焦脆，肉质非常紧实，一口下去那是灰常满足[哈哈]（@霍VV 投稿）	1
一个朋友说：他要在2013年1月4日领证。我问为啥？他说那是个好日子！你们知道是什么日子吗？？？[哈哈]	1
[鼓掌]每天开心笑，累了就睡觉，饿了就回西西家吃饭，就这么开开心心走下去~~~[耍花灯]	1
回复@康珠:谢亲[太阳] //@康珠:生日快乐。 //@明星经纪貊苒MoRan:起哄是吧？跟我一块儿打[嘻嘻] //@果果和团团:[鼓掌] //@明星经纪貊苒MoRan:回复@阿佳组合娜姆:必须哒[奥特曼][奥特曼][奥特曼]！刚从寺院出来，心很静…但不影响打坏人[haha][haha][haha][奥特曼]	1
#Joe美食#我很喜?吃?舌，喜??舌尖?骨的欲拒，喜??舌尖嫩肉的?迎，柔???的?一口感?法代替！[嘻嘻]各式各?的?舌包括台北老天?(性?比奇低)、海底?的??舌配麻辣?(?熟?爽口久煮後?嫩)、周黑?(偏硬)、?味(辣入骨子?的?)等等。新?了哈哈?的?舌加三?菜麻辣?，非凡啊！[嘻嘻]	1
//@Anry-Young: 一杯咖啡一次迷失，鼓浪屿就是这样具有小资情调的岛。[鼓掌]	1
终于毛爷爷来了[泪] 车上一共三位美女，毛爷爷这下高富帅了[哈哈]	1
太期待了 //@康小莉:亲情、爱情、兄弟情，咱一个也不能少[鼓掌][赞] //@电影匹夫:@张译粉丝团 @张译官网官方资讯 @康小莉	1
对@RK-471314FTZ 说：听说今天是你的生日，祝你生日快乐！天天开心 [嘻嘻]	1
我的鹌鹑姐，快乐生日!!!@工大小鹌鹑 [蛋糕]这周选一天过生日，喝酒吧!!!好期待呀[太开心][太开心][太开心]	1
闺蜜送的蒂芙尼项链? 我：最近我刚好在想tiffany的项链耶，你就送我了，那下次我要是想兰博基尼呢？闺蜜沉默了一下，然后淡定地说：那个，有点贵。。。[哈哈][哈哈]	1
#一句话证明你单身# 【离光棍节只剩4天了】光棍节又来啦你还单着吗，用一句话证明你还是单身，看看谁最能证明[哈哈]小西先来！一个人，一盘红烧肉，一顿晚餐，只有美食相伴！[悲伤]	1
@我不是开爷  //@冷笑话精选:婚后变身贤惠又生财的星座老婆有你吗？？[鼓掌]	1
不用送了，都给我吃掉算了[哈哈]	1
是中?女子排球?名?#薛明#推?你收藏[嘻嘻]//@乐驾者: @XF夏凡 这个是你姐妹吗？[围观]	1
#Happy攀丝Day#[太开心]	1
回复@塔儿哄1555:大哥，大晚上的可别追根溯源去啊。[嘻嘻] //@塔儿哄1555:先让别人回答吧，明天再答复吧[哈哈]	1
斑点儿狗骑自行车很happy[太开心]	1
又到周末，各位吃货们，或带家人，或和朋友，一起来串串家聚聚呗~[哈哈][嘻嘻][挤眼]	1
哈哈！苹果封嘴！哈啦子忍者！三老年痴呆！@胡大媛子 解气吧！@圈圈刘妍 @vincent单大胜sws @vincent单大胜sws @马_小川 @vivian田小小 @?? [哈哈]	1
是呢，那你为啥要来北京？[可爱]	1
诗情画意[鼓掌] //@诗韵梦寻: 秋日林芝，是一种淡然纯净的感动：蓝宝石般通透的尼洋河，像在灿烂阳光中翻飞起舞的鸟儿，当漫山树林出现第一片金黄色叶子时，它会迎着太阳一缕缕梳理羽毛，一抹抹温柔飒爽，一抹抹盈盈欲滴；波浪般的金色和蓝色，让我蛰伏在基因里的色彩记忆骤然复苏，万古荒野的寂静	1
吴老师这是每天早晨赶上课前刷[嘻嘻]围脖哈//@作家吴岩: //@万俟烈风: //@北星微博: //@科幻星云网: [哈哈] //@四川大学科幻协会:【活动回顾】周日@科幻世界姚海军 老师 《中美科幻产业》讲座的实录稿，感谢川大人报社记者@宁白瑞普 的整理，抄送@科幻世界 @贝拉娅 @作家吴岩	1
一秒钟提升女人气质，一支口红就搞定了~~！[亲亲]全新韩国stylenanda口红，嫩模圈全都传疯啦~直营代购店全色系降价特卖，多入几个色号啦！[心]抹了这货绝对嗲死人不偿命喔~：（去评论中找链接哦）	1
创意，这就是创意[哈哈] //@Li-Jianmin:我说我的钱总少 //@拿了桔子跑哇:[晕]//@moses_tang:[威武]//@群贤堂主: 靠//@Rapper老赛:OMG	1
回复@匪类也柔情8866:积极啊 //@匪类也柔情8866:大利侗寨位于榕江县城东面，距县城约23公里。我先度娘欣赏一下！ //@无须豆蔻:回复@匪类也柔情8866:黔东南榕江大利侗寨  //@匪类也柔情8866:这是在哪里？  //@无须豆蔻:值得去  //@DL小镜头大世界:好美的地方啊，我想去[嘻嘻][哈哈]	1
简单的幸福~[爱你]	1
wow//@QueennieY: GETTY corbis IC 完全都没拍到//@Letchik: //@Ed蔚: [爱你]	1
//@Travelzoo旅游族: 走起走起[带感] //@露阳宝贝: 帅呆啦[鼓掌][鼓掌][鼓掌]必须去 神马麻袋都弱爆了[嘻嘻][嘻嘻]//@宋晓峰_特古西加尔巴: //@猴菲菲:走起！终于不要签证了！	1
[嘻嘻][哈哈][爱你][晕][泪][馋嘴]	1
好口耐的说[太开心] //@王雨心Eviny:[抓狂] //@林小毛说:别闹。//@冯_大仙儿: 现在的狗狗越来越象人类了。。	1
小编是个乐观的人啊！ //@温都水城官方围脖:乐观面对~~[哈哈]	1
像个小人了[爱你]	1
设定好了就不用管它了吧，不用遥控吧。[偷笑]太好玩儿了。[嘻嘻]	1
[心]//@梁?琪: 非常期待[鼓掌]	1
哇！真帅气！真美丽！[爱你][爱你][爱你][心][心][心]	1
不但傻晴傻晴的，还有一小坨月酿[哈哈] 我在这里:http://t.cn/zj5Dt5X	1
期待小白兔们的光临！！[爱你]	1
#早安 me语#[微风][微风][微风]清晨张开双臂[甩甩手],伸展臂膀[甩甩手]，拥抱整个世界,你的好运就在前方[心]，不近不远，手拉手的距离，带着好心情追上前去![爱你] 新的一周开始了，来照喜庆的照片[羞嗒嗒]，今天大暑，你那里热吗？[风扇][风扇][风扇] 早~[太阳]	1
我带了@丹诗瑞官方微博 57克麻袋装，114克麻袋装牙买加蓝山咖啡各30包来@广州咖啡博览会 ，下午我就回杭州了，这几包豆，分享给所有爱蓝山咖啡的朋友们了。喜欢，你就过来抢吧！广州蓝粉福利，一杯咖啡的价格，带走一包蓝山咖啡豆。[嘻嘻]	1
未来美食的道路还会很长?????????????祝你成功[鼓掌]	1
汤老师辛苦[哈哈]	1
#你为什么去旅行# 同右[可爱] //@林大鹰鹰:#你为什么去旅行#为了释放、为了吸收，为了让生活更精彩... //@王超irwin:#你为什么去旅行#我来接。为了看看不同的世界。提问@神威 你为什么去旅行？	1
好吧哈哈哈 算你一个 //@胡子拉碴的胡子:我也……//@奥利奥Oh-My:@妲小妲 @老毒-高璐 @张菱轩  //@molly冯大小姐: @奥利奥Oh-My @qian2999 @JoannaZhangxue [哈哈]	1
[话筒]2011年1月，#海瓷#作为国礼，由胡锦涛主席赠送给美国总统奥巴马。2011年12月17日（星期六）下午3点，新兴外交国礼海瓷，即将低调奢华现身绿地?锦天府。FCC藏家会仅邀40位会员和爱家，共同见证海瓷西南地区独家首发，享奢华之夜。询186 2812 0880[鼓掌][鼓掌]@FCC韩健刚 @绿地锦天府	1
你要是妹子就给打折否则打折（蛇）[哈哈] //@通州小兵:可是我没有闺蜜啊，还给打折吗？[泪]//@风林火山私家牛板筋火锅:谜一样的小兵，38妇女节当天风林火山将对光临的妹子及闺蜜提供全单9折优惠，你要不要再过来露一小脸儿？妹子会很多呦～	1
[爱你][做鬼脸][呵呵][害羞]	1
@愚公欧洋 说得不就是你么？！哈哈[哈哈]//@蟹行_玲子:@逝去的一 你懂的	1
"@杜鹏硕 @口口雯儿 哈哈，这集经典 //@大ben乐:""女大九，手拉手，革命路上一块走”[嘻嘻]当年赵明明老讨喜了～?艰难转载"	1
秒拍#李云迪工体新年音乐会#，赢门票[耶][太开心] http://t.cn/8kmdagk（来自@秒拍 http://t.cn/zQwVyZf）	1
//@和玲_禾禾:[花心][鼓掌] //@新浪每日英语推荐:周五晚上什么的最喜欢了！[馋嘴]亲亲~最右//@桂纶镁:??[亲亲]	1
//@左小祖咒: [哈哈]//@河南摄影家:太有才了[哈哈]	1
又来@BoothsCake 感觉和上回一样奶油味道没有原来浓郁香滑，打发的稍过，虽然口感还相对是细腻但是质感不够顺滑。新款的芝士还是比较喜欢的，而且很讨巧的奶油和芝士结合相对显着更浓郁了些，但是建议放一回会更好因为会有冻感[嘻嘻][嘻嘻][嘻嘻][嘻嘻]	1
[太开心]真的有额，好开心，谢谢主页君，谢谢可口可乐，要到中心店哦，有时间限制吗？[可怜]//@可口可乐湖北: 还有@mr_wang1026 @盛夏泡沫旅纪 @?沫er 恭喜以上中奖者凭此微博，在汉口@武汉新世界百货中心店 制作专属的可口可乐昵称瓶[礼物][心]	1
回复@明星造型师舟舟:谢谢周周。平安顺利！ //@明星造型师舟舟:祝亲爱的好友秋生日快乐今晚许愿成真呀。我在柳州遥祝啦。 //@庆艳秋:同乐！[蛋糕]  //@唐哥V:比我大三天[哈哈]生日快乐！	1
回复@海中贝贝:哪里哪里！过奖过奖！[可爱][可爱][可爱] //@海中贝贝:不错啊，赵老师很上镜嘛，哈哈	1
好可爱的奶茶铺，其他的同志们去了没去了没？[可爱]	1
[爱你]健康过大年，平安迎新春！ 食不过饱，饮不过量，玩莫无度! 茶需时常饮！	1
[鼓掌]吃，是一种分享[嘻嘻]	1
今冬不容错过的奢华皮草TOP9[爱你]【私享穿衣顾问微信：FashionTalent33 】	1
为了这顿高大上的晚餐，从早上我就没吃东西！容易么我…… #万圣节狂欢# [嘻嘻][嘻嘻] 我在:http://t.cn/zRo3n6V	1
金枪鱼没吃过不要紧，现在豆果免费送你金枪鱼罐头！[鼓掌] 只要你申请试用就有免费品尝到金枪鱼罐头的资格哟！[馋嘴] [哈哈]	1
//@下午茶书系: [嘻嘻]@青年文摘-快点@当当网	1
微笑转而不评，画面胜过言语……[哈哈]后天晚上看是怎么回事吧！[钟]	1
珍惜时间模范小姐。#终于找到早高峰大堵车的大段时间该做什么啦# [爱你][嘻嘻][嘻嘻][嘻嘻][偷笑][偷笑][偷笑][偷笑]	1
@平艺同志 抢票走起来[嘻嘻]//@追逐梦想在路上: 抓紧时间啦~！重在参与[din推撞] @青岛生活情报 @创意精选 @婷Bao_720 //@早报客_爱车: 大家抓紧时间，，明天下午就要开奖啦！！！	1
[哈哈]//@我又被震惊了: 有人问我为什么12星座的人气比12生肖的高	1
[哈哈]//@不乖lily仔: 哈哈宣传下	1
关注气候变化。 //@姚伟_:@super烦烦 @云随影落 @颖乖乖_ 这个加到宝贝详情页[嘻嘻] //@David--叶剑秋:好消息！Are you ready?	1
队长，请继续给力！//@亚芳Yafang: [给力]//@卢学周Golfweek: 队长是好多男粉丝的女神啊。加油！ //@何二美丽:队长威武！超爱队长！@黎佳韵 [爱你][爱你][爱你][花心][花心][花心][鼓掌][鼓掌][鼓掌] //@CLPGATour:@潘仲光 @clpga李红	1
呵呵！[可爱] //@阳光下的大格格:[害羞][害羞]鼓掌鼓掌，回答正确[鼓掌]//@三样菜帮主: 呵呵！是佳佳吗？[可爱] //@阳光下的大格格:哇哦哦，苏帮主又上朝廷台了哈哈哈。你猜你猜我是谁，我猜你猜不对哈哈哈//@三样菜帮主: 呵呵！看到我啦！元旦快乐哦[爱你]	1
回复@新疆美食雷将:雷老师，别闹大家，明天大家过年哩！[偷笑]我们今天在节目里都向广大穆斯林朋友祝贺了。希望大家开开心心的！开心、快乐，比什么都好！[可爱]	1
关云长语言很搞笑，很现代；情节很空洞，很简单；动作很给油，很利落。整个感觉很有让子弹飞的感觉。导演很给油，关云长竟然还有三角恋，太不厚道了！[嘻嘻]	1
回复@烟罡罡:肯定有吧，俺还仔细找了，但没找到。要是能拍到一张神农架白蛇，我会幸福昏过去的。 //@烟罡罡:现在山里有蛇吗？ //@空游无依:哈哈，是，负氧离子超标几百倍。猴子呀，萌得人心都化掉的猴子在后来的行程里才会出现。[太开心] //@天涯袖舞: 负离子严重超标，没看到猴子啊？	1
好政策喔[鼓掌]签证方便了说走就走@XMAN_宗介@Pietro_Lau@行者橙子@闹闹飞@MYMY菲@米色司候 //@悦微小鱼:这个必须赞 查了下申根外，有澳大利亚、奥地利、加拿大、捷克、爱尔兰、日本、韩国、英国、美国、智利、爱沙尼亚、以色列、斯洛文尼亚等签证的都可以直接申请	1
我也是[太开心] //@我婶婶滴脑海里:明天只想洗个澡，看朵花，吃顿饭，外加睡个觉	1
有这样漂亮的妹子，下次我也去赶摆！[哈哈]	1
CCTV---3综艺盛典正在播出！[哈哈]	1
[鼓掌]//@唐家三少: 百度盗版我的内容，能有20万页。那他是不是该陪我10亿？//@哑巴: 两万页……一亿元…… //@新浪科技:证据两万页，装满一推车。	1
嗯。//@经典丶私房菜:爱原本就是一种习惯~[爱你]  @教您做睿智女人	1
[鼓掌] //@精品达人俱乐部: 【有奖转发】加#真爱无添加#转发本微博，写下你心中less is more爱情定理并@5位好友，就有机会赢取FANCL锁水保湿面膜一盒。20份大礼等待送出，结果将于8月9日公布~	1
刚看了场电影回来，家附近新开一家嘉禾影城，不错不错[鼓掌][鼓掌]	1
@维他命羊  又出发去吃了……@每日维他命Beijing @其实我叫Julia @西大西 [泪] //@每日维他命Beijing:[太开心]周五咯！下午咯！@维他命羊 你要对整个办公室美女们的身材负责！[跳舞花] //@其实我叫Julia: 在这里工作真幸福啊！！！原谅我开新得没办法低调~@维他命羊	1
阚哥的菜还是那么炉火纯青呀[嘻嘻]	1
回复@圈里圈外and瑟琳娜:就是啊，那他（她）得多可悲 //@圈里圈外and瑟琳娜:捡到刷爆[嘻嘻][嘻嘻]	1
和昨天一样阴霾的天，但笑容更灿烂[哈哈] 嗓子有点疼[失望]	1
诶呦 惊鸿一瞥~[爱你]//@水瓶座宝典: [衰]	1
哈~ 可爱的宝贝~ //@Z雅芳: 宝贝们真棒[鼓掌][鼓掌][鼓掌][鼓掌][花心]@狼屁屁 @厦门罗宾森购物广场 @A_Pun去流浪 @雅琼爱美食 @joker说 @哇miu @Hi哒 @朵朵的快乐时光 @林琨智	1
顾客面前耍大葱！[哈哈]	1
[嘻嘻][嘻嘻][嘻嘻][嘻嘻][嘻嘻][嘻嘻][嘻嘻]大家注意哦 //@夏骏:方便面也是。	1
好水润的周日[爱你] 我在:http://t.cn/zjog1ih	1
//@陶然万柳世界:让鲆叔说书名好不容易[得意地笑]//@李鲆: 有意思的书。书名也有趣。//@陶然万柳世界:谢谢！[嘻嘻]//@秦庆瑞: 好书！//@陶然万柳世界: @黄剑波RUC @何慕古 @北京晨光书店 //@世界图书出版公司北京: [赞]	1
[话筒]祝你生日快乐，祝你生日快乐。。。。[音乐][音乐]关门口店帮客人庆生。[鼓掌][鼓掌]笑得多甜，美女生日快乐哟！！！	1
@粽子皮_16n @钟Sir-- @海岩-sea  //@侯???:@姗姗大王 宝宝免疫力下降的4种原因，准妈妈爸爸们为了孩子快点来学习吧！！[亲亲]	1
飘雪的早晨很有意境[嘻嘻]@沈太玲 @路灯摄影 @ailf爱老范 @火狐传媒老李 //@TAMRON腾龙镜头:期待各位的成片啊！[鼓掌]	1
[moc?]//@桃子夭夭2010: [赞]//@绿映红雪未央柳: 我倒~~！！！//@良家族的GraceVV: 噗，淳于老师乃真是！！！！太绝啦！！！！//@VV良家族的露露: [哈哈][给力]//@田田哇要好好学习去见翡翠: [奥特曼]	1
#约惠海航 圆梦飞翔#【惠享直减】购票购票购票，直减直减直减[打哈欠] 这不冲突，也很科学，来海航官网购票，管够，管实惠http://t.cn/zRpYB9r [嘻嘻] 每天500个名额，20元的直减，ok的赶快来[赞] 今天第二波15点开始~	1
#小米早间新发现#有个好玩的事跟大家通报一下，李锦记地铁酱料橱窗，二维码可直接链接到菜谱，每次扫都有不一样的惊喜！菜谱简单到位非常实用，尤其适合没有太多时间的上班族和初学者~太有创意啦！[哈哈]喜欢的大家可以试试啊！ [鼓掌]	1
湖中亭顶有小平同志生平连环画，看到没[哈哈]	1
#幸福传递#何炅说张杰跟娜娜结婚以来没叫过老公老婆。都叫张先森，杰锅。谈到娜说的:晚安，好梦。黑人调侃:你会不会早上起来说：你好张杰。何炅问:你会不会在电话里亲张杰？娜说:没有。黑人问:你说好梦张杰怎么回？娜娜:好梦。各种官方的夫妻。[哈哈] @谢娜 @张杰@黑人建州 @范范范?琪 @范范的??	1
事隔五六年了，哥们又重新收到了红包。[哈哈]	1
造型清新，用着也赏心悦目，是不错的选择[哈哈] //@TheVeggieTable吃素的:[哈哈][威武]	1
//@?事搜一搜: [哈哈]	1
#东南亚之旅#在蒲甘骑自行车是个不错的选择～4刀一整天～半天2刀～慢悠悠滴边有边拍～累了找个地方喝椰汁，美美滴呀～稀罕这小麦色[哈哈]	1
[哈哈][哈哈]//@创业家杂志:为了庆祝小创被骗，特赠送10本8月刊《创业家杂志》。转发就今天晚上10点抽！	1
再次见到可爱考拉[可爱]	1
#相约青天河赏中原最美山桃花#沿焦作博爱青天河景区靳家岭步道拾级而下，桃花正火，连翘含苞。小伙伴们快来吧！偶都桃醉了[爱你][花心][太阳]@河南省焦作市博爱县旅游局@青天河风景名胜区管理局 @听风景讲故事 @山阳英雄 @无意飞扬- @爱苇之人 @焦作市旅游局 我在:http://t.cn/8sGR8lS	1
扩散。[嘻嘻] //@驴小宝老陈:小宝还很小不值得与大家共提冒个泡各位切莫介意入川可寻小宝包吃包住不包艳遇//@周边游张文龙:不少人还不知道俺们，所以就可劲介绍了，[嘻嘻]//@鑫辰--李: 北京周边游有什么好介绍呀	1
毛主席，人民向你致敬[哈哈]	1
哈哈~ //@若即若离_豫:不做植入广告 //@胃人民服务:哪家饭店？？？哈哈~ //@大河寒江雪:在饭店门口接受河南电视台采访呢，大家抓紧时间过来都说一下，呵呵 //@华水李培亮:在路上，金水路堵车堵的严重 //@西瓜哥常赞:@毛二王 也到了。 //@郑州小调:我走过去，更环保[哈哈]	1
喜欢就好！[嘻嘻][嘻嘻]欢迎常来！[嘻嘻] //@啦啦啦不存在: 很难得的机会可以在银幕再现胶片的霸王别姬，喜欢这个影院，影片之前还有一个难忘的记念专题 //@卢米埃北京芳草地影城: 谢谢你的认可，卢米埃力争做到最好，下次我们会参考您的建议的！[可爱][可爱]	1
听说是老罗 @罗永浩可爱多  //@阿拉光Orz砸缸:你认识她前夫咩？[哈哈] //@麦克龙:这女的是不是脑子受刺激大了？总是拿前夫说事。离了都还这样，没离的时候不得被逼叨死啊，可怜的前夫。 //@尔东无欲:最后一句是亮点！	1
回复@独角小兽一猫:是的，环境非常好[可爱] //@独角小兽一猫:国丰维景，看着不错，就是木有进去过！位置好，毗邻惠丰湖，挨着唐人街，偶尔的庙会加表演，挺不错的！@小女亭女亭 @被风掠过的夏 地址：http://t.cn/z0DnWqq	1
哇，听说各位好友都在积极运动哦，@路仁娜芝 你每天跑10公里吗？太厉害啦，向你学习啊。我每天跑8公里努力，今天开始吧。[太开心]	1
昨天，删去。今天，留着。 明天，争取。对的，坚持。错的，放弃。你再优秀也会有人对你不屑一顾， 你再不堪也会有人把你视若珍宝。所以得意时不要得瑟[咖啡]落魄时不要堕落。[再见]2013，Hello2014[愉快][愉快] 祝福博友们2014年心想事成！[爱你]	1
太棒了，中秋快乐//@托斯卡纳TSKL:很喜欢很喜欢!@何欣怡-中国蛋宝宝 @阿历克斯2010 [亲亲] //@邓凯:子时已到，中秋快乐！视频歌唱的真心不错，千里迢迢共婵娟！@胡大治 @黄村 @李峥嵘	1
你有你的稻香村，我有我的三合汤！ [哈哈][哈哈][哈哈]//@圆小新:牛！ //@梦幻卷卷头:谁说是月薪三千，我是两千好吧！依然买不起房//@好好笑窝: 十堰人转一个//@17楼的猫头鹰:你有你的周口店，我有我的神农架 ?	1
谢谢沈掌门！[鼓掌][鼓掌]	1
//@微博经典语录：十一种值得深交的男人[鼓掌]	1
回复@SalsaYoYo:[哈哈]太美了，昨晚我们看到还讨论了下[偷笑]@CCCCCCCCi_ci //@SalsaYoYo:不敢放在圈里在这里留存的都被你看到啦[挖鼻屎][害羞][嘻嘻][嘻嘻]	1
早起的感觉很不错嘛[哈哈]	1
cc @ebitasha ?你家的...XD//@Leanne嗯Nino: 低调低调 //@黄旗袍服务员凹凸有致_mit_nino:chu~@Leanne嗯Nino //@大美下铺: [哈哈][哈哈]@樱井番茄	1
瘦脸的产品用过好多好多，总是以见不到效果结局！但是一直追求V脸的心没改变过！直到我找到了这个LAVER 强效瘦脸日夜原液！[心]涂上立刻就有紧致感，睡前涂抹，醒来看到的效果你真的会尖叫的！[爱你]哪里不瘦涂哪里，再也不用担心我的包子脸啦！美丽俏佳人推荐： （去评论中找链接哦）  。	1
[太开心]//@左小祖咒: 强大！	1
回复 @cc0721:哈 八成是你家猫让你精分了[哈哈] //@cc0721: 回复@谢阮虹Iris:内心住着八戒哥的萌肥猫一只、、、	1
//@订爱琴海:[哈哈]这是@三亚爱琴海岸康年酒店 呀，您说的很对哟[鼓掌]，精巧别致的设计理念，又不乏专属性和私密性，是家庭出游，情侣蜜月，朋友度假的首选	1
去苹果店给new ipad买支架，居然只有挂在厨房墙上的架子！难道一边做饭一边用Ipad娱乐或参考菜谱是苹果的重要卖点[哈哈]@右翼飞虫     @VC妹妹  谁知道淘宝上二十几的小架子靠谱不？我只想要个架子，不喜欢那种带休眠的皮套	1
[哈哈]//@触碰心灵的台词: 龙年最有财运的星座！[钱]	1
刚下自习回来～好饿，宾馆旁边的韩国料理店垫垫肚子。。。[哈哈]这家比苏大后庄贵多了，期待美味！！！[奥特曼]	1
[偷笑]我们一致认识这个姑娘太识货了！哈哈//@蓝冰滢: 桃子好吃才能吃的开心！桃子真心赞！[嘻嘻][爱你]谢谢姐姐给我们带来这么好吃的桃子~[馋嘴]	1
回复@李白_奶奶喊你回家磨豆浆:[嘻嘻][嘻嘻]好哇！ //@李白_奶奶喊你回家磨豆浆:没有呢 收到了第一个at你 要不给你邮过去？？[困] //@张帆DORA:你收到米了吗！？[哈哈]  //@李白_奶奶喊你回家磨豆浆:@张帆DORA @?建慧_JHv	1
小贱做的真棒[赞]不会是昨晚熬夜弄的吧[可爱]最后两张亮了，两口之家和三口之家么？哈哈	1
Uluru也欢迎大家前来“洗肺”[嘻嘻][嘻嘻]  //@爱游澳洲: 各地PM2.5都快爆表了，还是澳洲[威武] ，还不快起来南半球度假~[太阳] //@悉尼画报: #悉尼真相# 不来澳洲，你无法真正体会＂呼吸＂的畅快。	1
大家猜猜这是在哪里？[可爱]	1
中国传媒大学#广告学院同学会# ，@?会所 is ready[抱抱] @王皓Ryan @张山山 @一方乐土	1
复活啦！多支持。 //@都市凡人99:罗博复活了[哈哈]	1
回复@余耕:保重啊！同志！[偷笑][偷笑] //@余耕:心理作用大一些[嘻嘻][嘻嘻] //@张帆DORA:今天够呛啊！现在一片白雾茫茫！[晕][晕]	1
I love shanghai~[爱你]	1
回复@张牧kelly:娃～制服诱惑卡卡～～同full moon脸路过 //@张牧kelly:当年也是满月脸@吴小楠同学的围脖 [嘻嘻][嘻嘻]	1
[哈哈]@暖暖仔	1
//@京剧贾增辉: 回复@布布爸爸2011: 个头像[嘻嘻]//@布布爸爸2011:少马爷真精神啊，像一家人，呵呵	1
牌气太大，况且明显是个臭球 //@北京吕世双:[哈哈][哈哈][哈哈] //@KevinGolfpak:[哈哈] //@大长江柒号:转发微博	1
早安，又见周五，愉快的一天到来了。[嘻嘻][嘻嘻][嘻嘻]	1
看到这总结，哥不厚道的替万豪笑了！[哈哈]@Crystal克丽丝朵 @克瑞思Chris @Chris-Zhao @connie爱网络	1
[可爱]不断挑战自己，学习并得到超越，这便是成长！[可爱]	1
??[嘻嘻]	1
[鼓掌]//@杭州瑞尔齿科微博: 奥克伍德作为杭州高档的国际化酒店式公寓，以优质、细心的服务吸引着海内外宾朋，瑞尔齿科为宾客们提供专业的口腔健康保障，让他们在杭州的生活充满更多微笑！	1
好萌好可爱的Hello Kitty 主题的时尚婚礼啊，祝福新人新婚快乐，百年好合[太开心]	1
[哈哈]无聊至极	1
唱的真好听。。[嘻嘻]	1
嘿嘿，好吃，心形的[哈哈]	1
求各位亲帮忙转发，需要各种手游产品联运合作，或介绍厂商，另外今年公司重金投资手游产品和团队，有好产品的可以联系我，求推荐！[爱你]@Rx陈胤 @陈居丰Michael @superpipi @PPS肖肖 @高伟_重新开始 @美峰徐波	1
一不小心成了乐途旅游网首页FUN行者[哈哈]，本期推荐目的地――新西兰，纯净又神秘的东土世界！@新西兰旅程	1
回复@刘峥Jimmy:好 哈哈 //@刘峥Jimmy:下回咱俩一块儿去演 //@开心韩峰:还是假，以后得努力演的真点儿 //@开心韩峰:回复@bonboncow:[可爱] 转。。。 //@bonboncow:ha.帅锅~	1
期待两位实力演员给我们带来的优秀作品[爱你]	1
//@颜小色色色:敢不敢不那么艾特我！！ //@董安娜娜娜_:小色三八快乐[偷笑]//@颜小色色色:大家一起来看妇女之友吧！ //@董安娜娜娜_:[鼓掌]//@?拾三:恭喜！预祝专场大红！	1
周末巧遇，奉上一笑[嘻嘻]//@记者徐宏: 有创意的版面，真噱头！//@华人搞笑协会: [抱抱]	1
//@上海广告媒体圈: 回复@别笑严肃点儿:[围观] //@别笑严肃点儿:@上海广告媒体圈 @广西广告媒体圈 壮哉！ //@每日高清电影:这里的视频太享受了！[太开心]喜欢你的视频，[鼓掌]每天必看[亲亲]	1
饿了！gogo //@露菲是只喵:哪天咱俩去那里吃蛋糕，我以前最喜欢那里的蛋糕了！@why22vivian @巴黎bebe元 @cute-叶子 //@why22vivian: 转发有折扣吗？[哈哈]@JackieWzl @嗨嗨皮皮的雯雯 @缘来誓我 @WUYOUNG @李小美e @木木1203 @露菲是只喵	1
我勒个去....................//@李铁军: 哎呀，卖身就能去了。[哈哈]//@猪悟空:MD，还差64万//@寒不爽: [xb压力]//@白大内个菜: 还差67w[挖鼻屎]//@炜KiraOver:还差64万[泪]//@蛋挞丸子: 还差60W 就能去了//@陶陶的桃花源:晕 //@德国败吧微博:[围观]	1
[哈哈][哈哈][哈哈]梦想一步一步实现，乐趣会越来越少，如果到超市可以不看价格，旅游前不用做省钱功略，生活中少了精打细算该多无趣啊	1
舟舟！快管管我这头杂草吧！[哈哈][哈哈][衰] //@马丽的围脖:开店啦~~恭喜，改天带我认门[可爱]//@海毅dorange: 最专业、上进的造型师！必须支持！朋友们，欢迎预约哦！	1
[哈哈][哈哈][哈哈]笑的我肚子疼~！用青岛话念才有意思。还有还有：有一种清楚叫群亮，有一种故障叫踢蹬，有一种得瑟叫跌些，有一种讨厌叫务印，有一种吝啬叫夹谷，有一种不讲理叫嚼料，有一种撒娇叫耍来晒，还有一种遭罪叫受卡达！[嘻嘻]	1
对了，得感谢这半个月来打全五分的买家们，你们让我的动态分上升了，我都记在心里了。过年时会收集些好东西在以后你们的包裹里悄悄送上。[亲亲]	1
//@蔡景晖: 嗯 //@樊小八:好温暖[可爱]	1
回复 @Princess-Sunshine:当然是真的，宣讲会结束后，请各位同学在咖啡厅小聚，面对面再好好沟通[嘻嘻] //@Princess-Sunshine:真的假的啊？！支持一下啊~~ //@瑞尔齿科林浩Henry:2011年11月11日下午3点上海交通大学	1
刚才我问：“这些字都是谁教你的？”，多多小朋友答：“是妈妈”，紧接着来了一句“妈妈辛苦了，我爱你~”。[嘻嘻]	1
哈哈，老婆你太可爱了！！[哈哈]//@Dianer癫儿: [得意地笑]	1
perfect shoes [爱你]//@Ready-to-wear:鞋子出彩~	1
鲍鱼拍的真好，有本事你下次再拍个鳄鱼掌我看看，哈哈！[嘻嘻]	1
[嘻嘻] //@庄雅婷: 挖哈哈，四大俗之一：城里开咖啡馆、辞职去西藏、丽江开客栈、骑行三一八。。。	1
回复@Yvonne盈?:[亲亲][鼓掌][兔子] //@Yvonne盈?: @五子321 @蛋泥泥 @将饮茶 @话与林一 @霜小么ka @匡_青 @科交会 @凉风峰	1
[哈哈] //@贤少:郭书记太幸运了，竟然抢到红米了	1
巧克力麦芬都有点爆浆的口感了[馋嘴]甜啊！喜欢[哈哈][哈哈][哈哈]吃一个果真撑！留一个下午饿了吃！[哈哈][哈哈][哈哈]	1
Nite to the world,honey and lover, let babies hug.[爱你] find good music and movies in atmosphere around us.	1
回复@黄珏JJ:Tim Burton+Depp的组合最嗲了~要等到夏天等不及啦~[委屈] //@黄珏JJ:大爱[花心] 吸血鬼题材一直是我的菜 //@菲比Febe:蒂姆伯顿又要来啦~太喜欢他的风格了~尤其是各种哥特造型[鼓掌][鼓掌]	1
//@千里兵锋: O(∩_∩)O~//@文摘精选:笑死我了[哈哈]，给生活加点料，每天看一看让你笑到便秘[哈哈]	1
那得支持啊，先看看小漂的南非，然后就墨西哥呗。又是很久没共同出游了。//@Victorou812: 回复@赖炜环球行客:今年想弄个2012墨西哥玛雅文明探险摄影之旅 [哈哈][哈哈]要去么？@小漂回来 @萧育文 @四季de光影 @无须豆蔻 @Apple @俺是芜野 @黑米粒 @索然有味 @杨沐春涓 要自费的[偷笑]@Mexico墨西哥旅游	1
90% 亲们，赶快去挖[哈哈][嘻嘻]	1
如果是747,787之类的就得两个耳机绑一起了。。。。[哈哈]	1
文武双全[哈哈]//@?那影: 转发微博	1
去年今日，?光荏苒，一切安好[爱你] @Annie_lee0331 ??得大明湖畔的田?度假小山村?？[偷笑][哈哈]	1
亲好美！！[爱你]	1
无语。//@罗渝: 真够全能的。。。 //@Afrodita的小宇宙:ok[偷笑] //@DJ飞飞哥:老娘手拿菜刀砍电线，一路火广带闪电…@张紫淇 同志我仅代表个人表达对学习委员圣诞的祝福，平安健康！顺颂安扣lee// @aaioria: @DJ飞飞哥 [哈哈][哈哈]你是电你是光	1
忍者神龟[偷笑][鼓掌][太开心][酷]	1
今晚三金与八斗的“三八之吻”，大家怎么看？[哈哈] //@?冠麟-八斗: 陆三金。。。你把我放在哪里？你顾忌八斗的感受了吗？你说你说你说[怒骂][抓狂][抓狂][抓狂][偷笑]	1
//@脂砚斋-射覆: [爱你]	1
不辛苦 [嘻嘻][耶]//@格桑薇薇: 大雨，还录。辛苦了！	1
回复@海伦杨小姐:穆特休斯是我在德国留学的那所学校的名字，而这个名字也是学校为了纪念德意志制造同盟的创始人:穆特休斯，而德意志制造同盟则是德国包豪斯的前身，奠定了现代设计的基础[爱你]不过我们的穆特休斯花园倒是没有半点包豪斯的风格[馋嘴] //@海伦杨小姐:为什么叫穆特修斯花园？求专业解答	1
新年快乐！[哈哈][哈哈] 和migas一起迎接2014的到来[爱你][爱你][爱你]	1
最近买的东西实在多[害羞] ,吃喝用都有,今天收到订单的内衣[心] ,也羞射的来晒晒 [阴险] #北极绒 精美水钻聚拢隐形文胸#很舒适,很性感,没有异味,很贴合,无肩带设计,穿露肩衣服神马的全靠她了[偷笑] 其实,每位姑娘的内衣柜子里都会N多这样的性感尤物,趁着天气不太冷,快拿出来晒晒太阳吧[哈哈]	1
已经与相关工作人员沟通过，5:00的样子等候客房中心员工电话哦，到时候会送至您的房间。谢谢支持???[鼓掌]//@黑-佳佳爸-徐: @快乐小猪的辛苦爸爸 @Fayequ 你们要当晚饭的是哇 晚点送到房间可以不	1
#天天向上#[录制直播]Merry Christmas！提前祝圣诞快乐！！现场温暖的气息，@jasonchenmusic 和你的朋友Megan Nicole 、 Tiffany Alvord喜欢吗？[爱你][爱你]	1
哈哈您说的太好了一开始也吓我一跳 //@京城豆腐白:倩女幽魂，亏了是饭点发，要过一点，冷不丁在把我给吓着[笑哈哈]//@金牌厨师磊磊: 叔叔我猜不会是美女与野兽吧[偷笑] //@京城豆腐白:这照片便使我想起一部电[哈哈]影，磊磊你猜	1
肘子山爷爷！ //@每日维他命Beijing:回复@鸡腿山伯爵:原来是真人不露相啊~不过爷爷今天确实有提到自己做菜非常好吃！早知道今天就请肘子大厨来做肘子了！[泪] //@鸡腿山伯爵:爱做菜懂生活的肘子大厨确实很开心[嘻嘻]	1
我刚刚给转发到微信朋友圈了。[嘻嘻]	1
#天天向上#：【恭喜】#李宇春全球最佳艺人# 作为华人唯一歌手代表，凭借强大号召力和全球观众票选最高击败了世界地区的强劲对手，摘得“全球最佳艺人”大奖！[威武]真是@湖南卫视 的骄傲、@天娱传媒 的骄傲！更是所有玉米们的骄傲！实属可喜可贺之事[爱你]多次错过档期的天天向上欢迎春春荣誉归来[心]	1
各位兄弟姐妹，亲朋好友，大家的祝福都收到了，深表感谢![太开心]?	1
她守在婴儿的摇篮边，你巡逻在录音室的边防线，丰收果里，有你的甘甜，也有她的甘甜。军功章啊，有你的一半，也有每个人的一半。兄弟们辛苦了，衬得我这早睡的，特别不是东西[泪][嘻嘻]   @zergor @Jinwoo_X @额尔古纳hexeri爽爷	1
回复@尔玛ichthus:这事问专家@汗世玉 [嘻嘻] //@尔玛ichthus:好看！就是脏了很难清洗吧。 //@裴虹猪鼓励:好巧的工艺[鼓掌]	1
我每次自己产检 不存在这问题[哈哈]  顶多遇到孕妇给她妈她爸她老公一家人占座 我没地方坐。 不过都习惯啦 在妇产医院这些都算啥阿哈哈 很淡定[哈哈][哈哈] this is bj[哈哈]	1
谢谢老大@sheepsea 让我们用他漂亮的地方@老木国际青年旅舍 [嘻嘻][嘻嘻]当然谢谢我们最佳搭档@女人i旅行 @杨乔JoyceYang @冯佳艺Stephanie 和分享家@Judyxubingyu	1
梦想都是甜的，加油！[爱你]	1
#中华旅游名博肇庆行#好像有故事[亲亲]	1
角度很重要[偷笑][鼓掌][花心]//@辛蒂蕊拉525:女主角的大细长美腿	1
@美食诱惑馆 @美食 @文艺吃货青年 MS Bonbon中秋节送蒙布朗栗子金砖，请大家告诉大家，感谢喔[嘻嘻]	1
?@朱芷莹 ?：好久?一起去唱歌啦~~~十年了吧!!同?聚?最?心了!![哈哈]	1
这不有吗[哈哈][哈哈][哈哈]	1
宽容不等于忍受，抓住机会反击吧，让王八滚蛋吧，你才会得意的笑[嘻嘻][嘻嘻]	1
小朋友去韩国带回来的卡哇伊护手霜，谢谢![羞嗒嗒][爱你]	1
新鲜热辣的面包出炉了，谁想来上一啖快报名[嘻嘻]	1
//@徽州小生V: 一捧一逗，还没够，接着斗[围观] //@科教编导老苏:2013年春晚的段子，提前播报。 //@巴菲特SMS:[给力] //@辽海风:一老一少同红一时代，风风火火爱人间。 //@巴菲特SMS:[哈哈] 轻松一刻	1
大家要多多支持哟! //@蒋毅影迷后援会:来年开春#凤凰牡丹#就要开花了?毅家人们准备赏花咯?[太开心][太开心]  //@凤凰牡丹吧: @李泰兰中文网 @谭耀文-耀演的未来官网 @蒋毅影迷后援会 @伊一蚂蚁部落 @穆婷婷全球影迷后援会 [笑哈哈]	1
[酷]拿了人家定金，就得对得起人家的信任拿出全力血拼。假期中心无旁贷，苦B哈哈闭关弄本子的兄弟姐妹有木有？来个拥抱取暖[哈哈]	1
我说吧，咱们会一直美下去！[爱你]@安婷Tanz @李楠爱跳舞 @樊小胖胖 @碧波糖 @Tracy琰 @MUSICAT臭臭 @阳光caddie @王鑫钺 @冯囡囡-冯囡囡 @悬崖上的金鱼姬_poniu	1
[哈哈][哈哈] 为你耗尽流量也心甘[哈哈]	1
[哈哈]周五快乐@小鬼MrPP 快快期待我做滴沙巴饮[偷笑]	1
补发途秀达人@冰箱空了 的现场播报！坚持骑完全程的童鞋都是最棒的！[鼓掌]#环外滩自行车赛#@途秀 @上海半岛酒店	1
朋友间最美妙的发现，莫过于成长道路不同却并未滋生隔阂。早安[太阳][微风]，我的朋友，爱你们[爱你][爱你][爱你]！	1
[汗]这图才疯狂。[哈哈][哈哈]	1
你脱光了么？[嘻嘻]	1
回复@raybaobao:看看，这才是真爱。 //@raybaobao:菜场里十元16斤，贪便宜买回来剥得手指头痛，但想想接下来可以吃豆瓣酥，脆炸椒盐豆瓣，豆瓣蛋汤......忍了[哈哈]	1
好声音预录，帮忙对个光[书呆子]还有，帮忙试个音的[嘻嘻]	1
北京哪天演啊，我带古筝在台下和你一起high，哈哈//@毒王莲花体: 独眼龙算你狠毒！[爱你][哈哈] //@邓伟标:王老师毒性狠猛，笛子的米女是临时抓的？// //@毒王莲花体:上海王勇毒莲体视频 ！	1
[耶]  [耶] //@旅游卫视官方微博:[鼓掌]	1
真假彝族大竞猜喽[嘻嘻][嘻嘻]@秋日寄语 @??WRD @告别九月 @Mus娜娜	1
昨晚老婆给煮的海虾面^_^ 才托朋友现买的新鲜海虾～味道太赞了～ 没有老婆会饿死怎么办?[爱你]@Z雅芳	1
#穿越宋元 寻宝泉州# 【回顾分享】[围观]微博达人@作家杜华辉 笔下的泉州，配上超赞的照片[赞啊]，你是否已陶醉其中？[爱你]相信会有更多的人爱上这座原本就容易让人留恋的南方城市！	1
[good][鼓掌]如果某一天深夜，在人流已变得稀少的地铁车厢里能碰到中国爱乐、国交等乐队室内乐组合的真人快闪演出，那就更好了。	1
奖品是mini 吗？[嘻嘻]	1
我顶你，并果断关注他[嘻嘻]	1
我也爱看[北京青年]如果有可能我希望重走青春路[鼓掌]//@张萌萌marry:[赞][鼓掌][鼓掌][鼓掌]黄总的成长路线让我想到了最近播出的?北京青年?，从走青春路，他大胆，他敏锐，他奋斗，他坚持，他三十年前就开始走我们今天年青人的路，我们的榜样！	1
感谢大家的支持和关注哈，这次的免费课已经报满了。请报上名的同学准时来上课，没有报名上的同学也表灰心，下一次免费课的报名时间是8月21日上午10点哦，请届时关注微博的报名通知呗[嘻嘻]	1
#海南旅游攻略#【定制浪漫 天涯海角之行详细攻略】“天涯海角”常出现在恋人的誓言中，出现在私奔的计划里。有些朋友来过却觉得这不过是两块石头而倍感失望，今天的攻略就教大家怎么玩转浪漫天涯海角！攻略包括八大浪漫景点和景区消费贴士，让你在天涯海角爱爱爱不完~[爱你]详情：http://t.cn/zQ6J49a	1
销售情况火爆[哈哈]	1
ME 3//@卫甜: [哈哈][哈哈]@roman_lange 直男共同的梦想//@艾格吃饱了: 我怎么碰不到这么有钱的邻居瓦！	1
昨天凌晨三点雍和宫烧香，早上8点白云观压太岁，然后天宁寺供灯，吃了斋饭。睡眠不足有点疲惫，到家刚泡完澡老娘就开始催！求姻缘了吗？今年能结婚了吧？麻麻婚姻不是打牌，重新洗牌要付出巨大代价地。我不会为了结婚而去结婚。有时，单身反而是一种自信和诚实。[鼓掌]	1
如果是精品咖啡烘焙连锁就不会倒了[哈哈][哈哈][哈哈][哈哈][哈哈][哈哈] //@Peet_卖咖啡的小男孩: //@笨笨的手:做精品咖啡馆儿的同仁请放慢脚步，连锁和专业店是两种商业操作模式，求什么请想好！	1
郑州雷人恶搞招牌，来郑州上街#雅乐轩#的你光顾过几家？1、黑店；2、客家伤心凉粉；3、四川太难吃饭馆；4、三锅演义；5、后宫；6、富婆；7、四个木 [嘻嘻]	1
cool！[good][good] //@董芳0000: [鼓掌][鼓掌][鼓掌]	1
不好意思写错了，这不是第六套，是第七套！连发九套还有最后两套将在今天明天发出，喜欢的朋友请持续关注[爱你][爱你]	1
真的革命了[哈哈]	1
李博士又开始“无意”点击了，CCAV又开始关注手机黄毒了，于是中移动又被念紧箍咒了[嘻嘻]	1
[哈哈] //@铁路民警李淑华: [偷笑]	1
【我爱你的100种表达】各种说“I Love You”的经典镜头混剪，3分钟浓缩95部爱情电影。情人节快到了，大胆说爱吧！[爱你]http://t.cn/zY3Indt	1
这是只有在纽约才会发生的[嘻嘻] @作家崔成浩	1
谢啦老同学~~~ //@602-3室:高燕是你们的主持哈  转起来// @BTV祖冲冲 ：大家投起来！ // @BTV夏俊燕 :偶已经投过票啦~前五位~[哈哈] //  @BTV高燕  ：太感谢，知道投起来很麻烦，辛苦了。	1
[嘻嘻]这个不错~	1
[亲亲]婊里如一姣美冻人。我喜欢一个人自言自语自我欣赏。[鼓掌]我已经修炼到自恋最高境界。自我崇拜…下一步吃了自己…[做鬼脸]	1
我就喜欢天空~[可爱]//@一块去旅行: 一直觉得喜欢天空的孩子内心都很善良~	1
判若一人[哈哈] //@勤康奋:@夜千night	1
偶购物车里全是不要还没删掉的玩意儿，千万别买。[嘻嘻][哈哈] //@王小亚:别人的老公真好//@喵Bo: 别人的老公真好//@晒月亮的momo: 别人的老公真好//@To基先生-chou: 别人的老公真好//@朗维城: 别人的老公真好//@shimizu苍: 别人的老公真好//@桃子_天然呆:别人的老公真好//@斯天:别人的老公真好//	1
以后到深圳一定去拜访郭哥！//@老兵郭志国: 没有去见证这一刻，遗憾啊[哈哈] //@丁来峰: 谢总，哪儿凉快哪儿呆着去！//@陈华涛新媒体: 哈哈，这照片因为谢总而变得十分诡异。	1
喜欢民歌的人是成熟，我坚信这点。哈哈//@IT销售经理: 回复@仙人_醉:喜欢民歌，是为了弘扬民族精神，为了维护世界和平。。。[哈哈] //@仙人_醉:你们也都喜欢民歌吗？和我一样 //@IT销售经理: @仙人_醉 民族歌唱的好。	1
果然是希大！笑cry.... //@宋里德是khunnie的胜利女神:哈哈哈哈哈哈 //@马克芽子:哈哈哈哈哈哈 泥马 神经比啊啊啊[哈哈][哈哈][哈哈][哈哈]//@金钟仁咚咚蛋的贞操就交给你了: 担心的有点多啊这位偶吧！！！！//@YoYo漫步云端:噗！！ //@SoulSoSoSo: 嘴冻僵了。。。。你想太多了 哥！	1
是携程在借酷讯炒作，新官上任找话题吧[嘻嘻] //@酷讯张海军:被人扣上一个“借携程炒作”的帽子，太冤了，虽然旅游圈子里干这种事的不少，但什么时候是酷讯的风格了？酷讯什么时候靠炒作活着了？我们需要拿携程来炒作吗？	1
@中凯豪生酒店 [鼓掌][鼓掌][鼓掌]	1
哈哈哈，你有伴了 [哈哈][哈哈][哈哈][哈哈] @tungsten阿汤	1
一碗刀削面吃出了＂小时候＂吃的面的味道，也想起了那个年代的诸多往事。人有记忆真好。[馋嘴][可爱][太开心]	1
亲朋好友几个，乘着明媚的阳光，和煦的春风，一起享受属于春天的幸福[哈哈]//@老乐乐-: 周末快乐！//@踏遍全球rw: //@若镜莫球: 只要心灵有所满足、慰藉就有幸福感！ 周末快乐！[心][握手]	1
好感动[亲亲]大家都陆陆续续收到超极本尼泊尔的奖品了，没想到你还带着去看瓷房子~祝蜜月快乐哦	1
昨夜在北海道小樽又见证了一把专注的魅力。在一个10平米不到的居酒屋空间，厨师长兼老板把调酒烹饪陪客收银全包了，而且做的井井有条。烤?是我至今为主吃过最细致的，刀功行云流水，潇洒得像表演一般。最最有型的，是把iPad用来垫锅了[围观][哈哈][馋嘴][嘻嘻]	1
发财树半米高！[可爱] #种植小能手#	1
现在看很喜欢的 打破了我的构图 [心] //@annie_duyini要瘦更要健康:这张难度最高了[晕]，把我们家方给气坏了，拍了半天是歪的[哈哈]	1
回复@吃饭干革命: 听说很多人心中的“香格里拉”都是丽江~[可爱] //@吃饭干革命:春节我最想去丽江旅游 @翩然若鸿  @阿凡缇大人 @沪上乡下人 地址：http://t.cn/zYAOC0x	1
挺准！偶就是视钱财才如粪土的人[哈哈]	1
微胖是多微？肉肉的，好可爱，我喜欢！[哈哈]	1
哈哈 所以要@你~ 谢谢[嘻嘻] //@DJ罗林:还没到收费站，出了隧道第一个口右转，一路都有牌子指示。走一次就熟悉了。	1
村里的早餐不错[嘻嘻][嘻嘻]@苏州环秀晓筑官方微博 我在这里:http://t.cn/zlEH4AI	1
最近要拔的草?懂行的亲，麻烦给个建议吧[亲亲][亲亲][亲亲]	1
[鼓掌] //@ElwaGuo:忒美了忒美了~~[拍手]	1
Laughing 以后，最近迷恋上的男人[哈哈][哈哈]	1
火了//@演员董立范: [爱你]//@长沙芒果博纳影城: 哈哈哈~这个出场很霸气！[威武]//@电影黄金大劫案: 黄金包租婆出场！[偷笑]@演员董立范	1
感谢亲爱滴转发[爱你]	1
[哈哈] [给力] //@刘朝贵Newsmy：有一种奇怪的会叫红黑会，有一种奇怪的兽叫浪叫兽，有一种奇怪的美叫郭美美，有一种奇怪的股叫炒屁股！	1
午睡醒来还是这么大的太阳，继续俺的禁足宅男生活，研究四书五经 ，说不定等俺出关之时也成了个什么子了[哈哈]	1
都是我喜欢的款，中了就送你@芊芊私语 。同时抄送@豆小KI @CINDYTHANK ，我们都是童心未泯的人[嘻嘻]。	1
【咖啡用语】Milk牛奶(Non-fat脱脂/Whole全脂/Soy豆奶)；Coffee intensity咖啡浓度(Extra coffee更多咖啡/Decaf低因)；Syrup糖浆(Vanilla香草/Caramel焦糖/Hazelnut榛子/Raspberry覆盆子)；Whipped crea[爱你]	1
食材新鲜，更有威尼斯别样风味！＂肥美星期二＂，等你来饕餮。[哈哈]	1
回复@张小喵无所不在:咱俩属于同一类型哈，我也对很多喜欢的东西不想带回家，遇到时使劲看!所以过几天再去朱仙镇 //@张小喵无所不在:我曾经想过收藏好皮影 但是又担心自己疏于保养 有时候见到心头好 把玩一下 多拍些照片 以后再看到的话，心里也特别满足[哈哈]	1
真的很惊喜，出乎意料@又一村农庄 送的一大箱子菜太多了，豇豆一捆儿，苦瓜好几根，大花瓜（不确定是什么瓜），小油菜一大捆，小白菜一大捆，紫色的什么菜不认识，还有香菜。下雨都不用出去买了，菜质量很高。确实很方便，可以考虑以后送菜，都是健康的。谢谢@吃货小白 [爱你]大家都来试试吧	1
[哈哈][哈哈][哈哈]还有一本电话簿呢!慢慢翻吧!看蔡生的一问一答真真有趣!//@蔡?:回复@Sam生活随笔:还有一本电话簿呢。  //@Sam生活随笔:先生，高考完成，我的人生就翻过另外一页了。	1
//@?璐: 再@我一遍 嘿嘿！计划去日本~工作定了就去！近期去看您[太开心]好！邀几个朋友一起去。	1
//@笑多了会怀孕: 看精神病们如何卸下一年的鸭梨[哈哈]	1
回覆@opheliahui:美味的?西通常都好肥[嘻嘻] //@opheliahui:好美味不?好肥！[抓狂]	1
[偷笑]跑喽，打不着//@童华安: 一人给一掌！[哈哈]//@狐狸汪汪: 原来我们还有过6儿啊，哈哈哈开心//@二两多儿: 我CAO你们太没6了	1
感谢昆总[威武]祝正乙祠马年红火[哈哈] 我在这里:http://t.cn/z8Af3bY	1
可以的//@庄菁Eleven:二连连长疯了，爆红了[哈哈]	1
拿到驾照，俺就买车！[嘻嘻] http://t.cn/zWvTPLS	1
右侧是对的。[鼓掌] 卢瓦尔河谷在法国，不过瑞士琉森真的也美到不行>http://t.cn/zRaojlA //@会飞的鱼Req：卢瓦尔河谷用的是瑞士琉森的照片。。。	1
黑糖面膜，粉嫩据说适合小姑娘的唇膏[爱你]颜色很喜欢很喜欢。吃我没吃过的姑姑宴，重口味[威武]	1
三联从多家社的竞争中脱颖而出，靠的是眼光和实力！期待重装上阵！//@曾诚哈木哈木:经过校订，略去文字并不算多，能出就是进步，一大步。对近三十年历史的研究有破冰的作用 @林道群 //@婆罗星:校订阵容灰常强大啊 @林道群 @香港中文大学出版社 @曾诚哈木哈木 [嘻嘻]	1
品位青年食尚 变身青年 祝您永远年轻！[嘻嘻][江南style]	1
回复@杜杨的洋:得嘞，水木随时恭候您的光临！对于餐厅食材品质[good]是根本，咱家每天都会根据预订量现订食材，不存货！来咱家就餐的老顾客居多，不敢有半点马虎！[可爱]	1
我做嗒！[鼓掌][鼓掌][鼓掌][鼓掌][鼓掌][偷笑][偷笑][偷笑][偷笑][偷笑]	1
哇！想要！稀饭喵星人[哈哈][哈哈] //@姚小费老掉了:@余思 这样的喵喵你要不	1
即将迎来最好看最感人的两集，记得当时我和@LILISAY 在台下都哭成泪人，@Tella陈珊珊 @鬼蜀日记 @刘小胖丫 @happy为食猫Chris黄?宇 我们的正能量爆棚、情比金坚[爱你]//@CCTV2-味觉大战:亲，是明晚19:00哦//@Tella陈珊珊: 今晚是7：00?哦?	1
[鼓掌][鼓掌][鼓掌]热烈庆祝金门湾团支部荣获2012年度“厦门航空五四红旗团支部（总支）”荣誉称号@厦航共青团 @厦航金雁酒店	1
欢迎大家收看[嘻嘻] //@刘金霏:就在今晚，欢迎大家收看	1
洗衣服啊！求捎带！[哈哈]//@六普团委: 转发微博	1
回复@sunxh612:人缘好就说我需要侧着挪进电梯～[?] //@sunxh612:回复@小熊擦神灯:说明你的人缘好啊[可爱] //@sunxh612:@小熊擦神灯	1
回复@nini8491:好滴，下次来北京，可记得到聚点尝尝哦，聚点一如既往的欢迎哦。[爱你] //@nini8491:回复@聚点串吧餐饮:不客气? 好好吃[赞][赞] 我马上回上海拉！ 有机会再来[爱你] //@聚点串吧餐饮:大家吃的开心就好哦。谢谢您滴支持	1
昨晚的风+今天的蓝天告诉我们，北京的空气是吹出来的[哈哈]	1
[太开心][花心]	1
亲，相信这一次会是一个更好的体验哦[鼓掌]//@着迷去旅行: 超喜欢，算上这一次，应该是已经连续第三次入住了，之前住过红树林，希尔顿，仙人掌等，最后爱琴海是我不想再改变的酒店～～@订爱琴海: 家外之家，宾至如归...	1
杭州之旅非常愉快，感谢主办单位对雅安的关爱和我们国家女子台球队的支持，感谢我的四名队友把我们潘晓婷队在这次团体赛所赢得的奖金全部捐出，他们分别是万烨、沈朱荣、姚鹏、周辉，真心为你们骄傲[给力][威武][good][good][good]    另外，配图是没经 @吴宇波波 同意摘来用的，先谢啦[做鬼脸][可爱]	1
祝天下女人节日快乐！[可爱] //@三样菜:江湖人士向来一火速著称，您还满意不[馋嘴]	1
回复@粉红bee: [害羞] //@粉红bee:isa，你好美哦[爱你] //@Sunflower_Isa:回复@陈琨妮: 必须的 //@陈琨妮:胡经理真漂亮啊！！！	1
"#诗之印记#北京宋庄画家村儿的""连山窑"",不错的手工作坊,今儿淘得了右下角一套壶具粗糙本色的#粗瓷#,很喜欢这种粗糙的质感哇[太开心] 我在这里:http://t.cn/zjVodcc"	1
回复@心怡scarlettchou:[嘻嘻][嘻嘻] //@心怡scarlettchou:哇![馋嘴][哈哈]	1
还是肥水不流外人田，@热点联盟  欢迎大诗小姐加盟！[哈哈] //@热点红姨:推荐我女儿@大诗大吃货  去应聘！@董辉 推荐人才哈！ //@皇家驿栈刘少军:聚集在理想主义旗帜下！酒店业的朋友们看过来！转发也是支持！//@张丹丹Grace:@皇家驿栈刘少军	1
[鼓掌]好漂亮的彩石绘//@精彩电影: 很漂亮的石头彩绘！！[赞]	1
[哈哈]??去玩一次？//@新鲜旅厦门: 三月，土楼等你来哟！[耶]	1
成都深夜来一发@[爱你][爱你]	1
[酷] //@社会版:搜来的结果才叫用户真切的体验，百度案例有趣的创新案例很多，百度知道搜变形金刚，2011春节搜红包，快速从互动获得新的注册用户，个性化贴近用户个人习惯，再测试更多的产品创新贴近更快捷的实际应用。[嘻嘻]@百度PM招聘 @用户体验 @百度经验 @百度知道 @百度质量部	1
分明是南方狐与九湖狐呆的地方?[偷笑]//@子梵梅:今天又脱俗又逍遥的[嘻嘻]	1
送走了三大师，又来了两大师……我们对吃如此追求啊 …[哈哈]	1
夜晚的TUTU车是风光的老鼠[哈哈]//@自游泰国: 标志性交通工具~~到过泰国的人相机里必有一张tutu车！[挤眼]	1
[阳光]//@大连香格里拉大酒店: 圣诞就该如此，生活本该如此！lifestyle！[咖啡][咖啡][太阳][太阳] //@北京嘉里大酒店:灰常稀饭[嘻嘻]	1
#高级定制#  VCA定制系列...看来春天的脚步已经很近了...回来的单花现货瞬间被秒[汗]现还有一条18k黄金白贝母现货啦！！下手快就有，下手慢就只有预定了！[太开心][太开心][太开心]	1
#成都美食#我最喜欢的成都火锅，脊丝，五花肉，黄瓜片，我又来了[嘻嘻] 我在这里:http://t.cn/z8xiMNw	1
[鼓掌]春节日本旅游走起[飞机]	1
今天拍摄@TVS我爱返寻味 请来的嘉宾是世界跳水冠军余卓成和常常在南方电视节目@南方电视台 看到的秋香@刘嘉颖Kit [嘻嘻][嘻嘻][嘻嘻]@文萱fion	1
//@应伟平Joshua:@孙大圣_幸福的一米 最新作品都不通知一声，拍得确实不错，大爱南京腔调！[哈哈] @杨晖  //@滕?萱:幸福DE一米[噢耶]	1
【#我爱满堂彩#――快乐微直播】@程?phoenix 你的身份会不会太多了点啊！这样可不可以理解为你太不专一？[偷笑][哈哈]你给那么多选择，赤裸裸的贿赂，看把我们董萌萌馋的咧，节目组是没给开盒饭是不是呀？！[阴险]结果虽然只有马卡龙！可是好像董萌萌很满足的样子[阴险][哈哈]http://t.cn/8Ft44mv	1
呵呵！你真的是准备得很细心啊！其实等演唱会完了就可以到我们三样菜用餐啦！来感受江湖的火辣与激情！方便美味实惠！而且晚上十点后啤酒免费！还有四川地道的大冒江湖赠送品味呢！相信绝对让你在快乐演唱会后又一个开心的时刻！[嘻嘻][嘻嘻]	1
[嘻嘻]@hktraveller	1
[哈哈][哈哈]//@阿卡V: 哈哈哈哈医生太有喜感了[哈哈] //@太受欢迎有人抢了宝贝:@兔美酱眼神犀利 [偷笑][偷笑][偷笑][偷笑] //@张文字: 林妈妈[哈哈]//@csome: 救命Eason怎么这么难看了阿，	1
木哈哈哈！[哈哈]	1
//@蛋生101-DX://@玻璃小猫088:[围观][围观] 呼朋唤友赏?[太开心]@蛋生101-DX @Alan_Travel @爱莉诺 @玩转酒店网	1
@zy1104说得对//@zy1104: 一个人的成长和成熟永远同一个跌倒又一个起伏是与之相伴的关系！刚把水杯cei了，同求 岁岁平安吧[嘻嘻] 。	1
[爱你]跟好朋友分享是我最大的快乐！各位记得给咖啡指正哦[不好意思]//@ailf爱老范:俨然已经收到！并且发微博晒了。我可是第一个拿到的哇！	1
谢谢. 你什么时候唱我的歌啊? 哈哈哈/@施雨菲-小阿菲: 支持[鼓掌][鼓掌][鼓掌] //@JJhan:啊哟， 谢谢阿！！！ 对阿， 之前效果太不好了． 这次优化了一下// @刘晗小朋友 : 真的清洗了好多！加油~[鼓掌]	1
哈哈，[哈哈][哈哈][哈哈][哈哈][哈哈]@谷蒙琪琪 @李小猫LOVE @张羽Jerry	1
[哈哈] //@晚报美食单衍春：如此霸气的萝卜，和他那清秀的女友，做菜舍不得用	1
抱大腿的机会！！！[偷笑]//@尹方鸣: 这个可以有哈[哈哈]//@讯飞章继东:想将“讯飞输入法”、“讯飞语点”、“灵犀”分享给身边朋友的童鞋，可以试试360手机助手的这个重磅功能哦！	1
应该是@Mary--Li 快20年了[嘻嘻]	1
现在的孩子条件更好了~ 希望能获得更广阔的发展空间~ 加油！：）//@状元巷: 不亚于专业摄影噢[哈哈][哈哈][哈哈]@达铭D-Ming @光影记忆1988 @狼屁屁 @视觉厦门 @紫日映像 @覃龙V @写给梦想的信	1
不客气啦，大家都是朋友嘛[可爱][可爱]	1
哈哈[嘻嘻] //@邓昆:千万别让我看到骑马舞[吐] //@虎嗅网: 嗅哥举四个爪子同意！	1
@竹韵Trisa [爱你][爱你][爱你][蛋糕][蛋糕][蛋糕]	1
这个也出炉啦，新鲜的一期[嘻嘻][发红包]	1
[哈哈]//@云雪丽之阿顺厨房: //@?丝讲故事: 有一种狗狗叫哈士奇，他是狗狗中的二货！	1
[鼓掌] //@陕西虎牙: @幸福很荣易 @浅笑盈盈中	1
强人啊[鼓掌]	1
回复@rocketman12345:[鼓掌]也送给你~[做鬼脸] //@rocketman12345:只安于心，只顾于情。只往将来，只悟过去。如此美好，送给这秋天的你… //@糖果blythe:嗯，早！  //@萌漫画:送给这个秋天的自己~	1
丽江，水煮草莓吃起来[哈哈]	1
回复@钱旭明QXM:[嘻嘻][嘻嘻] //@钱旭明QXM:杨大哥[good][good][good]	1
嘟嘟！中秋节来啦！是谁这么幸运，能吃到丫丫昨晚亲手制作的可爱冰皮月饼呢？等着吧！亲们！[哈哈][哈哈][哈哈][鼓掌][鼓掌][鼓掌]带着满满滴爱出发！	1
弄噶起劲 组啥//@小痒痒肉: 对的，送了伐？//@管理主任的副主任:你送我生日礼物了伐[哼]// @味道工坊V发胖 : 笑那起噶早 组啥// @管理主任的副主任 : 弄笑啥// @味道工坊V发胖 : [哈哈]// @管理主任的副主任 : [懒得理你]你有正经的说吗	1
男人们，祝你们8.3快乐！今天的男人节是全世界男人联合起来要过的节日。自从发起得到广大男同胞的欢迎。男人也要关爱啊[爱你]。转发祝贺他们节日快乐吧，编辑#男人节#+祝福或感慨分享到围脖！	1
有创意//@风荷妞妞:@安徽晟智朱冕 @沐夏的夏天 @AH徐华玉 @矮子姚明 @安徽苗同伟  //@风荷妞妞:六安旅游进入环球时代！乖乖，好腔调好语感好有范。霸气侧漏，赞一个[嘻嘻] //@安徽环球国旅:#安徽环球国旅#//[鼓掌]祝贺祝贺！	1
她离开我们50年了，但却是我永远的偶像：玛丽莲梦露！[爱你]	1
@王小辉砸缸 王导我仰慕您很久了[嘻嘻]	1
由于八、九点就准备录像因此五点就出门前往朝拜大昭寺与八廓街，异常兴奋，一出门空中就飘着若有若无的雪花定是良辰时节啊！祝福大家快乐啊[围观][哈哈][鼓掌]	1
看一次笑一次！小老鼠是怎么在瞬间变成草泥马的！[哈哈]	1
哦，这本书终于下印厂了，毛球迷迷们有盼了！[亲亲][太开心]	1
祝福，温馨的回忆，愿幸福永存[爱你]	1
都是二货惹的货！[嘻嘻]	1
#今天，你首飞了吗？#晒“首飞”登机牌，赢Q版小灰机活动已经有幸运粉丝收到奖品啦！[鼓掌]@我就是玉面小飞龙 @动感NaDa @刘韵珏要努力 @王Xi婵_Teng瑶 @lxrlxl @Dooovey 你们呢？收到记得晒一下哦！[奥运金牌]	1
谢谢您[嘻嘻]我们会努力的。	1
嗯，离我家不远啦！[鼓掌]	1
川这造型有点骚哈！ //@V林伟涛V:[鼓掌]//@王子贤-仔: 加油 。。//@范得川: 这,,,,这叫我情何以堪。[可怜] //@奥迪互动汇: //@laurendancer: 这小伙最后终于变发型了。还挺帅，观众值得期待	1
哇塞 真的是很自嗨呀[嘻嘻] //@飞天肥兔:抄送：@Tiffany谨 @蓝灵__ @大创艺才子 @苗苗她亲妈 @皮皮兔521 @Kio_Seven @Heyso说 @我字不帅 @芝麻Fox @糖醋鱼刺 @红烧肉传奇-雨亭 @杂货铺- @坠落千年的梦 @?艾? @Lulu_Yang @DT567 @?-小妖_ @?婷婷1988 @Lulu_Yang @夏天的粽子 @-StarX- @叨叨奇4747 @	1
//@静宸1314: [偷笑] //@天行巍言:[嘻嘻][赞] //@娘夕琵: [嘻嘻]颠屁流涕？	1
[哈哈] 又??了~~杭州???店????,耶!!!!!	1
咦~~~~你桌个龟孙儿~[哈哈]	1
#端午节资讯#从广铁集团获悉，为满足旅客出行需求，端午节前后几日，东环高铁加开旅客列车，端午节(12日)，东环高铁加开5对(10趟)旅客列车。[鼓掌]	1
#海螺沟天气#今日海螺沟7~15℃，多云。早晚温差较大，亲们来玩耍注意适当添加衣服。[太开心][太开心]	1
这个不错  //@MTV慢慢:[酷][鼓掌]	1
开始我的美味人生，赞~[可爱]	1
[鼓掌][鼓掌][鼓掌][鼓掌][鼓掌] //@天堂站街男:喝酒很痛苦	1
认同~外表的嚣张、叛逆恰恰是内心孱弱……内心足够强悍还用得着背后搞搞小动作？[哈哈]//@简江: //@李恩泽_: 越是脆弱的内心 就越需要坚硬的外壳来保护 两者互相激励 造就了典型的乌龟和刺猬式的性格 //@薛蛮子:个人浅见：极度自卑与绝对自傲是一个扭曲性格的两面。自傲只是为了掩盖其自卑。	1
上饶北站附近的观光桥和文化广场夜景很美，还有一个很宁静的夜景在江湾大酒店门前[嘻嘻]也值得一去的[嘻嘻]	1
哎呦，回到温暖的地方哟！明儿和萧爷一起看海去！@阿D头 @moonandox [嘻嘻][嘻嘻][嘻嘻]	1
哎呦喂，这点心太有特色了，能给我来一份吗？[嘻嘻]	1
[亲亲]谢谢 乐翻婆罗洲活动  @香格里拉莎利雅度假酒店  亲情赞助！非常喜欢你们这里，以后有机会自己带家人来旅游，我一样会选择你们！[心] //@香格里拉莎利雅度假酒店:恭喜您@程诗然！	1
太可爱了 //@庄鉴韬: 鳌拜长这样啊：） //@蜜丝简-王姬兰:哈哈哈 //@MC曼儿: [哈哈][哈哈]	1
真会自行发现亮点 //@lazygirl-Rachy:润成创展木门代言人[哈哈]	1
签到可以免费加料[偷笑]那我就这么没出息的发条微博吧！[嘻嘻] 我在#鲜芋仙(正大广场店)# http://t.cn/zWR88PE	1
不懂的人好好学学“十八大”是什么意思！//@谢文://@米鹤都: //@贺延光:[哈哈]拍马的是蠢驴！//@宋小鲁: 没有政治常识的僵尸粉！你让组织情何以堪？哈哈！	1
这“起伏路”练的不是挺好的吗？[哈哈]	1
女侠飞雪、男侠飘尘，只要到了哈密，就在一起了。[嘻嘻]今天是2013年的最后一个月的第一天，不圆梦，就奔明年啦！[得意地笑] //@声声入耳761:[哈哈]若叫――哈密飞雪，岂不更帅[酷] //@央广雅萍:朦胧中，想到一位武侠的名字，他叫――哈密飘尘。[偷笑]	1
大家到时候见 ：） 这几天可多注意休息//@天生异狐nana: @太阳sun99 @晓凡-Susan @幽灵1108547062 @紫笛依扬 8号晚8点，T3D道见哦[鼓掌][鼓掌][鼓掌]	1
回复@官也街澳门火锅:你比我聪明呀。我喜欢的不知道人家喜欢不？[哈哈] //@官也街澳门火锅:#达人推荐#欢迎董先生大年初一来官也街过年~ 不愧是美食家，这色香味俱佳的搭配堪称完美啊！估计这“董先生套餐”要火哦~	1
董小姐……安河桥…… //@hippohuang: @得意肆意 下次组团去看这个吧[嘻嘻][嘻嘻][嘻嘻]  //@最?:好可怕！好一针见血！好露骨！好现实！好催泪！[泪]  //@蒜BOYA: 宋冬野还真是个“流氓”，不过这个《咬之歌》和现场版《董小姐》还蛮好听的[唱歌][音乐盒]	1
can say a persons word,cant you? 哈哈哈哈哈~//@洪思思聊斋: the dark niang niang rises[偷乐]//@捷菲邢: 删华妃[哈哈]@laiwuu	1
[哈哈]//@明明是小虎: 好滴狠，这期微博故事来啦。@烂泥南 @小丽贝尔 @杨晓青Travel @冰糖杨梅	1
不得不说，@牛瑞1987  你，很强大[嘻嘻][嘻嘻]，那@诚莲网 ，你呢？[嘻嘻][嘻嘻] //@牛瑞1987:每人吃一盘虾，10瓶啤酒，够本拉，再吃就赚啦！	1
回复@北极九段_柳承哲:看的怦然心动！情好真、美极啦！怎敢问,今天网上是诗歌日吗？[爱你][嘻嘻] //@北极九段_柳承哲:守一处情，不如守一处风景。我会在斑驳的花影间，独伫一幕清秋，独织一帘幽梦。 //@央广雅萍:回复@西塘墨邻阁阁主:诗出江南啊！吾辈不及！	1
[爱你] 大爱苹果控酒店 - @首都机场朗豪酒店	1
[可爱]//@媚子0998: 呀，才貌双煞…我要粉她了 //@泽普魏国庆:主美女是这期节目的导演。 //@媚子0998: 回复@CCTV小主旋儿:美女…难道你也有曾经的美好在喀什？ //@CCTV小主旋儿:明天中午13:20还有重播。 //@媚子0998:好久不看电视 ，为了看泽普刚打开电视看了个尾 看着那些百岁老人，我想爸爸了………	1
欢迎您入住石梅湾艾美度假酒店，海景房的视野[抱抱]	1
?行[亲亲]	1
#爱学习而苦恼#来自成都的陶麻麻自称自己因孩子太爱学习而苦恼！[哈哈]原来陶麻麻的女儿在一次月考中发挥不佳，最后不得已进了补习班进修。可自打补了课，女儿从此一心扑在了学习上！不管麻麻有什么方法引诱，女儿都不感冒！Ps：这样的事真的发生在陶麻麻身上么？[疑问]	1
//@刘姐1958: [给力][爱你][爱你]	1
落地窗阻挡住寒风，阳光却依然完好无损地传递进它的温度。周末来费尔蒙享受Sunday Brunch吧，暖意融融中，与精致的美食相伴，好像寒冬也不是那么严酷[可爱]	1
大部分都吃过了，现在朋友一看到美食就会@我，看来我心爱的美食与旅行，前者已经占了上风。[嘻嘻]//@XMAN_宗介: @赵小牛618	1
#婷，在荷兰# 新书发布仪式在荷兰大使馆举行。这是@阿兹猫cecilia 多次往返荷兰后，数百篇美文中的精选，第一部荷兰文化之旅的行知书。[威武][鼓掌][飞机][赞][微风]	1
牛逼！[鼓掌][鼓掌][鼓掌]	1
三线城市木有弟弟吖！我在安徽[嘻嘻]	1
徒弟，你这背心好漂亮啊，以前咋没见你穿过？哈哈！[哈哈]	1
[哈哈]滑完之后才能去吃这个馒头//@万达长白山国际度假区: 在长白山国际度假区的第一个度假日早餐时，暖暖订了雪道，服务员问几条，他以上海标准说，四条吧。现在第一条还没滑完……	1
[哈哈]好可爱的猪猪哦！里面是包什么材料呢？	1
各位看官，明天开始这周的早时光就由我陪着啦[挤眼]//@远方的家张梦路: @远方的家蔡丽娜 @??WRD [鼓掌][鼓掌]	1
牛逼//@大狗熊69:老驴头被打得要求“撤诉“！被笑话中！战斗还在继续！[哈哈]	1
[哈哈][哈哈][哈哈][哈哈][哈哈][哈哈]喔喔喔喔喔哦好大滴龙虾哦	1
多吃点~[抱抱]	1
还能教我拉花？//@蓝湾咖啡万达广场店: 送到你那估计熊就成猪了...[哈哈][哈哈]//@主播大刚:小熊咖啡，可以送外卖嘛……	1
好美！[花心][花心] //@小马桶盖:真难以相信，昨天早晨-昨天中午-昨晚-现在，这是24小时之内的同一个城市…………//@北京墨水儿: 毒德大！[鼓掌]	1
空游大叔也可以镁铝聊天[嘻嘻]	1
[嘻嘻] //@??不舍的世界: [good]总结的很精辟！	1
看小二难养，女人怀孕生子不容易，特别感谢我在生孩子这一年给予关照的同学们[可爱]，永远记得[心]@莎_沙漠小草 @处端 @阿坚同学 @小跳你好 @心远则行 @陈国成-伯雷 @淘宝元绰 @机器人小淘 @小逐子驾到 @思函_ @小哲别 @linux_china @枫林夕照_随心而行 @XX的三通 @吴策cc	1
酒喝干，再斟满，昨晚不醉不归，今儿在家歇菜！[哈哈]	1
这照片拍得不够靓仔，但实质上我还是能见人的，[哈哈][哈哈][哈哈]。今晚8点55分，南方卫视TVS2新版《讲开又讲》，开张大吉啦！！！	1
[哈哈]@opiunnXingXing	1
回复 @胡搅蛮缠的庸人自扰_nina:是我们的文化，让员工胖起来，身材不重要，最主要是健康开心 //@胡搅蛮缠的庸人自扰_nina:女员工都?重了，您到时候还得急了。。。[哈哈][哈哈][哈哈]	1
回复@黄若菲:谢谢亲[亲亲]早上温度太高，吃了退烧药，现在好多了[呵呵] //@黄若菲:宝贝快点好起来，六一节快乐！	1
#高级定制#  Bvlgari定制系列  简单大气的18k金陶瓷戒指...白色清爽 ?黑色酷炫 ?各有各的味道…[爱你][爱你]纠结啊！！...不管了自己决定颜色吧！[思考][思考]???	1
"那可真是""没谱""到""家""了[嘻嘻][嘻嘻]//@先知与故知: 建议“没谱”去“天桥”开个场。//@老牛在北: 回复@是她的益达:[哈哈][哈哈][哈哈] //@是她的益达:当梅普遇上中国古建筑，果然很没谱[笑哈哈]"	1
回复@木易令公:噢，煤矿的人我就不动了！[嘻嘻] //@木易令公:哥 人家那是安排进煤矿文工团了 你操那心干嘛[挖鼻屎] //@相声郭伟:我要去拯救这位同行！有一起去的没？	1
厦门某商场的泰迪熊金字塔，猜猜有多少只？[嘻嘻]	1
珠峰大本营纪念[嘻嘻]	1
今晚19点我将再次做客@新疆949交通广播 晚间王牌节目《开心路路通》,与主持人@949电台航志 及“联防大姐”为大家带来周末好心情...期待您的收听~天气渐凉,大家出门要穿厚点哦,其实胖人还是有好处的,这么冷的天,我现在出门连秋裤都没穿都不觉得冷...省钱啊~[嘻嘻] 微电台在线收听:http://t.cn/SLM1nu	1
@麦斯蒙市场咨询 鸡心领儿。你懂的！[偷笑][鼓掌]	1
如果可以我想弄个?池…[酷]//@一纠结的学生:可以光膀子吗[哈哈]	1
太棒了！[鼓掌][赞]//@果粒橙_cyx: 感谢足球巨星们的爱心奉献，无国界，拍卖善款将使更多的＂爱佑.奥迪上海宝贝之家＂病患孤儿得到救治[爱心传递]@爱佑王兵 @张俊杰JET @吕燕 @张亚东 //@奥迪英杰汇:所得善款将全部捐献给一汽-大众奥迪与@爱佑慈善基金 会共同打造的爱佑新生-上海宝贝之家项目。	1
哈哈哈，我的路程是WMB，反过来[嘻嘻]	1
是啊，六岁多点，三岁开始玩网页游戏。还会看攻略。 //@第三十八年咖啡:小大人啊[哈哈] //@唐古拉:举报，发现一个开着车聊QQ发微博的[哈哈]	1
回复@权金城卢永浩:没有绿粉条啊@权金城-郭会泉 //@权金城卢永浩:[嘻嘻][绿丝带] //@权金城-崔成哲的微博:参与  //@埃托顺: 拿大奖！ //@易管理餐饮软件: 转转拿大奖@权金城-崔成哲的微博 @林广杰-青蛙王子 @王旭峰营养师 地址：http://t.cn/zOpdnLz	1
回复@二伟在北漂:哎呦，哎呦，帅[嘻嘻] //@二伟在北漂:哎呦 西服领带呢???	1
@阿里班班和四十大泡 哈哈哈班主任！！我们来拉！[嘻嘻]	1
太美了吧！这是哪个大明星！我要签名！ //@findyvonne:谢谢阿。你是最棒的！！[爱你][爱你][爱你]	1
“他会把自己逼到一个极限，然后去开拓一个新纪元。不管有多难，他总会把自己压榨到最后，然后战胜自己，最后给所有人一个巨大的惊喜。”[赞]//@iFengstudio: 《鸿门宴》的项羽、《画皮2》的庞郎、《二次曝光》的刘东、《太极》的陈栽秧。大家一起见证了 @冯绍峰 在电影路上的每一步成长。[可爱]	1
哇，太可爱太可爱了!!![爱你] //@麦丽儿Maggie:必须不能啊 //@老娘我来了:哟～跟小娃娃似的～这半岁满岁去照相馆的传统不能丢啊～	1
回复@雷成林:[害羞]哈哈，多些夸奖，雷总监啥时候来咱西江家尝尝江西菜呀？欢迎欢迎哦，嘻嘻~~[鼓掌][鼓掌] //@雷成林:是不错。	1
早餐，大家早上好[可爱]	1
美温润…亲您是说羊肉汤还是和田玉呢？[哈哈][哈哈][哈哈]@懒人业余餐厅安贞店	1
[鼓掌] 运气降临吧。。。。呵呵	1
热情的沙漠，劲歌劲舞[哈哈]//@徽州小生V:回复@音乐人_孙川:凤姐的约德尔唱法绝了[赞]@陆通-约德尔 //@音乐人_孙川:[good]	1
还是甲醛。。。你进去买一杯，我就回来[嘻嘻]//@摇乐居:@摇摇乐乐的小窝 @慧装傻 @LiuQ828 @coaching旅人 @糖糖的南瓜车	1
可?的奶奶，思路清晰，思?敏捷，今年已?101?了哦[呵呵][抱抱][鼓掌]每?能吃?碗?，??吃肥肉，胃口超?棒[good][good][威武][帅]?天下老人都健康??[心][心][爱心传递][爱心传递]  @??WRD @鬼谷靖天 @Mus娜娜 @江湖摄像-南哥 @远方的家张梦路	1
窈窕淑女，寤寐求之//@谢轶群: 吾想汝[嘻嘻]//@花布狸狸: 红颜又惹相思苦，此心独忆是卿卿。//@妾自容?:忧来其如何，凄怆摧心肝。 //@蒹葭未兮:临河濯长缨，念子怅悠悠。//@_禅心依?_:但为君故，沉吟至今//@舒城花开周郎顾_却闻周郎故: 便纵有千种风情，更与何人说？	1
老板来了//@阿飞飞:等我来 //@央央央皮:回复@若水X:我做民宿，你做菜，就这么定了！老板呢？ //@若水X:是认真的啊，找个老板投资买房，然后把房拿来做民宿和私房菜，又有居留又能获利，政策是有了，现在缺有意向移民的大老板[嘻嘻] //@央央央皮:哪个投资我，帮我买房子，我当苦力。[哈哈]	1
[偷笑]谢谢美女的称赞![亲亲]	1
这个节目好[good][good][good][鼓掌][鼓掌][鼓掌]	1
伤不起啊，伤不起[偷笑] 经典！//@王雪野: [哈哈]超级经典[good]各位都来对下号，看看怎么样[偷笑] //@央央央皮 @LarryLain @毒鼠强	1
华欣的确很美丽[鼓掌][鼓掌][可爱][花心] //@泰爱旅行ING:  @Dusit_Hotels	1
我家二丫[嘻嘻]	1
海鲜火锅当然要讲究一个鲜字， 逸品锅的海鲜把来自大海的清爽宜人感觉带到口中，如果发现你喜欢的鱼，随时可以把它们抓到你的锅里去[哈哈]	1
回复@彼岸无花君子为她醉:[呵呵] //@彼岸无花君子为她醉:[爱你]早安！ //@五月V:因为你们，我更加努力[耶]	1
#杨明洁设计发现之旅2013#你们发现由Jamy设计的“知竹常乐”茶具系列了吗？[哈哈]	1
//@sun小米-vivi:[哈哈][哈哈][哈哈]	1
身边又有一朋友三个月内闪婚。[嘻嘻] @陈晓影_Kit	1
具?也不?得什??候寄到的，?次假期回家才拿到。??@夕小瑭 寄的可?中秋片～今年我吃的改良式月?比?多，我自己也喜??新口味，雪泥（冰淇淋）?、黑糖?、抹茶?、?豆牛奶?、地瓜?，?有一般的?蓉、豆沙 [嘻嘻] 喜?甜的多?肉的?的 [?嘴]	1
【每日何时喝水更健康】①早晨起来一杯水：补充水分。 ②到达办公室后：上班路上消耗水分多。③午饭前一小时：补水分，润肠道。④午饭后不宜立即喝水，半小时后最佳。⑤下午茶时间：提精神。⑥下班前：将营养成分输送到大脑。⑦晚上饭前一杯水：增加饱腹感。[可爱] 亲，你喝水了吗？	1
再加一瓣大蒜！[哈哈] //@章鱼哥R:章鱼的没有？ //@嗨辣老孙: 那咱干喝，一人一瓣大蒜！[哈哈]  //@侯宁:汕头空运，舍不得吃啊[哈哈]  //@嗨辣老孙: 回复@侯宁:谢谢司令夸奖！兄弟只想着能快点儿把欠你的那顿酒还掉先！[嘻嘻]	1
最近一次是在巴尔的摩。到了傍晚可以看到花园里草丛中大树下一颗一颗亮起来。上上次是在厦门鼓浪屿。然后五六岁见过一只。[嘻嘻]  做为一个一直生活在污染环境中的粗糙北方佬，我可稀罕这虫子了。好看又奇妙。//@果壳网:你见过萤火虫么？你最后一次见到萤火虫是什么时候，在哪里？	1
回复@安贝小落:[呵呵] //@安贝小落:拍摄技术太牛啦[鼓掌]	1
满满的都是胶原蛋白啊~[馋嘴]//@二姐夫熏肘子: 今晚就吃的火烧夹熏肘子[哈哈] //@美食:吃了肘子，今天就不减肥了！[哈哈]	1
奢华与柔美的交错~亮片的发展趋势是越来越日常化，这一季，闪耀不再是偶尔的尝试而是时尚的必备~连衣裙： topshop 鞋：Nine West 包：Juicy Couture 项链： Alexis Bittar[爱你]【私享穿衣顾问微信：FashionTalent33 】	1
出版商最爱听这话，多谢多谢[嘻嘻] //@纯洁指数-1000:当当已下单，行动是最高的支持~	1
朕饿了，给朕上二两包子一碗炒肝！[嘻嘻]	1
回复@阳静宜:还没，刷微博玩耍呀，朋友[嘻嘻] //@阳静宜:哇咔咔，光明正大滴，不怕不怕，哈哈~夜猫子，你也还没睡呢？ //@胃怀天下:举报，介是谈情说爱，打情骂俏@Joe-Qiao  //@阳静宜:@贱才 于我们，这是一首写满故事的曲子[抱抱]	1
其实我们还有9号男子商务会所的！[嘻嘻]	1
Super buyer今日在世界赌城横扫一切牛鬼蛇神，圆满完成众土豪朋友们委以之代购重任，最后的Burberry是犒劳自己的薄礼。[哈哈]	1
这东西最佳的吃法需要自己来。还得当心它复仇，临死扎您一下回本。什么开膛破肚，肝脑涂地等等形容词轮流浮现脑海中[偷笑][嘻嘻][哈哈]	1
诶，缘分啊，你是我第1000个粉儿，虽然我粉粉不多，但也高兴[嘻嘻]	1
货真价实的扁食嫂，童叟无欺。除了扁食，拌面也是绝品 //@厦门美食:这家拌面独一无二，厦门小吃三巨头中，老大姐的店子 //@老字号赖厝埕扁食:[赞][鼓掌]	1
教社员们一个简单的自我修炼的方法啊：空着肚子啃苹果的时候，坚持看 @人气美食 ！美女主持竟然每一个词儿都是关于色香味的：软糯柔滑，酱香浓郁。。。。。。该栏目小编应该去读个硕士，文字驾驭能力强大啊，毕业了努几年力，有望步 @莫言 老师后尘！[鼓掌] [哈哈]	1
好活动，俺也来报名喽~~[亲亲]//@沈太玲: 好活动，得参与！各位爱好摄影的亲们，最新报名可以从以下链接进入！	1
[哈哈][哈哈][哈哈] 这个节目组合不太好实现。	1
请用你的方言说出这4张牌叫什么~~看看谁的家乡话最好玩……[哈哈]	1
【大美河南】这里是中国腹地，这里是华夏源头，这里是河南，是你我身边的大美之地 。你印象中的河南是什么样的？没有合适的影像为河南代言？都市频道8月4日起推出大型系列纪录片《大美河南》，小伙伴们记得关注哟[爱你]  http://t.cn/zQ6j3Ym	1
爱油~ 不错哦~ //@Z雅芳: 宝贝@林琨智 @朵朵的快乐时光 加油[爱你][鼓掌][鼓掌][鼓掌]@厦门安贝儿 @雅琼爱美食 @joker说 @狼屁屁 @顿悟ING @BOSS_宏越 @A_Pun去流浪 @不拎兔 @霏凡喵的呐喊 @澎澎V @sunnya818 @Hi哒	1
可以给我们试试吗？[哈哈]	1
回复@坐忘于江湖:虚惊一场！妇产医院在新生儿没吃饱的情况下采血，指标不准！ //@坐忘于江湖:今天踏实了吧？ //@王振辉和明星去旅行:回复@演员孙正:谢谢！ 端午快乐！ //@演员孙正:幸福的一家人[可爱]	1
欢迎哦，预祝活动圆满成功[鼓掌]	1
今天发现有几颗火龙果籽裂开了，赶快发芽吧~~~[哈哈]	1
每一个人都在用自己的方式守护着心中最最重要的人或事[鼓掌]说的忒好 瓦忻儿 圣诞快乐[爱你]	1
#三亚悦榕庄与您一起为幸福传递#，@桫椤双草_苏俊洋，好幸福的一家呀，祝生日快乐，宝宝健康成长噢。。。三亚悦榕庄很荣幸的成为亲分享幸福的平台。。。期待有机会来三亚体验独特的热带风情丫。。。[可爱]	1
//@徐芳华1130: 欢迎您下次再来[爱你]	1
//@陆地食色：//@全球奇闻趣事：有才的朋友[哈哈]	1
大都市Numero 2013 十二月号，《尚雯婕：时尚只是听觉的视觉化》，谢谢豆腐鱼的人肉手打版！[爱你]	1
#歌诗达?粉丝热线#今天小编要和大家分享一篇由@dan旦 操刀的歌诗达邮轮游记――《樱落情载歌诗达――春游韩国赏樱记 》http://t.cn/8sozNMd 希望大家在字里行间感受春天的气息，当然，也希望大家深入了解歌诗达邮轮，来一次亲密而又浪漫的邮轮之旅[嘻嘻]	1
回复@贵州媳妇: 和爱美食懂美食的人分享体验感觉真好！[可爱] //@贵州媳妇:回复@SuperVeronica:喜欢哟，还特别爱吃那里滴羊肉串、功夫鱼！[挤眼]	1
回复@小绒兔兔: 不需要 这里法律健全 没有什么乱收费现象 //@小绒兔兔:一？定制需要收费吗 //@没有蛀牙的LEO:回复@赫小兔hera:[挤眼] //@赫小兔hera:[哈哈][哈哈][哈哈]幸福幸福[喜][喜][喜]	1
回复@滴水的兰花花:转不够的佳胜…… //@俺叫老鬼:巴音布鲁克四处好风景……[推荐] //@古道驼铃368: 你注意仔细看第一张[哈哈]，他拿照相机照风景时都成魔了[嘻嘻] //@迎风也三尺:能与鬼同行可见一般[嘻嘻] //@古道驼铃368: 201年??什么朝代的老顽童，真的吗[偷笑][嘻嘻]	1
#跳绳大赛#我们酒店的众多女子体育健将今日参与了北辰集团组织的庆三八女子跳绳大赛，以两分钟跳了158下的优异成绩名列前三以外，虽败犹荣～各位美女辛苦了～[鼓掌][鼓掌] 我在这里:http://t.cn/zjtzNcA	1
原来走的不是我…[爱你]	1
??@??馨 送我的?物[太开心][太开心][太开心][太开心][太开心]@Y_NI_79	1
@我们仨2009 @乌蝇09 @魔女摇摇 你们手机都没电了吧[哈哈]	1
怀旧一下：06年6.17?疯狂的石头?全国首映式纪念品。@宁浩 导演和主创@郭涛 @黄渤 @道哥刘桦 @岳小军 @徐峥 @演员王迅 当时都＂被迫＂穿上了石头T-shirt参加首映[哈哈]，各位老师当年如有得罪还请多多包涵！如今一晃已6年，导演的新片@电影黄金大劫案 上映在即，预祝大麦噢。这些纪念品偶会继续保存。	1
#2012爱佑慈善夜#彩排马上开始！先看看会场吧[兔子][鼓掌]	1
重返案发地，结果已重置！[鼓掌]@SMG我的1997 感谢@罗檑 老湿！@杨浦区男公关	1
回复@俞心樵:转达作者本人意见。我读俞诗，是从《灵魂大面积降临》和《后朦胧诗全集》。正如心樵诗云：“好日子尚未到来，好诗早已写出”。 //@俞心樵:回复@李广平:是被删改过多的一个版本，本人从未承认这个版本。[嘻嘻]	1
多么欢乐的聚会！[鼓掌]鼓掌，撒花~~[赞啊][推荐][玫瑰]@雨枫书馆 @雨枫崇文馆 @左象彭彭	1
必须是活埋 //@进城小农民: @周瑭  //@王东Money:[哈哈] //@仁达方略王吉鹏:[哈哈]	1
我对那个话剧颇感兴趣 //@飞龙子翔大朱: 豪华的开幕阵容啊[太开心]	1
那年与老虎妈坐一起看球，现在又见到了＂新贵＂啦！[哈哈][哈哈]	1
有爱，有希望。//@上海世茂佘山艾美酒店: 裴老师，你们才是最可爱的人。[鼓掌]//@徐汇pation:感谢艾美对启光的支持	1
请不要说我胖， 请说我像球一样可爱~~~[哈哈]	1
回复@杨沐春涓:来自水乡的糙老爷们儿表示，喜欢这种湿漉漉的感觉[哈哈] //@杨沐春涓:你好，的确是湿漉漉的，河道随处可见 //@俺是芜野:湿漉漉的阿姆斯特丹[赞]	1
#今天你吃早餐了吗#完美的一天总是从早餐开始【法式洋葱汤搭配香蕉紫薯土司卷】，吐司不够甜，蘸上蜂蜜，菠萝酱和炼乳，这下够甜了[嘻嘻][嘻嘻]洋葱汤没有法棍，用吐司边代替了，不浪费材料。	1
时光静好，与君语；细水流年，与君同；繁华落尽，与君老......2013 big surprise[心][心][心] 谢谢某人[亲亲][亲亲][亲亲] 大家情人节快乐[鲜花][鲜花][鲜花][鲜花][蜡烛][蜡烛][蜡烛][蜡烛][礼物][礼物][礼物][礼物][音乐][音乐][音乐]	1
[最差]//@壹工厂国际:呵呵//@学虎在线:前面两个够讨厌的。我要导演，肯定用苏琪、汤唯……//@?臻曦:我要是导演，让倪萍演。[哈哈][哈哈] //@开心的雪-:我要是导演，让邓亚萍演[哈哈][哈哈] //@独俏逍遥:[哈哈][哈哈][哈哈] //@京朝散人:转发微博	1
http://t.cn/zQioeMI 【上海枫泾水乡婚典】第九届“吴根越角”上海枫泾水乡婚典今天冒雨在水乡枫泾隆重举行，雨中的枫泾古镇，烟雨江南的味道尽显，雨中的新人一个个都水灵的往下滴水。[下雨][微风][哈哈]#带着微博去上海#	1
@噢咿噢唱歌岛-OYEEO 压缩饼干[嘻嘻]	1
人不风流枉少年，情圣到死色方尽，向齐老看齐挖哈哈[哈哈] //@云南杨明菊:如果你足够有才并足够有勇气！	1
回复@薄暮FleetingTime:哈哈哈 //@薄暮FleetingTime:嚯～起的够早的呀～[哈哈]～	1
可爱的啊，瞧那小眼神。[爱你]依恋这件事，ta跟随着你，咬你的手指，舔你的脸庞，形影不离；当转眼不在你的视线，心神不宁，手足无措的你才明白，依恋是你，不是ta	1
回复@Scorpiostar:是滴..... //@Scorpiostar:回复@高球行者:不了，找教练@刘强高尔夫 学习去这个比较重要[可爱]教练的时间比较宝贵，特别是高级教练@部落格咖啡会所 南熹有空可以一起哦 //@Scorpiostar:回复@鹏哥飞翔:我是懒洋洋哦，所以头上要有一坨棉花糖[ali转]	1
都国际化大都市了，还要办胡语广播？腌了吧！ //@新民周刊:[鼓掌]	1
[嘻嘻]//@创业家杂志: 右边，辣评~//@阿姨快住手啊：中国人每天有8小时睡眠，等于醒两个小时睡一个小时！	1
转起//@Adam黄勇://@黑双鱼-Annie陈宣羽:nice nice!!//@阿布古典: 晚上去看老师们的演出，@孔宏伟金佛 @金佛爵士乐团 @金浩爵士 @冯满天 @Adam黄勇 @鼓手哈哈 [嘻嘻]	1
这4个甜品我都喜欢 //@全球时尚:四大甜品联合造势@秀出中国好味道[馋嘴]四家都是我的爱！[爱你]	1
[嘻嘻][嘻嘻]有新闻 //@熊丽电台:云南，一个对我有着特别意义的地方！	1
@半自动河马  @傅瑶良 这句话的意思是，当你角色挂了，如果你的技能和血瓶还有没在cd的，还有精气没用完，那是你没尽全力[嘻嘻] @暗黑破坏神	1
这张照片让你想起了什么？又勾起了你什么样的回忆？[哈哈]	1
吃完请把餐具放到相应的餐口，如果不放，别忘了走时说句日语[嘻嘻] 我在:http://t.cn/zYi0l6r	1
搜索＂中国火锅道＂APP即可下载[嘻嘻] //@麒麟胖哥火锅食府:手机应用 搜索「中国火锅道」点餐、定位、线路导航、优惠信息……更方便哦！[爱你] //@哗啦啦网:假如微信可以在线点餐会更方便@麒麟锦庭火锅道 [bm可爱]	1
“千斤顶”是这么来滴[哈哈]	1
//@麦田捕手:看来我们还在深抓中，再过一年多就爆发增长啦[嘻嘻]	1
求大图[爱你]	1
High到自己都累了呢。。。哈哈[哈哈]	1
计划1月休息＋学习英语～突然领导找我1月去日本 各种无语 翻开护照发现原来签证刚好到期 申请新签证要1月中旬 赶不上客户的行程 领导只得作罢 嘿嘿～有惊无险 1月那就是休息的月份哇～[可爱][心][偷笑][抱抱]	1
恭喜！百年好合！ //@yoland雁:要幸福一辈子哦! @羽小觞@妈妈姓夏 快来祝福 //@厦门何巧玲:所有亲们做证：我和@快乐森活  会相守到老，一起分享生活的甜与苦。//@快乐森活:回复@昕者若斯:谢谢哥们的支持 :)//@昕者若斯:森哥是好男人！抓住啊[嘻嘻]//为什么要嫁给你呢？哈！嫁给我吧，亲[花心][花心]	1
哈港港[哈哈]	1
@高谒舒 [嘻嘻]//@我爱淘原单: 【天涯超火de祛痘神方】~~试试啦~~~ 0(?3?)0爱美丽爱国货，就关注@我们都是国货护肤控	1
[鼓掌]@徐凯313 @方便面的记忆	1
必须注明，我的美丽别致的手绘由@heavenlyhenna梵天手绘 出品！[爱你] //@Artemis_央金达瓦:那个Hanna手绘乃@heavenlyhenna梵天手绘 出品。[嘻嘻][嘻嘻](不好意思，趁机I广告一把。[偷笑][偷笑][偷笑])//@我:哇哇哇哇。美人玉指轻抚千年岩壁。。。传递无限温柔和馨香。。。[嘻嘻][鼓掌][亲亲]	1
#可可物语#我麻今天要去机场接姥姥回来，没时间给我拍照，发个昨儿的组图好了。我学会的新游戏，用手抓着白天小憩的摇篮边沿玩起立坐下，如果不是他们拦着，我还打算翻出去[哈哈]我一用力摇篮就晃动，像水上的小船，太好玩啦！（麻麻居然喜欢右上小呆瓜照，介姿势麻豆们一定要避免啊，弱爆了[怒]）	1
哟！酷土豆～[嘻嘻]	1
别客气。[可爱]//@画堂紫烟:回复@善缘佳人:感谢您。	1
木有穿西服啊 //@玩-单板怀北店: 西服帝果然名不虚传啊[嘻嘻]	1
回复@沣之道杨铁锋:因为他们是一家人，相亲相爱的一家人[哈哈][哈哈][哈哈][哈哈] //@沣之道杨铁锋:传销和团购们，他们是一家人，唉嘿嘿嘿嘿他们是一家人。。。这是误伤。 //@杨迪的甜筒乐园: //@王祚Z:你确定不是组织学习，然后学成归来用传销的理念重塑传统电商商业模式？  //@西祠响马:	1
7月的休假还没结束，8月还休假？我没意见，领导该疯了，直接开除得了！[哈哈]	1
这种天还是宅在家看书比较爽哇[嘻嘻]	1
回复@林?MonaLam:真心多?支持 //@林?MonaLam:你一直??心??者同?料俾微博粉?，??你都做?於旅?既?，唔通唱衰泰??你有益咩... ?然?去泰?但都 appreciate 你一直好有耐性答大家??，你都唔需要唔?心，???支持。[可爱]	1
[心]#东方卫视跨年晚会#[给力]期待#五月天#[嘻嘻][嘻嘻] @yoyoharp @Yu_kinori @阿肯将军 @爱旅游的牛 @暗白Scorpio @白玉玺---浦子丨ZaCks丶	1
郭沫若故居，中国作家杂志社、中央人民广播电台、郭沫若纪念馆主办“端午诗会”。左边蓝色衣服的背影是谁，猜出有奖。[哈哈]	1
[偷笑][偷笑] //@中俊崔春婷:到时候你也会成为受气包[嘻嘻]//@董坚: 是有点不太自然……[嘻嘻]//@中俊崔春婷: 妇唱夫随[嘻嘻]//@青创浩然: 那是，一个超级力量型的家伙，现在在家里就是一和平型的孩纸；[可怜]	1
回复@阿依不爱吃汤饭:别装淑女，咧嘴大笑！[哈哈][cai晃头] //@阿依不爱吃汤饭:[偷笑][偷笑][偷笑][偷笑] //@俺叫老鬼:瞧瞧，这小淘气儿又淘气了不是！[挤眼][可爱] //@阿依不爱吃汤饭: 小女子觉得雅萍姐姐评论妙语绝伦 妹妹有福 遇上大家是最美丽的事 今儿若是姐姐也在 那便是极好的 甄?附体版	1
新西兰龙虾[嘻嘻][嘻嘻]	1
回复@休身堂:帮亲问了，周五周六晚上有生蚝畅享自助，周六还同时是女士之夜，女士有两杯赠饮，亲可以带上女朋友哈[爱你] //@休身堂:12月的第二周 //@北京东方君悦大酒店:东方亮点燃主题夜[噢耶]每周五大主题轮番上演，更有Motion乐队带来精彩的现场表演，邀您纵享欢乐时光。	1
有意思。不过看到最后才知道是软宣哈哈。 //@朱兔兔:为什么现在才是第一届天堂格莱美？因为我今年刚来。我喜欢天堂，因为有iCloud，没有天花板，没有墙，当然，也没有windows。[哈哈]	1
//@蒙特卡洛SBM度假集团: 至尊奢华的酒店！//@moniquee_: 摩纳哥，你太正啦！[爱你]//@摩纳哥公国旅游局官方: 欧洲奢华酒店典范	1
我也想去跑跑~这是哪儿？//@叶脉1:太美了！[鼓掌]我也想在这里晨跑！[微风][心][微风]	1
形象不错[鼓掌] //@同里凡心:[鼓掌][鼓掌][鼓掌]	1
我送bb嘎圣诞礼物是香水，bb送我的圣诞礼物药是香水。岩岩好一对，然后，然后一对都放紧bb屋k@ivyivyivy_ bb圣诞节快乐[哈哈]	1
方才在地铁上偶遇一帅哥，模样极是清俊挺拔，想着若是收为己用，必是极好的。若是用@冰点酒店控标一间超低价五星酒店邀其同去，定不负恩泽。@Forza_Miss_Milan //@Forza_Miss_Milan: [哈哈]//@iNoodle_C: 转发微博	1
回复@杨利爱葡萄酒爱生活:我们家紫涵那绝对是沉鱼落雁、闭月羞花、倾国倾城、 亭亭玉立、落落大方、忠诚可靠、勤劳勇敢、聪明善良、兢兢业业、废寝忘食、日理万机、脚踏实地、恪尽职守 、一丝不苟、全神贯注 、夜以继日、超凡脱俗、兰心蕙质、秀外慧中的好同志[哈哈] //@杨利爱葡萄酒爱生活:[good][goo	1
[嘻嘻][赞]//@亦宝煜:转发微博	1
回复@Yuna_芋艿?:青年餐厅天山店很欢乐的撒 嘿 小编也好想去看看呢[嘻嘻][啦啦啦啦] //@Yuna_芋艿?:回复@JaSOnCHEN爱赖床: 然后有小小喷水池 都是从锅子和水壶里流出来的- -	1
想体验中东风情嘛？快来参与吧！[鼓掌]	1
大太阳底下谈情说爱！我里面全汗湿了！[哈哈]	1
@青梅时节 @草树 [可爱][嘻嘻][嘻嘻][嘻嘻][嘻嘻][嘻嘻] //@第一旅游网官方微博:这个姑娘真美[哈哈]//@旅途那些事儿: 大V驴友们点下哈！	1
欢迎夏医生[鼓掌] //@瑞尔齿科Alex:很多客人都会问:我刷牙很认真啊，吃完东西就刷牙，怎么还老是蛀牙呀？其实在“错误的时间”刷牙（特别是在饭后20分钟内）会把酸驱至牙齿深处，比不刷腐蚀更快。	1
中国拿货团走了之后...  那两段的还有一桶  //@杨宇E: 回复@蔡丸子:在荷兰买奶粉真是体会到了什么叫来的早，不如来的巧。[嘻嘻] //@蔡丸子:啊…… 我正在写清单 打算让老公去购买~~~牛栏奶粉~~~	1
最后我客观评价一下，这绝对是一部会让你笑到流泪、感动到流泪的一部好剧。明天起就带上你最重要的人去看「泰?」吧！[哈哈]	1
//@吴国辉: //@guolao: [哈哈]	1
回复@匪类也柔情8866:[害羞] //@匪类也柔情8866:[怒] //@无须豆蔻:回复@匪类也柔情8866:恩，[嘻嘻]  //@匪类也柔情8866:[哼]都多大了，还得这病！  //@无须豆蔻:回复@匪类也柔情8866:网瘾[哈哈]   //@匪类也柔情8866:[衰]我看错了？那就重新问一下，什么病啊？	1
@3W咖啡 加油，互联网人的家！期待相聚新店。酒很棒！人也很棒，全是帅哥美女！我和@许单单-互联网分析师 有机会合影了[哈哈][哈哈][哈哈]@夏强Allen @马?龙	1
吃粤菜不光要品尝它的美味，还要欣赏它的出品，摆盘中见意境，味道中见功力。当然，甜点的重要性也是不能小视的。这位@璇宝宝Elaine 做为我的甜品形象大使非常合适，哈哈，跟我混她是瘦不下去了，榴莲酥，苹果酥，煎饺，葱油饼，南瓜酥。。。种类可不少哪[嘻嘻]@我想说真话-	1
//@吴玉娟alice: //@陈硕amy:恭喜恭喜[话筒][话筒]//@梦菲菲fly:[帅][酷] //@王志勤_老子山温泉一号: 谢谢大家的配合和帮助![鼓掌][鼓掌]	1
转发，他们会用丰富的经验而不是大脑打败你//@唐师曾：真是！//@令糊铳：//@钱文忠:[哈哈] //@helen8621：[耶] //@丫丫的冬日阳光: 举手转发	1
[鼓掌][鼓掌][鼓掌]//@丶Jer不是路痴: 进一个+1！不过还是希望各种开挂、国安是冠军 //@nick小阳:国安进一个//@北京底层-王小孟孟孟:国安进2球[思考][思考]	1
天哪！我伙也呆！[吃惊] //@鲁京晋: //@laser: 以后就这么办了，谁让某些土豪大头，宰死他们[嘻嘻]	1
回复@亓永祥:你乱讲，你车祸过，这次不和你计较了[奥特曼][奥特曼][奥特曼] //@亓永祥:你是吃货 //@谭谭谭阿敏:我是咸党[嘻嘻]  //@霍克Puer:咸   //@秋色正浓时:嘿嘿，其实我觉得都不错。看什么时候，什么心情吃了。我不会拒绝所有的好吃的美食[偷笑]	1
[哈哈]//@假行僧老巩:[哈哈]//@公民抱团互粉1: [哈哈]//@程修更远:[哈哈]//@???: [哈哈]//@?天白日再?:[哈哈] //@塞北偏北: 窝火[哈哈]//@212121u:[哈哈]//@东方金狼: [哈哈]//@wangjinya: [哈哈]	1
我家这个整面墙的书架是不是非常有改成鞋柜的潜力！！！[太开心][太开心]	1
谢谢哥，23号有时间来玩吧！ //@郭志凯:加油！祝专辑热卖！[鼓掌]	1
唱得好啊！！！//@杨派小七: 哼哼…看姆们大爷那一丝不苟的发型和西服 [威武][嘻嘻]	1
儿时才会有的接连几天的阴雨，恍惚记起无聊的趴在窗台看雨的时刻和雨后小河暴涨浑水摸鱼的快乐[嘻嘻]	1
吃饭了[哈哈]	1
[哈哈]//@Hannah方美丽: 太有了太有了!!!	1
#2014万达为爱#@欣蕾馅儿汤圆 和你一起度过今后的每一个生日、节日、纪念日，就是最幸福的事情，爱你。[爱你]@万达广场 @北京石景山万达广场	1
落跑新郎是吗[晕]//@全图解:[哈哈]	1
和反转控辩论转基因，当对方提到RNA层面的问题，千万不要以为他很专业，你直接问他RNA是什么？多半张口结舌，如果在网络上问，对方可能会过一阵才能回复你――多半是在百度呢[哈哈]	1
[爱你]小毛穿得真可爱	1
回复@紫笛依扬:感谢紫笛，你的照片很棒！[good][good] //@紫笛依扬:嘿嘿，一年都在折腾忙碌，刚静下心开始写游记啦 //@津旅局的MONICA:[爱你][爱你]	1
还真是千奇百怪，什么都有呢 //@优品张楠艳: 原来是你幻化的呀[嘻嘻] //@醉爱一声: 谁让我属龙呢 //@优品张楠艳: 介个比较震惊呀[哈哈]	1
"【#2014春晚#语言类节目公布四字方针：真亲小乐】春晚首次碰头会结束后，公布了语言类节目创作四字方针：真 亲 小 乐。所谓""真""指真诚，以真诚的态度创作，""亲""指亲切、亲民，""小""即以小见大，用小故事讴歌大时代，""乐""指欢乐，因为欢乐永远是语言节目的根本。[鼓掌]喜大普奔啊...http://t.cn/zQsNmls"	1
I want to be a happy and fat boy [太开心]	1
哈哈哈，我有V了，有V了，我不要改名字，不要不要[可爱]	1
受够了三机的累赘，果断用回了50D+ML! 一直不喜欢改变器材操作习惯，尤其是忍受不了两件不同的器材同时使用[哈哈]我更愿意把注意力集中在拍摄上，而不是没完没了的参数调节上。ML可以让我在平时不用改变拍摄习惯，又能一键拍摄视频，终于可以把7D仍在防潮箱了。http://t.cn/zH8R6Qz @43辞职去旅行	1
淡淡的花香，悠悠的书香，还有懒懒的猫儿。我不知道该如何取舍，所以决定在一个有花香并且有书香的地方幸福地生活着![爱你][帅][太开心][萌][手套][赞][心]	1
[花心][鼓掌] //@rocketman12345:@糖果blythe [花心][吃惊]这也行	1
后台链接已经恢复，网页版也可以收听了。[可爱][话筒]	1
特别开心的合作，希望以后继续合作啊！[爱你][爱你][爱你] //@艾小姐?城?:感谢所有的合作伙伴在这次活动中给予的支持！@侨福芳草地 @西班牙国家旅游局 Opera Bombana @张际星Jessie @Brompton_Junction [干杯]特别鸣谢Joselito及Simon Martin两大顶级西班牙火腿品牌提供的整条火腿[鼓掌]	1
[哈哈] //@失恋专属:哈哈，笑死我了	1
祝，大家节日快乐。[嘻嘻]	1
车我来？//@h吕晓航k: [哈哈] 商量一下，花生归我，美人归你[嘻嘻][嘻嘻]//@慕睿衡: 我的雷大美人真漂亮@雷雅淇_静	1
真人魔术，床垫替换自行车。[嘻嘻]（GIF图大小1.5MB）	1
回复@薄?晨曦村?和狗:不?！你可以猜。 //@薄?晨曦村?和狗:哈哥在哪?出差？ //@哈戳戳:狗日滴，?！老子在出差。  //@镜享人生-重庆:哈锅莫乱骂人、乖[哈哈]   //@哈戳戳:小胖，爬?！   //@龙双丰:该有时就有？该无时就无？   //@哈戳戳:回复@竹子做的熊?:那是有，?是?有呢？[挖鼻屎]	1
其实座位还有，[偷笑]可看后面还有很多折叠椅。是啊，须叔一直是忙乱中?/@天然派的方舟班: 纠正自己一个错误，应该是坐的位置[偷笑]，还有@须叔 比较忙[嘻嘻]//@雨枫书馆:哈, 快拍照发微呀[鼓掌]@须叔	1
是美女们太惹火，让你着火了吧。。。[嘻嘻]//@秋lee_李国民: 真火阿！	1
[爱你]//@卢米埃成都来福士影城:#LD 厅# 成都 就来卢米埃影城震撼 自己的视听	1
虽然一天非常累，甚至累到有点恶心！但是一杯铁观音，全身都爽了！[哈哈]	1
[爱你][爱你][爱你] //@视觉志:视觉志精选-NO.123	1
福利又来啦[花心]转起来！[鼓掌]@一丸丸丸丸丸 @朱浩Nicholas @蔡佳臣不加V	1
不做大哥好多年[嘻嘻]//@何巨-天使投资人:老大不容易做啊	1
我看出来了[嘻嘻] //@冷笑话人气精选:我看不错来。。。我转	1
Shana 来了[好激动]，一起去看看吧！[太开心] @??丶最近很烦躁 @?小?__ @蛮小蛮V5 @鳗鱼敏LoveSuk @??球球是红孩儿他爹 @满满哒满满 @满满幻想的杨杨Yanc... @满满是小诱受 @满田君 @曼都发型Jolin @曼琳儿_ @曼曼酱求安稳 @曼陀罗上的舞蹈 @蔓莉是首歌 @蔓越肥草莓开启赛特模式	1
爱你[爱你][爱你][爱你][爱你][爱你][哈哈][哈哈][哈哈][哈哈]	1
#有种死法叫捧杀#使劲捧使劲捧，整的大家期望值超高，结果一吃不是那么会死，骂死！[偷笑]#美食有风险吃货需小心#//@懒人业余餐厅安贞店: “一回吃 但觉正 二回吃 但觉好 三回吃 但觉停不了 越吃越好吃 后劲十足” 这种夸法太严重了[可爱]真心受用不起[哈哈][哈哈] 但求继续努力让大家更满意[ok]	1
[围观]@嘀嘀打车 和@快的打车 微博大战，太有意思了[哈哈]	1
回复@巴伐利亚神猪:气我[嘻嘻] //@巴伐利亚神猪:总裁你好。	1
责任[good]各位早安[嘻嘻] //@养心妙语:扛得起责任、同得了甘苦、守得住寂寞的，才是一辈子的恋人。	1
[抱抱] 坚持做做：）//@桦桦1961：@葛芳moran //@时尚瘦身:坚持。。。身体好生活才会更好~~~	1
//@北京老样子:[哈哈][萌]//@敬美耗玉:有几幅超逗！[哈哈]@多多多德 @科学松鼠会	1
帅气的姚明，光荣的桑布鲁勇士！肯尼亚，原来你也在这里！[哈哈]	1
木有关系，你可以跟我们连线，我们吃，你看着[嘻嘻]//@月小乖: @小妖玖玖 @鲤鱼登场 @飞沫儿 @于老板 可惜广州木有海底捞…	1
加油！//@Cindy心迪:亲爱的@Lisa_双鱼妹 一级棒[赞]！[爱你]辛苦啦！！[爱你][爱你]	1
上床，睡觉。九月再见。一?醒来就是假期了。[哈哈][哈哈]	1
比萨斜塔前的标准照相姿势~~~[哈哈]	1
建设淫行@孔牧牧：绝了//@XinzhaoLi:建设和谐社会[嘻嘻][嘻嘻] // @圆儿爱吃红豆冰 :[鼓掌] //  @冷溪近卫团  ：再加一句，一切为了民生！ //  @前前的blog  :介广告语[哈哈]  @孔牧牧	1
//@干锅鱼:不仅有苹果哦，还有梨和樱桃哦！过些天还有蓝莓哦[哈哈][哈哈] //@江湖豪情侠骨柔肠之大腿:朋友们~时尚圈最好的苹果！咱们亲爱的鱼老板回来咯~需要苹果的找他啊。。苹果绝对好吃，不好吃不要钱了啊~提我名打折[阴险]	1
记得前不久新闻说“酝酿调价”//@贾萌1981：意思是北京地铁要限流了么？//@唐寿锐：[嘻嘻]太有喜感了 //@李明波Hamas:狗市长	1
[鼓掌]//@刺手紫色玫瑰: //@牧马任:早安！[握手][心] //@金叫唤-:[good]	1
原来上天真的很公平，给你关了一扇门就会给你打开另一扇。[兔子]我会加油的[鼓掌]	1
好喜欢卢导有一点淡淡的冷幽默 在不经意间自然的流露 回味无穷~你的作品我好喜欢@卢正雨 PS：你的表情神态和周先生太像了[嘻嘻][嘻嘻][鼓掌][鼓掌][鼓掌]可惜照片有点虚	1
前台是瑞尔工作的一个环节！我们提供系统培训。现在员工没有期权，将来会有期权[嘻嘻]?邹先生	1
去超市买有机菜的都是真土豪[哈哈]	1
果然有的是热闹看了[鼓掌]不睡了。	1
回复@-王小明背着书包上学堂:我觉得那个虾也超好吃[嘻嘻][偷乐] //@-王小明背着书包上学堂:那个什么紫薯还蛮好吃的	1
俞玮玮[嘻嘻][哈哈][酷]//@红圈艾尔酱油蛋:爷消费的起，爱怎么读怎么读，在HK叫平治，跑到大陆就改叫奔驰。叫了那么多年的本特利，照样改成宾利。凌志到后头改雷克萨斯。等爷成了第一大市场，就官方改名叫尤吉吉//@心似烟花: 油唧唧[嘻嘻]	1
#龙门镖局#邓大师免费服务啦，大家快来龙门镖局预约~！[鼓掌]//@保剑锋: [偷笑][偷笑][偷笑]「口味重」看风水不收钱！	1
变形的最cool！@XintaMu_欣源 [鼓掌]	1
回复@九岭风云:由于坐月子其间本人比较忙碌，所以没有时间一一整理归纳做法，但是我每天都会记录下这些菜品名称，等到出了月子?????????????统一拍照归纳整理[鼓掌] //@九岭风云:菜谱能公布吗	1
#吃货时间#四个女生直铲黄沙买海鲜@咩?哇 @小鹅oh-- @元宝宝吞吞?大雯 ！@selin?? 你几时到？ @Leelee? 你系伦敦围观啦…[嘻嘻]等位加工海鲜啊，有排等…#426#	1
得民心者得天下[鼓掌]	1
#天天向上#五周年：哇！你应该是第一个收到@李欣频 的书籍的观众吧！[鼓掌]不知乐橙们的情书和签名照收到没有？[思考]在此，祝你如获珍宝，创意无限，好运常在！[爱你]加入我们的#天天读书会#来和小伙伴们进行#阅读交换#吧！一起好好学习，天天向上！[心]	1
谢谢阿B[嘻嘻]也祝你早日康复，龙威重震！[耶]	1
//@桔子树小窝:霸气！[嘻嘻]//@美国人权大观察:市政府威胁说要敢解雇就取消与UPS的合同，UPS回应说好啊，那就只好解雇更多的工人	1
哈哈~美图美图！统统收进偶们的新书[爱你]@李莹肖	1
那我们只要给书就两全啦！[嘻嘻]	1
高水准的制作推动中国电视的升级，赞！ //@李代沫Demon: 太！好！看！啦！ //@大幕拉起葛亮: 发自内心的说，今天第二集舞林争霸比昨天的还要好看//@舞林争霸: 开始咯！[鼓掌]//@大幕拉起葛亮: 已经在电视机前了，东方卫视	1
[太开心]//@杨淇羽: 猜是谁？提示：美人心计，北京青年。	1
回复@姚璐璐:明天会去靠近巴拿马的加勒比海边，据说那像牙买加。[嘻嘻] //@姚璐璐:回复@千阳游走世界中:真是太讨厌了。那你现在还在哥斯达黎加？有啥推荐的么	1
百度&爱奇艺 即搜即播，必须强大！//@半杯咖啡: ios 啥时候支持呢？//@于琪: 啧啧啧 ，某浪，要加速啊！//@爱奇艺: 搜索越来越强大鸟，既搜既看，看《大男当婚》，看《中国好声音》，更快更方便！[鼓掌]	1
回复@禅之灵魂:谢谢楼主分享[爱你] //@禅之灵魂:主持人得特别通知！@GXTV蒿军 @Gegee郭蕊 //@禅之灵魂:朋友们速度转起！抢先欣赏！电视台都还没播放啦！[围观][围观][围观]	1
回复@曾妮1220:嗯，感谢您之前于“2012五彩基金&FCC慈善之夜”提供的义捐作品哈！现在头等舱和五彩基金于2月开始的新的项目，即是“FCC爱心艺术家”，也是此次晚宴的一个延续与爱心的传递~[可爱][呵呵] //@曾妮1220:我不是已经成为了吗！[偷笑]北京的满意之作献给了五彩基金！[可爱][微风]	1
我们都各自离去，留下@herman_tang 一个人欣赏台妹的歌！[哈哈]	1
回复@光舞帝:民族的才是世界的！是这么说吧[嘻嘻] //@光舞帝:终有一天，我们中国会变成世界厨房[哈哈][哈哈][哈哈]	1
终于赶完一批稿子了，放松一下！此刻心情[亲亲] ~http://t.cn/aR3YLg	1
今天很幸运，赶在大雨?来之前把寄养在朋友那儿的小乖[兔子]带回了家。[太开心]?	1
太可爱了[哈哈]@小莱坞 你们见过如此英俊的宝宝吗//@何筱米AMY:你怎敢把我们的私房照发出来！豆粥以后会恼我！	1
我刚出生那年，老爷子帮我找了一个方圆几十里路都威名显赫的算命大师给我相面，大师说我面相很好，有帝王之气，长大以后出入都有车，走哪都得摇旗呐喊，频繁进出豪华酒店及名胜古迹，无论走到哪里都有一大帮人紧紧跟随！光阴似箭，岁月如梭，我后来误打误撞成了导游………[嘻嘻]早安，开启开心一天哈！	1
[哈哈][哈哈]@小小菜CAICAI	1
有这好事儿！哇65折吃俏江南！//@秀出中国好味道: 小编也爱吃江石滚肥牛哦！现在点击文中链接购买代金券，75块当100块使[鼓掌]关注@微美食 还能获得10元抵用券，65当100用哦！	1
//@杜康控股: 大家知道蒋孝严先生是谁吗？大有来头哦！[哈哈]	1
#Nana魔法屋# 之二：魔法筷子 [嘻嘻] @烤鱼X饭团儿	1
今天是重阳，吃蟹才开始。。。 //@简俊辰_TRON:蟹就鲜这几天了，抓紧时间[哈哈] //@杜子建: 老柯，我什么时候能吃到你家的鲜螃蟹？[哈哈]	1
@U28足球队 今天由我来开瓶[哈哈]人民公社酒一开，好事好运连连来[鼓掌]	1
狂欢开始…[鼓掌][鼓掌]	1
[哈哈][兔子][爱你] //@食全食美史努比:经验证，物超所值啊[赞]	1
放在一起对比一下[哈哈] [哈哈]	1
[嘻嘻]好开心吧 //@我是栗子七-:太好了，有我家门口的诶～感谢！ //@田源鸡:回复@我是栗子七-:以下8家店实行：怀柔店、劲松店、通田店、梨园店、朝阳公园店、亦庄店、昌平店、回龙店 //@我是栗子七-:回复@田源鸡:这么好，任意一家店就可以吗？ //@我是栗子七-:吃过前两个，田源鸡真的不错哦～	1
#海螺沟天气# #今日海螺沟11~23℃，多云。早晚温差较大，亲们来玩耍注意适当添加衣服。[可爱][可爱]	1
回复@绿叶之谊:[鼓掌] //@绿叶之谊:[ok]	1
北京排??妹的歌，臣在一起扮和音！?歌?舞[嘻嘻]	1
回复@Ace张瑞:太阳神呀[嘻嘻] //@Ace张瑞:太阳可以把被子晒成这样也是太不容易了。	1
还想和你#在一起#[爱你]	1
【夜间雾气缭绕并转阵雨 明天雨转薄云迎佳节】18日17时北京气象信息：今夜雾气缭绕京城，最低气温18℃，后半夜到明天上午有阵雨，雨量不大，午后转多云，最高气温26℃。明天是中国的传统节日中秋佳节，雨雾会对明天上午的交通带来不利影响，注意出行安全；预计明夜多云转晴，适宜人们户外赏月。[鼓掌]	1
哈哈，最爱看节目里Coco大喊一声：你就是我们寻找的Chinese idol //@中国梦之声:#中国梦之声# 高端洋气的@CoCo李玟 [爱你]	1
回复@慧声:第一时间是控制局面，然后竭尽全力挽回损失。唉，你们文化人好纠结。 //@慧声:对！就是这样！第一时间占领道德高地，然后不遗余力推波助澜。感谢老周再次演活了公知[鼓掌]	1
接上?，??下的都留一口，不分先后[鼓掌][鼓掌][鼓掌]	1
普通市场里卖都很便宜啊，1.99美刀一条，吃爽先！[嘻嘻][嘻嘻][嘻嘻] 我在:http://t.cn/z8NfVPp	1
运动完的感觉就像这只花[可爱]	1
[奥特曼]，等你来哦。老相识。[抱抱]//@summer__珊:哇噻，终于不用去百子湾了，大赞[给力]@风林火山私家牛板筋火锅	1
有一些在你背后经常刻薄的说你坏话的人。这样的人可能有两种情况：无非是过的不如你好妒忌你，或者实在太惦记你了。说心里话，这两种情况对你来说都不算太怀。所以，原谅那些人并继续用善良加以回报。相信我，她们（他们）的心里可能更痛苦呢。[可爱]	1
路过@美丫妈妈-起司蛋糕  好热闹的抢购场面，和闺蜜两个人轮流排队买了四盒，挤得直冒汗，不过当美味起司蛋糕塞到嘴巴里时，赶脚一切都值了，实在是好吃！[太开心][太开心]	1
#美味惊动了党#[哈哈] //@威士忌哥:#美味的惊动了党#[偷笑]@nownow @管筝Ian @李孟夏	1
再加上四个主持人就更热闹了。//@应宁相声演员: [嘻嘻]	1
中国马来西亚商会2012年度盛会现场,马来西亚大使及夫人在众嘉宾的陪同下,伴着小野丽沙的Rasa Sayang歌声就座!一会儿还会有马航北京吉隆坡往返机票抽奖哦![鼓掌]	1
继续傻乐。[哈哈]	1
#谢谢光临#部队汤、大酱汤……阴雨天必点之温暖菜。[亲亲]谢谢喜欢。	1
[哈哈]//@管理主任的副主任: [懒得理你]你有正经的说吗	1
邮票收藏最主要是要看喜好。。。。荣耀一大清早就全面艾特啊，哈哈。[哈哈]	1
//@Sunflower_Isa: [哈哈]//@Wennnnnnn惠雯: 转发微博	1
创意无所不在 //@hktraveller: [哈哈]	1
是哦，超豪华享受，超值观影，快来吧！[鼓掌][鼓掌]//@deceptibot: VIP厅[花心][花心][鼓掌][鼓掌]//@卢米埃北京芳草地影城:本片于5月29日起每周日、周四20:30在卢米埃放映，欢迎大家前来观看哦！超豪华VIP厅会员只需30元，快来和卢米埃一起向#文艺#致敬吧！[围观][围观]	1
[嘻嘻][嘻嘻] //@Cafe-玄磊:糖哥你别这样说啦[做鬼脸] //@糖哥-咖啡大佬老冯:[嘻嘻][嘻嘻]，有潜质的  //@Cafe-玄磊:其实那天也有点小紧张啦[偷笑]	1
//@7X-ZENSON: [可爱]	1
慧眼的@Cathy品位都市丽人 发现我今天的头饰。[嘻嘻] 辛苦帮我做背景板的@言无序 [偷笑][爱你]	1
//@管筝Ian: 无限期待！[鼓掌] //@Jacob嘉可伯:故事随时在发生，不固定的角色拥有无限的可能性。生活，总有新姿态！好友@?正道 导演@佟丽娅 主演微电影#mian由你想象#奇艺高清版绚烂上线！@李孟夏 @管筝Ian @行走40国 推荐给你们！[围观]	1
比赛后大家分享冠军奖品，各种零食[可爱]	1
//@刘海斌强强: [威武][威武][威武]双鱼[嘻嘻][嘻嘻][嘻嘻]	1
我是狮子~~~//@汪?婷Virginia: 给力 大家对号入座 是吧康康[得意地笑]//@张晋康Frances: 都看到了吗，赶快行动吧[嘻嘻][嘻嘻][嘻嘻]我这有个现成的	1
//@柴京瑞：[偷笑] //@全球奇闻趣事：太投入了[哈哈]	1
刘青云?[哈哈][耶] //@新浪时尚:穿着修身一步裙的@angelababy 和笔挺西装的@刘青云 今天的着装主题均如同@MONTBLANC万宝龙 腕表一般气质出众。[威武]	1
//@丁丁糖丁力: 笑中有泪的武汉啊！//@伟大的阿方索-悟空: 武汉！武汉！前面挺搞笑的后面还有点感人的。@玫蓝_Daydreamer 武汉是这样纸么？ //@北看台内拉祖里: 这个剪辑很凶残啊 [嘻嘻]//@于满堂: @孟柰束Kimi ，必须看看//@心碎的melody: 转发微博	1
回复@午夜点唱机:嗯，的确是这样，今天忙死我了，一堆人挤在一起，我用小白也没抢到几张好的，哈哈，明天接着去[嘻嘻] //@午夜点唱机:这张感觉多了几分狂野	1
[哈哈]//@医院那点事://@血管外科枫医生:看着眼熟@医院那点事 //@百战星君:这是谁啊?//@元芳视角:[哈哈]	1
哈哈，好啊 //@GG格蕾丝: 哪能那么不堪一击呢[酷]，集训加课随时听从您的召唤[偷笑] ///@GG格蕾丝: 特棒！我和文哥都收获很大！[嘻嘻]  //@轮滑风影:昨晚的集训有啥感觉？   //@GG格蕾丝: ，[赞][鼓掌][鼓掌]   //@轮滑风影:@vivian--gu @GG格蕾丝 @憨憨de憨 @杜?dp @可乐的好妈妈	1
无肉不欢[爱你]//@妈妈姓夏:不放肉的我都喜欢！[馋嘴]你们呢？@爱诗哥@念咒人@yoland雁 @羽de觞 @宏杰乱弹琴@KIKI_KI	1
yan真棒，很专业[赞][鼓掌][心]	1
[哈哈] [哈哈] [哈哈]  //@YoannaBAZAAR：[哈哈] //@Cosmo毕婧:[偷笑]	1
[围观] //@5973张敬东:围观第一次五毛大战[哈哈] //@Engputer:至少在做善事 //@Gangsinshang: 回复@下载客户端:至少他是吧。不止坑蒙拐骗，还拐骗贪官家属。不客气。 //@下载客户端:哦，按照您的说法，捐点钱的都是坑蒙拐骗，明白了。谢谢。	1
在里面小露了一下脸[嘻嘻]	1
好嚣张，好霸气的嘞[鼓掌]	1
[可爱] 这些学会就无敌啦~	1
到了。好舒服的空气，温度也凉爽，谁说夏天不适合来海南的？[太开心][太开心]第一次因为飞机排队候飞感到开心，因为可以整理手机里的录音。[害羞] 我在这里:http://t.cn/zHecgCG	1
我在万达影城看了这部电影，搞笑台词太多了，虽然我是80后，但发现90后其实过的也很压抑 [哈哈] @seagie @V老大的小跟屁虫 @v蜂蜜Honey小宝v	1
善举转 //@鲍奕:聚焦的亲人们，你们太有爱了[鼓掌]	1
谢谢老婆帮我拍照片，爱你~~[亲亲]	1
[嘻嘻] 喜欢	1
铜雀台，刘亦菲。今夜将因?而难忘，我无法掩饰对?的迷恋…感谢造物主把?恩赐给这个世界 。做一个花痴般的菲迷挺好！[可爱][害羞] 我在#美亚大光明国际影城# http://t.cn/zOglcR6	1
[围观]//@嘻哈当家主持小宝: [哈哈]	1
我坐在温暖的屋里，看你深埋，冬去春至，雪化去，看你的记忆露出来。[可爱][可爱]	1
一切命中注定！！！周五！Fighting![鼓掌]	1
有一种[心] ，叫做隐身对其可见（在线），嘻嘻[可爱]	1
新款的狠给力~~~[太开心]	1
#我是产品经理#他做运营做产品，生于魔幻之都，早年求学于德意志联邦，他职业生涯离不开车，从奔驰、三一、绿野、汽车画报网。忘却不了他的同济情怀，在校期间创办了同济网。而立之年的他游历过二十多个国家，他的生活和工作始终＂在路上＂，别人叫他老驴，但他说我是产品经理。[哈哈]@Blueonline	1
[可爱]每一个值得小庆祝的日子，我们都用心为顾客准备独特细节…[心]也许只是一份冒着热气的腊八粥，也表示我们的心一直在雕粉这里。	1
来吧来吧，一起逍遥? //@柚子_要奔拉萨啦: @hikaruyan 还是很想去住一下，去吧去吧~//@西藏-邦达仓大院: 谢谢支持?[爱你]//@流浪的小小瓶子:喜欢，如果我去，一定住这里，哈哈，	1
相由心生，脾气好的人，长得也美，脾气差的人，长得就是丑[哈哈] 我要脾气好脾气好脾气好[心]	1
@虞钧 这是你的[哈哈][哈哈] 我在这里:http://t.cn/zlg63qV	1
完美协作，充满信任的合作团队 [鼓掌]	1
哈哈，多谢支持，欢迎常来坐坐！[嘻嘻]	1
你比我运气好啊！漂亮姑娘就要嫁人啦！替我多敬他们一杯！ //@功夫熊猫??:  @张旭Evans ，客气啥啊，月亮，能现场见证你和高琢的幸福时刻，是我们的荣幸！祝福你们！白头偕老，一生幸福！[哈哈][蛋糕]	1
这年头，小老板需要两个咨询: 健康与风水。仔细回想这两年的历程，确实有道道，横批: 不服不行[哈哈]	1
求剩蛋礼物～[亲亲]	1
叫板批萨嘉年华！猜猜叫板人在庆祝什么呢？我们达到了非常服务的目标！[得意地笑] 努力工作，尽情娱乐！叫板队员太棒了！[鼓掌]	1
我在Globus(武康路店)(签到1次)：消化朋友公司存酒[嘻嘻]  http://t.cn/hdHauq	1
回复@徐笠的天空Stella:没有，这是在中国唯一的，且首次开课哦[亲亲] //@徐笠的天空Stella:在北京？上海有吗	1
现在小学的数学题太难了，不会做啊，怎么办？怎么办？灵机一动，把题拍下来，彩信给脑子快的，帮忙。问题又解决了。[哈哈][哈哈]	1
呦呦呦，十五的月亮十五圆，大家一起看月亮吧[哈哈][哈哈][哈哈]	1
坤哥他是满脑子都想着俺吗？//@Muhua-流景的小宇宙: 右边什么情况！抓住！ //@望京一号餐厅:[害羞]是吗//@芭-Cheburashka-: 一定正满脑子望京一号！//@清平乐ick: //@QAQ那谁谁SAMA不耐小纪:[哈哈]哥一伸舌头，我们就想扑了他![馋嘴] //@大雨落在远方:右边表情不对啊！//@QAQ那谁谁SAMA不耐小纪:	1
这些辅菜当中，我最爱的就是折耳根！吃了一盘又一盘！本山大叔说了，卤不要钱！[嘻嘻][嘻嘻][哈哈]	1
我弟手工做的原创模型@孟非 绝版哦！[鼓掌]这小子很喜欢他~没辙鸟~~~@孟非粉丝团	1
[哈哈][哈哈] //@SUBWAY青岛崂山丽达店:转发微博	1
[撒花] 祝贺！祝贺！[拍手]//@环球旅行家: [鼓掌]祝贺itunes上线#环球旅行家#全国听游节目破百万！	1
美~~~~~[爱你]	1
[哈哈] 宝。。宝。。	1
在一起吧！绝配！[哈哈] //@我的朋友是个呆B:论学好语文的重要性//@然后下面就没了: 哈哈哈哈 //@我们不是说好做彼此断裂的jb吗: //@请文明食用食物: get//@青少年心理健康指导专家: get//@?灿烈:哈哈哈哈哈哈哈哈哈哈哈哈哈哈哈	1
我的长假很开心？[嘻嘻]我的长假不尽兴？[抓狂]不管你是哪样，周六来看大本营，让陈奕迅为你的长假收个好尾吧！[哈哈]	1
还不快来！[偷笑] //@太原国宏:我不在你们就这么奢侈。 //@慢卷袖:@太原国宏  罚范老师酒！[哈哈]//@骨子里的BJ愤青:@邓国宏  就差您了...... //@丫头-莎小莎:[哈哈][哈哈][哈哈] //@慢卷袖:重吃！	1
[哈哈]//@新加坡眼: //@XiaoxuWu: 新加坡公共场所的空调是按停尸房标准开的	1
[哈哈]//@何群荣笔记: [衰]	1
@相声演员赵玺为赵彬 @青花老七刘捷 @刘涛滔 @相声演员孙仲秋 [哈哈]//@漫画小店: [哈哈]，真的是连内裤都笑湿了，太给力了！值得一赞！！[赞]	1
这不是我拍的伴娘少女吗[嘻嘻][偷笑][鼓掌]	1
笑色无了 //@炫月曦: 太真实了，我太爱他了[鼓掌] //@平6866:自黑君睡在狗窝里吗	1
撞上飞快的火车，像摔下飞驰的骏马，车站和铁道线上，是2B照相的好地方。 //@堪舆小仙:[哈哈]我感觉终于直抒胸臆了~~	1
[嘻嘻][嘻嘻][嘻嘻]不小心被提名两次//@Miracle_simon翕文:@明媚后隐蔽的诗   @我是微冷抽   @城规常江	1
从不过昭苏到伊宁准备回京，利用最后一点时间疯狂采购啊，看俺的战利品，杏干，可以两吃的，外皮是杏脯，壳直接用牙就能嗑开吃杏仁，奶皮子粉、红茶粉也是这里特产，还有一个大烤馒头，还有n多的俄罗斯、土耳其的巧克力糖，还有这搪瓷碗喜欢死了，新家搬过去当饭碗啦[哈哈]	1
其实是在烤香草巧克力曲奇啦！[嘻嘻][嘻嘻][嘻嘻]	1
姐这是要疯的节奏!刚出炉的鲜肉榨菜月饼!好吃疯了!姐接着疯去!疯完来上做法![嘻嘻]	1
美[爱你] 这个时节太多诱惑 //@塔里木胡扬:大景、小品都很美！//@胖子爱宅: 襄阳的秋色！[鼓掌]//@襄樊咩咩羊: @简白 @泡鱼儿 @完美色影 @茶叶的视野 @维尼小熊 @七月娃娃 @杨潇同学 @六月_初三 @塔里木胡扬 @海狼china @老乌鸦_杨峰 @胖子爱宅 @叶强视角 @阿浩-168 @四季光影	1
[害羞][害羞][害羞] 谢谢小狗狗，你也快点结束单手扶强的生活吧[偷笑][偷笑][偷笑]//@孔二狗:小蕾，生日快乐！[爱你]祝你今年找个好主儿，抓紧把自己嫁出去。[爱你][爱你]	1
[鼓掌]@Susan苏小潘	1
又一个逆生长的！不过我还是真心想知道电影到底有没有＂俏江南＂赞助咩？[酷][可爱][闭嘴]	1
卖萌的西伯利亚鼯鼠，大眼睛，会放电。[亲亲]	1
[太开心] 今天又是周五了，都太餐厅的美味自助，等着大家来品尝啦！祝大家周末愉快！	1
//@天涯明月刀贰伟和傅大侠闯天涯: //@W良家族的桃梨: [哈哈][哈哈][哈哈]//@巴黎黎流向paris: 最萌我哇的港普了[爱你][爱你][爱你] //@哇??:[哈哈]怎么有这么萌的声音啊[嘻嘻]	1
@Jing_the_searcher  @焰coco  @北京醇  咱也拍一个系列回顾分台创办呗，登陆个啥频道播一下，哇哈哈哈/@AV东北菜:让我想起了＜分家在十月＞[嘻嘻] //@辣菜丝: //@小鸟翩翩飞: 回头瞅瞅。@李小萌 @蒋宝宝 //@大雁爱秋天	1
[鲜花][鲜花][鲜花] //@俺叫老鬼:[ali微博益起来]//@lyf111386: //@云山珠水-喜洋洋:[哈哈]//@俺叫老鬼: 喜洋洋之后，必须来鸟市！[太开心]//@云山珠水-喜洋洋: 回复@俺叫老鬼:晚上必须喜洋洋 周末必须喜洋洋！ 哈哈[太开心] @俺叫老鬼:回复@云山珠水-喜洋洋:晚上必须喜洋] @俺叫老鬼:好啊！[cai走走]	1
留个备用！[嘻嘻] //@红星闪闪大黑豆来了:转发微博	1
羡慕~~~[亲亲]	1
在母亲节送给妈妈一份甜蜜的祝福吧[爱你]	1
[话筒]开奖啦！恭喜@四月的贝多芬 和 @paris05110512 两位幸运粉丝获得晋餐厅京津美食节自助晚餐哦，我们会私信告知您领奖方式，请注意查收哦！京津美食火热上演中，各种来自北京和天津的美食让您全部吃个遍！[太开心]	1
又忙了一年啦，来CJW犒劳下自己吧~~男人也要对自己好一点~~~[嘻嘻][鲜花]	1
回复@蛋蛋IN北京:大概在北京没有?在日本也比较少[嘻嘻] //@蛋蛋IN北京:[吃?]好想吃哦阿松~在北京能吃的到吗?	1
凯特温斯莱特满身枪眼啊 貌似台下有女明星尴尬掩面的说[哈哈]	1
[哈哈][哈哈][哈哈] //@电影人程青松:金扫帚开始投票了	1
哇赛！富力的项目一如既往地火爆呀[嘻嘻]	1
@法云村柳霏霏  [爱你]	1
是大掌柜的给俺准备的＂劳动节＂礼物，无限开心中... [亲亲]	1
国庆在维景！！ //@苏州阳澄湖维景国际度假酒店: 欢庆2个国假~~[哈哈]//@南京维景国际大酒店: @杭州维景国际大酒店 @苏州维景国际大酒店 @苏州阳澄湖维景国际度假酒店 @天枰王 @常州维景国际大酒店 @扬州维景酒店_京华大酒店	1
男人改变不了世界，唯有改变女人[哈哈]	1
水果彩虹大叔终于能坐下来了！辛苦啦老公！[爱你][爱你][爱你]	1
得瑟样儿[嘻嘻]谢谢亲[爱你]好好在家陪爸妈几日，我们保利再絮[围观]	1
@请输入用户名 //@微盘:【148款镜头光晕素材下载 http://t.cn/zQ9agMT】将你喜欢的光晕图片拖动到Photoshop文档中，素材为png格式，背景为透明，可直接使用；素材为jpg格式，有黑色背景，需要将图层混合模式设置为滤色，稍微调整一下曲线或亮度/对比度即可。怒赞啊！！[太开心]	1
[太开心]谢谢美吕！	1
[太开心]明?又黎一个小聚[太开心]	1
[嘻嘻]//@小予CAT:[心]//@Junker87:[哈哈]//@云呢拿优格-矮梨C: 太口耐了~[花心]@Junker87	1
这是乡村风格的椅子吧~~~复古乡村风格，小丸感觉很温馨呢！[鼓掌]	1
"I drink 10 cups of coffee every day[可爱] I cant sleep without drinking coffee(Its true) but everybody says ""I cant sleep if drinking coffee""[嘻嘻]"	1
#雅乐轩啤酒花园#无限畅饮的啤酒，黄色扎啤，红色啤酒和黑色扎啤，你想先来哪一种呢？[太开心]赶紧的吧！	1
挺好的小伙找不到女友么…//@东田造型王靖:是个好人！转一个 //@许清概:求解救！！！！哈哈哈[鼓掌]	1
@优雅小裤衩 [哈哈]	1
斩草要除根呐?[哈哈] //@21CN官方微博:#薄熙来案庭审直击#薄熙来被控通过妻儿贪污2179万。	1
收到。  一、祝福您早日教育宝宝! [呵呵][呵呵]   二、我们下次都去试试 [哈哈][哈哈][哈哈] 说不定、抖落出个致青春呢～	1
不知不觉做了这么多菜了！看集合好有成就感啊！还有很多放不进的下次再放[可爱]	1
太TM形象了！有木有！[哈哈]@言午日免	1
[心][心] #安纳塔拉#在泰国的首都曼谷、普吉岛、苏梅岛、甲米、清涞和华欣等知名旅游目的地拥有包括游船在内的11家度假村及酒店产业。诚挚邀请各位旅游爱好者、旅游摄影达人们莅临！[可爱]	1
//@塔塔_TATA: [爱你] //@Mr-大刀:[爱你] //@大爱猫咪控:萌翻了~~[爱你]	1
险胜险胜[嘻嘻] //@黄花菜都凉了1010:赢了没？	1
大伙儿注意啦~今天晚上~这个活动就结束了哦[得意地笑]~届时小编会通过抽奖平台抽选2位幸运博友获赠全套#超级笑星#定制签名照[鼓掌]~还没来得急参与活动的小伙伴抓紧咯！[爱你]	1
永远的精灵小可爱[爱你]	1
小黄人全民出动！快到碗里来~[哈哈]	1
@法妮妮 //@范庭略:应该是英国的DK出版社“一直被模仿，从未被超越”吧？// @刘俊来 : [哈哈]强烈要求马总送！	1
关了 //@北方的bear:你先把蜂巢关了吧 //@马剑是谁:在家用wifi应该没事吧  //@马剑是谁:回复@和松你这个小妖:谢了[哈哈][哈哈][哈哈] //@和松你这个小妖:真羡慕！一路顺风！ //@马剑是谁:回复@佩瑶153:哈哈，谢谢  //@佩瑶153:一路平安[鼓掌][鼓掌]	1
[太阳][太阳][太阳] //@大连兜兜:[爱你][爱你][给力][爱你][爱你]金州分区小分队的朋友们辛苦了，我们一起加油！GO~GO~GO!	1
[太开心] 粉丝们今天都很给力啊，希望你每天看到它都有份好心情	1
你准备好了吗？[鼓掌]本周六晚狼来啦！	1
还好有@小莱坞 让我们的下一代不再遗憾[嘻嘻]//@小时相当忙:我人生最大的遗憾 就是木有婚礼的影像。。。。	1
[可爱][鼓掌][鼓掌] //@Leanna_Li:?????	1
#校园音乐开放日# 尚雯婕专场[围观][鼓掌]	1
靠我都不知道原来自己这么优秀 //@女足翁新芝:没办法就是怎么优秀啊 // @娄佳惠 :[嘻嘻]	1
打?，搬?，??存，出了一身汗。?是?心的，因?明天休假[嘻嘻]	1
今晚吃这个。旱瓜涝枣，今年雨水这么大，这枣得好吃成啥样儿啊？[哈哈]	1
这不是乔巴么~~[哈哈]//@萝卜卜卜卜: //@neverdream_ERIN://@带虾米的沙琪玛:喵//@MisRuo:@aderW	1
[哈哈] 谢转发！ #烤烤体# 身无彩凤双飞翼，烧烤吃到一点钟。//@电商日记本: //@艳阳国旅-卢晓武: #烧烤体# 明月松间照，羊肉炉上烤！@精品度假杂志 //@艳阳国旅-卢晓武: @开心的小马1978	1
我忽然萌生了一?邪?的想法！?看下?！[哈哈][嘻嘻][嘻嘻]我在这里: #抚顺市区# http://t.cn/z0kK25n	1
我校威武！[给力] //@中国人民大学微吧:[鼓掌] //@人大校友: 【继续坐人文社科头把交椅。人大人，果断转起！】 //@人大校史笔记: #人大记忆#这好消息可以公布了吗？我们等好几天了！比上次又多了两个第一，继续坐人文社科头把交椅。人大人，果断转起！@人大校友群 //@故事里的Ta:转发微博	1
回复@沈宏非:要沈爷做裁判！[嘻嘻] //@沈宏非:您自己和自己搞内斗啊？[哈哈]	1
真想直接去广州了，反正北京今天也不好降落各种航空管制[抓狂] //@心必女:能给这些美食家做好吃的，吃美了，本事，真的有！[嘻嘻][威武]	1
[哈哈] //@袁莉wsj:转发微博	1
[围观] [太开心]//@中国国家地理:[鼓掌] // @中国国家地理-图书 ：敬请期待我们的新书《旅行?修行》 @郭子鹰	1
美丽的九寨沟，这么好的机会还不快快动手！[嘻嘻]	1
还的转一次专门祝129吃货团的吃货们节日快乐~在2013年还希望大家踊跃参加~[哈哈][哈哈]@温温_JC @布丁只二不萌不憨  @李同学黑眼圈空前严重  @二大?仔-Jc  @暴躁龙猫  @每天爱学友多一些  @水是心形的	1
玉林烤鸭建达新店开业在即，粉粉们我们共同期待哦~[鼓掌]	1
恭喜[鼓掌]，实至名归。	1
喜欢就好[可爱]	1
北京欢迎老师！[鼓掌] //@邱?伶:北京?[可爱]	1
#我们都爱美食#这些小吃，你最爱哪种？我最爱冰激凌~哈哈哈[哈哈][花心]欢迎补充~[鼓掌]	1
@坏脾气陆凌 你要去玩哈捏[可爱]	1
这话连起来就是北京头疼呗[哈哈]	1
我们家一直在说，行到水穷处，坐看云起时，哈哈哈，要的就是这种随意轻松的潇洒 [笑哈哈]//@孔霸天: 抛开攻略，轻松旅行~正是TouchChina的slogan~//@JessicaWYL: 我们和 @TouchChina @孔霸天 一直倡导，抛开攻略，随意出行 //@Mars任鑫: 万分赞同[嘻嘻] //@连长:嗯，移动互联网催生了这种趋势！	1
[嘻嘻][哈哈][汗][拳头]	1
#朱亚文# 巴黎广场回眸一看――这件上衣很是潮啊[哈哈]	1
[害羞][害羞]这个~~ 你们懂的！[嘻嘻]	1
[给力] //@包包916:[威武] //@潘晓婷百度贴吧:[鼓掌][心] @FURY @星牌官方微博 @刘京京顺子 @曾仲豪 @包包916 @小神仙YG @小尸尸 @广西小闭 @蕞?有朋-静雯-晓婷-恩惠-7V @爱台球-爱晓婷 @冰糖IX @冰糖-顾晨曦 @潘晓婷台球俱乐部官网 @越私念 @冰糖Arianna @anglestar	1
[给力][爱你][威武]	1
牛腩来啦！[抓狂][抓狂][抓狂]勺子里的是鸽子蛋，配上法国人视若珍宝的海盐、松露。一口下去丝滑鲜嫩！赞一个！[good][good][good]汤汁非常浓郁，不行，我得留着点肚子吃甜品，据说这里的甜品非常顶级！[嘻嘻][嘻嘻][嘻嘻]	1
#天天向上# ：【嘉宾征集】4月22日，节目组征集#魅力心理学教授# 和“神秘大来宾”一起参与主题录制！[威武]男女不限，欢迎大家积极推荐！[爱你]@中国心理学家大会 相信大家第一个想到的是@魏坤琳 教授，不知还有哪些漏网之鱼呢？[思考]欢迎大家进入该话题参与推荐讨论哦！[心]	1
哥们儿你太行了，都可可西里了！加油[鼓掌][鼓掌]	1
阿布吉目前倒是定期照，可是十几岁以后粑粑就要抱不动了吧[哈哈] //@蜜思李珊珊珊:有女儿的粑粑们，留下美丽的回忆吧	1
才看到这段视频,第一次以如此方法成功抢镜!劳务费我就不要了!呵呵~把我臊求子的哎~[可爱][害羞][挤眼]@马语者酒吧 @杨阳-艳阳天 [握手]	1
圣诞树 特别啦。。。@堇紫苏 [爱你][爱你][爱你][爱你]	1
真我[爱你]	1
跟苏杭的沟通中，我从一个局外批评者转变成米粉批评者[嘻嘻]//@赵苏杭_小米:有米粉、无所谓！	1
说相声的时候呢？@学徒王自健 @_马_CHUN_然_ @无痕轩  //@李铁根:刚刚，你够了！[哈哈]	1
[鼓掌][鼓掌][太开心][太开心]//@蕾女心经:[鼓掌][鼓掌][鼓掌][鼓掌][鼓掌]@黄小闪闪闪	1
我也喜?吃?肉碗仔翅，?要加大量胡椒粉[馋嘴] //@挂名的_Smile:吃到了??中的“碗仔翅”正吖！！?只能说在香港吃真的是一种安全的享受?！?[鼓掌]	1
酷宝真胖了！！像我们家的一份子了！！[哈哈]	1
#寻找最正宗的大闸蟹# 我们的午餐，鱼肥蟹美[哈哈] 好多啊都吃不完肿么办！[哈哈]@360团购导航  @酷讯旅游体验师 @团友 @麦圈网	1
[哈哈][哈哈]//@雷神BG7:[鼓掌] //@rarei6016:@雷神BG7@DJ路路通 @东京探索 @朱君平 @小全叁 [鼓掌]	1
不管你信不信，我反正信了！[哈哈] //@北京出版人沙龙:[吃惊]	1
回复@安安的台湾茶:有机会去马连道的话讨一杯尝尝可以吗？ //@安安的台湾茶:回复@荣雪斌:[嘻嘻]	1
[爱你] //@FLoRenCE-Oy:Strasbourg !!!bien s?r!!! 斯特拉斯堡！！！[可怜][可怜][可怜]	1
谢谢心怡的祝福！祝福你和家人健康快乐！[爱你]	1
哈哈，吃完再减[哈哈]	1
求鉴定了啊！这是几年前机缘巧合，寺里的监院馈赠的108颗珠子，但连本主儿都不清楚是啥材质的，几经周折到了俺的手里，今天得瑟一下，想闹个明白，这珠子到底是啥做的，请懂行不懂行的给个明白，多谢了各位[鼓掌]	1
[赞]//@村里养牛的: 相当有意义的尝试，相当有调调的册子? //@于英钊:也得感谢你们这么靠谱的合作伙伴啊[嘻嘻]。在此，也感谢选题组的各位同志@湘人彭二 @圆圈儿优品 @浮生?记，旅途奔波外加海量采访，大家的工作使这本围绕设计的别册，没有一篇，甚至是一段文字是来自于品牌软文或者公关稿。	1
回复@于和ta的肉伴:[嘻嘻]小生愿意坐陪 //@于和ta的肉伴:回复@畅春园食街:也行，求个男神 //@于和ta的肉伴:哎呦？ //@畅春园食街: 看到没，请妹纸吃饭，要去小吊梨汤，吃过就交往！下次我带个妹纸去试试。。	1
各种棍棍，饼饼，面面啊[哈哈][哈哈][哈哈]	1
[赞][鼓掌]谢谢了	1
谢谢散人推荐，这回轮到我请客了！您和@石述思 一起去日本，也可以一起来驿栈！[鼓掌]	1
//@冷笑话精选:哥，你这发型要火啊。。。[哈哈]	1
58 //@31王卓铭:踩着屎那个太神了//@于洲:[哈哈][哈哈]//@李正曦Sissi: 你就是我一颗精子，你妈可是我找了二十几年才找到的。。。[哈哈]//@刘力博士: [哈哈]厨子挺好的	1
[偷笑] 早安! //@悦馨:[哈哈]	1
[花心][鼓掌]//@小懒猫Melody2011: [春暖花开]	1
【云百科】【给新生儿洗澡步骤】手忙脚乱的爸爸妈妈们快来学习一下，简单易懂噢！准爸爸妈妈也快快收起来备用咯！[嘻嘻]	1
说得好，老公上！[太开心] //@only唯一哥:弄死他们，给脸不要脸[怒] //@Nikki南芳:来十瓶[怒] //@粥粥游:自从我吃了盖中盖，心情舒畅了，大姨妈正常了，连小人都没了。。亲，你还在等神马？	1
跳了么，你们跳了么？//@怀北国际滑雪场微博: 哈哈,,昨天现场大家都很欢乐哦![嘻嘻]	1
[good][鼓掌]稀饭	1
[哈哈]备酒夜谈 //@吕义-Lefei:中劳网 @周文华  什么时候回郑州一起来指导工作啊！	1
啊一整天~花痴中。。。[鼓掌]//@喵儿呜:这个可以看100分钟~~// @全球热门排行榜 ：来吧!看这里看这里！	1
睡得没她快的自动转发。[哈哈]	1
//@疯猫黑黑: //@生活创意DIY精选: 每次心情不好的时候，就看看你的微 博，觉得恍然明白了好多，好句子好电影都在这里[爱你]	1
[哈哈][哈哈]争取今年多搞几次	1
今年，奥林匹克公园最高的地标性建筑――观光塔将正式建成对游客开放。小编从朝阳区“两会”获悉，高达246.8米的观光塔由一座主塔、四座副塔组成，从高处看就像巨型五环一样坐落在北中轴线附近。乘电梯可直达塔顶，一览整个奥林匹克公园风景，还可将鼓楼、故宫、香山等北京多个景点尽收眼底。[鼓掌]	1
蒜蓉辣椒酱和风味豆豉酱共同演绎的顶级美味【干锅香辣蛙】，和艾米学习做一下吧~[爱你]	1
小牛望月[哈哈][哈哈][哈哈][哈哈][哈哈]	1
早安，周五。早安，阳光[可爱]	1
欢迎转发哈哈，，，生蚝、海胆、鲍鱼、佛跳墙、海参，，，，[哈哈]二月十四日直播开奖！选出转发并艾特好友的博友10名！送千元贵宾卡！//@睡不着的阿头: @sanmenyutian 2014年我要继续转发！！！	1
今天是我们波妞立下壮举的时刻！从早上8点半徒步到18点~总行程25公里，小妞你真棒[爱你][手套]	1
回复@wintersweet_0:世博园的吉祥物叫＂欧叶＂！[哈哈][耶] //@wintersweet_0:你这个姿势学对了[笑哈哈]	1
山盛第一波，中场休息[哈哈][酷][给力]	1
[鼓掌]请各位好友帮我们公司的应有投个票，多谢~！第90号“阅米”	1
[哈哈]//@腾讯QQ: [给力]//@瑞龟吉祥: [笑哈哈]@悠哉悠哉玉儿 //@太极阴阳五行八卦: 转发微博	1
安贞180大退房，客人非常有秩序的自觉排队退房，2点之前所有的退房全部退完，非常给力，HOLD住全场~~~，再来几次把，再来几次[酷][鼓掌]	1
北京早安，星期五了，一个明媚又美好滴早晨，亲爱的们，早安~~~~[爱你]	1
三十天の纪念：伴娘同时也是接到手捧花的姐妹，要快点行动哦~@1018昊飞 [嘻嘻]p.s.很多姐妹都问我，不过当日真的真的没有刻意安排哦，所以拿到手捧的童鞋不要辜负大家哟~[得意地笑]	1
明天还有机会！[嘻嘻]	1
食完??????三文?！[哈哈] //@屋里马利小星星:毫无抵抗力！！！！！// @胡辰英 ：！！！！！！！！！！！！！！！！// @lujiami ：// @魔法少女兔小姐 ://  @王小咪Stephnie  ：喔~天啊~	1
#办公室咖啡#法压壶终于到了。。。曼特宁的豆子味道出不来，不过终于在办公室喝到咖啡了[爱你]@17C咖啡网 @快乐森活	1
太搞了！[哈哈][哈哈][哈哈] //@勤劳的工作狂:特种猫星人！[哈哈][哈哈]	1
虚荣的需要。。不过对建筑师是件好事[哈哈]	1
回复@老邵拖延症早睡早起:换衣服啊//@老邵拖延症早睡早起:回复@相声演员大春:说得是晚上散场的时候[哈哈]门口等了好久都不出来哇	1
每个月都有那么几天。[嘻嘻]//@IT吴晓亮:鸡冻呀！	1
带着Lucky晒太阳！生活如此美好！[嘻嘻]	1
我们杂志能给读者提供有用的资讯，是我们的责任。今天参赞和我说＂你们杂志不仅给游客提供有用的资讯，就连我们使馆的人都喜欢看，觉得很有用＂[可爱] 听的我心里热乎乎的。[太开心] @ManGu曼谷杂志 @一马河山	1
脑筋急转弯啊[嘻嘻]@我想说真话-	1
期待分享你们的旅行照片哦！[哈哈]//@E大宝的幸福生活: 哈哈，一路很顺利，在郑州因为天气闷热和生病就在酒店里待着，哪都没去[泪]到山东后玩得很high，easyboy在日照和海阳每天海边疯玩好几次，回来一身的咸鱼味[哈哈]	1
免费获得玛亚新书＜我的衣橱经典＞的机会，不容错过！[鼓掌][鼓掌]	1
呵呵！真的很不错哦！ //@?YAN:[馋嘴]一定很好吃。// @三样菜帮主 : 呵呵！谢谢关注我们家的三样菜哦！[可爱][可爱]有时间来感受感受啦！	1
虾仁馅好吃的大饺子，小朋友超爱！[哈哈][哈哈]//@雕刻时光咖啡馆: #时光公益#今天馆儿君的另一组同事又一次和 @咿呀总动员 的朋友们在阳光明媚的午后，和听障孩子们一起包饺子喽。。。[鼓掌][鼓掌]	1
中国沉香香文化博览会 @善因?道?可  插花作品，香与花的情致，最美的中国味道！[鼓掌][鼓掌][鼓掌]摄影 By @张大拉	1
艾玛，这个必须顶啊，速度抢购啊[太开心][太开心][太开心]	1
[鼓掌]我越来越喜欢你了，太善良了姐们[偷笑][亲亲]	1
//@演员宋宁: 笑喷我了[哈哈][哈哈][哈哈]	1
[爱你][爱你] 朱同学终于来除草了[嘻嘻]//@朱亚文zhuyawen:左五图内心OS：鲁迅老师！请您转身再看我一眼?	1
[威武]//@罗军: 途家将在此发布会上宣布与中航地产全国的战略合作。中航的业主，未来有福了。[哈哈]	1
[委屈]不要这样嘛~~~我们的节目都是请大家来玩的……不是洪水猛兽，大家放松！！！[抱抱][耶]	1
回复@海阳: 我看过你的签名，阳光得很~所以拿来！拿来！~[推荐]~ //@海阳:我签名不好看啊 哈哈，顺带设计个签名吧 哈哈 //@河南集聚-丛娜:回复@海阳: 先交来签名，呵呵~[偷笑] //@海阳:也给我设计一下[哈哈]	1
北京康源瑞廷酒店2012年员工新春联欢会即将开始[鼓掌]	1
谢谢亲爱的～～～～[爱你]	1
噢，原来没有回南天，同样最想报复社会的时期[哈哈][哈哈]	1
[围观][围观] 赶快来看看大家包的馄饨卖相如何！[嘻嘻]	1
呢外套&单肩包&牛仔裤[爱你]	1
回复@Jane胡89:谢谢胡总[嘻嘻] //@Jane胡89:大手笔！ //@weimajesty:我和我的小伙伴都惊呆了@金陵连锁酒店 @Jane胡89 @ACHO-齐劲 @业梅Candy	1
[鼓掌]//@一掬清泓: 。[嘻嘻]。姑且以原作视之。“燕”，“雁”的确有南北之分。“残月”，“人胜”，应为农历正月初七，元宵未过。纵是塞上江南，依然冰天雪地，至少朔风凛冽。“江上柳如烟”，何来如此景象？“江上柳如烟，雁飞残月天”，就此句，两种意境的对比，言时之未济。“燕”，“雁”同为	1
零度下的肥皂泡竟可以这么美，北方的同学可以试试~[嘻嘻]	1
还真是 微博上老多字儿不认识了//@文怡: 别说，还真是，我就是用借来的新华字典，一边查不认识的字儿，一边刷微博的[鼓掌]	1
[偷笑]给姥姥和妈妈看了你家三口的照片，姥姥午饭就一直在回忆报社、妈妈们一起上幼儿园的时光，感慨60年光阴仿佛就在眼前[嘻嘻]@我和湾子的记事本 @我们天晴的日子	1
越变越美！[鼓掌]	1
卢米埃北京芳草地影城一周岁生日，我们邀请卢米们一起来吃蛋糕喽~生日蛋糕由21cake精心提供，时间：20日-23日下午12:00-20:00。快来品尝甜蜜时刻吧~@21cake [太开心]	1
排工师傅辛苦了[鼓掌][鼓掌][鼓掌] //@山中一仙:@武夷山新闻 @武夷山云河漂流 @手礼网 @武夷山旅游微博 @大武夷频道 @快乐的武夷山 @野山狐 @猫妈爱小虎 @大道为德	1
餐后啃苹果,我喜欢一整个啃//@李仲亮:所以饿啊[泪]//@小猫家向天果:没吃早饭呢还[泪]//@李仲亮:看着就饿[馋嘴]//@小小喔:今天猪哥是安全滴,土鸡来了怕会变火鸡呢[嘻嘻]//@宜良大锅米线:@花子土鸡 你哥找你[话筒]//@≈猪哥≈: 米线.......蛋蛋蛋[嘻嘻]//@菜农XX: 剩蛋//	1
他是个人见人爱，花见花开的胖子~他有双敏锐的眼睛。哪里有吃的，谁的嘴在动，他的目光就投向哪里！有图有真相，胖子爱吃随谁，一目了然[哈哈][哈哈]@毛豆的mm @是的我在北京 @快乐的张小白 @我和毛豆的干妈们	1
@冬爷好 @君君的小可 @-我是小太阳_ @西门町王潇同学 @?光?的传说 @醉美伊犁 我准备回乌喽，伊宁再见。下飞机后继续喝起来，@盛育滨 @安明亮 等我哦。[嘻嘻][哈哈]	1
回复@吹小仙儿:哈哈哈，有小朋友自己冒出来喽[可爱][酷][偷笑] //@吹小仙儿:我。。我。。我是摩羯[可爱][爱你][害羞] //@Helen开心果果:是不是该把魔羯座小朋友找出来[哈哈]@京京丫头   //@一句古诗词:发生的好事	1
排排座[嘻嘻][嘻嘻][嘻嘻]	1
[一秒钟判断英语水平] 说两个单词听响儿：Mango  London [哈哈]	1
[心] //@李玉刚:张远客气了，一直也很关注你，希望你继续攀登艺术高峰！加油。 //@至上励合张远:承蒙鼓励，不胜感激！小弟班门弄斧，只因高山仰止，私所仰慕。见笑了......[哈哈] //@李玉刚:期待有更好表现！无论如何，勇气可嘉。赞一个！[威武]	1
//@爱佑-奥迪上海宝贝之家:感谢小长颈鹿以及她的小伙伴们的到来！宝贝们看到这个大大的长颈鹿玩偶都开心得不得了~[爱你]@美立客//@LittleGiraffe旗舰店: 还有小长颈鹿给大家分发玩具的场景哦~希望借助这次活动能呼吁越来越多的人献出自己一份爱心哦~多多支持宝贝之家	1
思衡、@杨燕迪 @花样阎华 直播开始了//@宋思衡: 还有克勒丽人@花样阎华 主持，今天我们噶三胡一起跨年[嘻嘻]	1
//@生活禅在旅行:[偷笑]黄老有心人//@周瑟瑟: //@甫跃辉: [哈哈][哈哈][哈哈]//@广东塞壬:哈哈，有趣	1
@麻瓜小豆 全6集！[鼓掌][太开心]	1
[哈哈]//@韩寒:恩，前面几个字是描述你的，写的是“长亭外，古道边，芳草天” //@三思读者:没想到依然有这么多无知网友追捧傻逼韩龟头，看来我们倒韩派还要继续批倒批臭运动。这前几个字写的是什么东西，哈哈哈韩二敢回应吗？	1
看着@小柳菁儿 给家人买的新衣，突然想起我前几天逛街的成果。四件羊毛衫，五条围巾，三双鞋子，两件上衣。。。售货员殷勤的忙前忙后，会不会觉得来了暴发户。。[害羞][哈哈]其实就是因为回家过年。。PS：这里面还没有爸妈和我的。。[害羞]过年就是购物季啊。。[晕]#欣生活#	1
汉中凉皮来了~~~[花心]//@CCTV-走遍中国: 与庆丰包子相比，小编喜欢吃这个陕西小吃套餐。[馋嘴][哈哈]	1
"『从IT角度看学英语』要是用翻译的方法学的话就像跑虚拟机(VM)一样， 处理速度(思维)和输出(表达)之间总存在损耗(overhead)。 不如试试用原生态学法， 从思维方式开始改变。 一开始会辛苦点， 但小成之后就不用损失""带宽""了。 不过最后两套思维就像两套不同的""算法""， 挑一套适合自己的才好。[哈哈]"	1
回复 @就是这样Antonia:欢迎美女随时品尝！[鼓掌] //@就是这样Antonia:我要试我要试[围观][害羞] //@苏西黄David:回复 @Angel晶1227:哈哈哈！勇者无敌！ [哈哈]  //@Angel晶1227:回复 @苏西黄David:[泪][泪]都醉了坏死好酒力	1
今年再辛苦今天一天，明天就能跨年啦[哈哈]@Calvin_Zhu的Style 狗日不肯陪我出差，鄙视你[挖鼻屎]	1
[哈哈][哈哈]笑纳了！ //@刘?-妞儿:送给大家，中秋节快乐@孙毓?-?? @我是我是我 @西子inTK @青山疏影 @徐猛x @杨洋-爱海的小鱼 @雁子的小日子 @张小超claire @裴虹猪鼓励 @卞洛磊 @京城豆腐白 @火龙美食1968 @媒体人文博	1
#美食信息导航#【和风日本料理】268顶配自助，每人一份螃蟹，鲍鱼，鹅肝，海参，西冷牛排[爱你]海胆，烤虾，鳗鱼，三文鱼，都不限量。特别喜欢三文鱼，肉质鲜嫩[馋嘴][馋嘴][馋嘴][馋嘴]。地址：数码广场红绿灯交叉口路南。感谢@星云西里 分享	1
回复@火烧云老板娘: 到十月哈[爱你]//@火烧云老板娘:回复@BraveCake洛凝L:那个是一定要尝的！没有时间期限吧？	1
难道是我们家的平板电脑！[汗]@请输入用户名 @陈旭海棠居 @冯显平0121 //@海棠居de微博:这，太靠谱了！[鼓掌]对员工平衡感的增强很有意义！建议郝艳清可以多练练！哈哈[嘻嘻][嘻嘻]	1
特大号的萤火虫来道晚安了[嘻嘻]	1
今年第一次试拍 可惜桃花花期已过 请摄影达人们指点 [哈哈][哈哈][哈哈]	1
回复@绚丽女人花-周心怡:阅读着文字，遐想着画面都过瘾啊[馋嘴]，其实我很喜欢研究美食的！好吃！好学！就是我啦！[偷笑][嘻嘻]//@绚丽女人花-周心怡:回复@love映霓:在台湾的时候，冬天到了我常去养生中心，做完按摩舒筋活血，再吃上一碗热腾腾的麻油鸡面线，很过瘾的！[哈哈]	1
//@晓叟: [玫瑰][阳光][玫瑰]//@幽篁女: [鼓掌][赞][赞]	1
开门收快递。无意中发现我爹的雨伞套[哈哈] 居然是他的一只旧袜子。	1
理解用户的挣扎//@caoz：http://t.cn/anYWDI ?嗦很多，答案参见如上链接。@solaryf @土豆泥炖土豆 @limingx @dms-baidu //@caoz：排第一的，是4399小游戏[哈哈] .....百度目标寻址搜索的比例在所有搜索比例多少，趋势如何？与谷歌，搜搜对比如何，为什么？	1
[哈哈]//@walleve被占了:回复@马德龙:那活跃度还真是不低..48小时，收到的简历数超过了其它招聘平台..并且质量不错。	1
张爱玲，你的电影很有喜感哦[嘻嘻]	1
哈哈哈哈，这句话实在是太经典啦！！@茉茉宝贝儿 //@MegWu吴湘玲: 哈哈哈[嘻嘻]有道理的啦	1
爸爸妈妈结婚35周年！全家人一起庆祝！喝起来！！！[威武][给力][哈哈][嘻嘻][心][心][心]	1
原来春晚刘谦魔术的秘诀在于桌子底下的玻璃，里面围了个箱子藏着人呢[嘻嘻]	1
这个好！搞推荐的当跑堂的，绝对个性化服务！[赞][哈哈]	1
海师[哈哈][哈哈]	1
偶滴偶像[嘻嘻][爱你] //@漂三漂://@小黑黑君: 喜欢	1
谢谢！试了，好用[鼓掌]//@有范儿的范范: @查可欣	1
@徽州小生Li @侯林林微博 [鼓掌][鼓掌]	1
回复@玩美煮艺:[嘻嘻]谢谢支持 //@玩美煮艺:转发微博	1
今日look.么么哒[爱你] 我在这里:http://t.cn/8DFYaLo	1
Kona关门时间完赛的老太太 [抱抱]	1
好鞋不少[嘻嘻][嘻嘻][嘻嘻]@李小猫LOVE @子心--妞儿 @__某人的围巾 @Heartland_sjc @AlwaysObsessed	1
@海伦在Leeds 准备换手机了吗？[哈哈][哈哈 //@他们叫我阿帮:微博秀智商，转发需谨慎啊！/@童小萱: 太万恶了!!!//@圆脸川: 跪了！！万恶的资本主义！ //@宁财神:无	1
[哈哈]还有Bazinga！。。@韩小兔Tulip @周棣棣仔 //@黑夜幻灵: [哈哈]	1
[爱你][爱你][爱你] //@李妖妖:哎呀京东怎么那么可爱	1
多谢兄弟，下午见。[嘻嘻]	1
房yes,股no! //@麦田捕手: 推荐的都弱爆了，最好的是：借钱买房[哈哈]	1
【萧敬腾晒与三只狗狗酷照 轻松回应泼粪事件[鼓掌]】日前，雨神萧敬腾遭遇泼粪事件，让很多网友担心，目前，萧敬腾方面已经报警交由警方处理并请全天保镖。10月29日，萧敬腾晒和三只狗狗酷照，并调侃称：“我的力量”！[酷]http://t.cn/zRozCgw	1
#悦旅关注#苏梅岛康莱德度假酒店，于去年11月开业，距离机场28公里，交通便利；并且是苏梅岛上唯一朝向西面的豪华度假村。[爱你]至3月31日，@希尔顿荣誉客会 在4大品牌酒店及度假村推出“更多积分”的活动。到达一定积分可兑换房间。@希尔顿酒店及度假村	1
好可爱//@杨沐春涓: [嘻嘻]我要去摸摸，让不让啊[din推撞]	1
四个字了！很给力//@袁朱比的地盘：我也承认，这是我从事编辑工作近20年来看到的最酣畅最有力的文字，三个字：痛快淋漓[哈哈]	1
#那些美好的礼物#感谢@作为一个桃 为我画的卡通造型，大爱[爱你][爱你][爱你]特发微博炫耀下下[哈哈][哈哈][哈哈][哈哈]	1
母爱的伟大[鼓掌] //@边疆边吃边说:[围观][鼓掌]//@食色云南: //@懿婷加油:感动	1
跪求该女生电话//@张淇welly:[哈哈][哈哈][哈哈][哈哈]这简直是为我和我老婆创造的笑话[哈哈][哈哈][哈哈]谢谢冷笑话我老婆开心死了[给力][爱你]	1
哈哈 干脆面干啥呢[抱抱][抱抱][抱抱]	1
又入手一个[哈哈]	1
早就有这个愿望，不知什么时候实现。[鼓掌]	1
回复@阿佳卓嘎GG:共同期待[围观][围观][围观][鼓掌][鼓掌][鼓掌] //@阿佳卓嘎GG:#中国梦之声总形象片#出炉[威武][威武][做鬼脸]期待明天的播出[太阳] //@明星经纪貊苒: @阿佳卓嘎GG [耶] //@金晨煜:[哈哈] //@明星经纪貊苒: @阿佳卓嘎GG [耶] //@金晨煜:[哈哈]	1
素颜  卖个萌[嘻嘻] 我在这里:http://t.cn/zHFSkfr	1
@EchoBookCafe @苏苏susu @素素白 [嘻嘻][嘻嘻]	1
一花一叶咖啡绚丽您的生活~祝亲有个愉快的心情[太开心]	1
[吃惊]真有才！无论做什么，投入，就是最快乐的！//@那些触动你的歌词: 下回看好声音，就这么玩！ i want you！[哈哈]	1
不仅花痴，还二了！//@于函冰_Lily?淇淋: @y露露y  看见没看见没~ 白羊最不花痴~ 以后不准说我对 @潘?柏  犯花痴了~   [哈哈] 那叫执着~  [抓狂]	1
回复@特里萨哎:高米店，回一起去@冀晨 //@特里萨哎:在哪啊，不远的我也用去[嘻嘻] //@吴小楠同学的围脖:恭喜韩娘娘和小韩子的美甲店开张！（好像有哪里不对）歪爱屁卡啊！	1
今天学到了产前锻炼各种肌肉的方法，不用再担心孕后期的腰酸背疼腿抽筋啦[可爱] //@Iceman兵兵:  @曙光ruirui @正能量工坊	1
村书记都要笑掉大牙了！[哈哈]	1
这位童鞋，你可能有所不知，粉钱比车钱少在我们店是常有发生的事情~[亲亲]	1
[太开心][太开心][太开心][鼓掌]	1
早午茶@Hedy007。我吃完就要去学习了，@爱神游的颜颜 @me蓝莓lanmy @hellococo 你们回家来接手客人吧。[嘻嘻]	1
早上好哦～[可爱] 友情提示：明天帝都依旧会有降雨，所以这几天雨伞是包包内的必备[下雨]	1
我回京去取[嘻嘻]让他们看看就得了	1
最爱滴马卡龙。[爱你]	1
回复@水墨蓝纯:是啊！极细咖啡粉+糖+香料或+酒煮[馋嘴][嘻嘻] //@水墨蓝纯:土耳其咖啡壶长这样啊？！@咖啡不是星巴克	1
意境，懂么，意境[偷笑] //@柳小盒盒儿: 哪呢哪呢？小女孩在哪呢？ //@蛋卷儿爱抹茶:没有带相机，只能用相机[汗]这张照片让我想到卖火柴的小女孩[可爱]	1
#云早安#国庆已经过去一半了，大家都怎么过的呢？[可爱]	1
回复@幸福摩天轮Min:[握手] //@幸福摩天轮Min:[嘻嘻][围观]  //@梁锦江: //@张仁瀚:[呵呵] 呵呵,我还是相信这照片是真的----从来都不相信中国政府发布的数据 //@葛洛:大实话 //@丁道勤:太坏了 //@梁锦江: //@张仁瀚:[呵呵] 呵呵，我还是相信这照片是真的----从来都不相信中国政府发布的数据	1
[鼓掌][good]好棒！大家快来寻宝吧！//@上海浦东香格里拉大酒店	1
[哈哈]//@小狮子_请勿喂食: //@先救你妈吧我想再游会儿:哈哈哈//@我的鸡八岁了://@年月君:哈哈哈哈哈哈//@启奏皇上臣有了://@新东方烹饪学校校花: 哈哈哈 //@你先别死等我来救你:哈哈哈哈哈哈哈哈哈哈哈哈哈//@狂犬警长: 高冷	1
有个毛→_→//@大藏布:→_→你们都是坏淫[哈哈]//@误入桃花苑 :→_→[偷笑]//@时评女: →_→内涵[偷笑]//@阎王说: →_→[偷笑]//@一句屁话: 有个毛！	1
买疙瘩[哈哈]太欢乐	1
只有海天酱油独自打酱油[哈哈] //@董秘圈:下周一堆挂牌，新股没中，只能二级市场买了	1
你太桑我心了，少图。555555555555。 //@漂流在闽粤之间:@闻香识包子 又少了个“子”字[嘻嘻]@夏花的world 这个可以参加哦！	1
继续水果！[爱你]	1
[嘻嘻][嘻嘻] //@山岚熊外婆:@Stella岚r @开心小栗子 @黄毛晓鹏 @Serena小狼崽 @班豆班 @ZhaoZhao_ihiking @楚荃 原来是这个样子。。。	1
班主母校，水印很重[嘻嘻][嘻嘻]//@狮子座的熊孩?:噗…![哈哈][哈哈]	1
#文艺贩#《忍不住开间家庭旅馆》上了唐宁书店畅销榜！[鼓掌]	1
哈哈哈哈//@litifity:[哈哈]//@懂点文学名句:公交上低头一看。。还以为是颗卤蛋 。。。。。	1
被围观的感觉咋样？[偷笑][哈哈][哈哈]	1
精英少，关键还有装精英的。//@钱文忠：[鼓掌][鼓掌][鼓掌][鼓掌][鼓掌] //@严锋:真正的精英应该是精神上的英雄，这种精英完全是中国最稀缺的资源。	1
#最会约泡#【泡在龙熙温泉】携手驴妈妈旅游网――“遇见50年后的自己”面部彩绘！介个画的是全家福吧！[鼓掌]	1
细雨绵绵，月亮都躲闪了，太阳自然也沉睡了。 //@天气预报:外面真的有小细雨，几秒钟掉身上一下，若有若无的[爱你]	1
#自驾川西#哈哈捡到一漂亮孩儿，像俺不[哈哈]一会儿再捡个孩儿她爸。[哈哈][嘻嘻]	1
我不干！！！你好美，我拍得好二[泪][泪][爱你]	1
谢谢推荐！几家我基本上都去过，专注做事，专业做事！[赞]//@杨迪的甜筒乐园: @WISH梧桐 @梅华周 @望京一号餐厅 @皇家驿栈刘少军 你们中啦[哈哈][哈哈][哈哈][威武][威武][威武]	1
[话筒][话筒]开奖啦！恭喜@小神willie 幸运粉丝获得朗吧吸血鬼之夜特调酒畅饮，若携带四个以内的朋友同来庆祝，您的朋友还可享受半价畅饮特调酒哦[鼓掌]，我们将私信和您取得联系。吸血鬼之夜就在明后天晚上的朗吧，欢迎大家都来感受鬼魅气氛！	1
想看吗？关注吧[哈哈]	1
我不是为了荔枝，而是为了尝试一把酱油的搭配[哈哈]	1
谢谢[可爱]Its my pleasure. I hope youll enjoy my story[心]回复You can buy on the internet. http://t.cn/zWlkBua http://t.cn/zWKXhqZ http://t.cn/zWrwV4b //@大村敦志_Ash_Omurah:I think Haruki Murakami will win the Nobel prize someday[可爱]	1
我把小龙留给你[嘻嘻][嘻嘻][嘻嘻]	1
哈哈！还真是你！@maguitar雪 无意中照上的两位童鞋[做鬼脸][偷笑]@BTV李向显  //@maguitar雪:才发现照片右边半拉是我[偷笑][偷笑][偷笑] // @BTV祖冲冲 :前三应该没问题吧[哈哈] //  @maguitar雪  :[鼓掌][鼓掌][鼓掌]	1
早安，加油[爱你]	1
房事龙不是白叫的～//@神州八号99:[哈哈]//@郭春晖律师: 色胆包天啊[哈哈]//@深圳彭国永:敢动太皇妃？[阴险]	1
//@农业博士: 回复@渔舟唱晚人不归:好，私信一个收件方式[嘻嘻]//@渔舟唱晚人不归:要4瓶，博士。	1
好听！窦唯、王菲[鼓掌][鼓掌] //@黄珏JJ: [话筒]//@YouTube精选: [话筒]	1
四季布达拉萨//@玄玄玄玄玄玄玄B:我爱西藏[爱你] //@雪域高原摄影人:多彩布达拉，世界宫殿建筑史上的奇迹	1
回复@燕子Tiramisu:我去慰问一下你？[嘻嘻] //@燕子Tiramisu:我都这样了，你还取笑我啊！没人性啊！	1
坚持就是胜利！只要守得住就不怕没租金！[哈哈]等土地价格升值不现实，唯有产品的商业价值才是王道！ //@东吴草足:回复@眭枫:所以，光靠租金收入那三瓜俩枣，也叫投资回报？也能称作盈利模式？ //@眭枫:问题的关键是 资本市场是最逐利的，它也已经把商业地产不看在眼里了 [泪]	1
昨天晚上参加@王府半岛酒店 的平安夜自助晚宴派对，3588元/位的价格着实让人感到这家五星级酒店的实力和水准。丰盛的美食自然不在话下，超级大赞的就是那个海中虾，个头比我的手机都大，吃四只就饱了[嘻嘻]。演出不错，歌舞和相声都很经典，抽奖有些郁闷，大奖小奖没抽到我，呼呼[嘻嘻]@京城美食探店	1
1239年建立的因斯布鲁克是奥地利蒂罗尔州的首府，坐落阿尔卑斯山谷之中，意为“茵河”上的桥。小城保持着中世纪城市的容貌，狭窄小街上哥特风格的楼房鳞次栉比，展现出古城的风貌。著名的滑雪胜地，1964年和1976年两次举办冬季奥林匹克运动会。[鼓掌] 小丸表示夏天在茵河边远眺雪山吃冰淇淋超惬意的！	1
李助理新婚快乐[哈哈]//@央吉择一: [哈哈] //@BrightSiang:[赞]	1
好美的地方[太开心]	1
生日快乐??@kylie-liu 你的生日到了@nicole_yuan 的生日就不远了，她的生日来了我的生日就不远了！哈哈还有阿巧和@Miss-Hou [鼓掌]	1
三个小时的霍比特人，希望不要睡着#霍比特#[熊猫][哈哈]	1
粤珍轩的点心赞噢！[鼓掌][馋嘴]@上海金茂君悦大酒店	1
刚发的好吃的是桂林的糍粑，糍粑有很多种吃饭，烤着吃，炒菜，还有就是这样吃也好美味滴[嘻嘻]	1
传说中的水上漂？太欢乐了 //@玩-单板怀北店: 这个真的很欢乐[哈哈] @新妞-婕宁 @魔刻-冯楠 @新地de酷玩体育 @李斌-鬼冢 @轮滑风影 @怀北滑雪场单板公园fans闪虎 @大头Carson	1
这个拍得太漂漂了[鼓掌]	1
＃小编传送门＃看着虾酱的行李清单就觉得旅行是件很美好的事情呢！[爱你]	1
那是大宝物！我也一直惦记着！你还是放下吧！[嘻嘻]	1
我戳 //@肉肉惹人爱:[爱你]	1
[嘻嘻]搞笑！ //@林兵-V:无	1
#小?故事#?少第一次登上我的杂志，很有范儿的追镜头……那一年那样简单……全国各大雪场、装备专卖店均可购、Show……[嘻嘻][嘻嘻]@美树001 @怀北国际滑雪场	1
#环球旅讯论坛# 环球旅讯对“中国酒店营销高峰论坛”5月15日部分主题演讲的内容做了整理和总结，供各位读者参考。因各种原因没能来参会的各位读者朋友们不用担心了，我们会在这几天内将所有演讲和座谈的精彩内容用简报的形式呈现出来，敬请关注环球旅讯！[太开心]	1
今天的收入包中的新宠[礼物][太开心][太开心]DOLCE & GABBANA[花心][花心][做鬼脸]	1
[爱你][笑哈哈] //@徐徐归兮:我也想要成为这种人――他们的生命闪闪发光，筋骨里充满力量，眼睛透彻明亮，嘴角总是上扬，对一切心怀爱和希望，对美好的事物过目不忘。唯有正能量，才能修复和安慰我们的世界。@张薇薇 @中国纺织出版社-社科	1
[哈哈][凭证入馆]   #Weico拼图#	1
#品鉴敖包会蒙餐#auv原来是主唱，虽然听不懂歌词，真欢乐啊[哈哈]@京城美食探店 有些人还没到噢[挖鼻屎]	1
宝宝五岁了，孩子的爸爸，妈妈仍然心存感激，从广东发来照片给我，共享欢乐。我的医疗成果，爱你们。这，就是我的工作动力。[爱你][爱你][爱你][心][心][心][哈哈][哈哈][哈哈]	1
//@布丁酒店: 明天早上10：00，不见不散~~[爱你]	1
今天早餐是麦当当的2块拉明顿蛋糕和鲜奶抹茶雪冰，作为星巴巴资深抹茶星冰乐买家，我表示麦当当的这个雪冰有时已经超越了，拉明顿也超越了抹茶卷[嘻嘻][嘻嘻][嘻嘻][可爱][可爱]婚后真真是纯素颜哇!	1
[爱你]嗯嗯，谢谢哈！大家都快乐哈，到时候去看看你家小美妞[嘻嘻]	1
//@老榛子:我曾评论为“新血色黄昏”。[赞] //@徐童导演:我给你写上字[哈哈] //@金_琪:看来我要买一本啦！哈哈	1
卤煮！！！自从胆固醇高，尿酸高被查出来，有日子没吃[花心]了//@爱谁谁的北京: 老陈会帮你亲口尝每一条大肠是否已经烂熟，放心吧。。。//@-伏地魔先生-:嘿～ 来俩底儿，切末～[嘻嘻]	1
有没有觉得我最可爱啊？[挤眼][害羞][偷笑][太开心]	1
要不我过年就回北京吧！//@老潘: [哈哈][哈哈]看了两遍才想明白咋回事//@?葵:[哈哈]// @金?? : 每年只能享受这几天，不能出北京玩，不然浪费了	1
回复@陈立民: 先生取笑了，花好月圆、三五盏米酒???然后、然后啊就胡言乱语啦！[哈哈]//@陈立民:老板她娘诗兴大发，今年中秋注定不一般。	1
街头采访实录：“当男人们看到其貌不扬的女子时，真实的反应是？”少女们可 要长点心啊，擦亮双眼，认清好男人！最后这位大妈，你这么酷炫你家人造吗！ [哈哈][哈哈] http://t.cn/8szHymC	1
//@DAAD德意志学术交流中心: 恭喜德国代表队在索契冬奥会摘得首金！[鼓掌]	1
昨天出席了英皇EEG的春茗，??形像?Dicky  @barakalee  及 @fatboyslim852 衣服的?助 [哈哈][哈哈]	1
其实无论西餐还是中餐，都需要咱多花点心思，多用心，你说是不[嘻嘻]	1
#AMG极致驾驭荣誉盛典#祝贺AMG官方微博@梅赛德斯-AMG 上线   [爱你] 我在:http://t.cn/8k7jZ60	1
新年财神到！“义聚成”全体员工恭祝您大吉大利！财源滚滚来！合家欢乐！[心]大年初一BTV7《魅力周末》义聚成告诉您炙子烤肉如何“怀中抱月”！[抱抱]敬请期待！	1
[哈哈]  //@minicici1079:[兔子]  //@生活大爆炸TBBT:#金球奖#＋#艾美奖#争取明年把人民选择奖也拿下！[嘻嘻]	1
公益活动结束。[哈哈][心][哈哈]	1
【国际援助】尼泊尔的姑娘婚后两年未孕，经我调理，治疗，今天怀孕啦。‘我用了三根试条，都是两条线。我已经告诉了我的爸爸妈妈，，，，，。’她用不太顺畅的汉语和我交流。谢谢，谢谢，，，，，。[给力][爱你][玫瑰]	1
我们认识二十年了~终于，在一起了~[哈哈]	1
羡慕！！！我不吃都胖//@温洪武的: 吃啥都不胖[哈哈][哈哈][good]	1
回复@并非孤单:我正在开发研究3D打印的来来！而且是摄像头版！ //@并非孤单:多用途[嘻嘻]我一直在开发他的新功能 //@餐饮人-吴楠:好有能量的来来啊	1
跟发小喝酒聊天居然没有醉，难得！晚安[月亮]sweet[爱你]	1
闹腾的2012,被神话的2012有点意思啦[哈哈]//@老狼_黑米摄影:2012伊始， 肖艳琴原地满血复活，达芬奇大翻案。	1
看到这些，心情大好，春天来了//@xinanjh:[可爱] 春天的颜色 //@环球美食之旅:一个手指一个颜色好看吗	1
[笑哈哈][笑哈哈][笑哈哈]日照之行，难忘之旅[爱你]任何华丽的词藻都是虚夸，唯有亲身体验，身临其境，才会让日照这份美，升华[甩甩手]蓝天、白云、大海，沙滩，美女，翩翩起舞，这！才！是！生！活！[羞嗒嗒]你们还有理由不来吗？	1
在北京东部至高点狂欢[鼓掌] //@connie爱网络:期待ing //@北京国贸大酒店:倒计时：离6月29日#云酷航空主题之夜#还有38天。#北京离月亮最近的酒吧#，我们那里见~	1
回复@红粉精灵:去年拍摄的《星级享受之旅》系列节目，大家有空就观赏一下。 //@红粉精灵:虽然已是上年的了，但仍然是高水准的，赞[good] //@广州富力君悦大酒店：2010年底酒店的宣传广告，非常感谢@庄臣微博 的支持，很全面的介绍了酒店的各种设施及服务！希望大家看了之后来亲身体验哦！[哈哈] [嘻嘻]	1
万一那个女的身怀绝世武功呢？ //@MaggieMa_凡人?语:[赞][哈哈]	1
当建筑系绘画遇到禽兽系绘画[哈哈][嘻嘻]@丫丫鱼画画 @毛虫GG 我在这里:http://t.cn/zj5hAg2	1
@忽而今夏-云 @Sophie诺诺 @光头老薛 看到Milk隋 我乐了…[哈哈][哈哈][哈哈][哈哈]//@Mike隋:请叫我苏伟[泪] //@安达AD612:我还是安//@iSE7EN:请叫我里欧 //@我是曲大美女:请叫我七雨 //@Charles郭濮源: 请叫我鸽窝	1
@熊出没-真的 @布衣OL @战群-Avaux @AmyZhao1217 @Annie的奋斗 @cinderella李征 @北美之夏 @BEN一全 祝朋友们新年快乐[爱你] //@享--受--生--活:太美啦！	1
车来车往，进站出战，来来往往，迷迷茫茫，终点站直连天堂。而有些人却早已下了地狱。[嘻嘻]	1
[鼓掌]//@俞晓群: 回复@TuttoPeperino:孔网上秒杀已经结束了吧？ //@TuttoPeperino: 请问黄裳先生《故人书简》毛边本，从何处可购买？	1
免费房一间，面八碗 //@陈宝林果然:回复@小太阳啊阳阳阳:我付版权费，每人再来一串串![哈哈] //@小太阳啊阳阳阳:陈总，我们的照片，版权啊！@敏一嘴 @薇粒儿 @宋沛妞妞 @小月April	1
这种段子在传播上毫无价值，谁知道那玩意是个手机品牌？ //@史?:@simaziyu 这个比较典型，看见那个dakele了么？ //@己已斋: 不愿分，肯定家里什么地方还藏着呢！[哈哈] //@传说中的女网警:[笑哈哈][笑哈哈][笑哈哈]劝和还是劝分呢。。。我陷入了深深地纠结	1
把棚改成视频棚吧[嘻嘻]   @宋扬正反不分@idmonn   @soulspeak梁   @李璨琛SamLee   @LIALIA郭    @地下栖息的机器   @HimmWonn   @VICE中国   @Creatorsproject   @Kobe_Subcrew   @ChaCha上海   @tunelee   @benplay   @嬉皮Hippie   @邪恶少年EB   @NB坏了   @Sbazzo   @ZAK炸克   @张亚东	1
我喜欢低头的那张，显得偶文静！[抱抱]	1
原来如此，一次美丽的误会！[嘻嘻]	1
准点，守候！[爱你] //@韩姐教你下厨房:@夏柠儿 @一品贵妃红 @熊丽电台 @快乐鸿宇2011 @王星餐饮品牌策划人	1
这这…图何许…[哈哈][哈哈] //@孙太忙_忒通透: 真2b //@临渊之巅听风看海: 这是闹哪样呢？@恋上_你的猫 @?? @卜冲儿 //@分享淘宝热销单品: 转发微博	1
哈哈哈，大家都来喝水，都来都来[嘻嘻][嘻嘻]	1
哈哈，没您帮忙开不了张//@得瑟的特特妈: [哈哈][鼓掌][鼓掌]遥祝『开业大吉』 //@520微话剧:码字之乐，其乐在心。人生有诸多不如意，家庭有多少不顺气。丢了它们罢，一头扎进文字里	1
中秋节快乐@瞿传刚 [礼物]//@蜀国演义酒楼: 亲喜欢就好啦，提前祝亲中秋节快乐哦~[爱你][爱你]	1
就差香芋派了//@满座网杭州站: [哈哈]//@满座: [哈哈]//@苏??: 证人到齐了//@香芋派 虽然我不是肯德基的人，可是我也能证明！//@土豆泥 我也能证明！//@原味鸡 我能证明！ //@方舟子: 你说他在肯德基写的，谁证明？原味鸡能证明吗？土豆泥能证明吗？香芋派能证明吗？	1
最近越来越觉得入门师傅很重要，不然即使不笨又努力，也会很吃亏??很感激那些师长们，说来也要感激前厂，也更明白很多人为对待前厂如初恋以至于百老汇很红火[嘻嘻]	1
可能就是那一秒爱上一个人[偷笑]欺负二叔的日子心情就是好[哈哈][哈哈]坐在车里看着二叔抱着我一打的快递在小雨中踱步走来，我就好想笑[哈哈][哈哈][哈哈][哈哈]	1
[鼓掌] //@中国策划张瑞龙: 8戒眼高手低[话筒]	1
金钱肚捞面。牛是反刍动物，有四个胃，分别是瘤胃、网胃（蜂巢胃或金钱肚)、瓣胃（百叶胃，俗称牛百叶）和皱胃。前3个胃里面没有胃腺，不分泌胃液，称为前胃。第四个胃有胃腺，能分泌消化液，与猪和人的胃类似。 卤得合格的金钱肚爽滑弹牙但入滋入味。搞不好的成了一堆软趴趴的暧昧东西。[嘻嘻]	1
我咋觉得您跟冬笋火腿一见如故呀[嘻嘻]  新老店各有千秋滴  欢迎品鉴[ok][握手] @懒人业余餐厅	1
连你自己都用了“居然”俩字儿，看来此结果同样出乎你自己的意料啊[偷笑] [嘻嘻] [哈哈]	1
青春在前进，沙海在踏步[哈哈] //@新世界出版社蒋祥:连续一个多月第一！	1
具体怎么作？我很有兴趣！//@堆堆小胖纸：呵呵~估计可以拿照片反射试试[奥特曼] //@导演金明哲：哪有，后期能做到这份上真是很后期//@堆堆小胖纸：[鼓掌] 金导果然是鄙视后期派！//@导演金明哲：真能实拍成这样那就叫神奇了@汪哲 @熊猫谷 @徐徐欢 //@北京兰博：//	1
回复@何须居高声自远:啊啊啊啊那不得了，财务招人今年就靠@卡小夫 这几嗓了[哈哈][哈哈][哈哈] k歌一直是Finance的重要competencies之一 //@何须居高声自远:他就是因为唱了嘛～所以要火啊	1
我的圣诞or新年愿望是收获一枚“新黄金单身汉”~！@刘晨飞-Paul @制片人李乙平 @食尚小米 @芝士青年是我家-聂英 大侠有谁认识 @real黄海波 啊？？？我和他相亲去！！！[可怜][可怜][偷笑][偷笑][爱你][爱你]	1
根本停不下来[嘻嘻]	1
新年愿望四[心]实际点吧[猪头]马上孤身一人回国[哈哈]能有个美女给做口饭[馋嘴][哼][泪]	1
酱紫啊~~ //@周艺文:[嘻嘻]  //@摄氏7公里://@亮亮selina:[哈哈] //@微博热点:原来如此……搜逗死乃	1
给学员二分部乘务员 @yekinki 拍制服照，解开盘头之后，她好像“活”过来了[偷笑]，建议其他乘务员也都试试用自己最为自然的一面拍制服照。[亲亲][亲亲][亲亲]	1
今年过节不能下楼放炮啦，要守护怀里小宝宝，看我们的防惊吓装备[可爱]	1
这个还真是头回听说！有人曾经跟我说过，如果有人能人工种植松露，那他就发大财了！[嘻嘻]//@MilkyZoe: 哎呦 人工种植出来的松露 看来是真的有 @叶军啊	1
//@李静:这个必须要转[嘻嘻]	1
@BoothsCake 没有尝到熔岩蛋糕[泪]就吃巧克力布司卷吧！还有~~~抹茶栗子蛋糕@可爱多的香草夏天 你的菜阿[嘻嘻]	1
[哈哈] //@石莉sl:转发微博	1
我在海螺沟九大碗酒店吃过。[嘻嘻]	1
天道酬勤！恭喜吖[给力][给力]亲近自然、挑战自己、超越自己！今年FCC高球会定将准备一场精彩的战役！不知在哪里打响？期待！[太开心][太开心][威武]	1
简体出来了哈！[鼓掌]//@柳迦柔: 感谢宏章传媒[呵呵]望朋友们多关注支持[围观]@出版人宁宁 @COFCO段振亮 @老范行军 @东木DM @牛歌地盘 @袁道之 @张放 @阿晨 @阿唛 @DJ刘波 @马克导演 @盛京齐世明 @兰恩发 @魏晋姚胜祥 @牙医姚加成 @赵志刚 @赵宁宇 @马铃薯兄弟 @刘臣君 @出版人赵利铭 出版人王三石	1
[哈哈] //@麦韬旅游:我知道 求贿赂～转给aman粉 @amy非凡旅行家 @宋小嫩 @宝塔糖o @沉默的树狸 @Excelsior_酒店控 @小南0240	1
谢谢支持[哈哈][哈哈][哈哈]	1
来梨子家吃饭必点的呢~[太开心]	1
昨天做了件蠢事[泪]，今天就被老婆大人发现了[害羞]。在此真诚的给老婆道歉[握手]，并保证从现在开始改正错误[来]。从高三到现在已经有七年多的时光[鼓掌]，其中还包括三年多的异地恋[可怜]，是彼此的信赖、包容与坦诚才让我们一路走过来，走下去，到永远[心]	1
群英会！//@静水致远: 系啊，我也吾见他们好耐了，期待明天下午见到他们。[给力][握手] //@水泊村夫:好久没见李教授和张院长了，明日又可一睹风采了[哈哈] //@武旭峰: @水泊村夫 @静水致远 @李铭建	1
我们那好像也是“腊月24”才是小年的。 //@还是不觉晓:[嘻嘻]  //@乱等:崽崽 小年，那是昨天。。。	1
见到?狮了，还是一对的。[哈哈]	1
我又冲动了[怒]掐死你得了！@刘春 你管不管你家狗啦！！！[抓狂]//@孔二狗:手指头拆完线你就不需要我了。[爱你]//@黄小蕾: 二狗哥一会儿我就回北京了，明天去拆线！你们要是特想我我就出门得瑟一圈[害羞] //@孔二狗:黄瓜蕾你手指头好的怎么样啦？！	1
[哈哈][哈哈] //@小米粥家的红豆薏米粥: @阳光amy2010 竟然是丁三条[哈哈]	1
感谢@Across穿越 写的关于TADKA印度餐厅的介绍哦~~~[哈哈]	1
[围观] //@陈业文新大都:[偷笑] //@马跃成:你见过郭台铭、李嘉诚出台吗？ //@保利地产复星:就是想不明白啊[哈哈] //@陈云峰: 都在质疑？	1
//@长项链: 留着以后做//@微博搞笑排行榜:蛋挞做起来！[鼓掌]	1
[哈哈][酷]贝塔坐台 突然收到礼物，威武@路仁娜芝 我在:http://t.cn/zWpiChs	1
童鞋们，你们有见过这么可爱的春卷么，想吃的果断举手～[抱抱]	1
想起做毕设那会找各种植物素材[围观][鼓掌]	1
@陈小小小? @我_是她的男人 生日大乐[哈哈][哈哈][偷笑][偷笑][爱你][爱你]祝福西哥早生贵子[偷笑][偷笑] ?哥早日大款[嘻嘻][嘻嘻]然后带我潇洒[偷笑][偷笑]@P希道 我们两个早日有归属哈[花心][花心]	1
@艾米厨房 @粉嘟嘟0329 @花猫喵喵2012  真希望好运降临[嘻嘻][嘻嘻]//@沛锦妈妈_4v1:@邓嫣看海 @童--qq @燃烧的雪285838 @嘟嘟小花牛 @阳阳灿烂 一起来转发，等着做美味肉香的红烧肉吧！	1
小蔓的妆好阿！把我这半个月以来每天休息六个小时留下的大大的黑眼圈给遮的看起来肤色这么匀称[爱你][兔子]	1
这个喵我欢喜[哈哈]	1
名画家的学生来报到//@Janette文君:[耶] // @TravisW ：名画家的学生顶起来！[威武][酷] // @AllyFang :老师[威武] // @JazoulHansen :保持名家学生队形[偷笑]//  @xiaxia119救火?  :[鼓掌]	1
"新华网的是“新娘”，哈哈//@安学军1973: 有点欺负人的意思啊。商报叫什么娘？还有今报//@爱笑的H: 呵呵，不好意思，大河报只好叫""大娘＂了。敬请关注我们后天的＂大娘＂[哈哈] //@安学军1973: 狐娘，呵呵，我们晚报是“晚娘”//@魏长仁: 敬请关注后天晚上“狐娘”出场"	1
难道，你想留在天堂[嘻嘻]	1
[鼓掌]@艾玛_Gao @Evitata	1
我发现我就喜欢这个调调的东西转[哈哈]	1
好久没陪老婆散步了，今儿趁着雨后难得的清新空气，光脚散步5公里，手电加手机拍照存档。[哈哈]	1
欢迎再次光临我们酒店~祝您用餐愉快，健身愉快~[嘻嘻]	1
[哈哈]哦耶~~丸子姐万岁~~	1
我准备好了。活动期间来瑶里住宿也是免票的哦！[嘻嘻]	1
临海一批天然无农药的草莓的前世今生。探访农庄和种植地的其中一个好处是它会提醒人们一句农家的老话“粒粒皆辛苦”！除了珍惜以外，另一个感悟是任何好东西都需要耐心和成本投入去维护的，所以又便宜又大粒还要加送礼品的东西肯定有些人们不知道的环节的呀。谁见过天上平白掉馅饼？[围观][嘻嘻][馋嘴]	1
赚碎滴钱[哈哈]	1
童话布尔津，新疆居然有这么美的建筑，深藏不露啊[嘻嘻][good] //@中国新疆:#带着微博去新疆#[哈哈] //@大漠春草: 宁静古朴，是发呆的好去处。	1
人家是功夫熊猫呢 灵活的很喏[哈哈][偷笑]	1
瞧您说的这是要闹哪般，我愿赌服输，咱们赌的啥？//@sherry_kim:之所以截图发微博就是知道你会耍无赖 这回你跑不掉了 //@天黑请回家:你是发哥跟天后去吃饭刚好门当户对，替我多吃些//@sherry_kim:[嘻嘻]赌神不是白叫的 让您破费了 //@天黑请回家:黑幕啊，天后就好好呆在通天帝国里啊，为什么还要来这里	1
电话和姓名已发给    @合肥电信官博   请注意查收[哈哈]//@合肥电信官博:激动的时刻到了~~~恭喜以下童鞋获得碧特博格酒吧200元消费券：@安徽苗同伟 @我是江南以南 请私信小编：姓名+联系方式	1
亲爱的~我们定会实现梦想！[爱你]	1
回复@Chocolate:我知道[可爱][爱你][爱你] //@Chocolate:泛指闺蜜们 //@任蕾-噶松卓嘎:正确的，我喜欢这个词…你们好事将近啦…[爱你]恭喜你们啦	1
看那个名字，皇家高管吃的的菜？我跟你学习北京的味道[抱抱] 爱你的咖啡豆27	1
回复@洪毅7027:我这角嫩的老身体，经不起折腾啦。[哈哈][哈哈][哈哈] //@洪毅7027:回覆@zivzhang:不行，必须去 //@洪毅7027:老?，周，咱??趟上海吧！@韩雪knight @赵洲JJ。先吃再玩儿 //@打了鸡血的白蝎子:听说你行[哈哈] //@超级DuDu: 同志们觉得我行吗？[哈哈][哈哈][哈哈]	1
九点一刻从石景山出发居然现在就到公司了，过节真好，都不堵车。[嘻嘻]	1
回复@李辉socialmarket:自助游和自驾游 会有分流 我个人觉得 //@李辉socialmarket:靠着这个抢旅行社的饭碗是不太可能的哦 //@郭月晨:回复@杨彦锋:好吧 也借您吉言 哈哈 //@杨彦锋:这个是正解。[嘻嘻]@郭月晨 @林晖HN	1
陕西大程集团2014年新春联欢晚会，[鼓掌][鼓掌][鼓掌]节目真精彩……??? http://t.cn/8FV2lur @微米	1
晚上呢。。[可爱]亲~//@大活络丹: 不用上班吗？	1
月初小长假还没安排的亲们要抓紧哦[亲亲][亲亲]	1
也许有时我们都太注重眼前的幸福却忘记已经拥有的美好，渐渐的，在不经意之间，时间将回忆冲淡，将心里的美好淡忘，也许到那时一切都会变成遗憾...所以我要学会好好珍惜~[可爱]	1
二货就是二货！~//@小编双子: [抱抱]//@早安丶晚安丶心语: 药不能停啊~[哈哈]	1
Kate Spade粉红长款皮夹，色彩、皮质、功能、价格... 有不入的理由吗？加拿大包邮直发到你手中，点这里就搞定了[太开心] 【86号航班】KATE SPADE 十字纹皮女式长款钱包 春季粉红新色彩 http://t.cn/8sqOPte	1
回复@易到用车网: 恭喜手机号138XXXX5989的酒店达人用户，获得4月18日@易到用车网 送出的500元代金券！[鼓掌][鼓掌]请于10月18日前登陆易到用车官方网站注册使用：http://t.cn/hGqO58 活动火热进行中[阳光]	1
回复@哈尔滨指南:[哈哈][哈哈][哈哈] //@哈尔滨指南:这个能充多少手机啊[哈哈] //@郑忠阳v:早！ //@世纪达摩:[good]	1
多谢@alan小鹏子 老师发明的少男的祈祷，还是很有用的 [嘻嘻]//@777机长: 单曲循环直到你回来[泪]	1
//@Chantalonwine：[哈哈] //@巧克力FAYE:????非常到位 // @财经娱记周一欢 :其实，世界是有钱男人和漂亮女人的……	1
#跨国气业小饭桌# 好久不开张的小饭桌[爱你]	1
谢谢！！谢谢好朋友们的祝福！！！[嘻嘻][太开心]	1
回复@陈一心理热线:这个是素食丝瓜，我得赶紧试试@高雅楠吹事班班长 //@陈一心理热线:老师，一大早就这样吃呀，哈哈 //@曾老师的生涯小厨:回复@盛博:我去试试，哈哈[哈哈]  //@盛博:丝瓜炒鸡蛋，略放酱油，也会非常好吃！[耶]	1
#天津喜来登大酒店/SPG俱乐部# 告诉我你平时吃什么～～[哈哈]	1
I know that was Japans fault. But our ancestors reflected and decided not to abandon possess, not to use nuclear weapons. We are learning and developing[可爱]	1
鼻涕虫了！久违的感冒，有点不适应！但似多了份小女子的味道！话说弱不禁风！[哈哈]	1
博派少年...//@小蟹黄蛋: [哈哈]	1
[围观]//@王小兔--芳草地商贸: [哈哈]//@社科院汪向东: 先送厂里加工一下//@榴莲爱芒果: 下次堵个好吃点的吧[偷笑] //@哥本树根:一顿吃不完吧？ //@任涛rushhour: 就点儿水 //@司徒朔:早饭不缺了。 //@浪子回头的郎朗 //@中山牛牛: 吃了吗?[哈哈] //@-魏礼军 //@修相科:哎呀！ //@谭中军	1
[赞]//@老头夜话: 哪就祝大家“爱情、友谊、事业”兼收！//@布布的妈妈咪丫: ＂鸢尾＂之名来源希腊，意思是彩虹。象征爱情和友谊，鹏程万里，前途无量明察秋毫。法国国花[哈哈] //@老头夜话: 是鸢尾花，我总俗称它马兰花。[嘻嘻]//@般若观: 不是吧！鸢尾?	1
[疑问] [鼓掌][偷笑]  好有创意的，重组以后还能和面包有关	1
其实，让人满意就是比别人多做一点点，爱上你的理由不大，就因为这一点点[呵呵]@精彩OK @姚戈 @张书新 @冯楚轩 #精彩OK#一本真诚的时尚杂志[爱你]@蕾女心经	1
回复@一醉陶陶:生命的延伸来自于生活的真谛，有人问：你幸福吗？回答：嗯！还可以，难道被谎言收买了？估计家家都有一本难念的经。 //@一醉陶陶:[嘻嘻][哈哈]~	1
呵呵 好爽啊 //@米其林大厨-西安:杨哥！3司机！2部车！人歇车不停呀！与左老板初七重庆会合！[哈哈]  //@米其林大厨-西安:回复@春晖-来去吉祥:[哈哈]哥！我现在眼里只有双黄线！   //@春晖-来去吉祥:你这趟有三千公里吧往返	1
哈哈 谢谢转发！欢迎大家来我的博客坐坐：http://t.cn/hrNEL2 [爱你]	1
捕头[哈哈] 双鱼，乖乖跟我走吧[酷]	1
我不能说，每只有半斤，但4量还是有的[鼓掌]	1
杀入三甲，还凑合啊[哈哈] //@苏秦拜相: @董曦阳 [鼓掌]	1
@汤吉吉小姐和老任的幸福生活 [哈哈] 我在这里:http://t.cn/z8LQJx1	1
#旅游攻略#【环青海湖骑行全攻略】每年的7、8月都是环湖骑行的绝好时节，气温舒适，风吹草长，风景怡人，果断收下攻略去湖边撒野吧！[太开心]via@百度旅游	1
深夜放毒，看看什么是真正的土豪装备！@飞思相机 IQ280 限量版，阿尔帕机身。@潘石屹 老大新买的设备，也爆弱了，对不对？完美，极致。欢迎PK。[嘻嘻]@北京锐成科技 @锐意网官方微博 @佳琦-Jackie	1
赞！@GaoXXX 干爹，我手机里也有你的艳照，拿包包来换吧? //@ice小怪:趁Bo主外出办事，我已找龙龙0元赎回该照片！[太开心]	1
#waffle&bonbon#:你的双十一抢到了什么?各位蜜粉们都会有收获哦，加油哦。[嘻嘻][嘻嘻]	1
回家晚了，广兰路没地铁了，小黑车真方便。[嘻嘻]@Michael_MediaV	1
//@精彩电影:好真实[哈哈]	1
哈哈，真口耐[哈哈] //@VIVI刘小道: @新元素餐厅微博 [偷笑]	1
恭喜啊[鼓掌]	1
[抱抱][玫瑰]//@媒文化的常松: //@东邪老鱼苗炜基:这是一句很经典句子……	1
顶风作案!明知有雨，但实在舍不得半个月前就定好的票!40大洋一张呢，3个人120大洋呢![嘻嘻]叫人高兴的是凭票换冰淇淋，赚大了![哈哈]	1
对不起，我笑了[哈哈]//@假情假意假温柔Orz_X:读的第一本，看完晚上就梦见我的男友是条京巴狗，狼狗都不是！！！[泪]	1
去听相声喽[哈哈]	1
#中国梦想秀#花絮照一张！！！一起和梦想大使@周立波 波波老师[耶]一个吧，今晚21:10分继续梦想照亮现实的节奏，小伙伴们不要错过喔~[鼓掌][抱抱][亲亲]	1
今天和@单小牛 @王潇辉 一起吃饭，很是happy，最近一直很是忙碌，好久没有这么酣畅淋漓了，得友如此，人生无憾！！ 暴雨依然抵挡不了我们的热情啊[哈哈]	1
高端大气上档次[爱你]给画主点赞!很传神的#李云迪#	1
请你们继续保持正常~~~[晕][晕] //@方健鹏:#声带实在太疲劳了#[哈哈][哈哈][哈哈][哈哈]	1
磕着瓜子，吃着零食，吹着徐徐凉风，看看露天电影，夏天就要这样享受！[嘻嘻][微风]	1
[鼓掌][鼓掌] //@汇英杰: @董芳0000 @叮叮车-金新 @公一兵	1
恭喜啦[鼓掌]//@浙江卫视-人生第一次: 恭喜小伙伴，感谢一路有您[礼物]//@浙江卫视十足女神Fan: 恭喜@沫小乖麽 获得iphone 5s一部[礼物]请私信您的邮寄地址及联系方式，我们将尽快为您寄出奖品哦[得意地笑]感恩2013，一起#浙江卫视新年倒计时#[钟]	1
[鼓掌]@Jing小姐和她的单车	1
既然爱特哥，哥就求个试住呗[哈哈]	1
恩，要安排下工作了。//@mingsheng1:做微博，逛微博就是工作；搞旅游，出去玩就是工作。[哈哈]	1
[鼓掌]//@机工老崔:真的很好听！	1
you should get risk，fall forward，yes，fall forward//@美??港??事?: ??典?的季?，可以聆?到各?激?青年人展?美好人生的演?！??@今晚看啥 和@汪冠春 。[鼓掌][鼓掌][鼓掌]	1
拉仇恨的[哈哈] //@柳霁芸:人品爆发，自信心膨胀中…！！得瑟～	1
好!//@真奶虎将: 那我们下次就等着跟新时代的弄潮儿@蔡诗要美爆了 一起喝酒！！！！！[哈哈]//@林月珍: 我也是 脸都给我笑痛了 他对你印象黑好 说你性格好 很可爱 还说期待跟你和@蔡诗要美爆了 一起喝酒	1
[哈哈]//@Celine_HoHo: [哈哈][哈哈] //@半糖主义1314:[嘻嘻] //@魏武挥:[哈哈]//@田品: [亲亲]//@光普无言: [哈哈]//@我是王赛刚: 系统自动转发//@续续刀刀:[哈哈][哈哈]	1
#I Spied星尚# [鼓掌]恭喜！！安吉丽娜?朱莉以3300,000美金的身价被评为福布斯【世界最富有的女星】~ 奥斯卡影后Jennifer Lawrence和小花旦Kristen Stewart分别居第二第三，年轻势不可挡啊~入围前十的还包括艾玛?斯通、娜塔莉?波特曼、大嘴皇后茱莉亚罗伯茨。（排名参考图片）http://t.cn/zlWsE5e	1
"#三亚见闻# ""鸭子论打卖？！7月31日，(via @好摄之友) 在三亚见到一位年轻的鸭老板，他的鸭是论“打”卖的，每打12只，计360元。鸭老板在用过的编织袋一面，剪成均匀的12个小孔，鸭子固定双脚后装袋，再将鸭头分别通过小孔拉出袋外，装满12只，扎紧袋口.""老板说，这样鸭子不会闷，又一目了然。[嘻嘻]"	1
#莱佛美食#团队餐也可以这样优雅[可爱]	1
她去送花，爱特我们干嘛？[嘻嘻][嘻嘻][嘻嘻]//@有福社长:@爱运动的道长 @整合营销传播推动者	1
[偷笑]//@JesyZhang: 麦当当小爷也偷偷跑去汉堡王了？[嘻嘻][偷笑]	1
生日快乐亲爱的，你是俺们心中永远的快乐男高音歌唱家[鼓掌][蛋糕][亲亲]	1
感谢亲选择我们举办会议并晒图[可爱]假日酒店始终致力于为您提供满意服务[心]欢迎常常光顾～	1
今节目里CD出了些问题导致有些失常，向大家表示歉意。不过很开心同#到北京一定要做100件事#书的两位作者做节目，[嘻嘻]	1
#ysl# YSL 鳄鱼轧纹. 迷你哦[鼓掌]。[阴险]3个。限量哦。9500[阴险]   微信abao289788	1
回复@纯棉纯色紧身秋衣男:被雪藏了[嘻嘻] //@纯棉纯色紧身秋衣男:汁呢汁呢	1
那些年与我一起成长的＂九儿＂＂寄萍＂＂昕蓝＂＂虞姬＂[爱你]	1
[鼓掌]//@清澈了无痕:[给力]	1
@途秀 @加拿大班夫国家公园 [哈哈] //@dymiym:转发微博	1
呵呵[亲亲][亲亲][亲亲][亲亲][亲亲][萌][萌][萌][萌][萌]	1
终于又一次见到传说中的@宁宁白宝 啦……都激动成撒了！[嘻嘻][哈哈]	1
对舍甫琴科和乌克兰来说，这都是一场难忘的胜利！[鼓掌][鼓掌][鼓掌]	1
温馨的年夜饭。。。[爱你]	1
//@微博甘肃: //@张掖联通汇丰营业厅://@张掖户外网://@旅游甘肃:@张掖户外网 @金张掖旅游 @中侨旅游张掖分社 @张掖同城会 @张掖人网 @金张掖在线资讯 @甘州发布 @人文甘肃 @甘肃共青团 @微博甘肃 [爱你][爱你][爱你][爱你]	1
回复@summer-霖小岱:喜欢就常来走起吧！[鼓掌]浪漫情人节，期待与粉粉们邂逅于一花一叶哦[心]…… //@summer-霖小岱:回复@一花一叶咖餐厅:亲，你家等哪里买的？好喜欢 //@一花一叶咖餐厅:[鼓掌]很是稀饭有木有~	1
我在这里: #布鲁宫法餐厅#OMG！早上刚为@飞鱼秀喻舟 哭了，晚上就遇见了@飞鱼秀小飞 不吵架了吧[爱你] http://t.cn/zOc1IcJ	1
[嘻嘻]带着你的小伙伴来品尝我们的榴莲“芒”返下午茶吧！[得意地笑] //@芯晴日?:Wakaka....好得意[哈哈][哈哈][嘻嘻][嘻嘻] //@天津海河英迪格酒店Indigo:[偷乐][偷乐] 来英迪格喝下午茶的小伙伴们也可以像奥巴马这样子度过一个休闲轻松的下午噢！ [围观][围观]	1
现场哦[抱抱][太开心]	1
快来和土豪做朋友吧。。。拉娃砸咖啡！[哈哈][哈哈][哈哈]	1
打压力度再大点吧[哈哈] //@周依静jing: 转发微博	1
三明治。。。//@爱宅的hikaru: 哈哈哈@陈徐姗 //@顾晨曦Echo: [嘻嘻]	1
哈哈哈，很无聊，用了半小时种了一花园的金盏花赚钱！[嘻嘻][嘻嘻][嘻嘻]（当然游戏逻辑已有过墙梯防止无限生钱）@我_潘彼得	1
#午餐时间#今天要给大家推荐的是@蓝湾咖啡(广安店) 。网友@老这样zon老这样 说：“老姐请我们吃的饭，味道挺好，环境也凑活！”地址:中山东路(近广安大街)。庄里的亲们，去吃过它家吗？感觉如何呢？再给小编推荐个不错的西餐厅呗，万一约会用得到呢~有事没事多多@燕赵美食 哟。[鼓掌][羞嗒嗒]	1
???天出席film mart活? ,??@barakalee & @mijosu 替我??衣服,我很喜??色[哈哈]	1
贾博士新年好！ //@JP贾澎博士:谭总新年好！//@谭育君77:[太开心]	1
你放心他走不快，我拿定位仪看着他[嘻嘻][嘻嘻]//@熊丽电台: 小宽，是我朋友，一个有才的胖纸，一枚用心的吃货。眼瞅着书越出越讲究，同为吃货的我压力山大啊！我只能在其身后，边追边唱，小宽啊，你慢些走，慢些走	1
#正大综艺宝宝来啦#饭点儿看到卯卯你大快朵颐的吃着肉串让小编情何以堪啊！[泪]转了这么多圈，赶紧奖励你点美食好吧！[抱抱]还有，小编很想说，人家孩子的眼睛肿么介么大呀！[可怜]	1
【童真】两个大坏蛋在摆弄小美女，可怎么摆都摆不出V，还是双手各伸出食指来代表Yea!  [耶] [亲亲] [哈哈]	1
[哈哈][哈哈][握手][握手]//@叫我刘彦冰:局长真是妙//@九江旅游杜少华:[赞]//@92双子猪:过年的时候还去了呢~用投币望远镜俯瞰了下。不错[good]	1
北京金都假日酒店，原来里面有个世外桃源哦！阳光明媚，[哈哈]在这里喝咖啡用餐，很惬意哦！[太阳][太阳][太阳][太阳]	1
吴老板看你再来整一个出来看看那//@吴文蔚：//@CyberAgentVentures：哎哟、商派和亿玛是我们的portfolio[爱你]	1
＜Conde Nest Traveler悦游＞杂志10月刊，＂Hot Table in Hot Cities 全球热门新餐厅＂Beijing Top5 -- Opera Bombana! 谢谢亲@天线tian的信号站 [爱你][爱你][爱你]	1
看到这图真是笑喷，于大妈你就从了任盈盈吧[哈哈]	1
给他发个大V证书，上面写四个大字，严禁欺负！[偷笑]//@忘了哭991:回复@济南新浪乐居:@灬皮皮熊 已经成为济南大V了，我再也不敢欺负他了[汗] //@济南新浪乐居: @济南草根新闻 @忘了哭991 @风雷麦子 @在济南说济南 @欧阳千里 恭喜各位大V！！[鼓掌]	1
[哈哈][哈哈]//@大葱21: [哈哈]//@亚伦sun: 转发微博	1
仙境，画壁应该到大溪地拍[嘻嘻]  //@品行之旅:#品行答疑#塔西提岛（Tahiti），一般又称为大溪地，是南太平洋中部法属玻里尼西亚社会群岛中向风群岛的最大岛屿。已超级清澈的海水、未被人为破坏的风景而著称//@灰太狼抓羊羊：哪个国家的？	1
//@Chris波澜不惊: 福利[花心] //@?朋友的?朋友II:双手打字以示清白[花心] //@英足总:[花心]福利！！！！ //@周_俊_良: 要是不转就太缺德了！！！[花心] //@几何树: 不能自己爽！ //@剁手鸡:草！！！！！！ //@你真是个鸟不起的人: 卧槽巨乳！！！ //:来看看[可爱][可爱][可爱]不看后悔一辈子，//	1
效果嗷嗷好啊~~[太开心]用了妃露伊蛋壳宝石霜之后，皮肤那个嫩滑啊，一辈子都木有过啊！！[飞个吻]早上起床嫩到爆哦，超级的白皙，清透！洗脸的时候手都停不住，真的像是剥了壳的鸡蛋哦~~[爱你]我不是开玩笑，更不是吹牛皮哦！用过就会知道它的好>>>（去评论中找链接哦） 。	1
[哈哈][给力][赞]@板凳脚上长了个小豚 @Quinnran @PrndM @赵五一 @倚竹VS听雨 @言午日免	1
因为不觉得自己有病，所以我连药引子也干脆拒了。 //@魏小鸥:我终于知道心灵鸡汤是怎么熬制出来的了。我找到配方了[嘻嘻][嘘]	1
回复@羊家妹_迷你黑洞:倦！[?][?] //@羊家妹_迷你黑洞:??工作真令人?慕！[鼓掌]	1
哈[嘻嘻]真心不会，我还是那句话：欺负孩子不如祈福孩子[握手][礼物][干杯][心][赞]//@想飞de企鹅:你家小姑爷肯定不好当。你这老丈人对一个要把你家姑娘娶走的毛头小子还不得百般刁难啊。	1
好地方！[赞][耶][鼓掌]//@背包荇者:喜欢西藏的蓝天、神湖 //@传之摄:拍的不错！	1
有美女哦//@猫扑: 温馨、可爱、淳朴、自然[爱你]	1
回复@九江新鲜旅:九江是个好地方！山水九江，悠哉游哉！ //@九江新鲜旅:[委屈]羡慕，小游还没去过，立志玩遍大九江！[哈哈]	1
感谢您对我们销售人员的认可，大家辛苦了[爱你]	1
熊熊的萌爪[嘻嘻]	1
陌陌、遇见、勾勾爱、微信、兜兜友，要是这种就牛了比了//@KentZhu: 这个。。。//@张乐Ethan: 饭本[鼓掌]，陌陌[偷笑]，Weico+[心]，Line Camera[小丑]，Evernote[耶]。看我连表情都用了，深谙女性用户！[挖鼻屎]	1
每天早上看着爷爷把yo宝接走，我回屋再睡个回笼觉，感觉爆好！ //@jade0808:每天早上看到奶奶喂赖床的儿子吃早饭，感觉暴差[怒][哈哈]	1
[抱抱]今天开奖喽！	1
我也爱 //@Chloe小云: 亲爱的真懂我~~[偷笑][爱你]//@张译文_vivian: @Chloe小云 我知道这个应该是你的最爱~~//	1
回复@走在左边的右边女子:五道杠的话题持续发酵中。。。。。。 //@走在左边的右边女子:回复@公社小哥:你说了不算！哈哈～@有福社长，瓦也要五道杠！ //@有福社长:回复@公社小哥:[笑哈哈]那你就是淘宝第一大碗！ //@公社小哥:回复@有福社长:[哈哈]俺要是有那能耐一定涮70亿支金馁碗，全球人民人手一支	1
我是宫本武藏?[哈哈]	1
没挤过地铁就不算来过北京。广告时间：考拉君在地铁二号线积水潭站，一点不挤，赶紧来。[嘻嘻]	1
#城觅品鉴会#手撕“活体生菜”超有意思~让人能感受到食物最原始的状态和味道！太赞啦！[哈哈]	1
@大嘴韩乔生 有过一面之缘的韩老师原来也在这里啊！转转转，必须转！[鼓掌] //@希拉小里的小内内: @鬼才韩信 @舞魅嫣然_su @大嘴韩乔生 @范范范?琪 @粘豆包3号	1
是湾仔码头的么? //@湾仔码头WanChaiFerry:这货是汤圆~太可耐了~[爱你]	1
明天聚餐的小纪念品?小伙伴们是不是很开心啊[嘻嘻]@许丽金石 @小宇winnie爱美食	1
[哈哈]//@VIVA王洁明: 转发微博。	1
伟大啊，因为我是。[哈哈]  //@李抓狂:双子那伟大啊？！ //@兔纸蝴蝶结:@李抓狂 那个小锤子预备把开心果敲破看看里面的核儿究竟啥样~[茶]	1
又败了，今天肯定心情很好[鼓掌] //@PennyMeng_大白:踢不烂的羽绒服到手，我爪子快，爪子快，剁不到呀剁不到，耶耶耶[江南style]	1
幸福其实挺简单的，用心体会就能收获很多 [哈哈]	1
[爱你][爱你] //@海洋国旅总社: #毛里求斯#被称作“天堂群岛”之一，位于毛岛东部，乘船20分钟到达。过去时有鹿群涉水渡过海湾，鹿岛由此而得名。拥有一天然优美的礁湖，水面宽阔平静，沙滩洁白细腻。	1
回复@明它它:狗日的，不孝之子，咋说她也是你姑妈噻，怎可随意侮辱之？ //@明它它:是你妹的话，那和赫本就差得更远了 //@哈戳戳:哈P？那是我妹。[哈哈][鼓掌][太开心]  //@Radio的雨琪:?日土活也配和女神比！ 哈P  //@哈戳戳:你妹！   //@明它它:像你妹	1
//@心友汇莫玲:[嘻嘻]	1
好几年前就听过，也见过图片，可惜至今依然无法亲眼一见。//@路小得Ruth:同样的活动我没看到的风景，有遗憾啊[哈哈] //@贝姨:盛京狐狸_靖 @路小得Ruth @江户川X姐 @Sugar芒果小奶昔 @朗姆八喜 @田薇CC @小鱼水中游的爸爸 @梦里星云 @大飞-SHADOW @尼薇诺卡 @洋光摄客 看看瓷房子~	1
回复@天天换名字也真不容易:是阿，你在我的脑海时，始终有几个关键词，语文科代表，才女，初中早恋。。。哈哈 //@天天换名字也真不容易:回复@J-Shape:大家的记忆都已经定格啦[可爱]	1
我上周加班到凌晨4点也感觉极为不适。//@苏思通:#过劳死# 你千万不能加班，没事多泡泡妞，找个对象谈谈人生什么的[太开心]@潘晓东 详情:http://t.cn/zlS7rPG	1
#德钦御庭#[话筒][话筒]投票啦投票啦！梅里雪山边的御庭，风景无限好，异域风格独特，更有正宗泰餐和当地美食可以享用，安缇缦SPA更可以让您消除旅途的疲劳。喜欢的亲们帮御庭投一票哦[鼓掌][鼓掌]	1
[哈哈]那是师兄,诸多指导,感恩!//@一生沉寂: 社长与道长还蛮熟的，看他聊到你！[哈哈] //@爱运动的道长:恩恩额 //@一生沉寂: 回复@有福社长:道长爱运动，还愿去了！[哈哈] //@有福社长:[笑哈哈]难怪几日不见道长，原来省亲去了 //@一生沉寂:这是人生最幸福的旅程！[笑哈哈]	1
瞎菜了[嘻嘻]	1
谢谢@richie是小杨也是老杨 ~我们吃得很爽[嘻嘻]@金碧辉煌姚小六 @桃妈努力下一百	1
阿k生日快乐[礼物][礼物][蛋糕][蛋糕][爱你][爱你][爱你]明天铺好红毯接见我吧[鼓掌][鼓掌]@joan0725 提早了点因为我要睡觉了[打哈气][打哈气][打哈气][打哈气]	1
@微笑的冰糖草莓 囡囡太可爱啦[爱你][花心]	1
[围观]实物造句～～[嘻嘻] //@任大猛:明年农历年，是马年，看到不少地方已迫不及待，用“马上有Ｘ“造句了”//@国家博物馆: 马年就要到了，为大家而转过分不？[偷笑]	1
呵呵//@姚晨:[哈哈]	1
@立威廉 少爷每天都??的，呵呵[哈哈]我们收工了！！！对了，他的?好多了，?大家?担心。。全力支持@电影勇敢游戏 http://t.cn/z0FlXeT	1
好辣[嘻嘻][哈哈][哈哈][哈哈] //@京M银狐:[鼓掌][鼓掌][赞]//@准备微笑的海燕: @霍新华huoxinhua @京M银狐 @准备微笑的海景 @机场大郭 @茗茶坊美妇 @嗜吃慧 @武鑫? @创业家店小二 大家觉得呢？[嘻嘻][嘻嘻][嘻嘻]	1
[鼓掌][鼓掌][鼓掌]，报名快接近尾声，想报名的尽快，有免费海岛游哦~！	1
#爱完整#活动获奖名单：一等奖：@missjennyjenny 二等奖：@王子? @恋上焦糖的笑笑 三等奖：@山茶花遇上香奈儿 @传说有壹佰贰拾斤的俪 @babyzhe821 ，请中奖粉丝通过私信将联系地址、邮编、收件人姓名、联系方式告诉 @马勒别墅 ，我们会尽快已快递的方式送上礼品。[可爱] 国庆长假，来体验一番吧~	1
[哈哈]有意思!	1
胡会长精神,美女们漂亮[鼓掌][鼓掌]//@谭昱君:不管相片右侧滴还是真人右侧滴统统都是吃货[哈哈] //@边疆边吃边说:右侧的美女也是吃货吗？ //@胡滨微博: 我只代表我自己哈	1
回复@宋艳_linda:[ok] //@宋艳_linda:回复@靳小?-jxm:好哇，看你整体忙得热火朝天，这会子又卖萌了[偷笑]过了五一看你去[心] //@靳小?-jxm:[嘻嘻] //@宋艳_linda:[偷笑]@Chain_F @薇菲烟灭 //@热门萌宠控: 你见过这么有喜感的胖纸吗？看一次笑一次！！	1
#风尚封面人物#《风尚志》七周年典藏特刊隆重上市[鼓掌]独家专访十位导演大咖，讲述一个电影刺激全民的时代。@王中磊@顾长卫@管虎同学@罗启锐	1
最爱这道菜 //@Danys_蓄须专用:故私心推为昨日第一！！[哈哈][给力][威武]@许春宇 @应大君m @庄凝啊 @刘宗伟的微博 @左象彭彭 @高调小强 @红颜素心 @竹寒风清 @孤岛森林	1
吃货需留意。。。//@广西旅游局: 山竹的屁屁上的星星有几个角，里面的果肉就有几瓣！喜欢吃山竹的朋友要记住这个诀窍了[嘻嘻]	1
#?人意想不到的另?旅?#在墨西哥的迪坡斯特??上有一家?特的水泥管酒店，?酒店的20?客房就是由20根水泥管?成，?去常用作流通暴雨的?渠。倘若你想??一下?非同一般的居住?境的?，可以去住下看看喔~[哈哈]	1
这是我光脚穿过最舒服的皮鞋，没有之一。Credits: Tods shoes & Bag, Ricostru Pants, 以及二姐新给我串的黑曜石，据说适合出差时戴。[亲亲]	1
@水木锦堂铁板烧 2010年知道的这个品牌一直没去过，今儿来东大桥新店吃下。蛋挞巨好吃！芝士扇贝！@京城美食探店 说的真没错儿[爱你]原来没吃对地方，几经放弃了铁板和寿司，现在又重拾兴趣。肉类也很鲜嫩。第4张照片是哥儿仨@贝勒orz 大胃王在加单，@靠谱吃货 大师在拍片儿 http://t.cn/z8ARpFN	1
之前得罪了互联网某号人物， 被罚帮他做个survey(开个玩笑)[哈哈] 大家喜欢图里哪个界面？ 为啥？	1
下月马尔代夫ＬＶ又能吃到1947咯！厨子刚好在那[嘻嘻][嘻嘻][嘻嘻] @米其林指南	1
[?力][鼓掌]?大家?定@青海卫视 @时尚健康TV	1
@MvukeTokyo南京 布丁中的“爱马仕” [偷笑]  谢谢亲爱的@fayaing [爱你]	1
#带着公益去旅行#No.12@紫色糖果2005 感谢您分享的公益照片。现在为核心震源区的孩子们捐赠一个价值50元的@一公斤公益 行囊，@如家酒店集团 还将向您赠送一张价值50元的如家现金房券。@微公益 捐赠链接：http://t.cn/zOStOwh 让我们一起背着公益行囊亲赴雅安，为当地的留守儿童送去关爱。[爱你]	1
//@我和女儿游世界://@海洋国旅-自游海洋://@函数山山1919:me too//@畅小畅cissy: 喜欢这个酒店的家庭房，2个大人可以带2个孩子，适合我家[哈哈]//@周?lego-momo://@晨晖1128: 不错的酒店，诱人的价格	1
票送给了真正热爱爵士乐的幸运粉丝手中，是小编们最欣慰的事[可爱]//@北京贝尔特酒店: 哈哈，谢谢@肉圆姑娘 的分享~顺便预告一下，想观看接下来@爵士上海 音乐节北京站演出的小伙伴要关注今天的抢票活动第二波哦！	1
@拥抱太阳的向日葵 亲爱的，生日快乐！[爱你][蛋糕]	1
精辟精辟//@大宝囤er的幸福生活: [哈哈][哈哈][哈哈][哈哈][哈哈][哈哈][哈哈] //@北京Yvonne的快乐:小市民[哈哈][哈哈][哈哈] //@每天学点风水学:最后一张大亮啊！	1
好清丽的声音~ //@央视向龙:老泪沾衣襟，好听啊！ //@张晨初艺术空间: 午夜听歌！ //@胡天野鸿:令人动容！众生颠倒的末法时代，哪里去寻这份纯真和柔情？ //@话说松林在路上:女神！白小姐，白小姐，白小姐。。。。 //@张晨初艺术空间: [嘻嘻]听一听俺小妹白若溪的歌吧！ //@善良青春天马行空:[赞]喜欢	1
#小编传送门#谷声新书驾到！[鼓掌]	1
我每天都来回与去阿富汗的路上[汗] //@主公夜话:有一条路，在南市叫陆家浜路，到卢湾叫徐家汇路，到徐汇叫肇家浜路，一路向西又叫漕溪北路，到了闵行又叫沪闵路，到了松江又叫莘松路，????据说这条路可以走到阿富汗。 //@Horace_何闰峰: 我每天都走在去西班牙的路上，心情舒畅.[哈哈]	1
【回乡倒计时】“青石板的老街上你我走过的地方，那段斑驳的砖墙如今到底啥模样。到不了的都叫做远方，回不去的名字叫家乡”。回家倒计时，兴奋滴说声早上好！这睡眼惺忪的城市。[太开心][太开心][太开心][太开心]	1
//@新南威尔士大学华辩社: 到第三个节目了，我已经笑掉岔气了[嘻嘻][嘻嘻] //@合艺社:乐，紧着乐，门票钱乐回来，要不你说多亏啊？[偷笑]	1
回复@liuyunlyly:《时尚的52个难题》不会再版了（大部分文章都被之后的出版社收录在后面几本书里），得求购看看有没有旧书：） //@liuyunlyly:太好了~一直想买的。。还有《时尚的52个难题》 就可以集齐了。。。[可爱]	1
朋友们 今儿又是团聚日！come on！[爱你]//@乐儿餐厅: 不见不散了您内！[太开心]//@乐儿餐厅: [xkl转圈]又是欢乐星期日！//@乐儿餐厅: 一礼拜一礼拜的，过得这快，又礼拜日了啊，相声+乐队如约而至，咱们不见不散[耶]	1
嘿！太给力了~哈哈……对于各种新环节有任何意见建议，欢迎大家永远提出啊！吼吼吼……今天这个新环节会出现在每个整点哦（仅限音乐响乐派节目）[嘻嘻]	1
马上就能试用了 哦也~[嘻嘻]	1
可儿云：请叫我国安吉祥物~！[哈哈]//@Me-咿晴?: 可儿云：1v0~！1球小胜，最值钱的赢法~！	1
悟空，牵好你师傅的手…[汗] //@夏伯翰:为什么什么事儿到你这都说的这么有意思呢？！我哪来的？你来自元谋，我来自周口，让我牵起你那毛茸茸的手，是爱情让我们直立行走！[偷笑][偷笑][偷笑][爱你][爱你][爱你]	1
很很很贴切 //@微博小百科:好贴切的说[哈哈]	1
//@CIGE:[心]//@sanpig: 浮光掠影地把CIGE看了一圈，对陈卓的画印象颇深~//@NickyMeng:[鼓掌][鼓掌][鼓掌]@王东被抢注 @点点网 @阎玉婷 @EVENXH @李博的水面 @胖兔子熙 @sanpig 祝贺2012中艺博成功召开	1
专业问题被不专业的人炒得火热，搞成社会问题博眼球纯起哄[哈哈]	1
[吃惊]它和柯基是神马关系呢 //@闫冰洁:笑而不语[嘻嘻]@麦兜麦迪的妈咪 //@胖莱西的妈妈是梁叔控: 讨厌！ //@工体北:@胖莱西的妈妈是梁叔控	1
手艺不错哦[鼓掌][鼓掌][鼓掌]	1
公司小花园里的丁香花好香啊[爱你]	1
//@微博搞笑排行榜:看完还是觉得陈小春&应采儿的最搞笑最经典！我顶！[哈哈]	1
行啊，够硬的！原来是左青龙右白虎，中间是皮皮虾玩球，现在改经文了。幸好是南派小乘的佛教，不限吃喝玩乐，否则对不起师傅的功夫了[偷笑]！另外别搓澡的时候把皮搓掉了，过两天我去拓本！[嘻嘻]	1
有人爱； 有事做；有所期待。[哈哈]	1
神萌 [太开心]Youtube用户Visual Burrito给自己22个月大的女儿做了个LED灯变装，在暗中看起来女儿就成了个火柴人，太可爱了[爱你]	1
广州地区部分门店比这待遇还要好呢，亲，只为有品位的你//@夫子徐: 广州享此待遇否？[嘻嘻] //@蔡海洋-中青旅山水酒店:这~,还行!!!//@山时水尚: 求@蔡海洋-中青旅山水酒店 继续不在家呀！haha //@山水时尚酒店:哈哈，真的疯了，疯了！需要入住酒店的亲们赶紧趁老板不在“趁虚而入”住 阿[哈哈]	1
CCTV9最近播的纪录片【味道中山】很不错，比春节期间的【味道】好太多了，看来潮汕 顺德 还要加上中山[嘻嘻] 我在:http://t.cn/8FTSXer	1
前脸机器盖盖上了，一切还好[爱你][爱你] //@班豆班: 你 一切还好 吗？	1
早安[心]昨晚大家有木有准时收看#我不是明星#第二季第一期呢？你最喜欢@郝洛钒 的皇后大乱斗，还是@??豪HowHow 的情歌对唱，抑或是@洛伊_Luoyi 深情演绎的“思念”，又或者是@刘芸杉 活力十足的舞蹈？小编觉得都非常精彩，于是高清完整视频奉上，小伙伴们接住啦！[爱你]http://t.cn/8Fv3CMj	1
[鼓掌][good]//@大头九袋: 09年开始创业前，我做了近十年的英语培训老师和学校管理工作，深知对于跟我一样的老师和校长来说，有自己的“网络教室”是根本无从下手的事情，因为我们完全不懂，这也就使我们没办法开网校！现在有了@多贝网校通 你再也不用担心场地问题！网校通天下，只要三分钟	1
[ok]//@保健大使戴光强: //@溧阳人民医院团委:千万别劝酒！[哼] //@保健大使戴光强:[哈哈] //@宁静的夏天_41009:戴老师讲的课我听了，非常实用。身体是自已的，健康舒畅最重要！ //@保健大使戴光强:谢@新疆广电网络 的热情邀请！ //@新疆广电网络-常伟:关注@天山云微博 健康专区，看戴老师风采，听戴	1
生日快乐！祝你长得跟我一样胖！[哈哈][哈哈][哈哈]	1
。。。。为什么我这么想笑呢。[哈哈]	1
#驴友见闻#请允许我把身在云南的你刚拍的美片分享给更多的人欣赏，因为简直太美了。蓝天白云的映衬下，大理洱海显得是如此的壮阔，丽江的泸沽湖显得是如此的宁静。坐赏夕阳西下，别有一番滋味上心头。这个夏天，说好了，在云南，我们不见不散！[鼓掌][浮云][微风][话筒]via：@俏夕儿 @GlacierW	1
说出你的梦想吧，福利多多喔~[亲亲]	1
太棒了！[鼓掌]希望您入住愉快，和宝贝儿子度过温馨的亲子时光~	1
郭大腕的评价很重要哟[嘻嘻] //@歌手含笑:郭大腕听后必须给出评价啊[偷笑] //@郭志凯:先听为快！//@李广平: 支持含笑兄新歌！//@歌手含笑: 多谢兄弟[给力] //@胡东:这一定得疯狂转发！[赞][赞][赞][赞]@宅女高珊: 真心好听的一首歌！一首男人唱给自己的歌！	1
今天精神状态蛮不错，看样子明天可以不用输液了[鼓掌]迪迪终于要康复了[抱抱][挤眼]	1
多么无趣的卷卷二人组@Jolie_粉红革命者 ,你看他俩有聊吗@薇安不告别 ，当然了，作为提议这个姿势拍照的我也很无趣哈[偷笑][嘻嘻]	1
[哈哈]让人欢喜让人恨的豆汁啊！好吧.......不多说啦！	1
【不宜放进 冰箱的15种食物 】1、香蕉；2、鲜荔枝；3、黄瓜；4、西红柿；5、面包；6、青椒；7、火腿；8、巧克力；9、叶子菜；10、中药；11、吃剩的月饼；12、鱼不宜久存；13、解冻后的冷冻食品；14、茄子；15、南瓜――还有，小哈[嘻嘻]	1
我也最爱这家店。因为实在就是让素食是素食的味道！嘻嘻！[哈哈] @三摩地帮主	1
//@凡?精?霍树正：我就找店员了！//@李星瑶搞李星瑶：咳咳，@AlexandraYu @桔小瓢 @刘凡钰-棉棉 咱洞是否可以考虑下一块儿去下这家店的哇，接吻自带男伴，实在不行姐今年下半年的初吻借给你们其中一位。。。[嘻嘻] [亲亲] [思考]	1
好消息啊~~ //@篱笆闲聊:哦哟~上门催收啊[嘻嘻][嘻嘻]	1
[哈哈]//@尚书堂-叫兽:沧桑,91周,中国的沧井桑,中国的好AV!	1
@小匣子玫瑰 你回去了吗~[可怜][爱你]	1
回复@咖啡书语:[哈哈][哈哈][哈哈]… //@咖啡书语:叔看的也很是揪心[笑哈哈] //@懒人业余餐厅:你娃作文真够抑扬顿挫…吓了我一跳！[哈哈]	1
@芊彤 ，曲风好棒，妹妹的养乐多也很棒[嘻嘻] 加油，你们要红啊[赞]	1
宝贝你是最棒的，新年带给大家这样大的开心！[太开心][赞]加油！[耶][耶][鲜花][鲜花]	1
[耶] //@王俊杰笑论天上天下事:在家慢慢点，什么时候想去吃带上点好的菜单，随到随做，方便。[呵呵]//@孙大新: 刘总有创意！[嘻嘻][赞]//@童华安:在家就能点餐了[嘻嘻]//@王俊杰笑论天上天下事:有创意，而且好像菜谱配有刘大师的画，极具收藏价值。	1
@kidd365 @monkey于 走，拿音箱去。。。 //@真力中国:[嘻嘻]	1
哈哈哈哈哈哈！名人！[爱你][爱你][爱你]	1
如果能把我的本子推销出去，再用卖本子的钱帮我出国移民，顺便国外买套房子……那就完美了……[哈哈]//@导演闫宇彤: [good] //@董学刚:[围观]	1
[嘻嘻] 你看，你就没得可以劝我了吧。	1
//@微博搞笑排行榜:好可爱的家伙[哈哈]	1
[偷笑] 节目之外的大厨更nice~~[鼓掌]期待今晚的顶厨第二季[花心]//@刘一帆Steven:美食就在你身?	1
AUDI PR RP很高！[爱你][鼓掌][鼓掌] //@小鱼MM00:@董芳0000 @吴绍庆Jacky @RT罗宾糖 它走啦！热烈欢送！	1
【#超级笑星#精彩剧照】@蔡明 老师此时的动作和表情[赞]~代表了偶还有正在上班、上学的小伙伴现在的心情呀[嘻嘻]~同意的转走！	1
[哈哈] //@北京电视台孔洁：//@BTV陈晨:[哈哈]	1
支持学习杭州模式[哈哈]	1
#Real COCO#在计划通过淘宝购买RealCOCO的童鞋看过来！[话筒]现在你已经可以在天猫商城最大的进口食品零售铺【食人谷】购买到RealCOCO椰子水了[鼓掌]品质更有保障！购买链接：http://t.cn/zTzaCTs	1
//@阿婧同学923: @璇拾贰仔 这个你可以考虑一下 //@雕刻时光文化讲堂:报名方式：发送姓名、手机号至sitcoffeesalon@gmail.com。场地有限，速速报名吧~在咖啡馆里听相声，这一机会不常见哦~[嘻嘻]	1
扇子俱乐部特享[嘻嘻]	1
[哈哈]漫画版已经超过1500万点击量啦！//@爱情公寓漫画版: 爱情公寓漫画版人气已经超过1500万啦！！//@爱情公寓搞笑精选: 可是曾哥好像都没有符合一菲的两个要求[熊猫]//@WuKem-: //@爱情公寓第三季爱情公寓3: 爱情公寓3外传漫画版~好Q好可爱呀[抱抱]	1
[哈哈]我今天刚和@沈?凝白狐狸 谈起过这个笑话//@崔兰兰Lorraine: 昨晚我绘声绘色的给老爸讲这个笑话，特想让他感受下微博里我们年轻银的欢乐，结果他听完故事，沉默良久，说：奥特曼是什么？[黑线]//@张泉灵: 银行里下象棋的奥特曼。[哈哈]	1
回复@0老板的娘0:不再[哈哈] //@0老板的娘0:明天见[偷笑] //@张楠chef_victor:回复@0老板的娘0:互相学习[哈哈]  //@0老板的娘0:张主厨收徒吗？	1
遵照马老教诲，誓将摄影进行到底！[嘻嘻]//@马得乐: 人是需要有点精神的！//@老头夜话: 摄影穷三代，单反毁一生，这是我们的远大目标，追求中，追求中！	1
街拍春季印花元素[爱你]【私享穿衣顾问微信：FashionTalent33 】	1
过完年的第一次旅行，去的就是长白山，侄子虽小，却不怕冻，最喜欢的就是狗拉雪橇，这可是他第一次真正的玩雪呢！[威武][嘻嘻]	1
[哈哈] //@果子狸在:花兄却另辟一种滑头加老实，圣人是没份了，所以可称为人圣！！@鄢雨的微博 @CHEN颖儿 @哈戳戳  //@京都花魁:转发微博	1
//@Richard李: 都早点回家打开电视锁定湖南卫视快乐大本营，等着咱家亮哥陪你们度过一个快乐的周末时光//@模特张亮: 12月7日@快乐大本营 笑点不断！！[哈哈][哈哈][哈哈]惊喜连连[good][good][good]	1
老朋友递来的圣诞礼物，太可爱了，舍不得咬啊?[哈哈]	1
@爱国者冯军 冯总 刚才听了您“国际象棋＋炮”的理论真是恍然大悟啊 怪不得国足间歇性闪光 呵呵 希望以后还有机会能听您的讲解！[可爱][可爱][可爱]	1
太爱了，貌似我们一家5口就够了。。。感谢@浏菁 小友，太及时了[亲亲] @挡不住的麻辣小龙虾 //@映像厦门主题酒店: 【朗读者】朗读者的世界怎能被冷漠~请猛力点击猛力关注猛力转发[鼓掌]	1
必须的！在哪儿啊？//@矮人天使:@蓝迦- 赶紧的 //@娓娓道来9015: [哈哈]	1
谢谢亲爱的[爱你] 今天是我的2周岁生日~其实有你陪伴的每一天，都像过生日一样快乐。百度旅游，会在新的一岁里，更好用、更贴心、更温暖...[爱心传递]	1
又有美眉进贡辣?[嘻嘻] //@中殷:能戒烟成功的，都不是人，是神！//@朱杰--Jerry: 殷老的习惯好像是：只戒买，不戒抽！[汗][抓狂][哼]	1
我已经能够完全适应围场上的阵阵轰鸣声 连耳机也不需要了 只会心跳加速[哈哈]	1
//@占豪: 没落帝国给世界军迷的新年笑话！中国造船厂赶快到英国推销056护卫舰吧，估计卖得动，又便宜又好用啊！[哈哈]	1
又一款5寸4核//@小网人儿:四核五寸核武器，巨弹齐发！//@苏峰-在路上: 如果说国产品牌靠千元智能机拿下市场份额，下一步5寸4核产品将成为pK苹果、三星的利器，酷派大观8730即是TD先锋产品。后续酷派将陆续在CES、巴塞罗那电信展发布5寸4核产品，“核弹头组合”，专治各种不服[嘻嘻]	1
#玩转水世界#【暑期大放价 龙熙有惊喜】亲！7月15日―9月15日，凡购买双人套票，持套票客人凭房卡可免费赠送高尔夫练习场打位一个。[礼物]让您在享受高尚运动的同时，感受龙熙给予您的绿色和宁静。[太开心]	1
[哈哈][哈哈] //@mentalist10000:[哈哈]//@赵周贤: [good]//@心有戚戚燕: 有才！不仅能看出来，还能摸出来。	1
喜欢~！//@_Aperson_小窝：[爱你][爱你]	1
【#空姐#风采】2009年2月15日，一架以“飞舞的孔雀”为航徽标识的飞机从 @昆明巫家坝国际机场 迎风而起，昆明航空正式起航。伴随着昆航一同起飞的还有极具云南特色的“#阿诗玛#”乘务组。[鼓掌] @中国民用航空网：昆航“阿诗玛”乘务组彩云之南描绘动人画卷http://sinaurl.cn/5bRWJ	1
这老师够NB!!![哈哈]	1
现在是胆大的撑死，胆小的饿死！ //@星硕-袁学娅:太多了，有的把银行的资金都长袍短套在身，脱下后，[哈哈][哈哈][哈哈]@赵焕焱 @peng树挺 @annie杜琳 @赵焕焱 @荫子2011	1
回复@王林因心:[good][good]好诗！ //@王林因心:[鼓掌][哈哈]原?是@画家刘勇 他的?阿..我抓到精?也是默契	1
#音乐第一咖#直播间：男女大PK之【男主外，女主内，你怎么想？】纸条平台&微博留言，我们一起聊聊~走着！[哈哈]	1
相见不如怀念，老街坊[哈哈]//@曹随风:[嘻嘻]//@范冰冰工作室:巩叔，我们对门咋没见过你[疑问]	1
很爱剧中音乐[兔子] //@闫月:各位＜黑眼睛＞剧组的工作同胞们辛苦啦！一起来抢鲜看预告片吧[爱你]@至上励合张远 @王瑶yoyowong @张黎雯 @武笑羽 @崔菲特斯文 @邢光军 @_FiOna_yAn @杨小柳jassy @吴涛rl @RavenBlack @莫妮moni @?湘萍  @爱电影胡青 @甘肃卫视 @郡主子 @正版Iris @张英子Ginny	1
慢慢练习不依赖你。[抱抱]	1
《游遍天下》杂志也出镜啦[嘻嘻] @游遍天下Travel //@加肥猫Melanie：@伍小然-改装记者阿楠：这次写对了吧[嘻嘻]	1
#探享细节 畅赢臻旅#结束@澳门美高梅MGMMACAU 的3天2晚奢华之旅，离开澳门了。感谢酒店工作人员这几天的贴心照顾，还有专业的摄影团队，我们在品尝美食，大快朵颐时，你们却要在旁边辛勤工作，辛苦了！@?武? [握手][爱你]	1
开始喽，看起来吧！！[鼓掌]	1
本期节目真是看点多多啊，搞笑也从小朋友开始了吗？《黄河大合唱》看起来如此激昂，这现场又是怎么了？期待本周日晚9点10分，再次笑声来袭！[哈哈]	1
看着就眼馋！不，还有嘴馋！哈喇子！//@川豪麻辣香锅:[哈哈]够味儿吧。。。	1
冷嗖嗖，决定不洗澡了[嘻嘻] 我在:http://t.cn/zRXdLLY	1
最美好的风景是自己赶路创造的前景[嘻嘻] //@周书记:这也是没办法的事	1
角度问题[哈哈] ，童子鸡，马子不大的//@-小K妈-:好肥的一只鸡啊！怎么感觉有点“变异”了啊！[哈哈][疑问]	1
好地方[哈哈]	1
"忍而无忍//@彼岸花儿的花花世界:没有不对的客户 只有不对的服务@逐寥寥 @怪诞小蝎子 @函谷云初 [打哈气]//@旅游信徒万一伟:生意""七悟""[给力][鼓掌]"	1
回复@玫瑰公主:来呀。我在现场，今明，下周五都有。也可以网上报名，请关注上海辣妈微博。 //@玫瑰公主:哈哈，曾有一冲动的念，也想去辣妈一下。 //@DJ臻臻小厨娘:我在来的路上啦。欢迎各位辣妈现场来报名。  //@东方都市广播:[鼓掌][鼓掌]	1
又看清楚了两美女，还是@岳? 的照相水平好啊[哈哈] //@岳?:转发微博。	1
//@VV良家族宝哇: 好?西！??分享！#??良#//@水猪1130:谢谢博主[爱你]	1
1010就这样过去了～从昨天到今天一直哈皮到不行，看着各种短信，接着各种电话，回复着各种微博，心里充满着快乐和幸福～～快乐的一天就这样过去了，更快乐的日子才刚刚开始～～愿我身边的每一个人都一直快乐幸福的走下去，有你们在我身边，真好[心] 爱你们～我们永远18岁～～！！[可爱]	1
//@失恋专属: 一对80后小夫妻婚礼上放的爱情小短片[心] 超级有爱[爱你]	1
恭喜@帅气的小丹丹 中奖啦! 太幸运啦!!!88元一大锅的冬荫功汤等着你哦! 希望您带着您好运光临本店!我们也沾沾喜气哈!!!!!!!!!!![礼物][鼓掌]	1
去这么浪漫的地方表达爱，一定会成功吧[抱抱]//@维洛纳主题酒店: #小情调，大精彩#表达爱，就现在！有奖活动进行中[心]赶快来参加！	1
貌似我更开心[嘻嘻]	1
//@遨游知道：以后可以自己制作证件照片啦！[太开心]	1
[哈哈]最后一张… //@Y蛋挞王子Y:转发微博	1
#我的美食日记# 在白洋淀吃到的驴肉卷饼。听说这就是白洋淀汉堡。卷饼厚实，里面厚厚的驴肉馅非常美味。一个就份量十足。饭量小的估计吃半个就顶住了[哈哈][馋嘴]@Style-Cafe	1
我们酒店大堂的地毯换新了[鼓掌]，橙红的地毯衬托得整个大堂更加富丽堂皇。来我们的大堂吧坐坐，体验一下吧。	1
回复@老霉女:我家一库房呢，您的黄蘑菇您留着慢慢吃吧！[嘻嘻] //@老霉女:来我家 我家有黄蘑菇	1
[哈哈]//@神秘野史搜罗: [哈哈]	1
该新闻适合做为推广文件在教育部门发布//@程诗然:领导先试  不错该推广[鼓掌] // @奥巴巴微博 :让领导先试吃[鼓掌]  // @策展人顾振清 :制度化的必要。	1
这次没去成太遗憾了! 你们又玩High了!!![鼓掌]	1
回复@李白_奶奶喊你回家磨豆浆:没用，他就回复一句：请耐心等待！@微米 [哈哈][哈哈] //@李白_奶奶喊你回家磨豆浆:你使劲at她	1
[爱你] 院子永远是你的家~	1
我的没有了//@伏晶晶0525: //@吉阳阳:转 // @一砣天 : 我也留着来！！[可怜]就一本！！在兰州！ // @美女唐僧 :这可是我最爱用的本子啊 一直留个暗格本没舍得用 // @明明我就叫靠靠 :团购团购[哈哈] // @Ericmclaren : 到现在还有全新未用的几本放着~ // @米粒饭团儿 : 现在还有吗？走过年回家买走！	1
回复@哈雷_老ALLAN:可以啊~批量说不定还能给你打折呢[哈哈] //@哈雷_老ALLAN:回复@北京国际露营公园: 我们有意向批量采购！[偷笑]	1
回复 @北京的A-MEI:?偏心，我去北京?都?理我[泪]JPM要?去了，?照?一下~我三??犬[嘻嘻] //@北京的A-MEI:你要加油！到北京再跟我?！[太开心] //@王?雅Yetta-Wang:辛苦了！！好同事	1
#随手拍蓝天#大郑州的蓝天[爱你]	1
刘芮东第一次用很自白的文字，不再玩虚的了[哈哈]//@徐枫华: 这性格我喜欢，不纠缠，一刀过。	1
猜一猜谁在唱＂小薇＂[嘻嘻]@叶茂中 @眠琴山房 @哪吒闯世界 @汤子嘉Charles @老虎张 @杨凯art @顾维洁 @赵力AMRC @阿特姐姐 @余德耀 @Michelle米董 @张晓刚 @金小狮 @蒋再鸣 @艺术长沙谭国斌 @黄在 （福尔摩斯）	1
哈萨克的好Kelen！[赞]小塔塔长的结实也和这个关系大大呢！[爱你] //@一雯仙姑:如果不是嫁给一个哈萨克，估计这辈子也不会吃马肉，喝骆驼奶！@塔老师 馋你一下 //@杰尼妈妈JanarSlanbek:[馋嘴] [馋嘴][馋嘴]//@俺叫老鬼:这话没错，馋猫就是在动……[偷笑]//@海拉特-苹果之父: [哈哈] //@黄矛:馋猫	1
追女神=大数据分析+全渠道精准营销+O2O+CEP[哈哈]	1
#陪你?悦读会# 今儿，孩子们在自行热烈地讨论《骆驼祥子》后半部，爹妈们太罪恶、太不学好了，旁边开了一桌，打着让孩子们自立的旗子自行大吃大喝大聊！（在洋洋的内蒙藉同学家，一桌子地道内蒙美食）![嘻嘻][哈哈]	1
先预热一下，迎面飘来了20多辆保时捷。先是保时捷卡雷拉亚洲赛。[爱你]	1
哈哈，一看就是天平编的，希望吧[哈哈] //@丹亦亦丹:哈哈！必须转啊！[哈哈][酷]	1
//@神舟国际酒店: [哈哈]//@符梅梅: [西瓜][冰棍]一起吃啊//@李家大小姐6666: [玫瑰]//@符梅梅: [玫瑰]//@李家大小姐6666: [good] //@生根的风: 跨越了历史的良知考验//@李家大小姐6666: //@太极阴阳五行: 转发微博	1
耶，开心耶，谢谢葵小姐[爱你] //@刘小葵Sammy:#小葵福利社#答案姐提示的这么明显，竟然还有人回答B C...[江南style]好啦~开奖了~~恭喜以下5位朋友 @爱菡若若 @许林Linn @宝妮妮妮妮妮妮妮 @我叫做很快乐 @肉祖宗的秋天快要来 私信我真实姓名 电话 收货地址~感谢您的参与[亲亲]	1
嘻哈包袱铺四周年庆典：欢乐嘉年华：[哈哈]	1
带上大肚婆送的lucky ring，@irene老潘 ，又一次奔赴机场，本次旅途正式开始！紧张！期待！！[鼓掌]	1
欢呼吧南山的童鞋们！！～[给劲][鼓掌]	1
#嘻哈包袱铺2013天津站#走起来[抱抱][太开心]	1
欢迎您来到千岛湖希尔顿度假！祝您有个愉快的周末。[可爱]	1
保安闻到地沟油味道了 //@吴斌BINBIN:桑几包[太开心] // @青青_Serena :桑几包~[哈哈][嘻嘻] //  @AHHA_DD  :[哈哈]桑几包[馋嘴]	1
回复@小伟叔:你经常去古北那边吗?那么有可能碰见.// 古北には良く行くの？じゃ、会うことあるかもね。 //@小伟叔:回复@静冈叔叔:[哈哈]是呀，下次说不定在古北之类的地方就偶遇了 //@静冈叔叔:回复@彻朗:谢谢![抱抱]// ありがとう！[抱抱] //@彻朗:お?生日おめでとうございます！！	1
@Nicole-LLG [哈哈][哈哈]	1
改天看看山大学子的//@天堂尘爱: 北大学子们镜头下的九江~~~~逝去的流水，挽不住流年~~~红尘有爱~~风光太美~~[鼓掌][鼓掌]@九江旅游杜少华	1
今天猪小能做了肉肉不是很多的饭饭。我去蹭饭，吼吼~还有SJ同学，我们三个年轻人一起吃，感觉很开心~很久没去惰惰家了，还是老样子~饭后与猪小能谈论了一番工作，无果，但是找到了源头，明天去了公司解决。猪小能把我最喜欢的那顶帽子送给我了 感动的哇哇的~还有两条围巾和帽子~[可爱] 我太爱你了 惰惰	1
[嘻嘻][嘻嘻][嘻嘻]机器越来越智能，人越来越懒，很多器官难道会用进废退么！	1
这张太霸气了！9爷威武！ //@米兰圈:[爱你]共勉	1
还是高速省油啊，在这个特别的公里数诞生的时候留影纪念[哈哈]@REIZ锐志	1
生蚝呀生蚝。[爱你]	1
当你走在路上，看到一个心仪的对象，你会如何勇敢的上前表达自己呢？#城市有你真好#，DJ@小?本尊 和你分享搭讪绝招喽！[嘻嘻]【2/22（周六）四川14:00，山东18:00，其他城市的听众可以通过手机客户端@蜻蜓FM 收听哦！】	1
百岁坊店即将开业[太开心][太开心]	1
诚挚的祝福Miss hoo 早日康复[太开心]	1
#说出你心中的六星级酒店印象#必须是50平以上/间,直径两米的大圆床[哈哈]三套可替换的遥控窗帘随心所欲+玻璃飘窗,室内360°全景浴缸+健身房,360°全景中西餐厅+酒吧,爱马仕的个人用品,景泰蓝茶具@北京有个老顽童 @赵小朵918 @蝴蝶幽兰V 你们说，还差啥？请补充[笑哈哈]@唐拉雅秀国际酒店及度假村	1
@每日维他命-摄影师Kat 别说我害你……快问@喂羊叔叔 哪里有卖[嘻嘻]//@喂羊叔叔: @Owl佐小威 @九曲石桥	1
转给所有有梦的人[威武]  ，虽然大家未必都有一个那么优秀的妻子[哈哈]，但要相信有梦想才能举起奥斯卡。	1
2013，爱你一生。祝大家新一年快快乐乐！[爱你]	1
摄影师在这里[可爱]	1
[嘻嘻] 哈哈哈哈哈！//@马云路6：转发微博。	1
回复@老书新作坊:晚上好[哈哈] //@老书新作坊:[太阳]俞社长早！	1
@带皮儿的栗子Li_z  //@伦敦购物专家:这就对了嘛[鼓掌]谢谢提供信息//@Miss??_立志减肥:送的是正价商品 Balenciaga mini first 带有拉链可作为零钱袋或是挂在包包上装饰品or paper tiny A4 不带拉链 纯粹钥匙链或是挂包的装饰	1
2012体验五星级豪华之最，尽在@北京嘉里大酒店 [爱你]	1
你不是单飞了吗[偷笑]//@达拉桑杰卓玛:这是中央领导到基层视察嘛，咦？秘书咋没去呢？[偷笑] //@黄记煌-黄耕:低调,一定要低调[酷]//@jessica慧卉:老大：悠着点，别那么高调行不？[偷笑][嘻嘻][哈哈][酷] //@黄记煌:[威武][围观]	1
主要看你是个大款[哈哈]	1
呵呵！了解啦！最近忙不呢！明天见啦！[可爱][可爱]	1
@满座王珂 @疯石榴-李礼 [爱你][爱你][爱你]必须永远幸福！[心][心][心] 我在#北京万达索菲特大饭店# http://t.cn/zOgpRbS	1
哇塞！[爱你] //@OnLing:第一次见到这么大的蛋糕啊~[哈哈]	1
好主意啊！ //@lily_李立:好建议 //@船长太销魂:郑老，我挺您！[哈哈][good][good] //@郑渊洁:这个可以有[good]老爸[给力]	1
换个地方吧，哥下周带你去个好地方[嘻嘻]	1
我转了，捡不到明天找你要了[嘻嘻]	1
好吃好吃的甜品“诺亚方舟”[爱你]  感谢@巴黎我家小厨   的超级厨艺[花]	1
//@贝尔信_智慧城市 智慧生活，由你我共同创造[呵呵][哈哈]	1
微信对我国的民主约炮进程起到了极大的促进作用[哈哈]	1
#东方卫视笑傲江湖#今天的外传大鹏篇太搞笑啦[哈哈]@大鹏董成鹏 你打@谢元春子 的那段太搞啦！@谢元春子 你配合的太好啦，直接KO[威武] @东方卫视笑傲江湖 @欢乐传媒  我在这里:http://t.cn/8kRRQN0	1
炫一下朋友拍的照片[嘻嘻]	1
和儿子在海南旅游时接到老公电话，说给儿子订的@拉比盒子 到了，旅游一回来，小家伙就迫不及待的打开这个神奇的盒子，边研究边说：“妈妈，这个盒子是不是有魔法啊？怎么这么多有趣又好玩的东东？”呵呵，我的宝贝，这盒子里更多的魔法需要妈妈和你一起动手来实现哦[嘻嘻]@白松0	1
要不咱微博征上面的吧! //@法国人朱力安:你的意思是我们仨男的在下面？[偷笑][哈哈]//@清蒸月月鸟:你回来我们让你睡我俩中间！//@法国人朱力安: 快回来，我和@清蒸月月鸟 等着照顾你[嘻嘻][偷笑]//@库班克:@法国人朱力安 @清蒸月月鸟 绝对的好基友啊！	1
[可爱]嗯呐，[心]新年快乐！[干杯][礼物]	1
#世界上最美味的早餐# 我家楼下的鸡蛋灌饼配的竟然是土豆丝炒胡萝卜丝，而不是生菜！惊喜一下！[哈哈]	1
[哈哈]车在大山之间一直做波浪运动 //@墙根网户外摄影俱乐部:你直接穿越吧。记得回来就成。	1
明显喝麻了，字都写错了@薇宝贝05 ，还有个写露里露的@熊熊826 ，要不要这么得瑟啊？衬衣派对？得瑟啥啊？ //@薇宝贝05: @甘露sabrina 在哪紫禁胡同 //@熊熊826:露露在哪里啊？露露在哪里？露里露在那帝都的大街小巷里[哈哈][哈哈]@薇宝贝05 @?晨Dido @喻小倩Gloria @环球宝贝佳	1
支持创业！[爱你]加油啊！	1
吃过很多种类的天妇罗吧？那你吃过鳗鱼豆腐天妇罗吗[嘻嘻][嘻嘻]是用新鲜活鳗制做的喔，[good][good]饿了吧？快来夜宵吧	1
[思考]  #余仁生花旗参茶包# 还是 #东方红桂圆肉# 好呢？抑或 东方红鲍汁冬菇 更好呢[抱抱] ？即日起至8月31日，凡於  @香港荃???  场内任何商户累积消费满HK$2,500，即可选择其中一样自己喜欢的礼品带回家。小编就很想换冬菇 [阴险] ，你呢？！	1
丁医生是我的正畸医生[鼓掌][耶]每当我看到这些经过2年正畸治疗的图片，就期待自己拆下托槽的那一刻[哈哈]我已经配合一年多了，托槽也已成为我口腔的一部分，通过正畸也让我养成良好的口腔互护理习惯，认真清洁牙齿[酷]	1
//@Forrest_211job: //@董锐_Jeffery: 哈哈，这个~[哈哈] //@Ftiger: @阿霏的新家 //@糖葫芦猫咪-邓小花儿: [哈哈]这个牛逼，转！！ //@赋文艺:这个必须转 //@张书新: //@兔子不念经:城管看见了咋个说？[偷笑][奥特曼] //@江央乌瑟 这个图片扳扎(昆明话牛B)昆明街头拉横幅	1
"[威武]成为雕爷牛腩的“VIP”就是这么与众不同！[花心]不但有专属的“神秘菜单”，还有各种为VIP准备的专属惊喜！[阴险]甚至....甚至...过生日还可以吃甜品吃到”扶墙而出“！[鼓掌]快快添加微信号”diaoyeniunan""输入“芝麻菜开门”办理VIP吧~~[威武]更多惊喜不断开发中...邀您共同感受哦~~"	1
[亲亲]//@综于缘味: 转发微博	1
嗯，好！[亲亲]先谢了！哥睡了，明早让他看，我很喜欢	1
[哈哈]真的好心情，开盘就涨停！	1
周末的私家影院体验，@人间映象 真的超赞。特别谢谢@丁丁优惠-南京 [嘻嘻][给力][做鬼脸]	1
他就是下蛋的人，哈哈//@新梦回大唐: 见过能辩的，没见过这么能辩的！[挖鼻屎]//@二炮的微博: 厂家够腐[哈哈]	1
欢迎杨总莅临指导[嘻嘻] //@财智圈: @曲向东 @极友阿霞 @博妮多 @清雅飞飞	1
#时尚盛宴#好美的刺绣啊~谁学会了，送俺一个呗???[嘻嘻] Via：站酷	1
恩年了，终于再次回到我梦中思念过无数次的老家[哈哈][哈哈][哈哈]肥东！激动ing！ 我在:http://t.cn/zTzypZp	1
[爱你][泪] //@KDS狮子座kaka:帮忙扩散！！//@Winny妖妖: @KDS狮子座kaka 速度扩散~	1
[汗] //@妮霓蜀杰酒:人家替身演的。//@清凉寺大鼻子张老道: 我找她专辑坚定一下[哈哈]	1
人靓 声正的组合[哈哈]	1
艺术综合主题课？哈哈，厉害，老师们十八般武艺齐齐上阵呐~[哈哈]	1
哈哈哈哈//@奋斗的小琳子:[哈哈]	1
#汪汪在旅途#May 的沙滩[爱你]	1
哈！！！娘生，一阵节目要讲讲。[哈哈]	1
哟，祝郑总生日快乐[哈哈][蛋糕] //@一麻一辣:不错的礼物哈哈[挤眼]// @亭云儿儿儿 : [酷]我终于懂你手机放这图干嘛用了。 那请问你给＂我爸＂的礼物不会是请他吃一麻一辣吧[思考]	1
[拜拜]//@lap-tina:毕老师晚安！[拜拜]//@俺叫老鬼: [干杯]//@lap-tina:[哈哈]//@瑞龟吉祥: [哈哈][酷][鼓掌][赞]	1
@周美伦 @AkisscatYi  //@法语法国:每个学法语的孩子，都是这辈子被性变态折腾的想shi的天使！// @迷芽纪 ：当然有，没看见他在caca啊？这就是 学法语语法的心情，想屎！[哈哈]// @依水幽兰 :哇，总结得好有才。。。可是和这图有啥关系里？	1
哈哈哈！[哈哈] @麻瓜小豆	1
是榆钱不是@于谦 ~年轻的小伙伴们不要搞错哇~于老师，您好这口么？[嘻嘻][馋嘴]	1
"//@孔姐的轻奢生活:阳光老师的""青藏高原”更是余音绕梁、令人三月不知肉味啊[赞][赞]//@静老师: 这一招一式啊，尽显美丽！真为咱典雅静界的人才济济而小小的骄傲一下下。//@孔姐的轻奢生活: 已经铭刻在我们的记忆中了[哈哈]没把大家吓住就行！[哈哈]"	1
万王之王[哈哈][哈哈][哈哈][哈哈]	1
这是一家神奇的餐馆[哈哈][带着微博去旅行]	1
//@fanny7788: 他爸叫“命运”？[哈哈]	1
难道看了@闽商严振华 ？[哈哈]//@邓广?: 当真？[晕]	1
恭喜@广州锦龙奥迪家园 @默默地陈远智 @人生乐杜-Ming #奥迪营销竞赛总决赛#优秀营销项目奖！[鼓掌][鼓掌] 十万块的营销支持喔！！[鼓掌][鼓掌]	1
@黏糊的夏天 ~温柔贤淑、善解人意、持家有道――我！！！！！！！！[哈哈]	1
合家大团圆，幸福路上跑。//@紫罗兰6677: [鼓掌]蛇年无憾~马年福至！	1
//@南京迈斯林移民: 迈斯林集团移民行业钻石品牌，上万成功案例铸就金牌品质，二十二年辉煌始终如一!全方位服务为您移民之路保驾护航！咨询热线： 025-86370099 [可爱]	1
嗯呐这两只都拿脸蹭过我喔?哈哈哈[爱你][心]	1
哈哈哈～期待你快马加鞭的带着加州主题手机壳游加州哦！[哈哈]//@_陈味咸o：回复@加州旅游局: 恩恩，一定要带着！ 到了著名景点就PO照 给你看哟！ //@加州旅游局：哈哈～可以跟着手机壳游加州啦！	1
不要这么侮辱反贪功臣，那是巾帼英雄[嘻嘻]	1
//@?小?:@吃货原默默 @蜜多C [哈哈]	1
#周末HK好康# 由著名插画师小克创作的CAMPER x Siuhak 2014座台月历现在可以得到了！[爱你] 即日起於香港全线CAMPER专门店购买CAMPER秋冬系列满指定金额就可以免费获赠1个！数量有限，新一年想要一个月历放?头，要快点去专门店看看有什麽心水货品了！	1
哇哦~ //@永俊腕表潘俊: 快点，别连保镖都没了[偷笑]//@杨云飞cloudyyang: 别拦着我啊，我现在打飞的过来当保镖吧[酷]安提凯希拉I,II让我戴戴[嘻嘻]	1
太油菜啦[哈哈] //@陈烨萌：[哈哈] 瞧把女人给逼滴~//@xx竹平：[哈哈][哈哈][哈哈]//@姚小飞飞:哈哈！ // @CCTV高昂 : // @史前醉牛 :转发微博	1
@梅玺阁主 [嘻嘻]	1
2013年5月12日，母亲节，我爱我妈[害羞][爱你]本周末共计出门两次，第一次是星期六出门吃饭，第二次是星期天出门买菜[猪头]	1
回复@小仕子:[可爱] //@小仕子:好活动，支持一下。@日味源烧肉 @闻香识包子 @Ana蜜 @厦门野牛	1
又到了买车的季节啦，天气好了之后车子们看起来也更好看了[嘻嘻] 填个表就能拿你所在城市附近dealer的报价，拿到报价再制定策略去谈价格，绝不打无准备之仗。免费填表：http://t.cn/zQRIh75	1
[哈哈]  //@面面媛儿Bessie:[哈哈] //@张思DaisyZhang:[偷笑]	1
在英国的十几天，我是亲身体会到了奥运一天天临近的感觉，就拿地铁来说吧，从曼彻斯特回来就发现有免费的无线网络了，也多了些关于奥运期间避开高峰出行的提示。下午回之前住的酒后拿寄存的行李，街道上也挂起了宣传的小旗[可爱]	1
[偷笑] //@小弟治脚气:堂主所言极是[嘻嘻]	1
跨界整合，合作共赢！ //@张仁天:[鼓掌]	1
其他味道也不错啊！！！还有一个味道！！！很不错...[鼓掌][鼓掌][鼓掌]我自留款！！//@毛毛iYY:回复@Sammi_YY:你是来挑事儿的！！缺货[汗][汗]	1
回复@Justin麒麟:哈哈，刚才迷迷糊糊就发出去了，正确读法是：jQuery 新版本将不支持IE9以下浏览器，前端工程师真悲剧 //@Justin麒麟:不知道？之前知道？为啥不知道？能知道吗？[哈哈]	1
壁花嬷嬷太可爱了[哈哈][哈哈]	1
能否成立南雨北调办公室[哈哈]//@唐人默客:[耶][微风]//@乒乓阎桂丽:这是好主意，据说北京今天也有雨，现在还没下	1
成都宽窄巷子在@摄影师钟楼怪人 镜头下更加有味道，[?]好怀念在成都读书的日子????[鼓掌]	1
真孙子[哈哈]	1
哈哈哈，真的长得很喜感呀[可爱] //@珍小妮jenny:给爱猫人事@固力果Gulico [偷笑]感觉这只猫一副?样	1
[嘻嘻]早餐是新一天的开始，亲，用餐愉快哦！	1
#奥地利lech-zürs# 早安！??????今天是个大晴天[鼓掌]@奥地利国家旅游局 @立鼎世酒店集团 今晚是亚洲晚宴好丰富好期待 我在:http://t.cn/8F6OrPc	1
回家才发现我满脸通红，今天还带住家人蹭了一顿美味，能不开心吗[花心][爱你]	1
@屁颠屁颠的乐 ，你先听我解释。。。//@茉莉香片1982:[哈哈][哈哈][哈哈]@张晓蕊rry2	1
转一下下//@北五村少年://@周?-小尖果儿: 今晚星光灿烂！今夜无人睡眠[给力][给力][给力]//@王帅--小帅帅:[偷笑]姐夫 @许健铁刨花儿 你还四跟我好[偷笑]@周?-小尖果儿 [可爱]//@谦祥益:存档！谢谢吴总。	1
[馋嘴][发红包][发红包] //@脆果儿英美代购:要代购的亲们详见http://t.cn/zYCdm5i[亲亲]	1
1、一切都是垄断惹的货，2、移民是您的不二选择…… //@赵辉-卓越:内牛满面！[嘻嘻]	1
看来必须要上菜单了[馋嘴]名字就叫怒江漆油鸡~@梁子庚JeremeLeung 特别推荐[哈哈]	1
[赞][心]//@寻梦婺源:婺源人民欢迎您 //@水墨婺源:热烈欢迎叶导一行来婺源观光考察！[鼓掌]@婺源篁岭景区 //@叶强导演:[赞]画入心境！ //@水墨婺源:早上好！[太阳][微风][咖啡]//@不如?兮://@梦雨札记: //@水墨婺源: 春天的婺源，美得令人陶醉，美得令人窒息！好景致就该大家来分享！[赞][微风][微风]	1
[耶]，这个太赞了，生活大爆炸第六季马上要出啦[鼓掌] //@-郑瑜-:这个不错 //@经典语录:秋季美剧时间轴	1
不愧是英国品牌。[嘻嘻] @丹在动 @英伦漂流	1
[嘻嘻]难怪女孩子 都喜欢打扮  原来是从小就培养啊	1
哈哈哈哈～[哈哈]	1
看旅游报，读旅游法。不明白的就联系名片上的人！[哈哈][哈哈][哈哈]@中国旅游出版社	1
真的涨姿势了[哈哈] //@这个绝对有意思: 各种水果功效表，涨姿势了！！！[嘻嘻]	1
#网媒看江西#“飞流直下三千尺，疑是银河落九天”，我们坚持到了李白笔下著名的瀑布脚下，没上来的同学们后悔了吧[做鬼脸]坚持是种态度哦！[嘻嘻]	1
[哈哈]//@竹叶青青子: //@都市频道陈钟:【你最有才】今晚半决赛，下下周是决赛，所以这两场直播精彩程度可想而知，不得不看！看完有才别换台，还有【都市007】呢，今晚播出《令人心痛的校园暴力》，精彩别眨眼！	1
//@我爱竹板书://@启贺: 推荐此推荐为今天最佳推荐[嘻嘻] //@燕山农夫:推荐此评论为今天最佳评论	1
最后一句亮了[嘻嘻][嘻嘻]	1
意境美！ //@reqiao:真美！都不象了[鼓掌] //@笑多了会怀孕:杭州灵隐寺	1
@歌特式的微笑 是不是挺像咱俩的啊~//@MARY-SI: [哈哈][偷笑][偷笑][偷笑]	1
连续几日都是凌晨四点入眠，昨天跟雪儿聊天觉得一转眼就已挥霍了最后的青春。现实一点点消磨我的棱角，侵蚀我的梦想在失落和遗憾的时候，还好有大闺蜜@杨小雪JR 真是谢谢上天。让我们在最美的年华彼此遇见。所以我们决定要趁年轻貌美时结伴出游。现向博友征集出行地点~国内外均可时间四到五日[爱你]	1
子华又回TVB拍戏啦！大家有福啦！栋笃笑走起@黄子华Show [哈哈]	1
[鼓掌][围观][照相机][奥特曼][干杯][电影][音乐][音乐]	1
祝贺！王磊童鞋生娃也讲政治！赞一个[赞] //@中国之声雨亭:道喜！！！祝贺！！！[鼓掌]同时，也再度为俺神奇的预测能力骄傲一下下，准确率继续领跑，高达99%以上！！！[耶]	1
等了19集 //@朱振莹:[哈哈]@演员金钊 阔海兄弟，咱们出来了???	1
#婚庆圣地 蜜月度假#@三亚海棠湾洲际度假酒店 开业之际，携手尔雅凤凰（北京）文化传媒公司推出“海洋馆”婚礼项目，双方联合推出国内首家酒店海洋馆婚礼项目，为国内外蜜月情侣量身打造极具热带浪漫情怀的海底婚礼。祝贺！[鼓掌]http://t.cn/8FUXG7f	1
今晚在贵阳吃驴肉@-张泽冰 @歌手程欣 @黄玉玲小甜甜 @ICY_刘希婧 @龙雪儿_龙慧 @李慧美Mable @李德智_RiTokushin @?小斌同? @易薇senddy 美女们下次一起吃[哈哈]	1
[偷笑]哈哈小家伙真可爱[爱你][鼓掌][鼓掌][鼓掌]	1
我是看着他们长大的。。。//@Sara黄琳: 我是看着他们的电影长大的[害羞] //@一句心情签名:你还记得他们吗？[嘻嘻]	1
#春节看电影#剧情基本都在预料之中的《洋果子店》，充满慢镜头的曼妙甜品特写，一定不要在深夜看，否则会眼巴巴看的口水连连[哈哈]江口洋介还是那么年轻，苍井优的笑容灿烂纯粹的没有一点杂质。虽然剧情很老套，还是觉得，我们都要经常用这样纯粹的微笑和热情，去温暖这个冷漠的世界！	1
//@白头僧: [可爱] //@C2生活:如果你喜欢C2，别忘记告诉身边使用iPhone的朋友，我们在昨天已发出iPhone版本。 [呵呵] 中文，德文，日文和英文双版本同步上线啦！	1
到底是姐姐还是哥哥//@ZH爱如空气:谢谢各位小伙伴！ @平安渝中  //@珠海常听说: //@冰凌花天空:[鼓掌][鼓掌] //@ZH爱如空气: [太开心] //@永川网络发言人: 恭喜恭喜[鼓掌][鼓掌][鼓掌]记得。。。懂起撒[偷笑]//@ZH爱如空气: @重庆时报 @永川读本 @永川网络发言人	1
哈哈哈，最右!//@今朝有酒醉:我也笑出声了，最右！ //@鹿小昭: 。。。//@永乐大典典: 哈哈哈哈 //@阿子:人家现在可是国家领导人！ //@天天天乐bj:笑出声了都！最右！//@吴船:[哈哈] //@地摊周报巫医饭: [哈哈]//@妖妖小精-色系军团: 哈哈哈哈哈哈 [哈哈]//@Silver_Wave:善男信女们，我想死你们了！	1
已经去过的1元：杭州西湖；20元：桂林山水；100元：人民大会堂。。。还差5元：泰山日出；10元：长江三峡；50元：布达拉宫[太开心]	1
把北京排第一吧!谢谢您了![爱你]	1
回复@南宁地铁之星:[鼓掌]太棒了！ //@南宁地铁之星:开了一段时间了，由原来的南宁至广州两趟列车中的一趟延长至深圳 //@小峻film:开通了？ //@POCO南宁站: [鼓掌]南宁直达深圳的列车呦	1
回复@廖青春ND:一朝在，永远在！好坏都是属于安卓人的。 //@廖青春ND:[嘻嘻] ?哥V5！ //@N多-陈?:更正下：当年是三个月弄死机锋的。好汉不提当年勇啊[哼] //@N多-陈?:更正下：当年是三个月弄死机锋的。好汉不提当年勇啊[哼]	1
[哈哈]有点意思	1
哈哈，还是有“总”的范儿[江南style] //@越野e族向往神鹰:玩越野的人穿西装别扭阿 //@张杨??不??:传说中的总版主[威武][威武] //@?仔很懒:@越野e族向往神鹰 ？[鼓掌][鼓掌][鼓掌] //@越野E族无锡冰雨:原来是向往神鹰	1
想要粉骆驼还是房券呢？#寄给最感恩的人# 骆驼最感恩的人就是你们的支持了！[嘻嘻]	1
真快呀。欢迎欢迎，嘿嘿[鼓掌] //@吃不了逗着走-爱摄影:@石梅湾艾美度假酒店 到了，入住鸟[花心]	1
[爱你]//@杨建国:转发微博	1
假期在香港真是一房难求,因祸得福在铜锣湾意外发现温馨又有无敌海景的B&B [鼓掌] http://t.cn/zW259Bk	1
恐怖…//@James田:来中国试试，毒死它 //@黄承富:回复@葛校长:[哈哈]… //@葛校长:是指人吧[偷笑] //@葛校长:是指人吧[偷笑] //@黄承富:我曾被黑寡妇骚扰过…  //@grace向日葵2011:[吃惊]千万要小心啊！ //@黄承富: 回复@蔡??:避的早，不如避的巧… //@蔡??:避?[哈哈] //@蔡??:避?[哈哈]	1
好酷呀，支持啊。//@潘多拉的猫猫：王菲啊！一定要买！//@姚晨：菲菲酷毙了！[花心][鼓掌]	1
@吾家小儿特特     收帅儿子来！[哈哈][爱你][花心]特特最棒！	1
到货了，到货了，看晓亚姐@猴儿亚亚 可实诚的发来了一个不小的箱子，我还以为谁过完年给我送礼呢[嘻嘻]	1
这次微公益被某知名广告策划人策划的桂林米粉店，和其董事长一聊，彻底被某人忽悠！对其策划的只有两家店的不接地气的桂林米粉店，广告满天飞！这位大师不愧是做广告的！愧对餐饮人啊[哈哈]	1
[微风]//@演员顾小强: 向你学习[爱心传递]//@陈静导演:[鼓掌][good][爱心传递]//@演员顾小强:恩，是的[good]只要心中有爱，哪里都是天堂！	1
#灯光秀# 日本?京车站全息投影灯光秀，浪漫唯美小清醒[心] 2012年12月21日至12月28日没看成的童鞋们，看看视频解解馋吧~[嘻嘻]@途易在线@蜗居在江户川边@yogi泳茵@猫小屁becky@tomochan777@东京留学@在日留学生交流会@Janus君君@KK24451@堂本家的小M@asuka-rei http://t.cn/zjRLjmj	1
//@天月食客: 回复@广东阿茂:家中老妈的妈子靓鸡最好吃，刀工更是了得[可爱][馋嘴] //@广东阿茂:白切鸡刀工最考究便是“金华玉树鸡”了，比拼北方菜系的到法拼盘也就逊色左一点了，但味鲜却是无可比拟的	1
得奖啦又得奖啦！@海南神州半岛喜来登度假酒店 [哈哈][鼓掌][哈哈][鼓掌]	1
咔咔，穿毛裤了没？[哈哈]@88酷卡-小玩子 @YOKUMA @88酷卡_Max	1
[鼓掌] //@小洲-von-Mima:回复@松木木木：这个是典型的“艺术”游客的短期体验，被氛围冲昏了头脑。其实无论在哪儿，搞艺术都不是请客吃饭，都是孤独地埋头苦干。。他把艺术跟生活的逻辑搞混了，艺术不是声色犬马，生活才是。严肃地做艺术，玩乐地过生活，是我的逻辑。	1
[good]//@梦想家逸卜客:[哈哈]??了	1
可以当练车？？？呵呵呵 //@企鹅北漂族: 列队欢迎。[嘻嘻][嘻嘻] //@王旭de美食影像:一起来//@涅磐_钟: 推荐@掌趣-吕小四 //@企鹅北漂族: 现在天气暖和了，随时可以来，电话我就行哈。。[嘻嘻] //@涅磐_钟:想去 //@企鹅北漂族:[嘻嘻]这个视频拍得给力啊！！！[鼓掌][鼓掌][鼓掌]	1
哈哈，周末快乐！ //@西域阿藤:哈哈哈哈哈哈[哈哈][哈哈]笑死了 //@蒙古人来北京:[哈哈]	1
[爱你][音乐][电影]	1
祝愿这二位永结同心，百年好合~我们酒店有室内室外两种场地，绝对是您浪漫婚礼的首选~希望二位可以闪订~[嘻嘻][嘻嘻]	1
#去你的部落#剧透剧透，给粉丝再多一点关于第三季的剧透吧//@行者梦野: 是不够看,其实台上一分钟台下一年功啊.下一季部落拍摄计划是在非洲埃塞俄比亚肯尼亚坦桑尼亚赞比亚,起名<去你的俄比亚>.#去你的部落#@PPTV旅游 //@蜜斯莎Anne:啊？就这样结束了？我还没看够[泪]期待第三季[爱你]	1
//@唯爱美食每刻:[哈哈]	1
同问[哈哈] //@Lio李勇:余总，起床了吗？[呵呵]	1
上午和一上海美妞在MSN上勾搭了两句，聊到情深时，那位行动姐当场订好了往返上海广州的机票，刚刚她对我说，机票已经送到了！这效率，啧啧~有朋自远方来咯！[太开心][鼓掌][心]	1
[哈哈][哈哈]图像可爱，配文更可爱[偷笑]//@精彩电影: [哈哈]好可爱	1
回复@主播黄锐:白驹过隙哇~~~?~驾！ //@主播黄锐:回复@youyoujill: 哈哈，那都非典之年啊，时光嗖嗖的！//@youyoujill:竹林三“闲”~~~[嘻嘻] //@主播黄锐:回复@宋日文: 介个我也有 哈哈 //@宋日文:你狠！这都有。。。	1
CCTV3正在重播中，对！就现在！多首脍炙人口的好歌！早起的鸟儿有虫儿吃，晚睡的人儿有歌儿听[嘻嘻] [鼓掌][太开心]//@任泉: 不好意思，唱歌了[害羞]	1
[嘻嘻][嘻嘻]这个表情必须顶一个呀~全国的观众都看到了哦！//@zero_seven00: 师父，你这表情也太丰富了！//@鸣乐汇许玉龙: //@铁血龙刀:转发微博	1
各种转发和询价的，我回半天了 //@亿佰欧改装-小?:哇噻[嘻嘻][嘻嘻]	1
[爱你] //@汪汪喵呜孤儿院: 它们也折腾了20多个小时没有怎么休息了，感谢你们，你们辛苦，今天绝对的人困狗乏！	1
#春耕# 觅食，＂张府家宴＂响水大米饭+古龙天龙+干煎薄节鱼让 @中山阿苏  激动不已[哈哈] 我在:http://t.cn/zYDnB4X	1
喝酒新去处，奎星楼麦塔立薄饼馆旁边的@半饱酒馆 ，巴适得板！[嘻嘻][嘻嘻][嘻嘻]	1
每日推荐！[威武][嘻嘻]	1
[鼓掌]哇哇..中奖了开心啊..要将节能环保进行到底..吼吼..//@佳能影像公益: 感谢网友积极参与#一份关灯的承诺#活动，以下是获奖的10名幸运者@小可疼 恭喜你们将获得精致节能灯一个。3月31日晚20:30，熄灯一小时，生活更明亮，和佳能一起行动吧~！	1
N我是胖瘦自如的！//@微博搞笑排行榜:胖瘦自如的[嘻嘻]	1
感谢您对偶们的关注啊！捡拾物品归还失主，这是我们应该做的，也非常感谢您对聚点的支持与鼓励，我们会继续努力做的更好；提前祝您春节快乐，合家欢乐![爱你][呵呵]	1
回复@行尸:话说，我过去有个习惯，就是问人家的网名是怎么来的，什么意思。其实我一直想，行尸，这名字，一定很有故事，一定是因为爱情，后来没了，就变行尸走肉了……今天我突然想到了，这是一个励志的网名，行尸啊，各位，走肉啊，怪不得你那么瘦，是和网名有关系么？ //@行尸:[哈哈]	1
今天有个以前的朋友笑我：暗地里送了三次东西，每件东西都是明示送者来历的。但脑子大条如我，完全没有猜到。其实脑筋很简洁自然，实在不喜欢那些过多繁复和猜测的想法。只是不在于你的，解释千百回皆为徒然。[嘻嘻]	1
[顶] //@旅游信徒万一伟: 可以抱怨，但必须忍耐，积蓄力量，等待机会，人生才会有更有希望。[赞][鼓掌]	1
如果你改行当作家，也创新！ //@姜汝祥:伯乐呀，谁说中国没有公正?这就是 //@竹直先生:不转不足以平民愤。[嘻嘻]//@李方毅: //@姜汝祥:这么牛的段子，没人转咱自己转，肥水不流外人田	1
回复@关关_骑士:哈哈哈，如果有合适的机会，济南我们必须到，到时候肯定会有很多活动，优惠?这样的小事儿[嘻嘻][嘻嘻] //@关关_骑士:回复@麒麟锦庭火锅道:撒点优惠券，夹道欢迎。[转发] //@麒麟锦庭火锅道:回复@关关_骑士:知心朋友[亲亲]	1
想要的同学请私信我快递地址哈[嘻嘻] //@gaowen:旅行成瘾！喜欢这本微旅行语录的朋友请告诉我，送给大家做新年礼物：）	1
乔布斯四点起床，超人？ //@姜超峰律师:貌似分析挺准确。// @鉴恒 :[哈哈]社会学分析新视角，不同社会阶层有不同起床时间，内涵丰富。	1
[黑线] //@倚天屠蚊: [哈哈]//@成白羽:[挖鼻屎]	1
[哈哈] 我也没见过，哈哈我是90后[耶] //@黄金眼a萌萌：转发微博。	1
【城市之音四川台FM102.6】城市之音 #2013校园迎新#-明星音乐教室。LaLa@徐佳莹 现场化身老师~同学的问题都认真解答，无论这个问题回答多几次。现场清唱更是魅力十足哦！[嘻嘻][哈哈][嘻嘻][哈哈]	1
#江西下雪# 你还在家里吹暖气嘛~[吃货]小游已经带着瓷小浪去看雪拍雪景啦~[不好意思]虽然很冷但是很得劲呀~[给劲]南昌雪景太棒啦~ [好爱哦]@聚南昌 @新浪江西 @江西风景独好 @新鲜旅 大家快来po雪景吧[爱你]	1
常被骗，易感动！只是不想拆穿哈哈！ //@Potato-tomato-:啥叫老二哲学 // @冷笑话精选 :信奉老二哲学，低调！[嘻嘻]	1
俩个勤劳的小蜜蜂加油啊[爱你][爱你][爱你]//@化妆师小曼:明天为参加红酒派对的张女士选礼服	1
使用电子菜谱木？[可爱]	1
我看好你哟[哈哈]//@阿泳版:这城市就是一绘图纸模式，才起18英里就同意了，怎么也得来180啊[哈哈]//@老狗38:@阿泳版	1
水瓶比脚高！！//@晏春:[哈哈]好湿！//@可霄先生: 一手好湿。我们在冬天/ 传递春天的幻想/ 不用爆竹的刚烈/ 也不用花朵的柔肠@港中旅孙武 @吃喝玩乐的小天使 @兜兜Claudia @驴妈妈旅游网洪清华 @晏春	1
这地方看着眼熟！[哈哈]@三摩地素食  //@唐?朵: @三摩地素食 菊花豆腐就是牛！	1
感谢您对酒店的认可。驱蚊水必须有，您现在在哪里，马上送到！[可爱]	1
每次都是大扫荡！[哈哈][哈哈][哈哈]	1
第四届北京青年相声节颁奖晚会，观看了各位前辈名家的精彩表演！真是受益匪浅，值得学习！！[鼓掌][鼓掌]	1
#龙享长白#一日工作结束~holiday inn Resort入住，回来路上可以看到整个度假区的夜景~外面很冷屋里却很温暖，洗澡休息，明天一早前往长白山~[哈哈]	1
组团去汉中吧~[哈哈]	1
#高级定制#Cartier  LOVE双环带钻项链/手链......超帅的一款哦...[酷][酷][酷]预定接受中...[鼓掌][鼓掌][鼓掌]帅气的姐妹们看过来哟...	1
[鼓掌] //@上海海神诺富特大酒店--NOVOTEL:中奖名单即将揭晓,大家准备好了吗?[阴险][阴险][鼓掌][鼓掌][抱抱][抱抱][心][心]	1
今宵最后的欢乐，[哈哈]，睡啦! 今晚太欢乐啦! //@boya911:日本人还没进城，就帮日本人欺凌自己的同胞，今日的爱国贼，明日的真汉奸！人人得而诛之 //@段郎说事:转发微博	1
今日出品，开心果芝士蛋糕、焦糖榛子巧克力慕斯！[嘻嘻][嘻嘻][嘻嘻]	1
忘情于海滩之间 //@港中旅酒店有限公司: 北方的秋天渐渐转凉，是时候南下啦~在三亚维景的私人海滩，享受阳光、听听海声，好惬意啊！[抱抱]	1
作为希望持续关怀这群特殊人群的志愿者，期望大家能够关注这些有着特别才能的孩子。@贫困自闭症儿童救助 P.S. [心]//@愫妮: 有灵性的孩子[爱你][爱你]如何才能买到孩子的画作呢？	1
梵，赶紧的//@笑到你肚子疼:哈哈哈，要不要来一发[哈哈][哈哈]	1
联播都卖萌了，咱还矜持个啥？//@猪水瓶: 很多人夸这个系列坦率民生，但我觉得这更像新闻泛娱乐化之一种，更关键的是，卖萌不是贴近[思考]//@猪水瓶: 国庆期间最幸福的事儿就是看就＂你幸福吗？＂的楞问和憨答[哈哈]	1
全是！！！//@煮酒谈史: [嘻嘻]请选择	1
各位注意：这可是大董家的秘密武器！您想想拿勃艮第当饮料喝的，您伤得起吗？[嘻嘻]	1
回复@可可米3171773154:谢谢![爱你] //@可可米3171773154:老师辛苦了，祝您天天健康快乐[爱你][爱你] //@静老师:[鲜花]母亲节快乐！	1
[爱你][爱你][爱你]//@师素珍: //@作家翦秋水: @紫云文心@师素珍@须叔	1
戳中笑点了[嘻嘻]//@管鑫Sam: 革命家梁启超，为求变法漂泊欧美诸国，为大义，舍小家，常年不在老母身前尽孝，人们为褒奖他这种心系天下的大爱精神，尊称其为『妈不理』。	1
绝对好听！//@北京文艺广播:[太开心]//@艺海藏家FM876: 本周四《艺海藏家》直播间里关于蜜蜡的争论[围观]一触即发，微博前期预热！各位亲，你们怎么看~关注@北京文艺广播 主持人@徐德亮 @嘉佳 期待您的参与@雅昌拍卖收藏 @雅昌艺术网官方微博 等待您的互动[围观]	1
忠贞不渝[威武][围观][给力][爱你] //@花开并蒂V:转发微博	1
丁丁玩轮滑、骑车的头盔不用买了 //@回笼茶语龙韵茗香:回复@月亮上的小船:带了一晚上 //@月亮上的小船:[哈哈]女飞行员 //@回笼茶语龙韵茗香:哈哈哈哈哈	1
[围观][围观][围观][围观]//@田火火火: [鼓掌]	1
这么快就收到啦~谢谢支持！[鼓掌] 好好享受阅读的过程吧~	1
我母亲非湘西人氏，就因几桩父亲湘西老乡“失约”的案例，对湘西人留下了不太正面的印象。一天，父亲朋友来长出差，电话预约要来吃饭，结果母亲忙活一天，到了半夜都未见客人出现。几年后再见面，母亲重提此事，那仁兄客气地说道:“嫂子，我是怕给你添麻烦呢！”[哈哈]	1
一定是我打开的方式不对[哈哈]	1
咱妈终于能看到中文的东西了，肯定开心[嘻嘻][嘻嘻][嘻嘻]	1
终于可以有时间完整的看一遍@GTV_我可能不??你 了，好像很久都没有看偶像剧了，是我已经过那个年龄了吗？终于知道为什么是千年修得李大仁了，好想自己身边也有一个李大仁啊！！！！没想到看偶像剧还是会哭，那我还没有老吧？@林依晨Ariel @?柏霖 演的很棒哦！[亲亲]	1
回复@?嘉宛:[哈哈]基本上...写作的，都是病人。比如我整天头头是道讲身心灵，就是久病成良医也。 //@?嘉宛:如果他?是基督徒，或有一人是基督徒，或真正成熟、?容、彼此有?，那就???。	1
[哈哈][哈哈][哈哈]这个一定要转[太开心][太开心][太开心]	1
[鼓掌] //@西北辜狼: 餐饮信息化的提高势在必行//@热点红姨: 尽快实现餐饮智能化管理，降低用工数量，节约成本，使用@热点联盟 电子菜谱和手机点餐糸统[哈哈][赞][握手]	1
顺利到达。欢迎水果！[嘻嘻]	1
老虎中的凤姐。哈哈哈[哈哈] //@谢鸣晓: //@高菲ELSIE：挺可爱的啊[花心] //@笑多了会怀孕:老虎中的奇葩，老虎中的凤姐啊	1
旅游界才子@志俊sun 与@马晓晖二胡 共同演绎＜夜来香＞。默契哦！[鼓掌]	1
[哼] 真正的吃货啥也不怕！[嘻嘻][耶]//@北京五洲皇冠假日酒店:[哈哈]，亲，您还真做了一个对比，太给力了~这真是适合各种吃货~ @大眼儿猫咪 @拈花微笑0n_n0 @开心ivar @玉墨儿 @miss_katie @北京吃货大队长 ~[bed弹跳]	1
鸡西的暴风雨性格不错，说来就来，这会儿已经破涕为笑鸟???[嘻嘻]	1
如果你是这样的一个人，如果你喜欢我们的工作环境和氛围，就请尽快联系我们吧[鼓掌][鼓掌]	1
好消息！[鼓掌]//@妹莉十足:博客美图终于也有大图呈现啦！[鼓掌]投稿须知：照片宽度1000，内容必须原创且质量上乘，附标题和图注最好，一组不低于8张为佳。//@图片博客: 博客高清大图在“私享-天边”！欢迎大家围观！[鼓掌][鼓掌][照相机]	1
有个名字FOSAVENA佛萨维娜，英文直译意思 “富含益生元的燕麦汁”[嘻嘻][嘻嘻] //@参差咖啡:Cool！	1
//@冷笑话精选: 黑人…黑人笑死我了，黑人！ [哈哈]	1
和大家一起真的好开心，生活可以更美的[偷笑] //@放羊哥de舞姿:静姐，我和帮主合过影哦。。。[哈哈]//@三样菜帮主: 呵呵！好啊[可爱] //@潍坊静儿:帮主，不带这样的，下次一定去找你合影哈//@三样菜帮主: 好开心稀饭我们家的菜菜！记得开心快乐每一天哦//@快乐阿喵:	1
[哈哈]笑惨了 还是帅啊。噢嘿呀黑呀，我的快乐至上神马的[嘻嘻] //@春春开朗多:啊啊啊啊啊啊啊啊啊啊//@我爱数学啊啊啊啊啊: //@清华南都:有必要全部重温//@仙之然-和Lelf度过三个月:小学一年级暑假看的现在全忘了w、不过果然无法直视orz.....	1
【剧活动】《#风雷动#》剧组做客《大戏看北京》，精彩花絮照抢先奉上！更多内容，请锁定@北京卫视 @大戏看北京 [鼓掌]	1
真爱腾冲！ //@腾冲旅游微博:[嘻嘻][嘻嘻]	1
"//@长江直播: 又时还要逗逗他们，我把以前发过的""声援华尔街革命""拿出来重发,气死毛粉。 //@LUCY若水:[哈哈]才学会呀！我的艾特设定为自己关注人才可以，看转帖只拎特定分组成员，它们的世界不能没有你，而我们的世界它们想碰瓷求虐都得不到重视。//@照相的穷爷们儿大漠孤狼:他们的贴子俺连看都不看。"	1
#敢吃逗你玩#【一秒钟结冰，教你怎么喝Frappucciono】很多人都喝过这种瓶装Frappuccino，Frappuccino是‘星冰乐’的意思， 但哪里冰? 喝这种罐装，是要先把它雪藏至0℃，再拧开盖轻敲瓶子底部，这样就会“嘘唷”一声整瓶结冰，瞬间形成真正的星冰乐！它二十多块钱的价值就在这里啦[嘻嘻]。「转」	1
#乐享红星#是不是第一口喝到红星二锅头的时候，都是这个样子的？[哈哈]@selena_shenyue  @国安国米	1
小佰也想去尼泊尔呢！感受一下幸福！！[亲亲]//@Belle喜欢关东煮: 还是想去尼泊尔。。	1
#Abby美食DIY#最终寒冷让我决定做水煮肉片来燃烧我的味蕾[哈哈]，因太晚去超市没啥好肉，买肉丁替肉片，省时，还一样给力[鼓掌]	1
//@行家刘国斌: 是一家值得@行家旅游杂志 重点推荐的餐厅！//@杨忠明: [哈哈] @李波_上海人 “琉璃日料店”在上海体育场里，地铁3、4、1号线直达，菜肴品种很多，味道真不错，也可以吃上中餐，这是琉璃的特色，喜欢美食的朋友可以去尝尝，是沪上性价比很高的餐厅。	1
写得不错！欣赏！[赞] //@紫燕雅然:写的太漂亮啦！欣赏收藏...[鼓掌][鼓掌][鼓掌][赞] //@一成china:回复@紫燕雅然:谢谢鼓励！ //@紫燕雅然:蘸墨挥毫一气成，行云似水醉轻风。龙飞凤舞脱俗韵，雅致清新纸上生。 //@一成china 的照片很棒(来自专辑 微博配图)，推荐给大家！ http://t.cn/zW5bxkm	1
哈哈哈，万能的辣椒面～[爱你][爱你]	1
[哈哈]//@淑君: [偷笑]//@放开那只猪:[哈哈]//@宋英杰:哦~ //@杨柳:[哈哈]真逗！//@张鸿:转！！[哈哈]//@老徐时评: [哈哈]//@幽壹:北京晚报被新浪微博鉴定为造谣。。[哈哈] //@刘力博士:[哈哈]//@Arishok:噗 微博反击了 北京晚报这条是谣言	1
是啊我都没主意[嘻嘻] //@chef麻老五:@光头陈庆 笑的灿烂	1
侯老师名言：首都机场真客气！广播里永远都有抱歉的通知！@新相声演员侯振鹏 [哈哈] 我在这里:http://t.cn/zlK9v5K	1
#阳#儿子补送的礼物[哈哈][哈哈]	1
我们蓝城见[爱你]	1
双鱼座的话太阳触发了你日盘十二宫啊，双鱼擅长梦境，日盘十二宫被触动更是梦里有梦，盗梦空间即视感[嘻嘻]//@水清禾暖:最近做梦是很鲜活啊，虽然我是双鱼座	1
//@祁又一: 明恩不错！期待合作！//@家煦: 还是低调一点好[嘻嘻]//@莫敢: @家煦 @明恩传媒 不要假装低调了，想转发就大大方方转发嘛[嘻嘻]。	1
天下熙熙，皆为利来，天下攘攘，皆为利往。 //@荆和平: //@猫步走人生: //@西山书客谭旭东:先收着。 //@范泽木:我已经看过了。 //@陈文明-:转后留看[抱抱] //@范泽木:	1
呵呵，是吗。过去的已过去，往前看啦！ //@李佳念Jonathan: @龚颖Eileen 姐，普及率真是太高了！多少人跟我说看到了！我现在最期待的就是新电影的上映啦！[爱你]	1
//@实用小百科:好美~[爱你]	1
我业余爱好！ //@王琨-有教师资格证的王老师:好么，你们俩上这个课干嘛啊？当老师去？//@王善勇-火龙果儿:是一甲 //@隅幽阁主:有天津话一甲考试吗？我可以试试～[太开心]	1
那怎么着？人家约架，咱和谐一点儿，约k歌呗[哈哈]//@钱宇钱宇: 我还真敢用蒙语唱，反正你也听不懂 ??? [偷笑]//@??嘉-不?-?喜: [哈哈]是蒙语唱的？//@廖阳leo: 第一次听是@钱宇钱宇 唱的！[哈哈]	1
今晚特别幸福，人品大爆发，大下雨的接到几个电话和信息都是怕我从办公室走不了过来接，感动得不行啦，最后在老邱和老江的呵护下顺利到家。为了感谢这些雨中见真情的朋友，今晚熬夜磨石，争取明天一人送你们个石头心！[心][心]@karen老邱 @口味重-_-老江 @我非绯 @懒6-- 和不点名的。。。[嘻嘻]	1
国丰维景@总经理仝晖 在酒店第一届趣味运动会上全情投入,激烈角逐！[抱抱][抱抱]	1
常常微旅行，三五天出门，时间一分一秒，空间一站一到，值得迷恋任何从车窗快速掠过的风景。只要出门，我就带着它，跟着我，Nixon。[嘻嘻]	1
终于上车喽~[嘻嘻]在上车前居然又一次见到他们啦！貌似他也看到我了…[泪][抓狂]	1
@爱减肥的棉花糖 [哈哈][哈哈] //@溪客居: 转发微博	1
[酒][酒][耶] //@CCTV周雪梅: [鼓掌] //@超级牛彭祖:?一集我?的拍摄非常辛苦，沿途也很凶险~这一集不仅有美景，更有许多感动~这一集的香格里拉会以一种不一样的美，呈现在大家的面前~谢谢支持！今天晚上17点15，23点26，我?不见不散！	1
我想买一双烧麦褶黑色的休闲鞋＇一到两千的价位[嘻嘻]谁能给点建议呢[鼓掌][鼓掌][鼓掌]	1
老豹要哭了。  //@蓝颖--Emmy:金梦说喜欢爷们点的男人然后转头对主持人说你就算了[嘻嘻][嘻嘻][嘻嘻][嘻嘻][嘻嘻]你懂了么@Wendy_女亭 @金?炫是老豹_wcc @小导郭昊阳 //@蓝颖--Emmy:转发微博	1
少喝啊# 要等我[做鬼?] //@牧民2020:[哈哈]往死跑!  //@西?宋健:回复@牧民2020:是跑得# ?不住?[做鬼?][做鬼?]@牧民2020   //@牧民2020:收到！飞前来电！我近一周会乱跑！	1
今年的315晚会最逗的不是打假打违法，而是八点二十左右发[哈哈]	1
[亲亲][亲亲][亲亲][亲亲][心][心][心]亲爱的美女们来了很多新款小根鞋哦，上班鞋哦舒服又百搭[呵呵][呵呵][可爱][可爱]赶快来看看吧[围观][围观][围观][鼓掌][鼓掌][鼓掌][鼓掌][飞机][汽车][自行车][太开心][太开心][太开心][太开心]	1
太欢乐[哈哈] //@?妖草:(?_?)//@McHPSerDer:哈哈哈哈//@油大的YUDA: 边上的张国立投来了关切的眼神//@陈撸撸ku: 哈哈哈哈哈哈//@顺眼的: 哈哈哈哈哈好哈哈哈哈哈哈哈哈哈哈哈哈哈哈哈//@机智少女倩: 哈哈哈哈哈//@新东方烹饪学校校花: hhhhhh //@付??:哈哈哈哈哈哈 //@失控的Saner: 哈哈哈哈哈哈	1
[晕]舒克[哈哈] //@Daisy-娜娜:@梁砚 飞行员冯叔来了[哈哈][哈哈][哈哈] //@Summer燕子: @冯绍峰@梁砚@Daisy-娜娜	1
#Health Tips# 在北京的生活节奏紧张，每天又处在信息爆炸的环境中，有时候想要清净一下都很难，所以有一种新的方式叫做“数码排毒”，做一次数码排毒！就是在休息天的时候不要带手机，放松你的眼睛！降低你的压力！还能预防手机综合症啊[鼓掌][xkl追][xkl奔跑]回归一下本真生活	1
[哈哈] //@过往只能回味:其实嘻哈包袱铺的刘星也挺爷们的[偷笑] // @嘻哈包袱铺刘星 ：[偷笑]	1
[熊猫][嘻嘻][嘻嘻][嘻嘻]@桔子的流年 @堇紫苏	1
[哈哈][哈哈]//@梦里这边独好:哇，这是巴厘岛嘛？不，这是人家度假天堂：庐山西海//@a赵小美: 人美景更美……	1
再见!丽江![可爱]	1
[嘻嘻]草湖，[偷笑]等段时间草湖都看不到了。12012年10月15日起至2013年4月30日，花湖景区湿地生态系统进入休憩、修复期，景区暂停一切经营活动。http://t.cn/zlbltOy	1
跳起来鸟，歌伴舞！[鼓掌]	1
快乐大本营总是喜事不断……[哈哈]导演组嫁女了，恭喜恭喜！今天最美的新娘冯佳，她曾给大家带来过许多的快乐，今天她也找到了自己的幸福快乐……[心]大家一起祝福这对新人吧！[鼓掌]（剩下的兄弟姐妹们，继续加油啊！[抓狂][嘻嘻]）	1
//@侯宁: [哈哈]//@李大霄: 不是还有6点么//@侯宁: 你真油菜//@梦回325的我: 专家到了中国股市，谁也不好使.赵笑云进去，赵光腚出来 股神林园进去，骨灰陵园出来；叶荣添进去，赔翻天出来；叶檀进去，吐痰出来；牛刀进去，熊刀出来.李大霄进去.挨顿削出来.老沙进去，被杀出来.韩志国进去.韩砸锅出来	1
不知，不尽知，有所期待，有所失望，所以一切才这样迷人。――王蒙 （早安[嘻嘻]）	1
婆婆昨晚说, 想吃春卷. 今个儿, 公公去买了春卷皮, 老妈忙了一天不仅为我们包了春卷, 还有特好吃的饺子. 感恩老妈还特地为我单独准备的素春卷和饺子! 这会儿老爸自告奋勇说做面饼. 真是过年了, 热闹... 下周公公生日, 还能再撮一顿 [哈哈] @?琦君  @致青 您俩得好好表现, 表现的说...	1
[哈哈] //@Dennis双桂坊:哇，这个要转哦，各地同事依依惜别 #CUPID丘比特系统# 。文艺女青年总结的真好！大家点开看大图啊。目前见过版本有BJS/NKG/HGH/TAO/CAN/FOC以及CDG版。[围观][威武]。Again, 6023 sign out.	1
【#超级笑星#微直播】当夫妻俩斗嘴的时候~千万不能去劝架[可怜]~否则~劝架的后果就是和铁锅@郭金杰 教练一样~被背下去啦~[哈哈]	1
所以说换了镜头，就是原片都感觉不一样啦~[害羞]再去处理下会不会更好[哈哈]	1
转！[哈哈][哈哈][哈哈]	1
新西兰 [爱你][爱你][爱你] //@叮叮带你玩转新西兰:天气不错哦	1
我就爱吃肥猫香锅！大家都来尝尝吧！@肥猫麻辣香锅-李未 量大味道好！服务更是周到的不得了！[晕][哈哈][爱你][馋嘴]	1
先下定决心一个人也走，然后再约伴。约不上也走。另，照片不错。[亲亲]	1
米卢斯的天鹅太有福啦[哈哈]	1
遥想当年身处国安和申花的比赛现场，随着每进一球，那人浪造的真是“绵绵无绝期”呀！[耶][偷笑]大伙嗓子都喊哑了，嗨透了！//@清凝子://@北京国安官方微博: [鼓掌]欢迎阿龙老师和更多的球迷来工体观看比赛。[good]@北京阿龙_lis	1
这世界真的是哈小啊！@怕热的刘小狸要继续努力工作 竟然和@不妥协的吞吐 变同事了！[哈哈][兔子][神马][浮云]	1
资本主义哦 //@CVTV黄保罗:美国也是一样！你做一辈子也是替政府打半工。。[哈哈]	1
老外也挺机灵[哈哈]//@道里大翠花: 打出来的蛋都是刷锅水味[哈哈][哈哈][哈哈][哈哈][哈哈][哈哈][哈哈]	1
吸引我们的是虚荣，而不是舒适或快乐！//@李小妮：同样热爱大叔，这位同学和GMM展现了不一样的思想境界，这就是差距啊[哈哈]	1
回家吃妈姆做的酱牛肉就棒渣粥，and馒头蘸辣椒酱了[哈哈]	1
[嘻嘻][嘻嘻]@宋燕不v //@杨铭珏Nana: [哈哈][哈哈][哈哈]	1
出发啦，我会有个好旅程！[可爱]＂雪山、青草、那美丽的喇嘛庙＂@罗然小小 @在阳光里流浪 @小匣子玫瑰 @嗷嗷小狼狗 @Mickey_Leeism  @河沙田的娃儿 @S丶eal  @策划人白琨 @比天使尊贵一点点	1
我在Le Vin(签到75次)：吃草啃兔子顺便打打Jeff[哈哈]  http://t.cn/zO0s2mI	1
直播马上开始，今天@王一 从外景回到直播间，本周四我们组织大家去品尝九十九顶毡房，现在开始招募啦！[太开心][太开心]为显本次招募的“隆重”，我们特别准备了一个有难度的互动话题，请各位童鞋说说自己最喜欢@北京文艺广播 哪位男主持？[偷笑][偷笑]	1
感谢高智勇先生的独家照片，不介意被我转一下吧[哈哈]，小尚在看什么？好专注的样子！再祝室长生日快乐！	1
#深玩美国#Costco买到的[爱你]旧金山渔人码头Doudin的法式面包碗配的就是这种干贝浓汤[馋嘴]这家的面包是法式酸面包，做成超可爱的小熊、乌龟状，来渔人码头不妨去试试，soup in bread $7.49一份?Costco 11.99两桶招牌就是这个了，吃了还想吃[偷笑]	1
实话实说[衰] //@林晖_上海:固体、液体、气体都是毒，幸福感由然而生[哈哈] //@北山骑象人:老钟好人，肺腑之言！鸡的屁和收入倍增都是政客的游戏！	1
@小珊子围脖 大美儿~ [爱你]	1
双节快乐，元宵节快乐，情人也快乐[爱你][嘻嘻][嘻嘻][马上有对象][马到成功][发红包][吃元宵][吃元宵][吃元宵][吃元宵]	1
朋友相机里的我，好喜欢这张[爱你][嘻嘻] http://t.cn/z0doIxJ	1
十一期间咱们聚聚吧~[可爱]@静水流深JULY @亲亲angel慧子	1
巨复杂的拼插机器怪兽，梦梦昨晚的成果。[哈哈][爱你]	1
看了肚子好饿[亲亲] //@泡泡海旅游网:晚上到海边去抓螃蟹、捡螺.[加油啊]	1
真不错。[爱你]	1
超级限量版，暂时保密啊。嘿嘿。 //@出版人南北:回复@蓝蛇:不行，必须等到它该出现的那一天。[嘻嘻] //@蓝蛇:在哪儿在哪儿？？能秀出来给我们看看不？？？[花心]	1
专注心灵鸡汤一百年[嘻嘻]	1
回复@咸蛋超人suki:不过这样倒是让我感到很欣慰啊[嘻嘻] //@咸蛋超人suki:对的……完全没有腰线诶，好奇怪 //@Lindz:这。。。还是穿上衣服比较有范，为啥这么瘦还是直筒腰[可怜]	1
[鼓掌] //@龙腾精英-李彦玲:/[?]/@田晓龙: //@龙腾cherry: [给力][给力][给力][给力] //@御宅男zc:[给力][鼓掌][鼓掌][鼓掌] //@LUKE-KONG:@架势创作-嘉式文化传播工作室 @御宅男zc [心]@龙腾cherry @龙腾精英模特经纪-上海官方	1
回复@草原900:[哈哈]俺继续努力 //@草原900:这年头够土才有范。。[哈哈][嘻嘻]	1
爱你 彦砚姐[爱你][爱你][爱你]	1
回复@海怪骑士:热烈欢迎！[哈哈] //@海怪骑士:请问拉萨演出场地定了吗？@小xiu @不死渔夫 @西藏-邦达仓大院 //@东城木子月月鸟:顺路视察一下船的建造进度[嘻嘻]	1
忽然觉得活在中国真好。//@实用小百科: 神奇的国度~[哈哈]	1
[兔子][哈哈]这里的自然环境一流，是您商务或者度假的首选之地哟！	1
口音太重，信-性部分，哪人呐？ //@微博搞笑排行榜:冷爆了！[可爱]	1
那是拌拉皮?有皱纹的可以来一份。//@蜜兔118:左下是拌粉皮么？暑假来啦，我开足马力来了，[害羞][鼓掌][鼓掌]	1
虽然我是第二名[银牌]，但是真的挑战了自己。[鼓掌]我没想到自己会这么强大！健身5年了，一直在超越自己，汗水如钻石般闪亮！[干杯]运动是快乐之源~@浩沙健身北京区 美妞儿@Sunny咪咪 你咋记错了时间呐?[晕]	1
雨已经停了，放心，我安好！[爱你][爱你]	1
呵呵，某平台给我开出的价格和这个差不多。[哈哈] //@屈辰晨: //@窦林卿:回复@李晓琪:我觉得66块钱都可以省了。 //@李晓琪:请教出版同仁们别家情况如何？这是给中信2010年新书的开价。	1
//@JJ蝈蝈: //@东万吧官方微博：谢谢翻译哟//@欣欣胜日猪：[鼓掌]//@橙色仙后赫敏: //@彗星玉阿狸:帅 //@津十三: 转发微博。	1
哈哈。这代表你们编辑部效率高，人才多，低投入，高产出。好事啊。[哈哈]//@汤文培: 哈哈，这是谁干的好事啊？	1
回忆一把肘子问题的讨论现场盛况。 //@心泉之家:明天19:30，CCTV2，该咱们几个出场了！@食尚小米 @蛋蛋IN北京 @自由主妇 @绿色蝴蝶 @京城闲人 @billy的美食美酒世界 @宝宝兔儿 ，@潇潇的简约厨房 你们是后天出场[嘻嘻]	1
回复@刘忆斯:为什么？ //@刘忆斯:好看！但笑笑同学表示看这本书压力很大。。。[嘻嘻]	1
//@相声演员刘兰亭://@孙其智: [嘻嘻][嘻嘻][嘻嘻]//@周?-小尖果儿:大家来帮转[围观][围观]@史清元 @蒋松鹤 @顺其自然SUN @天津肉肉 @王帅--小帅帅 @北方网奕柯 @杨长在 @陈树桐说相声的 @相声演员刘兰亭 @富室红楼 @花间一茶壶 @天津江米小枣 @小七石磊 @孙其智 @天津豹豹	1
//@张水晶:[哈哈] //@卢九评://@全球热门排行榜:杯具啊[哈哈]	1
开心[哈哈]//@江勇Michael: 亲，电子抽奖你也能中啊，真是命好哦@云波心 开心否？ //@李臻的微博:只有闭上眼睛才看不见海，但依旧听得见海的声音，还等什么呢，快快加入，参加活动，和我一样体验美丽而浪漫的旅程！@江勇Michael @爱琴海Secretary @佳菲猫21	1
吼吼，祝大家午餐愉快[鼓掌]	1
阿雅采访李亚鹏 @MISSTQLA @媛媛瞎逛  听他怎么说菲菲的[哈哈]http://t.cn/zjyPb4c	1
好科谱……尤其是对人科动物的辨识[哈哈]//@梁智勇: //@中国国家地理: 还有，那两个戴帽子的是人……//@博物杂志: ?鳅，又叫鬼头刀，就是被少年派抓住后迅速褪色的那个。那个脑袋是海狮科的，那个鸟是鹈鹕~ //@不管怎样糟糕菌还是会爱着你们的:@博物杂志 博物君这是啥鱼长得好扁哈哈哈	1
回到办公室，桌上摆着好大个箱子[吃惊][鼓掌]，谢谢@张小茜童鞋 [亲亲]，我一定好好坚持，美美哒[太开心]	1
[哈哈] //@张健HIGHREAD: //@Lancy_安静: 都疯了。@李静-Lisa @微笑的山药蛋 @丁坤queen @judyliu //@Micah萌: 转发微博。	1
[偷笑][偷笑] //@荷塘夜色中:严重祝贺一下！[鼓掌][鼓掌] @西街小吵	1
#玩转奥克兰# 鸟岛啊? 全是鸟儿?[嘻嘻]	1
早春是毛衣的天下。毛衣加上衬衫的搭配最实用舒服啦[爱你]	1
#外婆喊你吃饭咯# @滕小笨 @summerisummer 乖宝们，@外婆家 好火哦，菜单偶翻了，免费的小桔子和茶水也喝了，快来快来miss you[爱你]	1
好喜欢@向京 老师的#亲爱的小孩#在@CIGE 上也看到了[可爱]	1
@Naadira斐异所思 我休息下我们聚哈，昨天到1点左右。@彼得詹 你有没有发现我戴的是？[爱你][爱你]@文wendy雯 尽量周末走起哈@Candyman8955 @loveshayne 约见	1
我也支持！//@死胖子蔡俊：//@谭惠?儿：[哈哈]	1
今天，我的台湾帅锅搭档口才也了得！我们这双口相声说得还不错吧――2013年，我们在饭前饭后――闻香、录音、说“相声”！哈哈哈[good]！ //@0??山伯爵0:[鼓掌][鼓掌][鼓掌]	1
进口羊排超级赞，七成熟的口感掌握的很好，而且羊肉的鲜味呈现得淋漓尽致[哈哈][哈哈] 我在:http://t.cn/zWO6iYA	1
今天苏州2,3,4台依然可以看到哦[鼓掌]	1
超值特价，超值特价！[鼓掌][鼓掌][鼓掌]快来抢啊！//@海岛专家alina: 上海起止 ，5月17号 索菲特SO酒店 小套间 含早晚餐 特价 9900元/人 含税金 5月20号 10500/人。机票有限 先到先得 联系人:YOYO 电话:13810471057.QQ：13810471057！#毛里求斯特价#	1
#印度美食节开幕#，9月13日晚，在酒店的大堂吧举行了2012印度美食节的开幕仪式。[鞭炮]活动上，酒店特别邀请了印度驻华使馆的政务及文化参赞Arun Kumar Sahu 先生参加此次活动开幕仪式并为美食节剪彩。两位身着印度服饰的美女舞者在传统印度音乐的伴奏下偏偏起舞，为此次活动拉开精彩的序幕。[鼓掌]	1
[哈哈][哈哈][哈哈][哈哈] //@经典丶微小说:好飘逸的秀发。[哈哈]@北京的徐涵	1
[哈哈]//@谢元编辑: [哈哈]	1
好温馨的场面[爱你]	1
当年迈的父母还要经历病魔的俯视耽耽时，我们有的就是大大的希望和祝福，真的很高兴亲的母亲能够最终的康复，我们特别想送一只特殊的小鹿给您的母亲，意寓着她以后的人生道路将一“鹿”平安。。也感谢亲让大家看到孝心的传递与延续，请私信我您的邮寄地址。。@行在路上_爱 @悦榕庄BanyanTree [抱抱]	1
#周末去哪儿#漳州长泰古山重，花都开好了。[爱你]	1
哈哈！福音啊 //@H虾米: 哈哈哈哈@wangpzh //@学中文的挨踢妞: 招行超级网银的资金归集功能，早就知道了[偷笑]@映月如妍new @彦璇311 你们可以用上[哈哈]	1
回复@番茄脸红红114:那亲是奔着明年全免麻袋大奖重游来的啊！[哈哈][哈哈] //@番茄脸红红114:啊，啊，我都不晓得 //@天堂马尔代夫:带着它去毛球吧！[哈哈][爱你]	1
【城市之音四川台FM102.6】#谢探和你比手艺#为了超越@城市之音谢探 ，大家可谓大显身手！不过，左下您这是怎么了？太激动啊~[嘻嘻][嘻嘻][哈哈][哈哈]	1
总之我是饿了！[可怜] //@苏州香格里拉大酒店:饭点转发不算报复社会吧[哈哈]	1
[话筒] 我们的粉丝越多,  送出奖品越多: 粉丝数10,000或以上 ? 免费入住所选的酒店2个晚上 [奥特曼]  粉丝数 20,000或以上 -免费入住所选的酒店3个晚上[太开心]  还没参加的快参加! 参加了的, 邀请好友, 帮我们送更大的奖品给您! [围观] [礼物] [心]	1
是了。走?越多地方，越珍?自己出生?大的地人事物。外面不是一味的好，??眼界不知道。//@荔枝人民的好公仆: 北京遇上西雅图[可爱]	1
//@美食文摘：//@京城豆腐白：餐饮界的京城四少分别是梧桐的余梅胜、孔乙己尚宴的陈庆、邢卫东、皇家驿站的郝文杰。他们入得厨房、出得厅堂的艺术家。是京城创意菜的先锋，是玩才玩菜的专家，这个封号是边疆老师提出的，[哈哈] //@CC小君:白大厨给介绍介绍~~~	1
回复@ManGu曼谷杂志:P bird脸书一出，两小时内收获了近4000个赞Like[给力][给力][太开心] //@ManGu曼谷杂志:@Gegee郭蕊	1
过了//@新梦回大唐: 唱支山歌给当听[哈哈]	1
参加我们春节包机，北京直飞大溪地，马上就去波拉波拉！ //@四季酒店_FOURSEASONS: 那?天? 那?海? [爱你][爱你][爱你]	1
回复@东街菜菜:不要着急哦，请特别注意提示第一条和最后一条，这是一种参哦，三个字的[挤眼] //@东街菜菜:搜了半天了没找到呢[嘻嘻] //@康源瑞廷酒店:今天这道题有点儿难度哦,亲们加油 @健康主题酒店-sally苏	1
这啥情况？老胡也被黑吃黑了？[哈哈]	1
太有爱[心] //@汪汪喵呜孤儿院:[爱你]	1
[哈哈]邵兄弟客气了。欢迎朋友们	1
#中华旅游名博丹霞山行# @中国丹霞山 当酒窝遇上酒窝时~无畏无惧~哪管缆车有多高?[可爱]@李黛-了尘 来自话题#中华旅游名博丹霞山行# http://t.cn/zHWFBcI	1
YSL[爱你]	1
[哈哈][哈哈]可怜的麦当当，这不是招砖盖墙么 //@SocialBeta:[微评]@王婧Jean: 社会化平台是平等开放随意的，但并不意味着企业的行为也可以如此，任何社会化行动背后都应该有严谨的研究支撑。要提倡 #假随意，真做作#	1
你这一说，还真是~~[嘻嘻] //@uiuinn:好般配啊，两个人都有小酒窝~	1
今晚有两点收获，一是我发现“核聚变反应堆”的内部结构比我这道名为“金屋藏娇”的菜要复杂，二是突然想起读初中的时候，看完《时间简史》以后的人生梦想是成为一个天文物理学家[嘻嘻]好啦，晚安啦，大家伙～明天分享会上分享氢弹与发电的关系[太开心]	1
张张都是经典//@李威:[哈哈]//@肉唐僧:[哈哈]	1
哈哈 //@时尚_薛小水:那价钱有点尴尬啊[哈哈] //@光子:@王晓枫 @瑜说 @DAVID时尚生活 @本来没想博 @刘朔硕 @苕恩先生 @张蜗牛 @啊沫titi @吴泳璇 @杨小艾艾 @IzawaFoo @胡心怡同学 @朽枝 @时尚_薛小水 @dalsy朦 @mmmontage @十四点 @花好岳圆 @叶赫氏镶黄旗的正牌格格 @快乐大婷婷	1
春节运动会简称春运，是中国铁道部或中铁总公司主办的全国性运动会，每年春节期间举行一次。比赛项目分网上抢票、电话订票、排队买票三大项，每大项分成猛击鼠标、快速按键、原地站立、负重暴走、穿越人海5个小项，共有来自全国23个省、5个自治区、4个直辖市约2亿人次参赛。今年你参赛了么？[哈哈]	1
//@触碰心灵的台词:时尚穿衣搭配，学习。[鼓掌]	1
回复@卢勇教授:好的，节后向我们陈曦总申请@陈曦Jesse ，我们都喜欢品舍得酒[哈哈] //@卢勇教授:你可算是回来了！那赶紧送我广告吧！ //@卢勇教授:这两天老是下雨，真够烦的！[奥特曼]	1
都想想吃啥呀[汗] //@mendy静静:回复@RukMaiMeeWantay_K:把吃，我们都是无肉不欢的[哈哈] //@RukMaiMeeWantay_K:亲 吃素吗[嘻嘻][嘻嘻]	1
@悦乐优惠 招聘商务拓展负责人和商务专员，工作地点Based in 深圳，各位有合适的请自荐或推荐，发我私信即可，如有合适人选成功入职并转正者，推荐人提供物质或非物质奖励:)[嘻嘻][哈哈]	1
//@猫猫想飞:帮转一下[嘻嘻]@我是顾小福 @贼儿蹦蹦 @Diveblue	1
走很多地方，去很多国家，把各式各样的印章收集起来，配上拍过的风景，制作一本旅行日记，留着回味。[嘻嘻]	1
[哈哈][馋嘴][给力]	1
我们在丹缇聚会呢。有人来没？哈哈哈果真还是人气多好！[嘻嘻]	1
#网媒看江西#全国网络媒体江西游记者在@南昌湖光山舍田园农庄 现场微博互动赢奖品哦！各位好运！[哈哈]	1
难得入春，各种太阳控户外控都出马了，下回还是得早点哦~[抱抱]	1
正宗好产品，正宗好声音！[嘻嘻][嘻嘻] //@东风雪铁龙CITROEN:东风雪铁龙C4L发布会开始了，由华少主持哦！围起来啊，雪粉们~~~	1
木有搞到@马佳佳Powerful 提供的终极大奖飞机杯[嘻嘻]	1
很文艺的名称“时光绘”。但颜色搭配感觉有点怪。//@安可LC: 终于可以对外发声了~~[可爱]	1
比著名的黄果树瀑布大出十余倍，瑰丽非凡。[太开心][太开心]	1
谁还没睡哦？过来冒个泡[哈哈]	1
逗死 个例吧//@欢喜木: //@郑大果果果: 天下带腿的除了桌子都吃[哈哈] //@笑多了会怀孕:老外含泪诉说娶中国太太的下场！	1
公婆刚从斯里兰卡回到波兰，从南国的热带阳光回到欧洲的冰天雪地中，加上时差，两人都生病了。昨天，公公8：30学校有会议，结果他8：45分才睡醒！[呵呵]这几天，他们已经开始圣诞节大餐的准备工作。由于今年在荷兰过节，更是要提前准备。到时，他们准备抗几条鲤鱼来格村过节呢？[可爱]	1
期待龚总的体验，同时也希望更多的人来体验评价我们的产品[给力] //@龚虹嘉:回复  @潘云龙kenny :我?住了，辛巴?旅??，?性化境外游定制，我?找????的。 // @潘云龙kenny :龚总，也投投旅游吧！[哈哈] // @龚虹嘉 :我也考?回我母校去?一??似MlT的??基金  // @chaos_rebel :	1
小天总结的不错[哈哈]//@北京伯豪瑞廷酒店:周末又有雨雪，大家注意	1
感谢你们的细心照顾，在这段日子里我们就像一家人一样。特别要谢谢志华、天雨、王岑，贴心照顾小小柴，还有我们可爱的管家先荣…我替小小柴再次感谢！在新的一年里让大家都越来越好吧！[爱你][嘻嘻]	1
脸都聚成包子样了～@果冻家的小铭 有木有？[嘻嘻][嘻嘻][嘻嘻]	1
哎呀呀！兄弟给力！下回来哈！[爱你] //@6666Chin:[挖鼻屎][挖鼻屎] 不叫我赞助一下//@于靖_:生日快乐[蛋糕]越来越好！	1
港市茶餐厅推出现酿鲜啤，纯正德国啤酒，男士至爱，更有更多时蔬菜什，海鲜烧烤！让您纵情畅饮，尽享美好时光！[哈哈][可爱]	1
依然美的冒泡呢！[爱你][爱你][爱你]	1
回复@合润创制:[嘻嘻]给理科生一个机会，还全世界一个奇迹！ //@合润创制:这题出的太惨绝人寰了~~~~能不能给文科生一条活路呢！	1
对于那个纷扰乱象的国度，再无助再恐怖再失望再厌恶，也要让自己那颗积极乐观的心继续保持鲜活[心][心]站在沙夫豪森我最爱的咖啡馆前，来，笑一个[呵呵][呵呵][哈哈][哈哈]	1
"回复@Angela--Chow:咖啡确实是个很个性的东东，也是它的魅力所在，中度也很有特点，但?人觉得没有""绽放""[哈哈][哈哈][哈哈] //@Angela--Chow:曼中田 个人喜欢还包留酸度的中度烘培"	1
回复@北国阿凌:谢谢，是锦绣年华。[嘻嘻] //@北国阿凌:推荐锦乡年华！转发支持！[握手] //@画家刘勇:回复@张桂森2010:真诚欢迎！[握手]  //@张桂森2010:大画家的创意，一定精彩无限，改天带客户去看看 //@画家刘勇:回复@张桂森2010:真诚欢迎！[握手]	1
周三1月30日 与宝贝第一次合作，味道超级棒，就是米饭硬的要命[挖鼻屎] 特此纪念，相信以后我们的生活会越来越好[可爱] @??	1
收了[哈哈][哈哈]	1
高智商的对手过招有意思[哈哈] //@_-冰翼-_:[哈哈] //@无畏的-心:可口可乐照搬百事的设计，没侵权吗?[笑哈哈] //@许身健:与杰出者做对手也是一件幸事//@许子杰微博: 太油菜花啦！[嘻嘻]	1
老天让我中五百万吧[嘻嘻][嘻嘻]//@VTM小宇宙萌:你俩说说想什么呢？[哈哈]	1
回复@巴闭小君君:[爱你][爱你]这是对俺们最大滴肯定[鼓掌][鼓掌] //@巴闭小君君:我介个广东人表示很满意吓[哈哈]	1
草原巴图鲁！ //@颐和吴老:草原娃 //@旭日春天Arsalan: 小孩牵着骆驼太经典了。[抱抱]	1
餐饮、最包容的行业。[哈哈][哈哈][哈哈]	1
和男人们一起坚挺的存在着，节日快乐[哈哈] 我在这里:http://t.cn/zlnVmzo	1
下午出去开着小白和老哥得瑟了一把[哈哈]尽管俺的小白价格只有他大哈一个零头，尽管一路所有的目光都被哈雷夺走。但，咱很省油，咱也是京A，咱很安静，咱是北京第一辆Pcx125[嘻嘻]低调的美，顺便鄙视一下京承高速到五环一下并三条线到出口以及东风北桥出口辅路行驶不知道让主路的无良司机[哼][哈哈]	1
回复@花影娉婷的围脖:双节嘛,有吃有花才完羔 //@花影娉婷的围脖:谢谢姐姐[爱你][爱你]好感动	1
当爱已成往事，当岁月已远，一切都放下吧！老实做人，老实修行！出去找路玩儿去嘹[哈哈]	1
@任阿不 像不像丁旭？[哈哈]	1
//@博瑞祥云郭玮:为你！心存感激！为你，努力付出！祥云一家亲再次起航啦！ //@博瑞祥云奥迪:提前祝大家感恩节快乐[可爱]@奥迪汇 @博瑞祥云郭玮 @博瑞祥云燕子 @牛赵 @娜小鱼儿 @不不陀 @驿站之心 @蜜桃大师 @二手车小胖 @戚扬人 @叶寞凡 @Amanda爱自然爱养生 @松鼠小仙	1
表不能经常带[嘻嘻]	1
白胡子老爷爷真可爱[嘻嘻]	1
[哈哈]很气场的说，突然想念哥顿哥哥的无限创造力！//@杨青YangQing: 今天被我的闺蜜哥顿挑衣服，在适合我的有限的范围内，哥顿发挥了无限的创造力，店员和顾客纷纷驻足围观，我羞涩万分，这套似乎是不错，但似乎又热了点儿，呃.......	1
好丰富喔[太开心]有这样的leader真幸福	1
就别往人伤口撒盐了[哈哈] //@小玉变小葵:@杨帆是个形容词 你快pk一下，有人要冷过你了~！	1
[哈哈]//@鱼鱼金伟: 完美的老板一定是整天托着下巴呢……乐掉了下巴的感觉真好 @即时的幸福 // @即时的幸福 : @黄油小熊 你打败了大胡子叔叔。	1
[害羞] //@WB中国美丽婚礼: 李老师听到没？//@CYY潇然:右中：very wang婚纱 面料：绡[花心] 左中：分辨真假雪纺[嘻嘻] 左下：法国进口蕾丝面料[good] 超爱这堂课 @柏灵私人婚礼顾问Ling   @李飞fifi   要是能接触更多面料就更好了 作业会好写点儿[嘻嘻]	1
我用下半辈子的芥蓝顶这条?[酷][爱你]//@悬浮岛的小静子:我用下半辈子的切糕顶这条~	1
为了防止明天被谋杀，今日先自杀了。[嘻嘻][哼]	1
[哈哈] //@穆杉伯男: 大象跟大家玩儿的超开心 还趁我不注意用鼻子摸我的脸[哼] //@天生异狐nana:大鼻涕弄了我一身一包[泪][泪] //@一熊微博: 我没骑 ，说我有洁癖，那鼻子头上大鼻涕[嘻嘻]//@晓凡-Susan:@天生异狐nana @江南忆龄 @o郭小沐o @穆杉伯男	1
一掌定乾坤[嘻嘻]@我想说真话- @璇宝宝Elaine @刘杨刘杨刘大杨 @果冻爱美食 @姚佳sky @Monica的V生活	1
真是无限好创意啊！[鼓掌][鼓掌]妈妈拍摄构图也好赞啊，大片啊[花心]	1
回复@方大少HOW:都要杀青了！[嘻嘻][嘻嘻] //@方大少HOW:@张帆DORA @ 你都不去探班吗？[挖鼻屎][挖鼻屎] //@晓光导演:  //@姜佩伶:导演入戏啦[嘻嘻]	1
回复@黄家老斜:不晓得。问尖叫 //@黄家老斜:洋人街？ //@王志强-人车:奢华。赶上CCAV的春晚了[嘻嘻]	1
酷帅酷帅滴，好有范儿呀，请问三位警官，外星人逮住了吗？[嘻嘻]#张译#	1
一夜夫妻百日恩，百日夫妻仇更深[哈哈]	1
回复@微安夏尔:真的是吗？好啊，送出一本《杉》新书。请请火速私信须叔真实姓名、地址、手机号；期待分享阅读感受！[鼓掌]欢迎各位童鞋参加，本活动配套豆瓣地址：http://t.cn/8F0Qf54 欢迎参加，争取最大成功Ｏ（∩＿∩）Ｏ哈！[心]	1
什么叫一不做二不休？就是拿昨晚入手的一件衣衣去退，然后成功的又淘换了两件回来[鼓掌][鼓掌][酷][酷]	1
下午老爸非要去上班。未能阻止。待他老人家出门后。到他房间一瞅，他的电脑没带。豁然阴转晴。他该很快回家的。[嘻嘻]	1
想要//@小P老师：怎么舍得吃呢？[爱你] [哈哈] [抱抱]	1
加勒个油啊， 这个喜感的家伙看着就想乐[嘻嘻] //@成功营销:虽然北京天气雾蒙蒙的，仍希望各位有个好心情。传递力量[奥特曼]	1
回复@士载LS:我们取名叫“发钙委”…… //@士载LS:提供好点子有精油送么？算了，没精油我也提供，发丐尾，绅饥署，锅房部，还有什么广癫总菊。。。[哈哈] //@雕爷:我们在做一款APP，塔防类，其中一个怪物的种类叫“红十仔会飞”~还有“铁盗部”、“盅宣部”什么的……大家还有啥好点子提供的？	1
非常欢喜[鼓掌]	1
[爱你]//@逆日_九天若言_负能量爆棚:@老舍纪念馆微博	1
技术贴，有用[雷锋]//@susie爱小白: 这个得收着吧[嘻嘻]走起来呀!	1
蛇口是个很有意思的地方，在该区域，他们有自己的电视台（创办于1991年），拍摄和制作的节目只在该区域落地播出，不过，好奇的朋友可以狠戳他们的网站：www.sktv.com.cn，就从深双的厂馆改造开始看起吧～[鼓掌]//@深港双城双年展:还有29天开展啦 //@董dcm: @深港双城双年展 //@董dcm: @深港双城双年展	1
回复@刘总Troy:帮转！ //@刘总Troy:@盛博 给你们吃货的[哈哈] //@刘总Troy:我小声的问一句，你们还有没关注的吗[哈哈][哈哈][哈哈]@Loyalty导航线 @Matt_Weibo @James逄 [哈哈][哈哈]	1
高端显大气。[抱抱] //@安猪安心做猪: 转发微博	1
[太开心]旅行，是青春暴走的情欲，你不出发，永远不会知道其中的诱惑[爱你]我们一起偶遇在路上吧～	1
一路狂奔啊！最后两分钟尽然可以登车[哈哈]	1
这个主人在家里偷偷放了一个摄像机，想知道汪星人独自在家会是什么样儿，因为这位主人平时不允许汪星人上床，结果。。结果拍到了这个画面。。。[哈哈] （转）	1
很赞的活动[鼓掌][鼓掌][鼓掌]	1
不知道现在眼睛睁开来了伐 [爱你]	1
//@travelerinhutong: 标题重要、领导冒号、娱记无敌[哈哈]//@方家评说:[哈哈] //@公民列宁:领导无话可说。。。登报《领导和三陪小姐一夜，相视无语》！[哈哈]	1
稀饭她的歌[爱你]	1
这样的一个下雨天，看到这样的一幅画，心情一下子美好起来[亲亲]	1
2月7日，著名电影演员#汤唯#入住#北京国际艺苑皇冠假日酒店#，并为酒店留下了亲笔签名及签名名信片。[太开心]	1
MUX羽毛日~ 最美搭档欢乐多[嘻嘻] @李望iyy @chinapixel @142GuCs3 @Blueui	1
有了500，ipad 2就每份了[哈哈] //@airowner:啥意思 //@墙根网-蜗牛:ipad 2没份了	1
哎，别胡说！//@阿依不爱吃汤饭:名副其实的No.1[爱你][爱你] //@俺叫老鬼:[害羞]//@天山百度:当之无愧[赞]//@新疆千年胡杨:新疆旅游NO:1~	1
//@聚点串吧餐饮:哈哈~咱家厚道着呢~欢迎再来哦~[嘻嘻]	1
水太大了[嘻嘻]	1
还在老挝么？佛教国家会让你感到一种难得的心灵安定，这种安定感是弥漫在空气中的，上次在吴哥，和一位僧侣用英文聊佛法，很长见识，当时就想不走了[嘻嘻]	1
香煎三文鱼。外焦里嫩，口感有点像金枪鱼。不过还是生的好吃！[哈哈][哈哈][哈哈]@北京海盈阁水产行 @挪威三文鱼官方微博 @贰拾壹家庭料理	1
哈哈，斯图加特到斯堡真的很方便，欢迎常来~[阴险][抱抱]	1
真帅气[亲亲] //@锥光Tookoan: //@一个人的精彩70: 好帅的宝贝?	1
[鼓掌]不错，小子出师了	1
不客气！节日快乐！大家一起过大年！[嘻嘻]	1
[哈哈][哈哈] //@阿森纳新闻:你们不要这么欺负新同学好么。[挖鼻屎]	1
此时此刻[哈哈][泪]这就是生活[白云][微风]@招财硕硕	1
看完315，很out地发现孙红雷哥哥说这么雷的广告语“叫你亲不如质量精”。够坏的[可爱]//@释迦比尔: 叫你亲不如质量精，谁知不仅质量不精，连亲都不叫一声。	1
//@嘻哈包袱铺刘凤东: //@嘻哈包袱铺官方微博: [太开心]//@奇艺娱乐: 现在在360桌面上也能直接看#嘻哈包袱铺#的相声啦！[鼓掌] 很好用的应用！[good] @嘻哈包袱铺官方微博 @高晓攀 @嘻哈包袱铺高凤鸾	1
就是今年5月5日啊，我从重庆到西藏[嘻嘻] //@crazy梅花:叮当姐，那年的5月5你是如此的幸运！	1
这一幕全世界光棍团结起来互助互爱的场景太感人了！ //@林木英子:回复@蒋宗羽:好 //@蒋宗羽:我也帮你招[哈哈] //@林木英子:回复@蒋宗羽:你姐妹我都单身哦...[泪][泪][泪] //@蒋宗羽:哈哈，好，有哦感谢你一辈子[嘻嘻][嘻嘻][嘻嘻] //@林木英子:我帮你招聘，有女子请自动报名	1
这两天就是运气好，在costa买杯latte，咖啡师看我比较顺眼又送了我一杯americano，哈哈[哈哈][哈哈][哈哈]	1
好看！萌！[可爱]	1
之前接受内地时尚网站悦己的专访出炉了，终于可以跟大家分享，大家看完了记得给我点意见哦[嘻嘻] http://t.cn/zjlusck	1
金蛇狂舞，好运连连。。。[鼓掌]	1
善良的猫女。。。[嘻嘻]	1
我也想养只金毛！！！[爱你]	1
什么叫剪不断理还乱[围观] //@阿宽兄:内部组织结构很缜密。 // @赵振-zhen : 就来回处呗！[哈哈]	1
如果有待用公益咖啡我相信一定会门厅热客的[鼓掌][鼓掌][鼓掌][鼓掌]	1
为什么不能说？当然完全绝对能说！亲您的陈述我们不会作为呈堂证供的[哈哈][哈哈]	1
//@雅高酒店AccorHotels: #雅高微招聘#雅高上海办公室正在寻找人力资源部实习生！欢迎有志者毛遂自荐；也欢迎粉丝网上推荐！各位可以将联系方式以评论或私信的方式告知小编，我们会有专人和你联系。[鼓掌][鼓掌][鼓掌] @雅高酒店AccorHotels	1
回复@本地购了:绝不加盟。[可爱][可爱] //@本地购了:营销做的不错，可以在各地加盟啊，比如广西南宁，就可以迅速做成连锁，不过希望是稳步发展，基业长青。	1
[威武]//@腾冲湿地刘敏:[鼓掌]	1
你娃是《西游》看多了[黑线] //@李萧然:是被佛祖拍回凡间了吧？[哈哈]  //@韦道甫:回复@边城小憩:《甑寰传》看多了你[黑线][黑线]  //@边城小憩:说人话！不就是下山苦钱！[偷笑][偷笑]  //@韦道甫:回复@边城小憩:进入凡间继续修炼，为了下一次更远的行走[酷]   //@边城小憩:下山了[偷笑]	1
突现一张三年前在#太庙#的照片。好玩。想起闺蜜看此照总发狠说：“以后不能站到你前面，跟面墙似的。”左看右看...还真是...[嘻嘻] [害羞]	1
蜘蛛侠大战蜘蛛人类的美食实在是太诱人了，就连蜘蛛也忍不住了。o(∩_∩)o 哈哈[哈哈]	1
哇噻!搞得那么专业?咋上学时没见你打过。。[哈哈]	1
//@安懂: [哈哈]	1
中了双色球，就别买这些车了，济南有法拉利了//@济南凡事: 现在买还来得及吗，出去买块钱的//@济南汇: 明天买车小哥能不能拿到提成就看今晚双色球了 ！//@济南凡事:[嘻嘻]//@疯狂de精神病: 就等买彩票的钱了，右边准备准备呗//@济南凡事: 快去取钱[哈哈]//@烟卷zk: 我准备好了，钱没准备好[哈哈]	1
#海航小贴士#乘坐小海北京出港的亲们注意啦，由于北京早晨出港航班较为密集，排队办理乘机手续的旅客人数较多，为了不耽误您的行程，我们建议您提前2小时到达机场办理乘机手续。关注海南航空官方Wechat账号【HNairlines】，密切关注您的航班动态。[嘻嘻]	1
回复@for-ever-7yx76: 不会滴 //@for-ever-7yx76:哇 会不会被咬啊 //@没有蛀牙的LEO:回复@被床绑架的杰嫂: 那是当然喽，呵呵 //@被床绑架的杰嫂:回复@没有蛀牙的LEO:当地人是不是也特壮实？特别是斐济大妈[哈哈]	1
太期待了[太开心]//@大妞媛儿: 几大P的深度访谈，期待着吧！ //@翟小k:[酷][酷][酷] //@先生聂心?:哎呀，太后吉祥！[赞] @xuuxoo甘鹏 //@上海电视互动公社: 越来越爱。[爱你]	1
皆さん、おはようございます[呵呵]今天名古屋晴[阳光]，最高气温30度，秋分已过，天气依然炎热，早晚温差大，请大家注意身体哦！今天也一起加油吧！[抱抱]	1
#玩转迪士尼#系统已抽出5位获奖者，不错，这次只有一位网友未按要求转发，恭喜@遂溪金币商 @飞飞要加油啊 @-_-雕刻时光-_- @悦游一生 @迅雷不及戴尔 获得香港定制明信片，请于1月16日前私信邮寄地址，奖品将于下次的香港之行寄出，未获奖的童鞋敬请关注下期活动[哈哈]	1
@张译 @张译官网官方资讯 @果子联盟 [鼓掌]哪怕小小的一步，也是进步	1
回复@印象大红袍官方微博:[哈哈][哈哈]没什么大不了的，继续泡茶！ //@印象大红袍官方微博:明天周一了[泪]	1
#带着微博去圆梦#上一次听到蓝嘴唇组合唱了一首《梦想清单》，梦想君不禁想提个问，小伙伴们有没有人列了自己这辈子的梦想清单呢？想要做的事情，想要去的地方……快来分享分享吧~[抱抱]http://t.cn/zRz4beP	1
我们的#爸爸去哪了#[鼓掌]//@爸爸去哪儿: 看一集少一集。[泪][泪]	1
?京大??血拼中[哈哈]	1
回复@ANU_CAIS_LXY:将来要延伸远东[偷笑] //@ANU_CAIS_LXY:管得略远[哈哈]  //@野山狐儿: @ANU_CAIS_LXY	1
好丰盛啊[嘻嘻]	1
辈份高[哈哈][哈哈]	1
涨姿势了[可爱]	1
时间好快，年年陪在我身边过生日的人今年似乎没几个了，但收到了祝福，谢谢。尤其是@富贵儿后妈 ，快当妈了，明年抱着娃来！[爱你]	1
//@重口味是怎样炼成的:尼玛人才啊[哈哈]	1
这是真的还是假的啊？太搞了//@GAY督教: 一名同伙因无法解开安全带，没有能参与本次劫机~[哈哈]你可真能编~	1
[鼓掌]一起过圣诞节吧	1
#旅游资讯#2012中国国际旅游交易会宁夏展位，支持水洞沟景区！[鼓掌]	1
@晓晓岛 可以考虑一下[嘻嘻]//@穷游老聃:12月，泰国的旺季哦！//@设计师-封面:什么时间的呀，时间允许就去呀。	1
@蹦跳板桥 @倔强的王小乖思密达 @小池塘爱小鼓包 快来看波小妞[嘻嘻]	1
#新功能预告#[鼓掌]千呼万唤始出来~	1
其他时间都是在尽义务？//@Jason-无名:国外有个实验数据:男人一生只有7分钟才是真正的爱情。爱就在那一秒，7分钟有多少秒，大家会算吧？[哈哈] //@R-Trimmer:赞！这才是成熟的观点 //@Jason-无名:为何总是要这么绝对？不是不嫁，就是谈一次？不设目的，顺其自然，不好么？[挖鼻屎]	1
学起来! //@丸子妞子都是我:@倚侦 周末试试~//@星座爱情001: 自制冰欺凌 有兴趣的试试 [鼓掌] @教您学做私房菜	1
回复@living-tahiti:?盆？我正在往??方向前?呀！！[哈哈] //@living-tahiti:我今天中午1个人吃了2盆	1
回复@邓海韬:@刘进 刘老湿就劳你安排安排了！哈哈 //@邓海韬:回复@潘云龙kenny:我看行 //@刘进:回复@潘云龙kenny:让妹子们检阅！哈哈哈！ //@潘云龙kenny:辛巴达现在身体不错，有机会刘总检阅检阅![哈哈][哈哈] //@刘进:回复@邓海韬:哈哈哈！好！	1
哈！我也算经历过几艘牛逼的船了，路飞的桑尼号海盗船都去日本坐了，这样的油轮我更要坐一次！！[偷笑][威武]//@魔都生活圈:没有最大，只有更大！此生总要去见识一下的！[酷]//@皇家加勒比国际游轮: 人这一辈子，总要登上这么一艘大船！[嘻嘻]	1
我在杭州给你们加油[鼓掌][鼓掌]	1
蓝领，绝对蓝领[哈哈]	1
你拿东宫当人艺用呢，还玩不插电[嘻嘻]，话剧界的E神啊，膜拜，好好磨，等着看HappyEnding[赞]	1
真实版捕鱼达人[嘻嘻]	1
@伤心铁丝-行者老谭 能打7折？给我也办一张啊[嘻嘻]//@冯雪cindy:回复 @刘志勇hunt:会员卡20元／张，随意买，很方便 //@刘志勇hunt: 7折会员卡?没听过他们家还有这么低的折扣呢，还真成你们家食堂了[嘻嘻]	1
相声触动生活[嘻嘻]	1
//@极品乐鉴-DiM: [可爱] //@这么受欢迎呢: 舒缓静谧	1
中华民国威武！[酷] //@我也曾读圣贤书:恭喜小马哥了 //@深_喉:  //@小贝jacky:龙内裤果然有效[哈哈][哈哈] //@jacky麦兜:恭喜帅马	1
好不热闹[嘻嘻] //@贵州省旅游局:活动就是商机~	1
有了二姨父的削面刀，彻底摆脱了大菜刀削面的命运，真素方便又快捷[可爱]这回面又和软了@sunny诸葛馒头	1
[太开心]//@闻博_Jasper: @新西餐 @史可Scott @张赫Edward	1
好东西要扩散～[可爱]	1
发扬[鼓掌][鼓掌]	1
[握手]//@姚理文: 回复@阳光和天地:[笑哈哈][给力] //@阳光和天地:是呀，被您点明了[嘻嘻]//@姚理文: 蜗牛！[耶]//@阳光和天地: 细看到二个小触角，形象到一只小昆虫[good]//@俞林820: 转发微博 //@姚理文:蜗牛！[耶] //@阳光和天地: 细看到二个小触角，形象到一只小昆虫[good] //@俞林820: 转发微博	1
@-大新- 生日快乐[太开心][太开心][太开心][蛋糕][蛋糕][蛋糕][礼物][礼物] //@c哈哈:大新哥生日快乐[蛋糕]欠你一顿生日大餐，侄子烤肉咋样[礼物][喜]	1
回复@噶玛美多:[可爱] //@噶玛美多:我全在@小蕙的厨房 那里学的。[嘻嘻]你去她那里看吧。各种美食，好吃易做简单。特别不错。	1
[笑哈哈]@最爱杨梅哇 @Pafums @Stella末小末 //@不能没有人理的小追追: 我的包就是在内个商场买的[偷笑] //@GIF图精选:[哈哈]	1
@北大光华管理学院  [呵呵][鼓掌][鼓掌][鼓掌]//@北大之窗: 【北大校友李源潮当选国家副主席】1991年，厉以宁教授与孟晓苏、李源潮、李克强三位学生合著《走向繁荣的战略选择》，李源潮撰写第五章《企业集团的发展途径》。厉以宁为该书撰写结束语：《改革是不可阻挡的趋势》。http://t.cn/zYB0mP7	1
儿子梓骏在父亲节送了我他亲手写的一首诗。其中两句：「河水潺潺，清澈见底」。颇有创意，谢谢儿子！[嘻嘻]	1
加酱油主要是为了提鲜[哈哈]	1
跟朋友晚饭去的簋街独一味烤鱼....@独一味朱德张 烤鱼一如既往的好吃！[馋嘴][馋嘴] 到家路口了，车少真好。[太开心] 回家啦~(^.^)	1
回复@美食与美酒小黑:去北京路消夜，大平沙[鼓掌] //@美食与美酒小黑:再问 @蚝爷 要一打嘛，让你一次吃个够！哈哈[嘻嘻]	1
六一儿童节的第一个礼物，手机流量又回来了[偷笑].......节日快乐！周末快乐！[哈哈]	1
哈哈，必须要在镜头之外。//@雒尘LC:回复@耶马:[嘻嘻]你们速来广州集合! //@耶马:东木……	1
后背后背还是后背[哈哈] //@Carcy笨笨猪:锁骨锁骨还是锁骨[做鬼脸]//@棉花花好丸子:喉结+手！ //@abu0202:小腿[偷笑] //@萌萌张萌萌:手臂控[偷笑]	1
#汪汪爱美食#江南做法――油焖笋[太开心]	1
回复@米途方敏:等你看了新版本，你就明白了；至少我得超越曾经的自己吧，哈哈；你老兄还挺敏感的啊； //@米途方敏:回复@同程和平: 老吴同志的微博总共提了携程、艺龙、米途、去哪儿这几个应用，你有信心超越两个，是哪两个呀？[嘻嘻][哈哈]	1
起个大早，走了20分钟，就为吃这一碗亲爱滴@凌?? 推荐滴沙茶面??面底一致，配料自选，丰俭由人，按料算钱[哈哈][哈哈][哈哈] 我在这里:http://t.cn/z8AsHhw	1
#景区资讯# 除了@江西龙虎山景区 @庐山旅游 @三清山风景名胜区 @井冈山 之外，@景德镇古窑 @中国最美的乡村婺源 的江湾 也是5A景区哟，来江西游玩的亲们不要错过啦~[爱你]	1
油泼辣子biang biang 面[馋嘴] @??抹抹的?? @朱斌 好吃到爆，期待明天的武汉热干面[嘻嘻]	1
回复@山岚熊外婆:阿～～～[抓狂]  我消失，不要再找我，不要再联系我，我骑着毛驴去赶集了[哈哈] //@山岚熊外婆:回复 @Stella岚r:那得抢到你的东西才会高兴得做梦流口水啊！[馋嘴]再说即便是口水，那杯子里面的水少了，如何解释呢？	1
欢迎光临我们酒店~[嘻嘻]~祝开心~	1
序幕已经拉开，精彩即将呈现！[good] //@玩家传播老张:好看好玩[赞][鼓掌]精彩纷呈的活动，陆续呈上吧@饕餮的女儿 @黄小健_JANE @我是小媛儿  //@某言某ivy:悠唐广场附近的快去瞅瞅哟，有机会获得往返机票的大奖哟~今天第一天，连续7天！ @不负行者 @玩家传播老张 @大天力太阳	1
回复@编剧hydi:出书，这是俺的长项。拿来就是了。[呵呵] //@编剧hydi:回复@哥哥我要走西口:走西口的哥哥也帮俺出本书呀。[哈哈] 缺钱花呀。 //@编剧hydi:怎么这么准呀[衰] 看来不信还不行呀。	1
[太开心]从黄脸婆变身成小萝莉的秘密武器 [赞啊]抹在脸上超级嫩滑~很舒服~[爱你]第二天起床就看到自己的脸蛋儿如剥了壳的鸡蛋~心情也变超美丽啦！[推荐]是我用过美白效果最好，嫩肤效果最好，最滋润的宝贝。真的让皮肤逆生长哦！超爱妃露伊【蛋壳宝石霜】，真心推荐给姐妹们~（去评论中找链接哦）	1
健健康康，长夜无梦~想要个洗碗机呀[嘻嘻]	1
【525】爱己日，还是自恋日[花心]一冲动向自己告白。一句话证明你爱自己[爱你]	1
真的很棒，可惜我们合肥这边还木有开通服务啊，但我还是先注册了。[嘻嘻] //@快乐小陶子:我已经在上面借过70本书了，强烈推荐大家都使用啊 //@雨荷的凤刀:[爱你] 多谢MM，收藏鸟	1
新解啊//@杜敏霞：[嘻嘻]	1
//@WuxiBenny:[鼓掌]	1
一点一点地改变，很宝贵！[鼓掌]	1
[赞]//@惠新东街十号: [嘻嘻]	1
给我邮箱吧，我还真有不少人可以推荐[嘻嘻] //@陈华Tony:推荐人的身份认定以第一个微博@被推荐人 为准或者邮件推荐也可，转起来吧，吧，iPhone 5 哦 //@彼岸小帆: 你快去应聘吧，我想要Iphone5!![哈哈] @赵世光	1
荣祝胖子升职加薪，鸡犬升天，有吃又有喝[哈哈][哈哈]	1
现在正在面朝大海吟诗作对:啊，我晕海[哈哈]	1
[嘻嘻]都是家常菜,有家的味道//@滇剧传习馆张雄:[馋嘴]	1
Neri & Hu !!![爱你][爱你][爱你]	1
[给力][给力][礼物][礼物]//@云游四海keke0606: [哈哈][给力][好爱哦][好爱哦][哈哈]//@水墨婺源:[赞][哈哈][发红包][发红包]//@云游四海keke0606: 红包拿来[哈哈][发红包]//@篱上葱绿:王总，新春吉祥！//@水墨婺源:感谢新疆朋友的支持，祝博友们新春吉祥、快乐！//@中国新疆: 宜居之地！	1
好吧，第一次上高速，略有紧张，表情稍有严肃。不过路况很好，轻松就到130码，之后保持120码一个小时多一些就到丈母娘家了，要待个饭来张口的三天哈[嘻嘻]	1
[鼓掌]继续大力推广呀！//@雒尘LC: 这么好，名人都来帮忙免费宣传了，哈哈~~//@cydscyds: 我们公司的东西哦，呵呵，没想到@吴宗宪 也用呢：）@耶马 @雒尘LC @王小墨201007 @安徽荣耀 @於语的小窝 @欣然的童逸 @东木DM @三石兄的梦 @周小鱼vivi	1
回复@haha1211haha:[给力][鼓掌][赞][鲜花][心] //@haha1211haha:谢谢你提供的信息，我也捐了 //@杰尼妈妈JanarSlanbek: @杨童舒 @杨澜[心][心]  //@艾简_Jan: @热依扎 善良美丽的扎扎，请帮我们扩散为重病来京求医的孩子募捐的信息吧，具体情况在网页链接里，爱心传递需要你的力量。谢谢你。	1
回复@Yahom:哈哈！所以他是2硕！！太2了！[嘻嘻][嘻嘻][哈哈]//@Yahom:这三个是同一个人吗！//@嘿哈吼:啊！！好2！！[哈哈][哈哈][哈哈][爱你][爱你][爱你]	1
回复@sunshine小小酥:[哈哈]大家放心，小编不和你们抢，你们快去抢奖品喔>>http://t.cn/8F9O6wO //@sunshine小小酥:啊，小编也要免费双人游吗？那那那，我们粉丝呐[泪]	1
跟着张老师吃好肉！[嘻嘻]	1
刚刚下了订单，一周后寄到，时间刚刚好！[哈哈]	1
拼命比找男盆友容易！[哈哈] //@梁婷师傅:??请先找个男朋友再回来胡同拼命[酷]	1
今天这个节目我在后面看全场参加婚礼的人都站起来了，陈跳的比王轻松多了[哈哈][喜][喜]	1
[哈哈][哈哈]太逗了 //@尤宪超:一冰陈还好，我得废那//@你圆了嘛:@尤宪超 @陈一冰 你们被樾哥带着也坐下了！[哈哈]	1
[泪][哈哈][吐][可怜][汗]	1
呀?有你们的奶茶妹！@骆仰仰 @卡片酱 [嘻嘻]	1
[哈哈]  //@赖晓生:我宣告阳痿！ //@刘庆龙制片:转发微博	1
期待下次...//@荤兔子妞妞: //@Ada李力://@我叫书婷:[哈哈][哈哈]期待下次…//@三马:很高兴认识北京社区圈的朋友，@3W咖啡 是一块宝地 //@潘少宁_腾讯_LAMP人:很开心认识了翟京，宇超，还有君毅三位新朋友。也很开心见到了老朋友！下次再续！//@Orson_Zhai:槽点很到位,颇有心得	1
县令[威武] //@孔智勇-:[哈哈] //@西安判官:[哈哈]县令果然是淫才！首字：必群千万别X张云[晕] 想必 @薛蛮子 绝没看过这首诗！	1
11月6日，咱们不见不散！[爱你]//@高圆圆: 优酷，土豆，腾讯，搜狐，乐视，爱奇艺，迅雷[good][good]//@刘江: [威武][威武][威武] //@制片人杨戈:网络视频将在优酷土豆腾讯搜狐乐视爱奇艺迅雷等全网播出[哈哈]等着瞧	1
回复@陈一心理热线:是啊，调心，很重要呀[嘻嘻] //@陈一心理热线:所以呢，我建议在整容前，先做心灵辅导，曾老师，再来点好菜，哈哈，这就齐了！	1
春天就适合逛逛园子，看看散文，喝口茶，偶尔文艺小清新。。。[可爱]	1
这几天微博好沉默，大家来猜猜这勺醋有多少年了吧？拍的不好，凑和看吧[哈哈]	1
我在南京，2014才开始就各种好良缘迎面扑来，这正是要大展宏图的节奏尼……[鼓掌][鼓掌][鼓掌][鼓掌][鼓掌]   http://t.cn/8FvTIfP (免费下载http://t.cn/zj9vjC3 )	1
//@欢乐雪0818: [赞]//@玉荷叶: 回复@叶涵蕊:您好[爱你] //@叶涵蕊:我的爱，潜藏在炽热灵魂里。晚上好！[可爱] //@玉荷叶: //@叶涵蕊: 转发微博。	1
[哈哈]都是起哄架秧子的	1
蜀，一天爆红！祝你早日破6 亿哦[爱你]//@断翅的魔鬼:是有多强大？仅今天一天浏览量就过10万了。爆红吗？[爱你]@豆果网 @小聪明	1
@纪豪在巴塞 向你学习[爱你]//@杨牧师:看过许多这样的人，忙忙碌碌周旋于这个那个之间，带着面具、强颜欢笑着。因为面具，别人也以面具待之；因为虚情，别人也还以虚虚假假。看似热热闹闹，但，静静时，却找不到一个可以倾述衷肠的人。最后想想，何必？！该去去，该留留！	1
回复@枫愿知多少:[哈哈] //@枫愿知多少:叔叔，下次回家尝尝[偷笑] //@张楠chef_victor:回复@末就是末:[亲亲]  //@末就是末:现在女孩都喜欢大叔型?[哈哈]	1
旅行之中享受看球的乐趣，畅快淋漓呀[嘻嘻]	1
[嘻嘻]前边狗狗拉着你，属狗的推着你，一路到北极 哈 你走狗运了@蔡景晖	1
如果好天气来了，台风还会远吗？[哈哈] [哈哈][浮云]我们在崇明西沙湿地。	1
领位员应该叫 王二小....[可爱]	1
//@刘剑文:转任何一个信息有多种含义，并非就是赞成，是非、合理与否只有讨论才能明了[哈哈]//@Bestax黄驰: 连刘老师也转发这种新闻[疑问]	1
//@欧美街拍xoxo:噗..................[哈哈]	1
重庆美食尝不尽！[嘻嘻][嘻嘻]//@毓秀苑赵艳斌:回复@好摄女:小馋猫儿[做鬼脸]//@好摄女:[馋嘴]这让我想到重庆烧烤//@毓秀苑赵艳斌:好吃[爱你][馋嘴]@天高vs云淡	1
美景让人陶醉，爱情让人沉醉，让那段甜蜜和海螺沟的美景一起珍藏在你的回忆中，生活还是要像海螺沟的时光一样静好哦~[可爱]	1
[可爱]//@人世一世人: 转发微博。	1
//@vitty008: //@龙岩市旅游局: 【乘厦深高铁，游高大上的永定客家土楼】国家旅游局5A认证！还是一大波土豪金群哦～[哈哈]	1
去青岛生活吧[嘻嘻]	1
承蒙朋友@行家刘国斌 扩散，朋友遍海上[嘻嘻]//@行家刘国斌: 朋友就是@水韵吴江 蒋会长也！	1
??kiehls高效保?套?真心好用！??秀?。??又有一套了哦[嘻嘻]	1
回复@异乡人_小柏:回。//@异乡人_小柏:清明先生回新加坡拜祭先人吗？//@蔡?:回复@ChiuSC:普通白?地就可以了。//@ChiuSC:先生，早安。请问要补充XO吗?[嘻嘻]//@蔡?:回复@ChiuSC:那?少血，不必?。//@ChiuSC:@红颜没:抽完血之后一定要吃糖水鸡蛋！~~网友转发	1
手酸死咯…4斤核桃全部切成核桃碎,不能用机器,机器会过度粉碎核桃,所以必须全部手切[泪]…另外还有用了一瓶多百加得朗姆酒泡出来的美国蔓越莓,喷香！[嘻嘻] 大家不要催我哈,都是现做,早就说好了最快周末才出货,哪个再在淘宝上催我发货的就取消订单哈！[打哈气]	1
好消息！[鼓掌]//@岘港大佬: #岘港旅游，好消息# 为满足“春节”长假广大市民旅游的需求，深圳直飞岘港航班将于11月11日正式首航，成都直飞岘港航班将于12月29日正式开通。敬请留意！	1
每天都自己做班车回家，冻得要死……[怒][怒]讨厌的老公为了控制自己不吃晚饭，都不跟我一起走，谁让爸妈做饭太好吃了呢，控制不了诱惑，只能逃避了，哎！悲惨的人！同情you@Mr_仇 [嘻嘻][嘻嘻][嘻嘻]回家吃好吃的去喽！	1
#错伏#全国各地持续好评热播中~ [鼓掌] //@国龙联盟荣誉出品: //@摇滚小疯狗儿:[给力][给力][给力]	1
[太开心]拍的真好看，美女哦。[爱你][爱你]	1
百分之八十吧[哈哈]	1
//@语言的力量工作室主人: 知足 //@i知足://@mumu是暮暮:[酷] //@咱们一起去旅行:心态真好！[good][嘻嘻]	1
//@星座爱情001：挺时尚！小女人妩媚、知性美、干练！不错！[鼓掌] @秋天怎样穿	1
加薪加薪，我要加薪！[给力][发红包][嘻嘻]	1
哇，一片狼藉。[哈哈]	1
入住高大上的MIDAS HOTEL，跟着雪姐有肉吃。[嘻嘻] 我在这里:http://t.cn/zRw8bw1	1
我爱北京天安门[嘻嘻]//@微笑的李子君: 图	1
[哈哈][哈哈]这酒劲儿大 //@一?二?:我要喝王善勇的酒！//@聚划算TJ:帅哥们?都在店里了吗？ 这天气座在south park?小院?简直太舒服了? @王善勇-火龙果儿 @高玉凯的小窝 想念你调的「比巴卜」口味的鸡尾酒? 有一起来喝一杯的吗？?@刘淼Miko @一?二? @评剧刘洛含 @XM莹莹	1
你是加了深V认证吗？头像有亮点[哈哈][哈哈][哈哈]	1
"我认为说""重庆刑讯10招不准确""应是公安刑讯10招，早就在我们那发生过了，重庆不能是学我们那的吧 //@刘志勇hunt: 十年前我就听过，后来也听过很多服刑的讲，招数太多了 //@AimeeChang: 有网友表示其中行讯各地方也出现过[嘻嘻]"	1
夜里看球，陪伴我三年的galaxy tab不慎掉进马桶，连矿工模式也进不去了，终告寿终正寝，早上和死党聊情人节怎么过，他说准备买几朵百合给老婆，我问为啥不买玫瑰，他说房子刚装修完，百合可以闻味儿，快凋了还能炒菜熬粥......#果然婚后爱情就便实用主义了啊# 严重鄙视[哈哈]	1
[鼓掌]//@范梅强: 心旷神怡[落叶][微风][咖啡]//@摄影师香炉:转发微博	1
有妞有床单就有爱哟。有你们有祝福就有快乐。感谢您一如既往的围观！俺将再接再厉继续无敌地兽下去～//@3-悟:无敌小狮子，孙小兽，生日快乐！老乡，看把你乐的，滚床单悠着点[哈哈][哈哈][哈哈]	1
拨快云雾见青天 不过就是有点冷[哈哈]	1
#端午节快乐# 看场球赛，吃两个粽子，玩玩手机，低碳过端午！ Happy the dragon boat festival, everyone[可爱]	1
太可爱鸟！[哈哈]	1
//@代堂飞-分众传媒-独立团:[偷笑] //@报人刘亚东:[哈哈]遭奥拓车反复碾压六次!	1
奥巴马获胜，看来芝加哥费尔蒙是他的福地[嘻嘻] //@费尔蒙酒店:[围观]投票不久就有结果了，不知此刻在芝加哥费尔蒙酒店里的Obama是怎样的心情！	1
我要感谢海涛！涛，你送我巧克力呗！[哈哈]	1
[太开心][鼓掌][亲亲]	1
#员工风采# 大家猜猜看看跟王大爷握手的那位老者是谁呢？小编觉得大家不会陌生~跟大家平时吃的分不开哦~杂交水稻之父呢！现在老爷子精神可硬朗呢！[抱抱]	1
哈哈哈 //@李千岁: 啊哈哈哈 //@杨扬Yael: 哈哈哈 //@柿子树啊:我爱衩姐！[哈哈]	1
突然很想回看你们当时滴样子……//@你?我知：虽然忙碌但幸福美满的一天！我也加入大队伍祝二位新人早生贵子[哈哈] 话说我们都是这个环节彻底HOLD不住了啊~	1
那感觉和我一小妹像极了。 //@二水大波波娃:  //@luya_鬼丫?: 太二B了~[哈哈]	1
今晚和广州餐饮巨子-中森会刘老板、广州蕉叶罗老板和超越会同仁在苏浙会茂名路店用餐，环境、菜品、服务更上一层楼。[给力][good][鼓掌]谢谢刘老板和李小姐!@上海超越会 @朱俊的围脖 明天见!	1
第一次起床做早餐吃，感觉不错哟～！[嘻嘻]	1
[哈哈][哈哈][哈哈]惊艳！谢谢一直在电视机面前等我的朋友们！@俗者更快乐 看到了吧，谢谢你们的支持！	1
[嘻嘻]拿扫把的那些有用吗？还好我这个笑点很低的人不在场~//@淼钧：哈哈，可以不这样搞怪吗？//@妖精Popo王永菁：看到最后一张，我笑翻了！//@TiffanyJingZhou：点演习啊？我是D工作人员的话，应该已经笑晕左。[哈哈]	1
超美的淡水[爱你]	1
[哈哈]好八卦我喜欢//@电商经理人联盟: 【马云：妈的 见了那混蛋我一定揍他！】马云GG,你专心给你家来往喂奶，也不用掐断了在微信卧底的机会啊。这简直是让马化腾下不来台啊。不知道，下一步，马云是不是也会让三万阿里员工退出微信啊？哈哈，好狗血，我好喜欢！	1
吴宇森来啦！章子怡来啦！只为助阵黑龙江卫视大型项目《全民电影》???可以让怀揣电影梦的你参与其中！从编剧、导演、演员、甚至到海报设计、为电影起名?由东方风行承制的大型季播节目《一拍成名》就是你梦想开始的地方！[鼓掌][鼓掌][鼓掌]	1
[可爱]好欣慰有一个会生活的女儿	1
[哈哈] //@HoodleMobile: //@李小天:太刺激了	1
//@云南交通旅游:[给力]@生活新报 @聚曲靖 //@旅游师宗:曲靖市内A级景区 [赞][赞]//@曲靖旅游推荐:曲靖市内A级景区~[微风]  都记记吧~~[爱你] //@姬永奇:曲靖市内A级景区有沾益珠江源风景区、 陆良彩色沙林、 师宗凤凰谷、 罗平九龙瀑布、 多依河、小三峡 。。。。	1
特供给哪里的？cctv郑重报道过，特供酒都是假酒呀！一定要当心！//@高军:[哈哈]刚起床，吃了@渡你过珠江 的护肝片，身体早上起来没有任何不舒服！感谢@尔振公司 友情客串！	1
我连名字都没排上！[哈哈] //@劳毅波广州大波波:我敬老[哈哈] //@武旭峰:排名不分先后。虽然波波牛XX。//@广东阿茂:这排名是否是官本位?怎么波叔排得这么后?//@武旭峰:标准粤粗粗！ //@广东阿茂:“牛叉叉”系吾系粤粗吖！？ //@劳毅波广州大波波:你牛叉叉，我们现在才喝上一杯热茶[晕][泪]	1
#云百科#【学会自我降压】高血压对人们造成的健康危害可谓是无人不知，高血压患者平时一定要通过自我调理辅助降压治疗。1、保持健康心态。不良情绪对血压会产生较明显的影响；2、控制体重；3、适量运动。通过合理的体育锻炼可使血压有所下降。[嘻嘻]	1
呀！anja多好听的名字！ 真好！//@人字拖公主anja: 像久违的雨后日芒突然爆发灵魂深处的光亮 瞬间唤起对尘世的热爱//@央吉玛: 是：黑暗是光明来临之前的一道光明哈！[爱你]	1
[鼓掌]//@coaching旅人:[good]	1
@Siennapc [爱你] //@爱家居爱幻想:[黑线]	1
[哈哈] //@西西CC-如花似玉小姨妈://@RARAYA郡主:[哈哈][哈哈]女人一定要想通这点//@小r嗡嗡嗡嗡嗡嗡:有道理额各种忍 //@Maru酱-上上祯: 这话实在	1
一天的工作以甜品结束[鼓掌]@北京健壹景园   # Weico拼图 #	1
看到这个我真心笑了~~哈哈//@coolblade: 乔布斯生前是美国著名佛教徒、素食主义者。//@兄弟情深郑三发://@职业泡妞老贝蒂: 哈哈哈哈[哈哈][哈哈]做假见证，博猪下地狱去吧！//@色色又空空:最右[哈哈]//@GOKUSEN_:高级黑啊，尼玛乔布斯信佛的啊！	1
下午大受欢迎一度卖到断货的台湾小鱼干又上架了，要下单的赶紧喽，店长太体恤客服，她们晚上八点就下班了，所以只好请亲们自助购物啦 //@变态辣椒:回复@始终保持信仰:粉丝牛逼！台湾豆豉小鱼干被你们买断货了你们家里人知道吗。。。 //@始终保持信仰:刚订了2小鱼干+2绿豆糕[嘻嘻][嘻嘻]坐等中奖获魔方	1
这叫美图秀秀,手机上下载的。我也是别人帮我下的[鼓掌][鼓掌]//@黄协秘书长胖子张悦:你还会把照片这样发！我都不会！	1
又见吉米金[哈哈]	1
#微游山东# 早起到洪家楼教堂转转，远远挥挥手，要和济南说再见了~谢谢@新浪山东旅游 的热情款待，这次的#两湖达人山东行#玩的很嗨很尽兴！济南和我想像中真的很不一样，干净漂亮宛若江南，有机会还要再来~[爱你]。。。【太想看济南的雪景啦】。。。  @湖北旅游 我在这里:http://t.cn/z8AqqOx	1
我看行，要不我去给您端，叔?//@不赖哥:行！再多一顿，你就是端盘子的了。[哈哈]//@starky小星: 哪儿啊，都是我攒的局[馋嘴][馋嘴][馋嘴]//@不赖哥:开始串场子了呗？//@starky小星: 今天吃了足足的三顿饭!![哈哈][哈哈]	1
回复@婧女郎:您是我的启蒙老师啊！岂敢切磋啊！[汗] //@婧女郎:哪天切磋一下[握手] //@婧女郎:干大事了[围观][威武][鼓掌]	1
好国际化的翻译！这个可能只有重庆的朋友才看得懂吧[哈哈][哈哈][哈哈][哈哈]@人人爱重庆  @DJ徐艳  @DJ鳅鳅妹  @DJ陈弓  @Cosbe袁	1
@怡景香港茶餐?x大麻花 //@蓝天白云5134: @angelababy @范范范?琪 @lv相信  //@蓝天白云5134: @媚丽一生-陈銮纯    //@蓝天白云5134:哇，好优惠哦[哈哈]	1
#有情人终成眷属# 今日是大年初五，俗称“破五”，同时又是西方的情人节，在这里，小编祝愿全天下有情人终成眷属！各位沉浸在爱情中的童鞋们，不妨来说说你们都收到什么礼物啦？[嘻嘻]	1
这天天出去摆摊之前，化妆也是个麻烦事儿[哈哈][哈哈]//@一麻一辣: 不带这样儿的~！[挖鼻屎] //@全球奇闻趣事:	1
欢迎新朋友！[爱你]	1
[鼓掌]//@有趣岛: [威武]	1
双鱼真好！[哈哈] //@苏释SUSU:双鱼TMD超级好~我中意这句话呀[害羞]	1
今夜星光灿烂[哈哈]	1
地铁里有个哥哥充满激情地弹唱着自己的作品，身上贴着*卖艺为梦想*...太赞了。。真想说，亲，去参加中国好声音吧！！[太开心]	1
真是好主意[哈哈] //@遨游知道:好主意！[酷] //@你敢吃青椒么：[哈哈] 收了！	1
吓裆一跳[嘻嘻]//@猛刚丝:中国人民人手一支，什么情况？哈哈，拉动内需！ //@徽州小生V:先给你一支[嘻嘻] //@文学摇滚相声-王春丽:哎呦~~ //@徽[吃惊]州小生V:人人必备，老少皆宜[酷] //@有一根葱:AK47，Made in China！	1
刚看到这里，居然把丁香看成香葱，我还想呢，一姑娘带着香葱味......还能让小伙迷恋......还真是...重口味！...可能是之前做攻略看吃的太多了吧[爱你][爱你][爱你][爱你][爱你][爱你]	1
三天不算正常。//@张帆DORA:[哈哈][哈哈]	1
西二环的地标性建筑都被你拍到了，了不起[嘻嘻]	1
好孩子[爱你]后面开着的窗户看着好吓人啊，小心磕着爱动物的五毛小朋友	1
哈哈哈木啊?看到难得发长微博的人给我发了个长微博，真好[爱你][爱你][爱你][爱你][爱你][爱你]	1
逛小吃街是吃货最兴奋的项目哇??哪怕再累再热，一到这里立刻欢起来，眼睛立刻亮起来，有木有！[哈哈][哈哈][哈哈] @香港名店坊  我在:http://t.cn/z8h4lqb	1
谢谢爽哥！永远忘不了那个下大雪的工作日，您神秘兮兮的带着我们一众人奔赴北海打雪仗的日子[太开心][心] //@爽爷: 有些故事值得回忆，有些情感值得珍惜，祝福你们每个人节日快乐 //@康小莉:即使再聚少离多，即使再忙碌，我们的感情仍然是那么的纯粹，即使为人父母，即使经历再多，只要我们在一起	1
选132号涵宝贝[哈哈]	1
是挺酷的、、、[哈哈][哈哈]//@巴迪妈koko://@DIY实用手册:萌翻了[得意地笑]	1
//@相声栾麦生:// @演员高玉庆 : // @赵玺为赵彬相声 : // @相声演员孙仲秋  :保佑   // @宽和堂虎子  :我要否极泰来了   // @VETAZHENG   :我转。。。[嘻嘻]   // @米高W    :发财   // @淑妆赵子怡     : 恭喜	1
哈哈恩正波！你已经完全掌握精髓闹。因为你足够恩正！！ //@妙妙很妙妙: [哈哈]乖乖，讲滴蛮恩怎滴嘛哈哈哈哈……	1
绝对难忘，再接再励//@创投圈:今天的“天使晚宴”活动非常成功！[给力][威武]@徐小平 老师和三个项目的创业者们都情绪高涨，气氛十分热烈。[爱你] 相信对每一个人来说这都是一个非常难忘的情人节约会~！[玫瑰]@微精微博@路况电台@六只脚自助游	1
那我注册几个小号去//@和风煦然: 快快加关注吧~精美礼品等你拿[哈哈] //@万车网-甘卫生:不错的礼品 //@清雅小样:童鞋们想要奔驰钥匙扣的赶紧加吧~[钱]	1
[哈哈] 还有创业板、新三板、天交所//@郑贵辉:那深交所和上交所也算得上了。//@甜团网calvin://@俞文辉: 广东塑料交易所也成互联网公司了？ //@颜桦Amanda:好奇是以什么标准评判的...	1
好久没发微博了，[偷笑][偷笑]睡前自恋一下哈[爱你][爱你][爱你][爱你]	1
欧亨利啊[哈哈]	1
[哈哈]//@草根原创精选: 最后一个实在是笑喷了	1
//@星座爱情001:请仔细看完！很值得反思！[可爱]  @就要这样谈恋爱	1
哗，在一本时装主题书里面，我还不忘混搭鸡汤，好正能量哇哈哈[哈哈][爱你]	1
#午餐#什么？葱油饼也有新吃法？[吃惊] 平时做葱油饼放点葱和鸡蛋即可，今天咱们换种吃法，用培根切成粒和葱搭配来做饼，饼里的色拉油改成猪油，这样做出来的饼就更香了。http://t.cn/8FzcM58 妈妈再也不用担心你的葱油饼只有一种吃法了！[哈哈]	1
哇 太怀念了。。去年过年去泡温泉了呢 [抱抱] //@Garyi夏蒙:  @谢阮虹Iris @陈忠义poliker 这里留下多少回忆？	1
谢谢饭团子的两周年礼物[可爱][挤眼][抱抱]我就是驴牌的命[心][心][心][心][心]	1
好白啊~[花心][花心]//@南京司仪阿拉丁: 确实好条子[嘻嘻] //@陶导:别这样，别这样，还让人活吗？ //@弦舞金陵乐坊露露: @南京司仪阿拉丁 @南京主持人阿宝 @南京主持人方芳 @南京主持人小崔 @胖子的胖爹 @七瓣雪主题婚礼创意工作室 @司仪颜? @陶导 @?蜜心情 @屠梓羽	1
文艺青年呵呵 //@山中一仙:回复@中国风景名胜区:基本都记得，那站着的就是偶哦！[嘻嘻]@蛋花苏苏 //@中国风景名胜区:还记得和你坐竹排的那个人么？[爱你]@风景君	1
秋雨后的街道很干净，绿叶好清新。[可爱]	1
好久没有回母校了，看见这么多学弟学妹的作品很开心[太开心]@梁益君 @付继红 @张小涛zxt @庞茂琨 @韩晶HanJing	1
[哈哈] //@海鸥:我特别想当财主的原因，是能有机会逼着喜儿他爹杨白劳娶了我！就酱！  //@郭大法师:回复@海鸥:财主的吸引力有这么大么  //@海鸥:你是祝福我呢吗？	1
[bm可爱]//@松子料理matsuko: 绝对是真爱！[爱你][爱你]	1
谢谢亲参与我们的活动，希望您能一直关注我们[可爱]在此预祝您龙年行大运，好运连连～ //@倒立猪2008:感谢到到网，感谢长风假日酒店，很早之前就想去体验一下了！	1
[嘻嘻] 我们JING餐厅的厨师是非常喜欢和客人互动的，海鲜自助晚餐的美食也是相当不错。期待您的再次光顾！	1
媒体报道：青??委书记李群、?长张新起一行夜访灾民安置点。56岁的王振华激动地说：“不是党和政府，没有今天的幸福生活。”[哈哈]@万庆涛  我在:http://t.cn/8kPvLAU	1
[鼓掌]//@郑幼幼工作室: 哈哈哈	1
#昆航微IP#希望我们准备的惊喜您能够喜欢，期待下次航班再见哦！昆航微IP，有您更精彩！[爱你]	1
"画乌龟？[哈哈] //@火火的尖果儿路??:[哈哈][哈哈][哈哈][哈哈] //@家庭幽默录像:人生难得有那么一帮""2货""陪自己一起2![good]"	1
适合有小朋友的家庭 /[鼓掌]/@美容健康:在家里安一个这个，小情调大大的有！	1
回复@鱼豆:老牌传统社还是出好编辑，中华的徐卫东和三联的吴斌，我的大部分书是在中信做的，也基本反映了出版社的大致格局 //@鱼豆:恭喜啊！@青霞Sherry //@董曦阳:回复@傻娃--放羊:谢谢哈[嘻嘻] //@傻娃--放羊:[good] //@董曦阳:杀入三甲，还凑合啊[哈哈] //@苏秦拜相: @董曦阳 [鼓掌]	1
晚上好[嘻嘻] //@郑忠阳v:转发微博	1
金桥的同学有福啦。值得推广 //@川食公馆长空哥:是的！这是真的！[嘻嘻][哈哈][馋嘴][馋嘴]	1
haha haha ~//@美洲杯帆船赛: [哈哈]受不了了 //@昔??人: 介是大话西游吗~	1
好棒哈哈。这样转发算不算嘿嘿。//@ZH咖啡闻香: 必须比团购方便嘛[哈哈][哈哈][馋嘴][馋嘴] //@樱桃小疯子Z:这个比团购还方便嘛 转@LicheeChang //@涔涔阳阳:果断转@樱桃小疯子Z [偷笑]//@ZH咖啡闻香: 星期五的味道如此浓郁	1
希望您在绅公馆过的愉快，谢谢光临[可爱]	1
[太开心]//@刘金霏:欢迎大家收看[兔子]	1
陶源酒家的得奖名菜：鸳鸯玉葡萄。[嘻嘻][嘻嘻]	1
欢迎光临我们@黄玉石港式火锅 哦亲～吃的如何～[嘻嘻]	1
意外惊喜！冰川没去成，却采访到了这些剪纸的作者，一位很可爱的女手工艺传承人[鼓掌]	1
央视小美女记者明天就回了，和皮里村孩子们告别呢。依依不舍。还会再见的！[爱你]	1
#系梦索契,荣耀与共#老北京炸酱面、四川辣子鸡、软炸虾仁的呼声都很高呢，五香酱牛肉和香炝瓜条的粉丝也赶紧来支持下自己的最爱吧！转发本微博并分享图中您最喜爱的佳肴并@ 1位好友，就有机会获得来自北京@王府井希尔顿酒店 的住宿一晚和两人份用餐券，享受中国体育代表团同样的口福！[可爱]	1
还有@胡同里的三爷  我们的聚聚了[哈哈][馋嘴]	1
哥都笑尿了！//@Cynthia-夏小青: @昆哥Q @名为沃若的徐某人 //@我说这是个神贴:哈哈哈，待你卷发飘飘[哈哈]//@夏默秋初Summer: 哈哈哈哈啊哈，笑屎了[哈哈]	1
#团圆才有心味道#俏厨娘小时候经常会被左邻右舍的叔叔阿姨“拐骗”到他们家里吃大餐，特别是逢年过节的时候，楼道里处处饭菜飘香~邻居哥哥姐姐都会回家团聚，我们还会互相串门“偷吃”，真是美好的回忆~想到这些，就感觉有股温暖的味道扑鼻而来！咦~我又闻到了外婆红烧肉的味道~[哈哈]（图片via网络）	1
作为近一个月基本无休的人表示，坚持，淡定是美德！表伤心，表郁闷，我们有彼此！[爱你] //@霸王回锅肉:要我帮你AT老板吗？哈哈，确实！当人们在讨论“SHIT！要连上8天班，太苦了”工作室的同事们大可微微一笑，可悲的人类啊！8天算什么啊~不过你们都很厉害哟！周一请把内裤穿外面，穿披风来！	1
//@淘宝直通车: 双十一你贡献了多少？[嘻嘻][给力][熊猫]	1
回复@闻进:[耶][嘻嘻] //@闻进:对	1
证明女孩子的确不比男孩差，[嘻嘻] 那天真的很辛苦，但看到之后的作品和得到客户的认可，我们还是值得的。加油！努力！[酷]	1
挺好玩儿的，过年更充实了。[太开心] //@母其弥雅:初一我?一起吃素吧~?得不要吃稀?，洗澡和睡午?喔~	1
今天是女生节，祝所有的女生们快乐~女生们赶紧向身边的男生提要求，男生们也别闲着，好好变现自己啊~[太开心]	1
[笑哈哈]//@边疆边吃边说: [嘻嘻]	1
哈哈，这姑娘也成新鲜物了。说到具体是哪儿产的，还真寡闻了[思考] //@i蓝莓妈妈:[围观]哥伦比亚龙珠果？？？[吃惊][偷笑][哈哈] 敢情咱80年代吃过这么华丽丽的洋果，那时候多的是，且便宜。@嘟嘟小花牛  //@钱文忠:上海超市、街头可以买到，其味独特可口，超?里的名字不统一，大多起洋名，其意昭然	1
三峡市蓝染工坊，这件作品是我做的耶，微信小伙伴都猜对了[爱你][爱你][爱你]@去哪儿网酒店控 @中华航空公司 @云朗带你游台湾	1
这个可以有，陈总果然厉害[嘻嘻]//@陈宝林果然:0K，云南有人为你熬鸡汤[偷笑] //@全球酒店品牌-子炀:陈总，我已定于3月初先去云南休养一段时间，然后再安排成都之行，您看如何？感?邀?，荣幸！//@陈宝林果然:回复@全球酒店品牌-子炀:黄总来成都休养吧[心]	1
@苏世独立啦 ？//@新浪江苏旅游:#江苏旅游微榜单#给高大上的民国宴点赞~！[威武] 你的榜单你做主！快来投票或吐槽那些令你印象深刻的目的地、景区、旅行社、酒店吧！奖品在向你招手哟！[太开心] 一切尽在→ →http://t.cn/8kr8T8V	1
终于定了！不纠结了！[哈哈]	1
还以为买到了宝，有木有[哈哈] //@坐在窗口的风: 为你下一个选择@水蓝色的梦	1
回复@豆妈小晶晶:[哈哈][耶]来吧!欢迎! //@豆妈小晶晶:哈哈天气凉快啦，大家泡汤的心情火热起来[偷笑][给力][围观] //@苏州环秀晓筑官方微博:老编手机被转发的热情给感染的发烫了![爱你][爱你][爱你]	1
财源广进，恭喜发财 //@将爱苗苗:回复 @yo-yo尧:是的，来指导下哦[哈哈][哈哈][哈哈][哈哈][哈哈] //@yo-yo尧: nba   ？？？	1
哈哈，这…我开心的笑一笑[嘻嘻][哈哈]	1
刚想起来编辑一下婚礼视频上传哈~转给到场和没到场的朋友们[嘻嘻]@大脚解围也有技术 @真正的甜菜团儿 @求RP的大脸猫萌 @CICI317 @大桃儿chen @小新新要加油 @幻景小原 @弱爆洋 @酷刀蝶 @厚重小城墙 @Qiao乔乔乔乔乔 @莫莫期待大太阳 @chenchao623 @GuGu的晨年往事 @婆婆辰 @欢欢羊羊 @?他是谁	1
FCC高球会活动正如火如荼进行中！4月比赛拭目以待！@楔子笋_JACKY 即将在@FCC高球会 开课[鼓掌][鼓掌]????	1
是该准备了拉皮儿，因为你还得学着做，因为你和@臭臭漫画 都是好男人，不能让媳妇儿干活儿 //@crazylady田: 我可以借你！//@马蚤扌尤: [哈哈]我赶紧准备缝纫机去~//@crazylady田: 这是你家好美小盆友的前辈！[嘻嘻]赶紧跟@爱疯小PP 各种学习啊！//@马蚤扌尤: 太可爱了~	1
要是天天有这些肉肉吃，那就真心满足了，哈哈！！！[哈哈]	1
祝贺虾米！时代终会属于坚持品质的人！虾米很棒！ @思践 //@李治国_姜子芽:恭喜虾米，恭喜王皓，思践表现不错。音乐之路漫长，坚持下去就会阳光明媚。 //@孩子气的南瓜 ：第一！虾米的同学们，今晚要庆祝下！[哈哈][嘻嘻]	1
天才的推理！//@sweetree:[哈哈]	1
有关部门越来越无耻，草民越来越智慧 //@熊剑锋: //@涂孝丰:哈哈有才  //@大鱼说漫画:哈哈哈   //@王兵的围脖:今儿才子井喷哈哈哈哈哈哈   //@五岳散人:我靠，太有才了[嘻嘻]	1
My little angel by my side[可爱]	1
"回复@徐徐低语:景美，人美，人景合一，不火不行！[哈哈] //@徐徐低语:这姑娘火了 //@水墨婺源:[赞][微风] //@都来念佛:“春有百花秋有月，夏有凉风东有雪，若无闲事挂心头，便是人间好时节。""  //@才子V:[微风] //@中新社记者何蒋勇: //@公益501: //@水墨婺源:  //@云山珠水-喜洋洋:"	1
就等著你@ ?人?~[兔子]??的GYers~新年大?哈~[哈哈]多收?包?年?得?心些咯~[xyj拜年][xyj?包]?有?孩子~@Crystal_Chang	1
良辰美景，意气风发！[嘻嘻] //@悦游达人: #悦游达人秀#看来此时正是出游好时节呀，景色很美……[鼓掌]	1
回复 @林柏全:拍出一张好照片，摄影师心里也是很XX，而且这种XX是客户给多少钱也买不到的。[嘻嘻] //@林柏全:[good] 很XX的色彩??XX是代表无法形容的好看与喜欢??	1
雷人的看图识数......[嘻嘻]	1
爱这样的蓝天，爱这样的白云，爱这样的上海[爱你]	1
(*^__^*) 嘻嘻……[可爱]	1
#钵子莴笋#莴笋脆生爽口，忘不了的美味~[亲亲] 尝尝啵~http://t.cn/zjbDyGC	1
哇！！[鼓掌]恭喜阿立童鞋！还有木有收到礼物的小伙伴呢？快来晒照片和大家分享吧！[挤眼]	1
[太开心]//@lifestyle品味生活: 转发微博	1
[鼓掌]恭喜恭喜，终于来广州开点啦，哈哈，以后咱们又多了一个聚会交流的地方。@创业家崔葆华 @创业家龙瑾 @创业家龙春雨 //@黄俊毅Eric: 赞一个！	1
老朋友，什么都不用多说，已是万语千言[爱你]	1
太聪明啦！[哈哈][哈哈][哈哈]	1
[good][good][good]赞赞赞～～[鼓掌][鼓掌]	1
看着真是不错~[鼓掌]@魔王1987	1
很有意思，在各大五星级酒店中，香格里拉的中餐一直表现突出，为什么？ //@名厨:酒香不怕巷子深，名厨不怕居山林。[赞] //@苏州香格里拉大酒店:徐大厨越来越有名了，帝都都发来报道了[鼓掌][太开心]	1
#东方卫视笑傲江湖# 被@冷碗碗 的舞姿倾倒..[嘻嘻]	1
[嘻嘻] //@姗er_牛牛:@V哥爱8哥 嘿嘿嘿嘿[嘻嘻]	1
四周岁了! 海淀剧院马上上演欢乐大party 今天小清新路线哦 有木有[哈哈][哈哈][威武][威武][鼓掌][鼓掌][鼓掌]	1
今天运气真好，听说冠洞有设百家宴，急忙包车过来。大开眼界！[太开心]@广西旅游局 @美在广西旅游联盟 @桂林风光 @桂林尊桂旅游网 我在:http://t.cn/zWomQ1e	1
娃哈哈，太奇妙拉 //@o兰毛毛o:[爱你] // @精彩语录 :【12星座的死党组合】  @关太家的关兜兜   @o艾米0	1
@主持人少枫 辛苦了！@心迪舞蹈会所 我和少枫，感谢朋友们的支持与帮助！我们的瑜伽老师@Lisa_双鱼妹 你很棒！@????小胖 @seven7淇 @Kathy静 张雯[爱你][爱你][爱你]	1
[哈哈]@杰克唤魔者	1
减肥神马的多对不起中华美食啊~~[嘻嘻]	1
"#京城秋色# 在密云偶遇一只美丽的红蜻蜓,暮然想起小虎队的那首歌""看那红色蜻蜓飞在蓝色天空,游戏在风中不断追逐他的梦,天空是永恒的家,大地就是他的王国,飞翔是生活;我们的童年也像追逐成长吹来的风,轻轻地吹着梦想慢慢的升空,红色的蜻蜓我小时侯的小小英雄,多希望有一天能和它一起飞”[爱你]@微驴友"	1
支持兰老师[鼓掌][鼓掌][鼓掌]	1
#维他命反馈#再来一组[鼓掌]	1
[嘻嘻]//@亓璐_lulu: 转发微博。	1
祝天下有情人终成兄妹神马的~ [哈哈][哈哈][偷笑][偷笑]	1
[爱你][爱你]欢迎入住#Dusit Thani Laguna Phuket#[给力][给力][江南style]	1
[哈哈] //@婉乔:[哈哈][哈哈]等麻麻回奈，我要告状！[偷笑][偷笑]	1
@PanPan潘哒哒 @可爱多的香草夏天 @霄霄ing @chloe518 ~我身边的猪真多啊~~~[嘻嘻]	1
哎哟，必须转一个，支持原创呀[嘻嘻]	1
美女啊，照片转走喽，哪天空咱们继续一起拍照啊[嘻嘻]	1
回复 @无声飘零ing-洁:谢谢亲爱的们～ 谢谢 @无声飘零ing-洁  哎呀我的妈呀 这奖老有面子啦 想得不？呼呼～明年争取吧！哈哈[太开心] //@无声飘零ing-洁:谈谈获奖感言~哈哈哈 //@Radio李丹:????? 买～激动！[爱你]	1
去投票啊，目前文莱花车第一，遥遥领先，这是上海官方网站的投票[嘻嘻] @尊1010生日快?_小添添 @尊1010生日快?_FLY爱尊	1
周末母亲节，给妈妈的礼物还没准备好嘛？别担心，参加清妃“妈妈我爱你”活动，在清妃粉钻帮晒母女合照，就有机会赢取清妃奶瓶家族哦~快把你和妈妈的亲密合照或者已身为人母的你和宝宝的合照上传吧![爱你]http://t.cn/zOTDSa3	1
天气好的话，在63层大堂酒廊还可以看到西山呦！换个角度看北京，不错吧？//@Brian双强：时而转发下，周期循环利用[哈哈] //@RK江少樵：@北京柏悦酒店 //@RK江少樵:?胡小 笛?北京 柏悦酒店，当然有，窝们的下午茶在６３ 层！！！ //@胡小笛:@RK江少樵 请问北京的也有吗？	1
早客有礼奥[爱你] //@TRB欧式西餐厅:早客有礼的星期五来了！[嘻嘻]	1
回复@??一:同意！[嘻嘻] //@??一:Caprice 服?水?直逼巴黎??餐?，食物方面，??拘?，?了三星，?力自然也大了。@OL醉??房 @Winnnnnn @吃?在香港 @东京tomo @Kaito1016 @ktyla @LetsGetFat @香港文华东方酒店	1
【获奖公告】恭喜@大美爱拉 被抽中获得台湾免费游的资格！她去台湾想吃台湾牛肉面、想拍无数漂亮的图片~这次都满足你！[太开心]没中奖的童鞋还可以试试新的活动哦>http://t.cn/z84xtcK	1
so what? //@老徐7788:学习了！ 尤其这个帕特万，帕特凸。。，总算理解了：） //@teresa7711：共同进步[鼓掌] //@治愈系心理学：每天学一点	1
从深圳调城管都比他们强 //@大园儿:唉 就算求援从香港过去一路飞虎队也用不了十几个小时啊 说他们是废物点心都得是烂心长毛的那种 //@笨笨彤:在这方面 我相信咱国家的能力！ //@杨恭如Kristy:?。。2分?！???  //@梁静:[哈哈]中国的中！  //@应采儿 :想救与不想救的分别？	1
中华大地唱响啊 //@筱古: [哈哈]//@Daisy_we: //@测试达人:太经典了，高调转走！	1
亲，啥时候来[抱抱]	1
有爱。[嘻嘻]//@人类学小琪子:清晨骑行也！@做人类学的door //@台湾自由行: 清晨的日月潭没有了游客与轮船的喧嚣，此时骑行在环湖自行车步道，可将美景尽收眼底。我们也常常推荐朋友们，来日月潭一定要住上一晚，清晨骑行于曾评为全球十大最美自行车道上，才能真正体会日月潭的美景！	1
三亚半山半岛度假酒店两大明星产品，适合四人用餐！三亚的冬天并不冷，有了海鲜火锅和海南土煲，在这温情的冬日，感受不一样的海南吧~[可爱][得意地笑]	1
这就叫淡定。[哈哈][赞]	1
这鞋子真霸气[哈哈]	1
热烈欢迎！[哈哈]这是在周庄吧	1
哇哦~~[鼓掌]	1
[哈哈]环环~//@慕容嗷嗷: [c无语]	1
回复@高翔_Mark:缺的至死，尤其男人！公司一水儿白富美！！ //@高翔_Mark:缺人不 [嘻嘻][嘻嘻] //@queen-for-a-day:真是小金手儿呀你！！那我给你的‘大礼包’可以省了？[哈哈] //@玉球球: 上海电影节回来就预约饕餮盛宴！@Cherry罗彦彬 @赫连小乐乐 @queen-for-a-day @注陈杂述	1
回复@爱草雨田:[爱你] //@爱草雨田:会的[呵呵] //@BraveCake洛凝L:回复@爱草雨田:亲感兴趣可以订一款试试哦，保准一试成主顾啦~[哈哈]  //@爱草雨田:回复@BraveCake洛凝L:看着很不错[花心]	1
好不容易遇上个不值班的周日，居然下了一天的雨，我真的服了[可怜]哥一口气看了二十集#狄仁杰四# 话说越看越起劲，晚上回来接到看[嘻嘻]	1
这个世界上最快乐的事就是....和孩子抢玩具[嘻嘻][偷笑]	1
回复@嘉仕伯伯:多谢赵总一直以来的支持，四年前的今天，俺第一次去设计院报道，有幸接受领导的英明指导[太开心] //@嘉仕伯伯:[赞] 加油啊	1
有啥要求提出就好[嘻嘻][嘻嘻]	1
hahaha /@小浪: [哈哈]//@曹增辉: [哈哈]	1
右边是在说我吗？[嘻嘻]//@袁全V: 从工业界诸多成功经历来看，一流的工程能力+扎实的算法基础+快速学习能力，是三要素！ //@还是地雷:招人招人，工程和算法双修，实习生和正式员工均可，赶快私信给我简历！//@淘宝介然: 总结的非常好。 “工程实现能力与算法研究能力同等重要”	1
小小调整以下，即使和原片对比，也还是显得挺自然的吧。[亲亲] 按惯例，点击“查看原图”	1
//@高德地图:活动持续到本月27日哦，想要体验五星级酒店免费入住的同学千万不要错过啦！[嘻嘻]	1
花生米必须有！[馋嘴] //@侯宁:其实，有一盘大葱蘸酱，再来一盘火上飞雪足矣[偷笑] //@王岩52377-地产: 可以蘸酱 //@嗨辣老孙: 那咱干喝，一人一瓣大蒜！[哈哈]  //@侯宁:汕头空运，舍不得吃啊[哈哈]  //@嗨辣老孙: 回复@侯宁:谢谢司令夸奖！兄弟只想着能快点儿把欠你的那顿酒还掉先！[嘻嘻]	1
[抱抱]帅哥和萌宠~~要是再加上个美景就好了~~	1
为了我们的健康，学习10个神奇的“3分钟”[太开心]	1
[哈哈][哈哈][哈哈]带个好心情入睡	1
看！还得是喵星人吧！ //@DEVINCI-老齐:[嘻嘻][嘻嘻]	1
建议上春晚！//@吴伟bj: [哈哈][话筒]//@程鹤麟: 妹长着坑爹的大白腿啊，妹穿着齐B的小短裙啊。狼哥你别学那朝鲜发火箭啊，吃不饱果然就射不远啊……//@刘春: @孔二狗 你看看 //@共和国裁缝:最奇怪的是活了四十多岁的喜欢三俗的@刘春 春台竟然没转，所以转发上不去。。	1
谁知道那有卖的，放我们的店里肯定好看[嘻嘻]	1
最美的愿望一定最疯狂，我就是我自己的神，在我活的地方[鼓掌]	1
【扬美古镇】一个自然与人文完美结合的旅游地，这里保留了200多间明清古建筑群，是南宁保存得最为完整的明清建筑群。寻找古香古色，南宁走起！ [嘻嘻]	1
感谢@汕头大学新闻学院 泰国访问代表团的专访文章，写的非常不错，那天谈到的内容很多，可以准确完整的记录撰写出来对于一个在校生来说很不容易，而且语音条理通畅，赞一个@凌学敏 @王茜Cecilia 只是“泰华高访第一人”太过奖了。[可爱]http://t.cn/8sMEsHq	1
上山啦[可爱]	1
回复@小川-Alex:实在不方便啊[偷笑] //@小川-Alex:笑哥,就差核桃啦[嘻嘻][嘻嘻][嘻嘻]	1
?，“食?奴”?告片?了！//@百度王祖蓝吧:好想看！[鼓掌] //@?智?:食?奴 一你吃?咸?包?？	1
回复@绿之源王应鹏:明文规定不能带，只能上去买[嘻嘻] //@绿之源王应鹏:是否忘记带上酒了[思考]	1
午?二百?，晚?三百?可以了。 //@winnienelson:??菜?平均消?多少？？[可爱]//@KC?味??:回复@hktraveller:?的真?！?碗白?都??碗的。 //@hktraveller:[呵呵] //@herbertlui: 看?子一碗白?是不?的呢[馋嘴]	1
应该爱特彩蝶计划[嘻嘻]	1
[鼓掌]//@讲句真话: 值得思索！	1
定会大火！恭喜！[威武][给力] //@张萌杰:恭喜！ //@徽州小生Li:祝贺！越来越好！越来越火！[太开心]@侯林林微博 @张萌杰 @Michelle901013 //@朱_江宏:[good]	1
泰国潜水暴晒+德国化妆师=黑珍珠？=牙珍白？[嘻嘻][嘻嘻][嘻嘻]	1
真的嘿！咱家居然上榜嘞~[嘻嘻] //@漂网学徒老杨:哎呦，有上榜哎。 //@互联网的那点事:拿完年终奖想跳槽的可以看看这个：http://t.cn/8kss2tA	1
回复@裴腊科:呵呵，每次尝尝不同的口味！[嘻嘻] //@裴腊科:赞哦 可以多吃几次了 //@玖食龙虾餐厅:回复@裴腊科:呵呵，欢迎欢迎！[得意地笑]  //@裴腊科:顺便再吃吃龙虾血做的毛血旺 @doocco @manti520 @二七三九	1
抚州有王安石、汤显祖，有才子之乡临川教育，有南丰蜜桔广昌白莲，有资溪大觉山南城麻姑山..........！抚州欢迎福建客！ //@江西旅游:@江西风景独好 @黎川旅游宝贝 怎么想[嘻嘻]？	1
[哈哈] //@明伦书院魏东林: 王朔说的：“美国是什么地方！是全世界被侮辱、被压迫的、被剥夺的人们逃避而建立的一个美丽的国家。”“别挤兑我！再挤兑我我当美国人去！”王朔难得的一句一本正经的话：“我是要准备做中国人，但中国你别让我太失望。”	1
太好玩J //@俞悦的鱼: [太开心][太开心][抱抱][抱抱][抱抱]	1
别人拥有的，你不必羡慕，只要努力，你也会拥有；自己拥有的，你不必炫耀，因为别人也在奋斗，也会拥有。多一点快乐，少一点烦恼，不论富或穷，地位高或低，知识浅或深。累了就睡觉，醒了就微笑吧。[可爱][可爱][可爱]@西行驿站文化传媒@西行驿站vision@西行驿站藏茶记忆	1
把阳光洒在脸上 微笑 早安//@TIM生命?客:漂亮！早起的鸟儿有虫吃[哈哈]我还没去观音山拍过日出呢[鼓掌]	1
去年今日此门中，人面桃花相映红，人面不知何处去，桃花依旧笑春风…… [可爱] @李木子-LILY @辛宝儿cindy @张小菲菲 @萌格格 @Angelica-w @??-?蘑菇 @王若彤RT @我们都爱小鱼儿 @Kim_song @SUN_FLORA @Cherie727	1
[鼓掌] //@平静安宁过一生:说得好	1
回复@北京电台夏天:@jiyimei 说的[嘻嘻] //@北京电台夏天:你咋知道我最爱的[偷笑] //@liyosky: @北京吕世双 @北京电台夏天 @肥牛横牛花牛就是牛 @贾巍Kelly	1
乔口越来越热闹哦[鼓掌] //@余岁柏: @童彬原 @谭暑? @微笑的杨怀宇 @非彼黄晓明 @长沙杨柳 @中华安志强 @陈员外2010 @凤凰姑娘慧子 @凤绫杨健 @何高峰v @何治中 @爱晚小马哥 @俺不把你哄 @奥神刘来 @carmen小?女 @策划人陈胜 @陈晓丹LYNN @旅王小妹 @美食达人老魏 @公民老谢 @长沙谢栋 @梧桐阳国栋	1
回复@潘梓含:应该妹子多少斤，就送多少斤百元钞[哈哈][哈哈][哈哈][神马][浮云] //@潘梓含:[害羞][害羞]因为山东妹子旺夫、所以多收点儿[嘻嘻] //@马剑是谁:还是山东人霸气[偷笑]  //@潘梓含:三斤百元纸币是什么概念啊？	1
第一遍 没看懂。。第二遍也没看懂。。第三遍。。。[哈哈]	1
亲，同仁堂祖传秘方你要不？//@知行合一TRT:亲，同仁堂化妆品，有需求没？//@杨亚天:亲，我能提高你的销量//@知行合一TRT:你说你能不能做到让我的粉丝数增加呢？有没有可行性操作呢？//@杨亚天:[哈哈]//@齐老实:看来创是价值他爹....因为造了价值	1
摇摇招车，智慧打车?[哈哈][哈哈]	1
陪他玩够了，我要开夜车改剧本了！他不让，还这样耍赖关电脑，不让我改。我改＜小樱桃＞，主题曲播放多了，他居然会半句＂我的未来、我的未来，去去去！＂儿子创编能力太强了[哈哈][哈哈]为了让他睡觉，我让他腋下夹着温度计不要动[偷笑]这不，睡着了[哈哈]！没发烧，这是妈妈的智慧！继续干活儿！	1
回复 @林哲?:捏着快门控制线呢 //@林哲?:你手的姿势怎么象在认错。。。[嘻嘻]	1
这明显赤果果的暗示啊哈哈哈[嘻嘻] //@Sandro_Xu:我决定了，发我一套Apple设备+各大品牌Android手机、平板后，我就转型移动设备开发[嘻嘻]//@YANG水灵: [鼓掌][good]//@陈吉平拖雷: 进入移动互联网时代	1
我觉得浩浩可以应征这个品牌的小小代言人[爱你]	1
早安，听首好歌，干活去喽~[抱抱]	1
敢吹，会吹，不断地吹[嘻嘻] //@解东:如何把备受游客推崇的蒙山悬崖栈道从一个旅游产品做成旅游品牌？期盼各位支招！@大地风景旅游咨询 @临沂国际旅行社有限公司 @临沂市旅游局官方微博 @第一旅游网官方微博 @德安杰旅游策划专家 @风景大地旅游投资管理公司 @汉孚旅游策划	1
【城市之音四川台FM102.6】#城市之音开放日暨特约童声选拔#8/15，城市之音迎来了第二个开放日！小朋友们整齐地排队参观，并现场观看了“这城市有爱?3元的幸福”活动视频，也向各位家长展现了自己乐观、好学的一面。[得意地笑]小朋友们的童真童趣好有爱~[爱你]	1
神一样的解释[哈哈]	1
@么笑悠 我等不到了。困。[爱你][爱你]亲爱滴悠悠。生日快乐噢。还有二十多分就你生日了。快乐噢。要很幸福，为了梦想我们一起努力加油。要作快乐的自己。照顾自己。为了梦想而努力。愿你一切安好。[奥特曼][奥特曼][奥特曼]	1
[嘻嘻]A组:波兰，B组:荷兰，C组:爱尔兰，D组:英格兰:兰你妹，老子叫不列颠…乌克兰:卧槽…[哈哈]	1
今天六十多人大聚会好不热闹！俺还是含蓄，回家让螃蟹红了咱也夜个宵！四个，刚刚好，吃饱睡觉。[哈哈][哈哈][哈哈][馋嘴] 我在:http://t.cn/zRWPSCe	1
哎呀，没有抢到第一沙发呀！[爱你] //@蓝梦莹子: @黄庄老王 @黑云都 @琴岛白鹭 @三智王荣 @太原国宏 @王守常 @优品杂志 @于靖_	1
#东方风行乐蜂网睡衣上班日#第一个睡衣er 已经出现，期待后面的精彩[嘻嘻]@东方风行传媒 @乐蜂网 @撒哈拉烟火--长亮	1
我的农场，地都整好了；就等种萝卜、胡萝卜、白菜；也打算种点心里美，王教授想来点嘛！免费/@王敬刮痧: 回复@飘荡摇摆的独木桥:北京人叫这种萝卜叫心里美[嘻嘻]因为里面是红的 //@飘荡摇摆的独木桥:回复@王敬刮痧:王敬老?很幽默嘛！ //@飘荡摇摆的独木桥:?不是??吧？？？是夏天吃的甜瓜~~	1
[亲亲]必须mark 【 废弃的闹鬼游乐园 Lake Shawnee 本周开始对外开放 】http://t.cn/zRaClmo	1
第一张在北京停车的场景 车摞着车 后面两张是在悉尼停车的场景[哈哈][哈哈][哈哈][哈哈]	1
[鼓掌][鼓掌] //@henvey:知多D上海	1
我说了，要发@卢33 的“艳”照。好吧，为了弥补我晚发照片，那就把@飞鸟与鱼 为我和她所拍的双人“艳”照发上来吧。这狼毒，够艳了吧？[嘻嘻]	1
我突然觉得微博就像古代的烽火台！如果有一天美军打进中国，不管在哪里登录，网友一条微博就可以告知总参谋部美军的方位和人数，咱的炮火和导弹顷刻即制，那岂不是全民皆兵的#人民战争#？[偷笑]大家平时可要多多练习！不过千万别发微博造谣哦！[哈哈]	1
运营值班的同事是不是现在就开始抄去年的啦[哈哈]@史永锋  //@冷笑话精选:哎呀，知道得太多了！[害羞]	1
@LOCAAMANDA   健一公馆的中午，舒服的午餐。[爱你][心][心][心][心][心]唉，可惜，英语不好[衰][汗][泪] http://t.cn/zOgpWTg	1
我9463[哈哈]	1
放假没事做，一定要组团到这农庄走走，WIFE覆盖，农庄主人三妻四妾出来侍候，机会难得。谁报名？手快有手慢无，免费的哦，记得要单身来哦！[嘻嘻]@eldan-chen等叔 @红花油V @劳毅波广州大波波 @taxi佬BG7KPZ @?子千? @雷神BG7 @梁志光	1
哈哈，靠谱！[奥特曼][威武][围观][嘻嘻]	1
//@焦作同城会: #焦作旅游# 太极故里 山水焦作欢迎您[鼓掌]玩的有三大5A景区云台山、青天河、神农山，还有4A影视城、嘉应观、净影寺等；回家记的带点焦作特产铁棍山药送家人送朋友，还有科霖达菊珍、油茶等；好吃的就太多了三维大厦周边全是好吃的[花心],请大家继续补充好吃的，谢谢。。。	1
尽本分天经地义 //@时尚旅游_余辉:不常看望老人属违法行为。[鼓掌]	1
我们的生活比蜜甜，在希望的田野上朝着光明大道，青松岭上前进[嘻嘻]	1
你将开创一个腊肉人生。[鼓掌]	1
又到了二十四节气中我最喜欢的一个--惊蛰。我喜欢万物复苏一切变得欣欣向荣[可爱]	1
高级自黑，哈哈哈，无法阻止微博客户端很烂，官方还有广告，自己作贱自己。 //@Laruence:[哈哈] //@__eternity__:炒掉 9/10 的 PM 和运营才行	1
这么配合的猫咪，太少见了！ //@刘小童:给了我家那两个祖宗，早不知道给丫脑袋拧下来扔哪了。//@关老爷:哇，套图更给力 //@庄珂瑷:哇~~~套图在这里 //@吾乐乐:[太开心]  太有创意了。 //@咪克咪克miico:原来还有套图！！！XD //@fangdi404:转发微博。	1
回来给你办六大的机会 //@再见了_蓝胖子的奇幻之旅:叼你公归，气我[怒]//@小车慢开:[给力][威武][嘻嘻]	1
我也喜欢小鹏的书，在飞机上一口气读完。去旅行吧，行走的路上寻找真实的自己，还有无尽的世界[鼓掌]	1
//@金飞豹走天涯: 金沙江，一条充满诱惑和想象的江河，没有见过的人会产生许多遐想，走过的人还会想来。[嘻嘻]@东方铁木珍户外 @何亦红 @中国户外探险	1
回复@天堂尘爱:坏人！！不会得逞！！ //@天堂尘爱:木延误？好失落！ //@央吉择一:[哈哈][哈哈]  //@天堂尘爱:小姑娘太迷人了。怪蜀叔@央吉择一 眼光独特！@冰壶沸水 快来唾弃这位背相机的评论员编辑！[哈哈][哈哈][哈哈][鼓掌][鼓掌]	1
[haha]//@小莱坞:谢谢每一位表演的孩子！[爱你][爱你]	1
其他都OK，但是行动缓慢未必就能包容，比如某青少年科学杂志的现任主编许先生。[嘻嘻] //@BIFTrao:爱上时认为是性格互补，分开时又认为是性格不合――人还是同一个人，性子还是那个性子......	1
清纯的类~~~[爱你] HIAHIA~~~	1
又见到这帮可爱的人！[鼓掌] //@苏州香格里拉大酒店:这样的护城河夜游你想得到吗？我们可以做到哦！	1
[嘻嘻]同去，三位都是朋友！ //@文志平:一定要去品潮汕味道！	1
这姑娘不错@JoeJoy乔 [嘻嘻]	1
太帅了！性感极了！ //@八圈: 健身的目标又明确了几分！！// @等待夏舞茶 :左男的小PP，啧啧啧，他右腰里塞的是多少钱啊？求鉴定。右男头巾绑腿太性感了[鼓掌]	1
成都的乡亲们，还有什么比情爱长安更好的春天的礼物呢！[爱你] //@杨晨:[偷笑] //@好儿妹:艺术回归校园好高的境界，美的诗歌由那么美的声音演绎实在好美……校园是片净土，更适合纯粹美的艺术传播，@杨晨 演谁是谁越演越完美，情到浓时的激情让人无不为之动容。	1
回复@想念青松:(*^__^*) 嘻嘻…… //@想念青松:回复@朱德?:谢射[鼓掌]	1
车模系，纯洁版[哈哈]@江苏时尚购     #美图秀秀iPhone版#	1
估计料理师回忆起他美好的童年了！[哈哈] //@安安-苏：好有童趣 喜欢[兔子] //@幸福料理店：谁忍打扰那份恬静呢？//@新浪广东美食：好诗情画意的蛋糕[嘻嘻]	1
#畅聊旅游那些事儿#会带四种不同身份不同意义的人一起前往，必须把旅途玩得无比欢乐，精彩纷呈。[哈哈]	1
不会吧？[吃惊]俺刚刚从餐厅回来，没见到主任啊！[嘻嘻]雪倒是下得很欢喜的样子。[雪][雪][雪][雪人][雪人][雪人][手套][围脖][温暖帽子] //@侯宁:主饪你是在家呢还是喝多了困在@嗨辣老孙 那里了？[偷笑] //@刘主饪: 回复@海科-七星智库:踏雪夜归人。  //@海科-七星智库:饮雪亦醉人[嘻嘻]	1
笑是一剂白粉[哈哈]	1
[din看看]//@潘晓琼c: 昨天论坛的高潮[鼓掌][鼓掌][鼓掌]	1
贵族!还有一种解释，有一次我们在婚礼现场拦住一位挡在摄影机前张牙舞爪拍照的大婶，大婶对我们的行为灰常不满，咆哮：【你们知道吗，我是他们家请来的贵族】…//@麻辣隔壁七游唤嚼:骗人，不久前我还见你推着电车跟一群人奋勇过马路了！ //@江枫de渔火:我也快了[嘻嘻]	1
哈，你还记得呢，不会是你编给我的吧。//@冯博_Barry: @冷缘边界  这个给你练练[嘻嘻]	1
回房间休息一下喽[可爱] //@冰糖Arianna:[威武][威武]//@酒窝在眉梢:转发微博	1
天蝎最棒[哈哈]//@记忆延伸: 我们蝎子都是最棒嗒[哈哈]	1
欢迎Kevin老师入住#Dusit Thani Maldives#，有没有度假美肤心得传授给我们呢[嘻嘻][嘻嘻][爱你][爱你]	1
一年最少来四次北海道[哈哈][哈哈] //@爱chara的chara:所以说，应该夏天去一次北海道，下次去一定要参观水教堂[抓狂] ?@reeva劳拉拉	1
成都的乡亲们有眼福和耳福了[din推撞][花心]//@寒江做?: 成都明日见，作曲家@作曲杜薇 亲临现场[嘻嘻] //@天堂的咪咪将:爱恨情仇全部汇聚在短短的一晚，感受你的感受，感受我们共同爱的舞台！	1
帅呆酷毙了[嘻嘻]	1
很精彩//@奂想曲：@木土634[鼓掌] 张医生讲得真棒，有理有据，医学上好多事情看得很透彻。	1
回复@景峰mono:修正：春天木旺缺金[汗] //@景峰mono:春天系缺金要补金！何来金旺[嘻嘻] //@大嘴米高:春天金（肺）旺，此物治肺[good][good][赞]	1
[鼓掌]于总有感而发啦[哈哈]	1
真的很美~[哈哈]	1
续集是：打电话过去追债么？[哈哈]	1
皮脆，肉香，味好~[爱你]	1
谢谢捧场 //@青岛曲艺社:真捧[哈哈]//@为LOVE起舞:@青岛曲艺社	1
"昆航随时欢迎您，乘机前三天来昆航微博留下出行信息还会有""微IP""惊喜哦！若是有缘人，定会常相见，期待与您在KY航班上相遇！[可爱]"	1
太他妈的像了，不会真正的内幕其实a梁博是窦唯的私生子吧？ //@恋恋风物:必须转@丫头-莎小莎  //@陈默撒吗:得转 //@台客丹:真像 //@于靖_:烦吗。。。[哈哈] //@茅侃侃归来:Someone like you.//@崔菲特斯文: 红?。	1
我和谁都不争， 和谁争我都不屑； 我爱大自然， 其次就是艺术；[赞][蛋糕] 恭贺先生101寿诞！ //@音乐人杨海潮:我也爱大自然，其次是艺术[哈哈]杨门女绛 ，百岁更帅[蛋糕]//@卷麻花:难得。这话曾经抄在日记本扉页上。	1
一起看[鼓掌]	1
#北京书友会#玛亚老师《我的衣橱经典》系列书籍分享会，10月13日/星期日约定您！北京的书友们不可错过哦！//@雨枫书馆: [鼓掌][鼓掌][鼓掌] //@中国青年出版总社: 10月13日周日10:00-12:00，地点@雨枫崇文馆 @黑玛亚花园 做女人，就要内外兼修――《我的衣橱经典》系列书分享会@懵懂的凌 [围观]	1
[给力] //@旅游信徒万一伟: ＂顺境通常是过去艰苦耕耘收获的结果，逆境也正是日后峰回路转、否极泰来的前奏。＂[赞][鼓掌]	1
[围观][哈哈][围观][哈哈][围观][哈哈]	1
[鼓掌] //@黑云都: //@陈默撒吗:请大家关注8月29日举办的格格不入慈善拍卖晚宴，《优品》和诸多艺术家一起，帮助一个孩子圆一个梦想。@优品杂志 @黑云都	1
ありがとう！！！// 谢谢！！！ //@orangegirl-1985:よかった！おめでとうございます！ //@静冈叔叔:[给力] //@正能量吸收ing:终于成功啦！[哈哈][威武]	1
常说“好吧”的天秤座[抱抱] //@最天秤:-	1
#天天向上#扩展......很多观众好奇，上上期节目中欧弟使用的可以让声音“科技感”起来的app...大家有兴趣可以搜搜“auto rap”…你也可以变成rap高手?[嘻嘻]	1
师兄当年真帅 //@深圳张源:[偷笑]//@掌柜Nicolas: 看着师兄的老照片真感慨，二十年后，我们也会才是回忆//@深圳张源: [嘻嘻]//@李晨琛hawk: //@李睿子在武?: 劝业场的那个校门啊!//@深圳张源:@武汉大学 @李睿子在武? @屋顶上看月亮的猫	1
俩孩子都这么傻蛋样[爱你]期待快快长大。	1
//@酥油茶格:[吃惊][哈哈]	1
请问，其他小学呢？当地不是只有希望小学吧? //@逆风蝴蝶:[赞] 大有希望 //@中国青少年发展基金会:是啊，这是我们今天收到的最振奋人心的消息[嘻嘻] //@Julia_Cui:2000年去甘肃和青海的希望小学时印象最深的就是虽然周围明显是贫困地区，希望小学的建筑都相当结实而且窗明几净	1
//@灰-胭脂: 福州今天也有灰霾，我要蓝天白云，阳光明媚～～～ 请保护环境，绿色出行！每个人都出一份力，让蓝天再现！！！ @jasonJ大森 @左小渔kk @725开心 @玩美煮艺 @麦克疯骑士_M路飞 @杜蕾_斯大林 @sky-明7 //@海峡卫视:据网友说是北京的醇厚，齿颊留香！您觉得呢？[嘻嘻] 保护环境刻不容缓啊！	1
今天为了看《经适男》末场我貌似浪费了@小猪男孩 的《旅途中说相声》，不过散场在电梯遇到@张译 童鞋，张同学说，这个戏真好看呀。我说，那你什么时候演个？他一晗首，挠挠头，还挺害羞地说：我啊~~哈哈。你确定这是《士兵突击》里的硬汉么[哈哈]//@李伯男导演工作室:过两天偶们还要演《建家小业》哦	1
明年五一吗？ //@走进新西兰:每次安排国内游客房车行程，都会收到意犹未尽的感叹；尽情体验NZ完善的旅游设施，丰富多彩的房车营地，醉心感受纯美新西兰的潇洒，房车旅游是车技过硬人士的最佳选择[爱你]	1
[?你][?你][?你]一起贴起来[嘻嘻]	1
哈，我也要来[爱你]	1
[哈哈][哈哈] //@酱豆仔_芽芽:古仔躺着也中枪啊。。。。[衰]我就觉得眼熟嘛[偷笑]	1
我现在KEN MARY之树，今天也阳光明媚[哈哈][哈哈] 我在这里:http://t.cn/zHeRWyU	1
哎哟，不错哟！[爱你]	1
"#""悦""享新""辰""#@卖火柴de小小小女孩 @正能量十足的奇葩妹子 @琳琳达达 @JohnnieHuang @六月皇后 [鼓掌][鼓掌][鼓掌]"	1
好的?????????祝你成功[鼓掌]	1
这样的恩爱要常拿出来晒呀！因为你们我决定还是相信爱情了！//@老潘：来了来了！[亲亲]	1
｛冬瓜茶｝煮的时候感觉整个厨房都飘着一股中药味，打开锅盖的一瞬间冬瓜那股清爽的味道扑鼻而来。现在超级期待冰镇后的感觉！谢@侯三爽 推荐。当然我不告诉她看她家达弟吃番茄炒蛋拌面条的小样极诱人，让我周五晚上迫不及待也照做一份。魔幻家庭给予的不仅是正能量，她家的饭桌还是我的菜谱！[嘻嘻]	1
[吃惊]//@曹增辉: [吃惊]//@来去之间: [吃惊] //@财经网: 【夜惊】腾讯为唐英年竞选香港特首提供文案支持[吃惊][哈哈]	1
我哭！我哭！我哭！//@elsa-zhuyun:哈哈，祝姐减肥成功，也不指望你能减到多瘦，能回到以前美美的样子就很不错啦！[哈哈]	1
[赞]//@李溪昂: [哈哈] //@我是傻豆我怕谁: 智障。。。。//@叶荣枫: //@AdamChan-Nel://	1
AJ从小做起[哈哈][哈哈][哈哈][哈哈][哈哈]	1
重庆朱胖子烂火锅[嘻嘻]。[赞][赞][赞]	1
#游点看头#【[话筒]上海坐出租车将有免费wifi啦！】2014年第二季度上海将有超过1万辆出租车提供免费wifi热点覆盖，乘客简单注册，就能上网，并且完全免费哦[鼓掌]这项新技术将拓展到全国5个以上一线、二线城市。wifi出租车[得意地笑]我要去上海！>>> http://t.cn/8FIMNvT	1
回复@??才二:哈哈哈//@??才二:哥，咱这海报真是太有爱了哈哈哈哈，//@聚乐部王惟:以后会更好//@京城聚乐部相声:够强大～[哈哈]	1
店主是我高中的大美妞同学，@晴怡Emma @姚小费 @花花张老师 菇凉们多支持！[鼓掌]	1
巧克力和核桃就占饼干的一半，巨奢侈！[嘻嘻]	1
吃海胆不吃海獭！[哈哈] //@朱惑木棉花:不可能吧？海胆倒是很爱吃[笑哈哈]  //@一点点小林:挖，吃海胆有助于拯救地球！	1
回复@芦一洲:你忘了感谢@方龄 MM[嘻嘻][哈哈] //@芦一洲:感谢CCTV，感谢MTV，感谢NBA，感谢WCBA，感谢赵薇，许巍，丁俊晖和敌敌畏。。。。。我们是――神经四侠！哈！	1
[哈哈]@蹭茶闲人: 要的@miniG-欣 @Fiona白玉 @白丁公子@夏大叔 @冰人儿	1
【绿沙滩你见过吗？】在夏威夷群岛中有块绿色的Papakōlea沙滩，其呈绿色是因为组成沙滩的沙子是绿色的橄榄石，这种石头被海底的火山活动制造出来后冲到了岸边，再被海水长年累月磨成了沙子，形成了这颜色独特的“神话沙滩”！怎一个美字了得！！[爱你]	1
#我爱黄金假日#这是幸福的吃货[嘻嘻]来自签到粉丝@李可墙 馋人分享[抓狂]	1
@?佳open-ended 想@你的时候才发现居然木有关注你 还坑爹地去玉贵兄的关注里搜[哼] 以后我们除了室友还是leaper同志了 请多多关照！[可爱]	1
2013最后一天，在新加坡开心度过，向所有的朋友们问声：新年快乐！2014年，我们会更好[调皮][爱你] 我在:http://t.cn/8kdfLaM	1
【#超级笑星#微直播】今晚的4组选手登场[鼓掌]分别是阿毛玉强；李金龙、@丛义洁 ；@鸣乐汇常艺博 @鸣乐汇许玉龙 ；@赵继港 ~今晚将会角逐出2组成功晋级全国20强~大家最看好谁呢？快说说看吧~[哈哈]也可以编辑手机短信A+最想说的话，发送到10660122688 参与节目短信互动~有机会赢取千元现金大奖哦！[赞]	1
亲们[爱你]终于明白你们为什么老收不到我回复你们的短信了[思考]破飞信[鄙视]把我害死了[委屈]	1
[嘻嘻] //@健康精华篇：转发微博。	1
毕业快乐[可爱] //@刘思雨Jerry:恭喜海音毕业，今天有幸被邀请去参加典礼，认识了不少新朋友，虽然极度困，但是还是感觉非常充实，一起加油！既然选择前方，就注定风雨兼程！@四水归堂摄影创意	1
[哈哈][哈哈][哈哈][哈哈]卣啊！ 听、董事们  总经理、副总们畅所欲言谈论~   我是中国人＋我是合伙人+我单身 //@无须豆蔻:哈哈[哈哈]//@自娱自乐的Z小姐:俞敏洪发了帖子说，不全是，至少自己不是成冬青那个土鳖~//@桂子V: 据说是新东方的传记 //@陆小?儿 @觉罗紫妤	1
吃饱继续品茶聊天！和闺蜜在一起滴感觉就是好[太开心][爱你]@Vicky4545 @渐雨微凉 我在#湖广会馆大茶楼# http://t.cn/zOeD3BC	1
天气不错，心情也不错[可爱]	1
老孟生日快乐！[蛋糕][蛋糕][干杯][干杯]来天津请你吃饭！@孟然 记得你带钱来天津！要不你回不去[哈哈]	1
恭喜恭喜！！ //@WiWide迈外迪张程:[嘻嘻]	1
按照时间的推移，此时大眼儿猫咪拍摄到的都是一些轻松、美好的画面。让我们暂时忘却一切暴行吧。今天表现特别好的耳朵妹妹不但有红花戴，连胸背带都介么漂酿呢。有一颗心还有蕾丝哦[可爱]	1
投票支持各位狼人！[嘻嘻] 我投谁了你知道么～～@赵小牛618 @行者橙子 @野千寻	1
@九世矫情精 [馋嘴] //@sixiao白雪公主后妈:我赛, 怎么看着像肯德基开发的, 饿了! //@CSSNAKEW:[爱你] 哪天去吃吃看！	1
[花心]//@太极阴阳五行八卦: //@随佛学_法自然: [鼓掌][good][玫瑰]//@悠悠滋水情: [赞]//@米米a6: [浮云][话筒][话筒][话筒]	1
@刘有凯 生日快乐！祝火穴嗨置[哈哈][蛋糕][蛋糕][蛋糕][蛋糕] 我在:http://t.cn/zTu6ZNP	1
[可爱] //@老街兔:偶见的餐厅也能带来惊喜！大麻鱼呀~冒菜呀~兔头啊~盐府大刀白肉啊~都是我家的招牌大菜呢！可是美味杠杠滴~[哈哈]	1
#2013艾丽华意大利美食节# #美食分享# salami pizza 萨拉米批萨 [嘻嘻][江南style]	1
回复@袁You媛:超好吃…[嘻嘻] //@袁You媛:怎么看起来干干的呀？不好吃，鉴定完毕[偷笑]	1
[鼓掌] //@若无其_事: 走自己的路，让刘翔蹦去吧!	1
#给妈妈一份甜蜜的爱# 5月12号很快就要来临了，为你平日里最辛苦最操劳最亲爱的妈妈准备好贴心的礼物了吗？铂尔曼替你为妈妈准备了最美味的母亲节早午/晚餐，让铂尔曼来表达你对妈妈最甜蜜的爱吧，每一位用餐的母亲都可得到一枝康乃馨以及铂尔曼特制的甜蜜礼品~[心][心][心][亲亲][亲亲][亲亲]	1
唔?！[哈哈][哈哈] //@关于xxoo那点事:尼玛，站着也能上升[黑线]小清新就不要关注这个微博了，更多就在@邪恶丶小漫画	1
#我不是明星#最后一位登场的嘉宾是@葛兆恩_宝弟 。上期排名最后的他看起来已经做好了逆袭的准备，16岁的他穿起白色西装也是非常有型，宝弟！看你的啦！[鼓掌]	1
//@二哥哥窜访暖香坞: 中午不管饭是不对的……[嘻嘻]//@铁扇子宋清手札: @司马南 也怕干娘一一那个通房大丫头生气。	1
雷雨交加的夜，最适合好好睡上一大觉了[可爱]各位帅哥美女晚安喽[爱你]无论好事坏事、公事私事都明儿个再议啦[酷]古德奈特[害羞] [心][心][心][心][心][心][心][心][心][心][心][心][心][心][心][心][心][心][心][心]	1
他傻呀，自己不去取那上亿元？[嘻嘻][嘻嘻][嘻嘻]	1
真的耶，我也是打小儿看你的节目????????????吓大的[鼓掌] //@文怡:回复@Wsunny灬:我就。。。。。。怒摔[怒][怒][怒][怒] //@Wsunny灬:关注那么久，看了这张图才知道你就是我小时候看做菜的主持人，我了个去，小时候就想吃你做的菜	1
星期一 = 忙day； 星期二 = 求死day； 星期三 = 未死day； 星期四 = 受死day； 星期五 = 福来day； 星期六 = 洒脱day； 星期天 = 伤day。太形象了！今伤day，有木有~~~~~~~[嘻嘻]	1
春江南先绿，一朝一行去。如遇就餐时，当然你作东！[闭嘴][爱你]	1
回复@皇家驿栈刘少军:我们共同期待[爱你] //@皇家驿栈刘少军: 二十九！[握手] //@皇家驿栈刘少军:没有文字美，不如照片炫，但求无愧心！谢谢你们！[心][心][心] //@杨迪的甜筒乐园:最美在皇家，最炫在驿栈。	1
前淘宝员工在沪互助群成立了[嘻嘻]@晓琴hou @老榕树和剑僧 @窦赢 @Robin卢彬 @苏蒙GG @唐潇洒 。今晚@包季真 @杨震danny 没来，提出批评。	1
如果有轮回下辈子准备做猫狗！ //@Juarez公主:[嘻嘻]comfortable~	1
万幸棉袄和厚被褥都还没收！[哈哈]	1
回复@Jack格拉夫影像-刘晓鹏:能打动味蕾的美食都会让人有幸福感，幸福的笑容自然源于内心！[嘻嘻][嘻嘻] //@Jack格拉夫影像-刘晓鹏:主要是代言人真的是发自肺腑的笑啊[哈哈] //@陈玉霞博斐秀禾:刘老师的眼神真好！[哈哈][哈哈][嘘][嘘]	1
这回没问题了[哈哈]/@卧松观海: 冯总可以考虑来个店中宽带覆盖，以后去一麻一辣发微博更方便了//@一麻一辣冯岩:[good]北京联通宣布全网宽带3月1日免费提速，原512K升为1M，1M升为2M，2M升为10M，4M/8M客户升为20M。由铜缆接入的2M及2M以上用户需在客户侧完成光纤入户改造后才能享受到10M以上宽带速率。	1
[心][围观]//@尚雯婕: 等下MR工体爱心晚会上见哈各位！[爱你][爱你] @MusicRadio音乐之声	1
#HBA使生活更美好[嘻嘻]#东方商旅酒店（为此前的孤陋寡闻感到汗颜，夜晚酒店大门外的人物剪影就已足够吸引，内饰大繁至简，气韵朴雅，好似信手拈来之笔将百年沪上风云清新演绎，实属个人非常喜欢的一个案例），外滩Indigo，外滩十八号，斯沃琪和平饭店艺术中心（从外向内逡视[嘻嘻]），和平饭店！	1
还有隐情吧? //@吴佩:[嘻嘻]//@感性的蛮子:掷地有声[偷笑]@罗斯里 @冰糖杨梅 @吴佩 @袁启聪 @加文刘 @车主之友杂志 @中国汽车画报齐宇 @颜宇鹏_新车评 @宋海涛-汽车与你 @海兰CHJ @名车志刘杰 @动感驾驭刘宇 @何毅与超级马力 @汽车族孙刚 @王尧 @吴道予	1
#自驾中国365#第269天，陕西华阴。今天的早餐：羊肉泡，20元一份，全是大块的羊腿肉！前天啃了猪蹄（宾馆左手边），所以昨天我们才一口气能爬了9个小时，这爬完了自然吃羊腿（宾馆右手边）了，吃啥补啥嘛！想想这两家饭店还挺配！[嘻嘻]	1
回复@演员陈春生:@微米 真适合做演员，假玛的一个活动，搞得那么多人空欢喜一场！[哈哈][哈哈] //@演员陈春生:[嘻嘻][哈哈] //@张帆DORA: @微米 信誉倒塌啊！[哈哈][哈哈]	1
[泪]一路顺风~~~别忘了我滴明信片哇~~~要大家签名合体版的~@行者橙子 @穆杉伯男 //@赵小牛618:出发了，兴奋的根本睡不着，大学毕业后已经许久没有体验过单独和朋友一起出来旅行，所以特意改走#致青春#路线，橙子也变成了睡在我上铺的兄弟[嘻嘻]	1
【春日】今年春天江南的雨水实在太多了一点，难得今天阳光不错，如此美妙的春日，就应该开车出门去玩儿。[哈哈][哈哈][哈哈]	1
家化暗纹东方豚，无毒，成鱼大约6两，不用冒死也可以吃河豚哦！//@张新民: 好袖珍。[哈哈][哈哈] //@芯茹芷谁:呵呵，好萌啊。张老师，转这个没问题吧？[偷笑]@张新民 @樊旭兵	1
我来发大屏幕[嘻嘻]	1
//@偶素阵雨: 抽奖咯！@长安山叟 @建阳慢生活咖啡馆_简餐吧 @言午许宝盖宏 @长安茶社 [good][抱抱][抱抱]	1
2013 福寿新丰大出彩！林局头功！ //@sun_昊枫林:武老师给力！新丰江源温泉山庄评为3A，云天海4A通过省局验收，报国家旅游局审批[威武]//@武旭峰:林局好！祝贺！  //@sun_昊枫林:[给力][鼓掌]	1
[嘻嘻] ?得好//@爱红酒的闷蛋：这两句象广告Slogan[赞] //@吃喝玩??理: 日曰?威，曰曰威	1
【远方的喜讯】‘我怀孕啦，谢谢您。’四川宜宾的遥控患者，网上发来喜讯，她怀孕三个月啦。[爱你]	1
误人皆为欲，成事也是空。心中无羁络，世界若飘篷。[哈哈]	1
看卡卡卡卡卡卡[嘻嘻][嘻嘻][嘻嘻]//@走过大地: 看我看我看我！//@柳絮同学:[心][心][心]@走过大地 @Nicole的生活书 @一柄锈剑 @托斯卡纳TSKL @璐小璐-邵 @Cynthia-夏小青 @昆哥Q	1
备战1012[奥特曼] //@电影我想和你好好的:今天一整天为@电影我想和你好好的 录制通告的美妮@倪妮V ，辛苦啦！[爱你]	1
[哈哈]//@王颖0007: [哈哈]小崔开始辟谣	1
@藏珍_在路上 准麻生快＇快生了一切顺利＇龙宝健康活泼[哈哈]	1
看名字就有食欲，最好问问做法，河南的面食也很出名！[嘻嘻][馋嘴]	1
27了 嗯 还年轻[哈哈]	1
“少林寺住武当山办事处大主教王喇嘛。。。”[哈哈]郭德纲北京跨年专场《人在江湖》http://t.cn/Si4Ewp	1
看来还装的不够...继续研修[哈哈]	1
右右[哈哈]//@原度:真是个淫才 //@票爷:假装是个逼...[哈哈]	1
试试呗[嘻嘻]	1
#途易在线 精彩旅行#【港澳港五日游】香港―澳门―香港，直航5日游现价只需999元起。[鼓掌][鼓掌]青少年文化聚集地、时尚界最钟爱的地方，你是不是想成为有文化、最时髦的人？超低价就能满足你！[哈哈][哈哈]这个暑假末叫上小伙伴们一起游香港、澳门！[太开心][太开心]http://t.cn/zQJaT2k[心][心]	1
与中田先生玩高尔夫，他真的懂得要与人配合，有来有往，才能一直玩下去。[视频]http://t.cn/anbWQJ[可爱]#流浪猫中田君#	1
女子应有自己独特的魅力,内在的涵养比外在华丽的外表更重要,当然合适的装扮自己,悦人悦己[鼓掌]	1
[哈哈]//@老北京网掌柜: 哈哈！天堂新闻联播，大家还在人世间挣扎！	1
回复@边疆行墨墨:请假条要写好，出门前少骚扰。旅途愉快。[嘻嘻] //@边疆行墨墨:大哥，我杀回来了，丫的，领导差点疯掉，跑了半个多月跟消失了一样	1
回复@中国联通客服:你在我每一条微博后面都跟个一条唱片滑针一样的评论，我愉快得了吗？ //@中国联通客服:您好！感谢您对中国联通的关注！我们会不断努力为用户提供更好的服务！祝您生活愉快！[可爱]	1
#比如唠叨与琐碎#在地铁上听着打鼓练的曲子摇头晃脑四肢抽搐的时候[晕]给两个美国老太太让了座位[害羞]然后开始被她们一阵问题和鼓励打断 用标准美音回复了他们的问题～顿时特别佩服自己[挖鼻屎]幸亏练的是英文歌儿 正有语感呢～[嘻嘻]	1
圣诞节，咱们吃货玩儿起来吧！让我们都变成创意大师吧[可爱][太开心][太开心]	1
创意[good] //@凌-_-瑶：很好的创意，[哈哈] http://t.cn/a04sCw	1
//@吃货大排挡:5分钟直发变蛋卷头教程，采集回去慢慢学吧~[嘻嘻] 推荐关注@999款潮流发型	1
好主意[鼓掌]看来等我女儿长大了也送套厨房算了，房价实在太高了@xin_may[偷笑][偷笑] @永远的协和 哈哈！ [嘻嘻] @林忆莲[偷笑]	1
[鼓掌][鼓掌]Congratulations over 60K!!!!!!@古川雄辉	1
太贴切了！//@扬州狮子楼帮主: [鼓掌]散人，你真牛逼！！！	1
[鼓掌][鼓掌][鼓掌]//@XMAN_宗介: [鼓掌]@黑摄会被抢注@喵小北1014@梦想旅行家手边巴黎urruolan //@哈索尔Ha-thor:啊啊啊啊啊！！这是真的吗？？？？ //@多皮皮: @张小红ya @XMAN_宗介 我想要一个这个!	1
您的肯定与支持是我们最大的幸福！谢谢您！[太开心][抱抱][心]//@妹妹爱创意: 对呀，恋爱N周年纪念日、结婚的婚宴都是在青年餐厅享用的美食，支持你们，[爱你][哈哈]@青年餐厅: 还有你们浓浓的甜蜜！[太开心][心]	1
#崽崽日报# 儿子从姥姥家回来了，说，姥姥打呼噜声音太大了！妈妈一直都休息不好！我问，那你怎么能睡着？他回答…我是被震晕的！……[嘻嘻]	1
[哈哈][哈哈] //@茶人冯建华:[偷笑]//@?痴高文麒:[哈哈]	1
欢迎入住#Dusit Thani Maldives#,期望在这里能带给您一个难忘的假期[江南style][心][嘻嘻]	1
我们去清水湾外卖宴会的队伍出发了哦~大家都热情高涨~！[太开心]	1
后街大叔//@懿雪懿雪: 早知道昨天应该跑对面去看看大叔们@闪闪一番 @何?Echo @MaxQin 你两今晚好好看看，怀念一下童年[嘻嘻]	1
[爱你][爱你]曝光两位获奖的美女粉丝@菁菁我家 @垠天使 祝你们带着好运,快快乐乐度过女人节!	1
有点意思[嘻嘻]	1
我选2，潮搭DKNY，主要是喜欢那个搭配的鞋，如果按裙子挑选的话我觉得1也很美啊?[偷笑]@SaraTong 你说呢？臭美妞?[哈哈]	1
我爱你的你的你的我 //@与非门阿庆:谢谢泰然。泰然，你该申请加V啦 //@泰然阿修罗:这个必须的！[嘻嘻]	1
[哈哈][哈哈]//@炳炳19:[围观][围观] //@九江旅游杜少华:【修改版】一山飞峙大江边，山下陶令闲耕田。采菊种豆桃源梦，吟诗品酒人间仙。千年九江山水秀，万众英才笔墨添。人生何处洗心乐？浔阳江头已忘言！@烟雨听潮2011	1
亚航开通昆明吉隆坡直航[鼓掌][鼓掌]	1
笑死我了@InoueKumiko @丽江醉漫时光 @老娘我来了 @LuH0ng //@娃娃他姐:这么长的文儿一气呵成的看完呀?受教了[鼓掌][good] ?//@月光冰棒: 中国话博大精深，处处都是爱//@青橙-赵小墩: 我看到一半就快笑倒了	1
回复@西安亚马逊户外:粗算了一下，带二十多个人马过来 [哈哈][哈哈][哈哈] 吾年柴不少矣～ //@西安亚马逊户外:欢迎兼职 //@欢途乐途杨森:回复@兰斯先生:当然通过了！ 源源不断  我兼职着~  //@兰斯先生:能申请兼职不[花心]  //@黑白de兔兔:@陈武涛 你弟不是在找工作么？@古城西安_小辛	1
[思考][阴险][哈哈] //@冷笑话精选:5个以上？！说得跟真的一样。。。	1
看图不说话 //@KevinXiong://@毛毛妈：我和我老公看这张图片时的评论是：1，国安局都用的是HP，而且已经是N年前的款了；2，这么重要的事竟然也没订到会议室[哈哈] ； //@eygle: //@ChirsDuan：评论挺逗 //@苦瓜Henry:别老成天说什么道德，道德的	1
这样看起来更闪@冰华乐舞 @火舞有情天 [心]感谢@橄榄石-深蓝色 [嘻嘻]	1
俩小伙的表情太到位了！ //@佛陀佛:[嘻嘻]  //@我是朴实的农民攻:！！！！！！ //@小葵_AOI:绝对是男男阿！ //@李写意:这种被贤惠攻击倒的心情是肿么回事？太辛苦了吗？ //@风起涟漪:哪位高人的作品。。。 //@幻火丶某火一只:=      = //@江南烟雨杏花:这……绝对是男男篇啊，嗷，激动滴内牛满面	1
幸福打车定律[哈哈]	1
女王息怒呀！[抱抱]	1
快到中秋了，想吃味多美乳酪月饼和哈根达斯月饼[可爱][可爱][可爱][可爱]@味多美 多准备一些啊，每年都吃不够就断货了[偷笑]	1
//@未成年人的请勿关注: [给力] 微博唯一一个公开黑客技术教程的微博@学点黑客技术~~原创发的贴真的很实用。。操作起来简单。。。电脑白痴的我都懂得操作了。推荐关注@学点黑客技术[太开心]	1
//@adSage谢飞：汉语博大精深啊 //@阿莱克斯白白: 眼泪乐出来了，害人呀，看了这些，想不起本来都是什么了[泪] //@淡然的璀璨: 笑死了 //@Ashleylv:[嘻嘻]我承认我笑点低。。。  //@李不韪：阿兰 //@real阿兰：人才啊。[good]  //@p276159290蝶恋兰花:哇卡卡[哈哈	1
听闻@崇记杂货铺 第一轮中奖，我更加确信这是一场公开、公平、公正的吃货大福利活动[偷笑]。有木有和我一样特想中奖的，不为奖大小，只为试试运气！[鼓掌][鼓掌][鼓掌][鼓掌]	1
很精致[可爱]	1
[鼓掌]『苹果产品设计教父眼中的4大科技发展趋势 - 爱问』http://t.cn/zR4FwyS	1
[鼓掌][鼓掌][鼓掌] //@Teresa_Darizi:[围观] //@上海打折优惠:[抱抱]【iPhone5和iPad Mini 9月12日手牵手来了】~~	1
我家的小美女，臭美妞一枚[嘻嘻]	1
回复@张老弛:然后。。。我真不知道谁给谁买单去了[哈哈] //@张老弛:然后呢？	1
可以公开交易了[嘻嘻] 恭喜孙老师[鼓掌]	1
#无尽之旅# 保定白洋淀！明天我们就去[嘻嘻] @SW妞 @益西格格 @六零儿	1
图中建筑是苏州地标建筑东方之门，其独特的造型吸引了广大网友的围观，也激发了网友再创造的热情。我们转发的就是该图片灯光效果的营造者刘洋。亲高兴起来吧！[嘻嘻] 图文点击：http://t.cn/zWDIska	1
[cc舞动]//@即墨无端: [good] //@螺虾孤鹜2:令人敬重[赞] //@俺叫老鬼:回复@豫之翟女在新疆:咳，只能谢谢鼓励喽…… //@豫之翟女在新疆:在我们心中,鬼爷爷就是个鲜活带给我们正能量的老宝[威武],我们的大爱[爱你] //@俺叫老鬼:回复@豫之翟女在新疆:又老而又糟哟！	1
老北京面人[围观]太有爱啦…！[嘻嘻][嘻嘻][嘻嘻]金钱豹太有才啦…！[奥特曼][奥特曼][奥特曼]	1
我儿真好看...[哈哈]	1
要想以后活得像个人，高三必须活得不像人。[哈哈]	1
[good][赞] //@IDo_味精一颗:魔术师的女朋友[可爱]	1
怎么办？嘿留下?！[爱你]	1
Aire Barcelona 2014 Bridal Collection 唯美的蕾丝婚纱细节[爱你]【私享穿衣顾问微信：FashionTalent33 】	1
教主黄晓明魅力现身飞机启航仪式，不接受任何记者采访，瞧他刚走进门的那瞬间，酷毙了帅呆了[爱你] http://t.cn/zQPDJOF	1
@席窑西北乡野菜 习家菜必火 //@王利群:这是一个信号，以后领导请客，要吃包子[哈哈]//@杜雪HIGS:这广告影响力无人可比//@侯宁: 这广告大了//@Evil林凡 :感觉后面广告板要换的节奏。。。	1
欢迎你呀，这么大的雨还来呀[可爱]	1
[爱你][爱你][爱你]//@胡文英Paulina:?也很辣啊!?性大剌剌的，非常好相?	1
最美三样菜！[偷笑][鼓掌] //@璇雅小微:三样菜	1
//@陈坤: 昨天观影完和朋友们谈论很久，希望更多观众可以看到这个版本！[哈哈][哈哈][哈哈]	1
尚?大人真??[嘻嘻]	1
@台客丹 绝了！[哈哈]//@主持人高磊: 端妃是要做甚？ //@电影工厂:转发	1
消肿了 [落叶]//@LScoffee:哦，原来可以这改变事务的主客观呀！ // @我们都爱重口味 :[哈哈]差点没看懂???	1
美好的圣诞，期待在CJW见到你 [爱你][礼物][心]	1
[亲亲]//@Fresh馥蕾诗: 面对干燥起皮的双唇，要用温柔的方式呵护它。@鱼苗苗 选择Fresh专为唇部研发的澄糖护唇磨砂霜来呵护双唇。内含被称为“天然保湿剂”的澄糖，磨去唇部角质，防止水分流失，同时乳木果油和希蒙得木油又为双唇提供营养，展现诱人光泽。	1
表妹太有才拉[哈哈][哈哈][给力][熊猫]	1
[哈哈] 汪总已练成神功了[赞]//@汪溪:无	1
好漂漂[心] //@则卷小蓓:@紫菜没腰的饭团子  //@全球新鲜资讯:好想生个女儿[爱你]	1
[馋嘴][馋嘴][馋嘴][哈哈][哈哈]	1
回复@小木鱼儿fish:黑了我一个还有小木鱼。黑了小木鱼还有盒饭，黑了盒饭还有谷三儿。。。。。。。。 //@小木鱼儿fish:你丫找被黑呢[嘻嘻] //@带刺的犀牛:请铁道部各位现场指挥人员抓紧上车，车已到达香格里拉饭店门口	1
//@黄村老周: 回复@生根的风:[给力][good][可爱] //@生根的风:[哈哈] //@黄村老周:回复@生根的风:[给力][good][赞][鼓掌] //@生根的风:玉兰婀娜孤花洁，斜枝窈窕空?绝。叶错花季花待叶，无奈叶赴残花约。	1
//@爬山的二飞: 绝对立志！[good] //@胸器锅:首转。活脱脱的变型记。为你的魄力鼓掌。[鼓掌]	1
//@冷长明://@庞观者明: 微信是家长里短，微博是大千世界。//@蔡幼林:[哈哈]//@赢微博:在微博中成长，在微信中消遣[嘻嘻]//@冷长明: //@付士山:微信有朋友在等你；微博有整个世界在等你[赞] //@尚开红: 微信偶尔发个东西，只为了会用，只为了不让它寂寞。我对微博是专一的，因为不必考虑别人看不看	1
看了半天相声还没出现，纪录片吧，派头真足，郭老为社会提供了不少就业机会。[可爱]	1
好美的长睫毛～[爱你]	1
加油，浮躁的当下，这份坚持太宝贵了[爱你]	1
哇，水煮汤圆 //@芝哚: 原来小时候的熊猫这么可爱[亲亲][太开心][萌]	1
好好学习 天天向上的人必须赞[哈哈]	1
我们大家恭喜她[围观][鼓掌]	1
和亲@Joywong 大嬉Hilton泳池，一路飙车赶回杭州，累了，要早点睡了，养足精神，迎接周一！，之后又是长假！周末的小清新度假，让我一直流连忘返，一定要再去次！呵呵[偷笑][偷笑][爱你][爱你][馋嘴][馋嘴]	1
回复@天涯冰峰:我一没有牺牲精神，二没有不拉痢疾的精神，白种男人我干不过人家，白种女人估计也干不过。我要去光复，还不得光腚出来？[哈哈] //@天涯冰峰:等你去光复？ //@天涯冰峰:估计真是白求。 //@俺是芜野: 找白求恩走走关系行不？	1
欢迎您下次来住住我们电影主题或欧式奢华主题风格的客房，会有不一样的感受噢！[嘻嘻]//@bkirk: 去年清明还住的航海主题房间，服务，泳池和送的小泥人都印象深刻[good]//@天津海河英迪格酒店Indigo:感谢大家的支持与厚爱! 欢迎各位亲来体验天津德式风情街耳目一新的邻里文化[围观][围观][得意地笑]	1
传说中的包子脸[哈哈][哈哈][哈哈]@吴曼临  //@棉袜子: 好想跟它一样沉沉睡去~	1
[偷笑]原来是这样 [鼓掌]//@HX阿何:有意思	1
你懂的[哈哈] //@老沉: 晓松你呀必须在下次喝酒的时候跟我对对谁是谁？	1
[哈哈]//@胡狼狼: 哈哈//@狂?: 喷!//@大口吐血贰: //@薄幸锦衣儿:好玩 //@五岳散人: 笑死了。。。。//@张洲: 都是ID惹得祸。//@不加V: 哈哈哈哈	1
[嘻嘻]indigo特色邻里早餐！不出酒店就可以吃到天津特色美食哦~ //@Edward_U:酒店还做煎饼果子？	1
我吃母的！[哈哈]//@诶呀呀乔小乔:公的……我喜欢吃公的//@山东老转村集团:大河蟹(和谐)的咆哮体 [威武][奥特曼]@平艺同志@青岛同城会@幸福在青岛@青岛微博联盟0532@青岛老照片@青岛某姑娘@青岛交通广播FM897 @李臻Gracey @董晓包	1
//@毓秀苑赵艳斌: [鼓掌][鼓掌][鼓掌]//@林明-成都:祝贺@曾来德 ，成都欢迎您！今晚很开心。严老的养生术很好@毓秀苑赵艳斌	1
回复@拍客老李:[偷乐]得捂上嘴…… //@拍客老李:[嘻嘻] //@俺叫老鬼:哈哈哈哈哈哈哈……牙又掉啦！[哈哈][可爱]	1
哈哈上海热 //@黑夜彩虹smile:[哈哈][哈哈][哈哈] //@胡噫噫:  @黑夜彩虹smile @loveNaiad [偷笑][偷笑]	1
这款228元的#至尊锦月礼盒#已经买没了，268元的#精美皓月礼盒#也所剩无几。还没有买月饼的朋友可以购买我们的168元的#吉祥满月礼盒#，也同样不错呦！如果您参加我们的#中秋月饼礼盒#微博有奖转发活动，还会有机会免费得到228元的#至尊锦月礼盒#和128元的#特享红酒礼盒#。还不快行动！！！[太开心]	1
//@长沙独木舟大本营: 回复@守护江豚:[转发]忘啦带点小鱼当礼物去喂喂它们！ //@守护江豚:[心][心][心][太开心]它来欢迎你们呢！	1
回复@??:呵呵，那是一定的。 //@??:预祝演出圆满成功[哈哈]	1
[嘻嘻] //@嘉航在此：[哈哈] //@鲜于蝶舞: 转发微博。	1
[哈哈] //@我是小小老百姓:右边古文学得不错啊. //@潜水的咖啡猫: 原文的确有这一段的啊， 猥琐事是指琐碎的事情。别YY了，拿本语文课本来看看倒是真的。 //@精彩电影: 不明觉厉 坐等真相[冒个泡]	1
恭候大驾。[爱你][爱你][爱你][爱你] //@美酷宝宝美国月子生活馆:出柜了。 //@萨姐:我很快就?啦！童鞋??看我！ //@美酷宝宝美国月子生活馆:West Covina月子渡假馆的外观，BY Google Map	1
豪门盛宴[嘻嘻][嘻嘻][嘻嘻]	1
回复 @所有我想要的:那我就给你拎出来示众啊，就像这样[嘻嘻] //@所有我想要的:那天去机场帮你拍了吴秀波，就不给你！哈哈~ //@伊比利亚火腿:清华干嘛给你发[右哼哼][左哼哼]  //@三寸de光:今天收到清华发的校庆短信了，想起了那年夏天的事，恍如昨日。	1
[鼓掌]美食带给大家一周的正能量！	1
雅虎汽车北京车展抢油卡活动[鼓掌] 地址：http://t.cn/zOWdwkr	1
回复@钻石利剑:哈哈 支持一下 //@钻石利剑:我姓娄 可入百否 求 //@郭月晨:先谢了 呵呵 //@大匠之门李笑天: [嘻嘻][嘻嘻][ok] //@郭月晨:求赠书 呵呵 //@大匠之门李笑天: 当然了仙子[握手] //@乖乖的仙子:大师，俺在100以内不？[馋嘴][馋嘴]	1
#非常了得#这位美女是条美人鱼？怎么还有脚站着呢？她是真的还是假的呢？[哈哈]	1
开车出行的亲们一定要看仔细咯！[爱你]	1
擦，真心便宜！[哈哈] //@王超irwin: @昆哥Q 阅	1
《卡卡的信仰》-新书终于面世了[鼓掌]	1
[哈哈]欢迎爱旅游的朋友加入中华旅游军团: http://t.cn/h543nw（新浪微群）	1
#壮游#其实我更喜欢晚上在希尔顿拍的这个牛排,因为夜间高感光度出来的效果更诱人!@胡仙仙Ivy ,我这里都凌晨一点半了,不能再刺激你了,睡觉去啦[嘻嘻](BY CANON S100V)@世界杂志	1
HTC商城作为四大软服务将为用户提供最优质的下载体验。[嘻嘻]	1
#我家的泰迪# 棕色的皮肤，酷酷的眼神，这就是偶滴泰迪熊。这小姿势还算悠闲吧。[嘻嘻]@高小包子 @我是N7的叶子 @可爱多多饭一锅 @北京市百货大楼	1
真美好的画面，@葵小萱 //@乖乖猫mm: //@旮旯旭欢乐多:[太开心]	1
老了就要变这样由内而外的衣架子，练好身子骨，体型不走样。 //@AlienCorner: [鼓掌]	1
因为播《大黄山》，晋级赛最精彩之一的这期《超级笑星》，临时改到22：20播出。 //@主持人付玉龙:小年夜，大笑夜，玉龙陪你嗨不停！今晚21:30分安徽卫视《超级笑星》第八期！你准备好了吗？[哈哈][哈哈][哈哈][哈哈]	1
[偷笑][偷笑]/@邓伯庚:这是哪个大胆毛贼，要跟咱老白抢饭吃[可怜]？ 别着急！老白不怕！慢点吃！[哈哈]	1
低谷时吃了40个鸡翅[哈哈]	1
中国出不了哥伦布[哈哈]//@梁冬: 请把你认为写得最牛逼的摘出来！	1
去掉了V和其他认证信息，也去掉了学校和职业信息，感觉自由了[嘻嘻]，是不是可以开始干坏事了？	1
力宏之前的偶像[鼓掌]	1
我也想要明信片[?] //@木夕兔Silkfloss：小原，今天收到了你寄来的明信片。[爱你] 永远爱音乐做音乐我们一起，我会记得。[心] //@田原：Esalen在加州的big sur，这篇游记算是冰山一角吧，过去在那里的一个月中我经历了人生中很重要的转化。	1
回复@G树嘉:当然是姐姐讲的喽!回头给你ppt[爱你]! //@G树嘉:是姐姐讲的吗?我也好想去听哦…	1
回复@哎呦_吼吼:[好棒]//@哎呦_吼吼:忍着放了一夜，第二天一早起来就吃全部解决掉[害羞]原味起司蛋糕好像原价39，特价29，很合适?上次看别人发巧克力岩浆蛋糕的图片，好有食欲，有机会要试试?[求关注] 感谢@美瑞可-起司蛋糕  @私家车美食导航 [爱你]	1
#百名达人游津城#@新浪天津 @新浪天津旅游 @天津旅游 小伙伴儿们high爆了！从天津之眼看天津，天津太美！[带着微博去旅行][鼓掌]	1
[鼓掌]@小爷我是七少爷 @北国叶? @烧烤学硕士	1
推荐大家看一下，哈哈，大清早乐翻了。 //@膘客老高:太经典鸟。// @奶猪 ：真受8鸟你们这些女司机 // @张勇NJ :笑趴下了....肚子疼！ // @新浪视频 : 真和谐。。。[哈哈]	1
方浩兄弟要亲自回答#剑侠世界#广大玩家的各种“私人”问题！[哈哈]//@端心砚: 要装备，要坐骑！吼吼	1
湘鄂情，自打建成了配送中心后，将有很多小品牌面市，特别是小店小吃类，据说，餐饮电商，都自己做，唉//@黄记煌-黄耕: 以前都是一些不知名的小店仿照着我们做焖锅,没想到象湘鄂情这种大型上市餐饮公司也开始效仿了。看来黄记煌是越来越被大家认可了[鼓掌][鼓掌]	1
还有更有爱的[嘻嘻]	1
【非得小知识】长发村的姑娘们如何保养长发呢？[思考]原来，她们用的是唯一的山泉、唯一的土壤、唯一的气候种出唯一的大米，再用淘出来的淘米水配上中草药、茶麸发酵而成怪[鼓掌]不得长发村的姑娘头发有黑又亮，爱惜头发的MM可以尝试哦~[得意地笑]	1
X档案里还有这出戏啊？[哈哈]//@五行属二: 哈哈哈哈哈//@打不过你压死你: 哈哈哈哈哈 //@四月份的碳酸钠:。。。。。。又黑我处女座//@小野妹子学吐槽: 23333//@loki_hui: X档案里面的梗。。。当年穆德洒了一地葵花籽成功拖延了吸血鬼进攻，那位吸血鬼一边捡一边愤怒的叫嚣你等着啊~	1
不明白烫房顶是啥意思，可惜车主不在，问了车旁边的人，她也不知道[嘻嘻]	1
吴晓波有深度//@欧阳逸宸Rett: //@权静: 哈哈，很高兴看到@吴晓波 老师的这期节目又再一次被网友推荐！这期节目也是我很喜欢的一期。[鼓掌] //@Follow-Heart001:转发微博	1
回复@五米三稻:鼓励够呛，那汗纸太厉害 //@五米三稻:真希望娜姐把小V给cei下去[哈哈]，死磕[嘻嘻]	1
oye //@风神小邪:恭喜我自己 @宠儿畅畅 @梦oo???落 还有我亲耐的媳妇@紫熏岚夜 上榜~嗯，对于@大Ben熊猫叫不高兴要开心 没上榜我表示爱莫能助[嘻嘻]//@宠儿畅畅: 太贴心了[爱你]	1
第三部咱们一起玩儿吧。//@judyg的遐想: [太开心][太开心][鼓掌][鼓掌]，期待大作！ //@王晟Daisy:[非广告贴] 北欧之行必备书目：《北欧的灿烂阳光》2006、《阳光不锈》2010。闺蜜圈，一人赠一本。//@judyg的遐想: 姐妹们，咱们北欧吧？！@王晟Daisy @土豆火锅韩 @阿拉锅 ！	1
嘿呦嘿呦拔萝卜[哈哈]居然还真有这首歌[吃惊]	1
回复@Virgo的王大涛:是呀，他们放弃了休息，为大家送去了幸福，为他们鼓掌[鼓掌] //@Virgo的王大涛:感谢快递员大过节的这么辛苦~ //@ebeecake:收到了就好。蛋糕能起到画龙点睛的作用，我们再麻烦也会觉得幸福。	1
转世成了屋塔房王子。。[嘻嘻] //@肖彬_Renee:@李渺然疯子 看看 让你乐呵乐呵！	1
早上送两娃上学，有比较，有竞争，有包容，比一个好带[哈哈]	1
//@徐钢:我改了机票就是为了这个展览//@黄在: [鼓掌] //@郑好HOW:@周春芽 @杨凯art @贾方舟北京 @北大彭锋	1
//@雷明:[鼓掌]好消息，大家转起来！ //@职来职往:#职来职往新西兰专场#报名开始咯?在这个夏天，给自己一个机会，也许你会收获意外的惊喜哦[爱你][给力]	1
我派人前去试过 ，反馈：满意[偷笑]。//@孔二狗:黄小蕾你是咋知道我纯爷们儿的？咱俩又没试过。[亲亲]//@黄小蕾:蕾姐再回首，男人这东西要来有何用？[偷笑]@王子子 @刘滢同学 @隋兰 姐姐妹妹不要怂，挺胸摔腚往前走！@刘春 别拦着我！狗哥都不需要女人了，那就没有纯爷们儿了	1
回复 @ET胃食妹:仲有骨?原添[嘻嘻] //@ET胃食妹:好正呀睇?都想食!! 真?夏天最佳菜式!!!	1
美人们收美图了，亮的那张虚了，这张暗更有气氛[嘻嘻]@邬倩倩 @TV桂梅	1
回复@???:恩、让我一下子可爱多了、哈哈哈 //@???:可爱的漫画[嘻嘻]	1
[鼓掌]支持//@海毅dorange: 期待节目的录制！@星光耀东方 //@莲芯儿: 调皮~~~[挤眼]	1
新菜推出 等待食客们的品尝[嘻嘻] 我在:http://t.cn/zYHvZXs	1
#旅行贴士#【衣服打包办法】美国洛杉矶空姐 Heather Poole 同时也是一名打包达人，在网站上的12张幻灯片中，她演示了如何在一个行李箱内装入10天内全部要穿的衣服。爱旅行或经常出差的童鞋们收藏吧~~[爱你]	1
出发 ,儿子很兴奋[哈哈]我在这里: #首都国际机场1号航站楼(出发)# http://t.cn/SVosbi	1
机场夜校哈哈[哈哈]芹菜陷挺好吃的[偷笑]	1
我倒没有感觉它大不如前。因为以前我都没听说过，更没吃过。[哈哈]	1
[爱你] //@林怡育儿会所:大家帮转吧，谢谢了哦[心]	1
[失望][失望]再这样晚睡早起会不会过劳死啊[书呆子]明天要把支付宝密码告诉娘以免……[困][鼓掌]淘宝好上瘾啊。以前卖十个都觉得爽，现在卖一一万件都觉得不过瘾…[实习][帅][照相机][做鬼脸]	1
录制下来，开心与感动，忧虑与希望交织，但成长终究是一件有意思的事，今晚收工，明天继续助力。 //@成长秀:[鼓掌][鼓掌]谢谢@力波-没时间工作 为我们的每一位成长少年加油鼓劲！！	1
#北京美食地图#之【我的火锅我做主】活动圆满成功。入选最受微博网友喜欢的火锅餐厅也新鲜出炉，查看详情请点击>>http://t.cn/8kUyzEV [太开心]	1
床前明月光，疑是地上霜。举头望明月，低头刷微博，微信，微视，微米[哈哈][哈哈]	1
尕2??参加的贵州电视台节目于大年十五（2月14日）晚23：00准点再次在贵州电视台第4频道做为元宵特别节目播出，敬请观看！[嘻嘻]	1
想要马上入手一款索尼NEX-5R [哈哈]真心赞~	1
回复@小海学摄影:谢谢老师！[可爱] //@小海学摄影:【川西 ? 暮秋里最后的金黄】摄影：托斯卡纳TSKL（四川）	1
哇恭喜恭喜~~[喜][喜][喜]//@我是阳光天气晴: 回复 @赵的的:哈哈，给大伙报喜，想你们 //@赵的的:@NNNNNN7 @恶魔宝宝王滢 @雨娟儿 @金朝顺 阳光低调的生了！努可爱的天蝎座宝贝儿[嘻嘻]	1
天天，你真是好人! [哈哈]大早儿能听见，真是运气～	1
没有办法，他们打字慢。//@陈永东: 回复@V戴平:潜伏居多，不易发现与统计[哈哈] //@V戴平:现在领导也上网，上升的趋势很快。	1
托妞就是一颗福星！[爱你][爱你][爱你]	1
其实这是个不错的学习机会@雅座 @酒店餐饮徐宝良 @强李有道 @杨益华amen @沣之道杨铁锋 @赖林萍专业餐饮管理 @田广利-餐饮邦 @雕爷 @王星餐饮品牌策划人 @朱明坤-餐饮信息化 大家都来参与一下吧[哈哈]	1
回覆@九?堂:中国就是人多[哈哈] //@九?堂:人太多，人看人。 //@阳光和天地:上次去@田子坊 没拍好，很想再去看看[?光][微?] //@lap-tina: //@南城老贾: 转发微博	1
[偷笑] //@千山雪江舟:回复@Apple:只给一个人一部[哈哈][哈哈] //@Apple:哈哈，每人一部 //@千山雪江舟: //@千山雪江舟:@喻江   @attashen  @BeiBeiCRI  @Apple  @主持人国鹏  @任蕾-噶松卓嘎  //@比喻的喻小船的那个舟: @小楠老亮 @千山雪江舟 @寄居蟹的小小壳 @小苗是个感性的娃儿 @考生的肌肤	1
冬至饺子夏至面，今天你吃面了吗？[嘻嘻]	1
[互粉]#天天向上五周年#系列：恭喜微博名叫@热血少女six 的粉丝，你中奖啦！你是6月21日节目播出“有奖问答2”里符合中奖要求1、2的第一人（以下截图为证），你将获得天天向上门票两张和主持人签名照一张！[鼓掌]赶紧添加官方QQ（请输入“微博中奖粉丝及微博名”身份验证）跟我们联系吧![抱抱]	1
好好心情每一天。。。[抱抱]	1
#雨枫试读#哈哈，亲，那也不用配这么渣的像素吧？[哈哈]赶紧看吧，@李想PAN 的文字很易读的[good]@世纪文睿 @雨枫书馆 @全职主妇邓宇	1
这反应也太迟钝了，哈哈 //@我就是我卑:@Luke_MEI [哈哈] //@赵馨Miki: 胖友弄HOLD不住嘛！ //@塞塞Terri: 哪能嘎么用额啦!!! //@滑翔机ANT:哈哈哈哈// @设计现场 : 转发微博	1
奥迪夏季音乐周第二场快乐唱起[Laugh][Laugh] 苏芮一出场就全场大合唱“跟着感觉走”[哈哈][哈哈]	1
趁活动结束前赶紧又囤了四盒，提拉紧致款好好用……这表明我已经老了么[泪] @妈咪爱商城mamiaimall 谢谢小礼物，小册子好贴心[爱你] @Martha689 你的面膜到货啦，速来认领吧！	1
好不容易昨天有空匆匆?去?州去?桂花冬酿酒，?然冬至只??天，但都?光了，只???酒店阿姨的一句「明年再?」，差?要?我心碎悔恨一年，?好後?在小窄巷?的破??找到最後?瓶，往年都?程去?一打回?，有?於今年只?到三瓶，所以今年不分??人了，自己通通喝掉。[嘻嘻]	1
[鼓掌][鼓掌][鼓掌][鼓掌]诱人的哦～//@旅游卫视官方微博:#18点准时诱惑#长达十六个小时的腌制和蒸煮，果真用心才能出美食~ [挤眼]	1
[哈哈][哈哈][哈哈] //@演员李培铭:明明是四件套[哈哈][哈哈][偷笑] //@歌手含笑:相当不错[偷笑]  //@歇斯底里的马丁灵:眼睛也不错哦[哈哈]	1
[爱你]见证历史的一刻 嘿嘿 第一次做粉蒸排骨 哈哈 揭开小碗 没拍出里面的荷兰豆[可爱]	1
和@关宝宝 在现场，坐满了。 //@湛庐文化:预祝活动圆满成功 期待各位参与者的精彩分享[鼓掌]	1
Yesterdays pancake party in the babylemonade hostel, they post my pic on facebook.[哈哈]	1
虎克先生真诚善良，正能量很足，住在@丽江花间堂听荷 的日子留下无数美好的回忆~//@古月司墨: 中国古老的文字与绘画～介不是窝好的这口么～//@古月哥欠-胡歌官网：[爱你]//@葛妙君: 通过这一次近距离接触胡歌，才知道他对中国古老的文字与绘画竟然有着深厚的了解！学识渊博不说，人还特别nice.[赞]	1
神器 [哈哈][哈哈][哈哈][哈哈]	1
走吧！再再走上滇藏川藏青藏@猎人伞兵 @大鹏背包走天下 @XMAN_宗介 ，我们一起走起到@背包客小飞 客栈一次相聚……//@XMAN_宗介: [鼓掌]转起！@背包客小飞@背包客暮雨@三木之地@小雷旅行@翟猫猫@Luna熊猫爱旅行@oohle@beyourhero //@大鹏背包走天下:走过七条进藏的人悄悄转起！	1
也可以设计个男士专用的//@angela-媛爱跳舞:不错我喜欢[偷笑][偷笑] //@健身教主:哈哈，专为大胸设计海滩利器，小心螃蟹的钳子！！[哈哈][哈哈][哈哈]//@ms思媛:@健身教主 /@最最最搞笑精选: 非常实用的设计，强力推荐！！！	1
[哈哈][哈哈]//@JACKY-GOLF:[good]//@神回复吐槽鬼: 人一简单就快乐，一世故就变老。保持一颗年轻的心，做一个简单的人。	1
[鼓掌]说的好！[good]	1
奥运开幕第一天，趁下一场暴雨来临前，在健身房，准备一边看恐怖片一边慢跑10公里，加油！飞向太空，宇宙无限，俺是巴斯光年[嘻嘻]	1
在超市，遇见女儿的小玩伴，提着两桶五公升的山泉，走一段，就把水桶放下，吹吹手，再继续。女儿叫住她，我赶紧提醒她用推车，女孩儿摇摇头说不用。到收银处付过钱，快步往家走，我们都没追上她。[鼓掌]	1
好包。[哈哈]//@旅游时报王琪: 相当于警车开道//@袁岳:这个靠谱//@网站分析公会:[哈哈]	1
今天是个特殊的日子，姆们一起在此热烈庆祝木耳大爷的一周岁生日，感谢您丫在这一年里带给大家的欢乐和良苦用心的显著提高了我的???????????????抗打击能力[泪][鼓掌][蛋糕]	1
[鼓掌]请继续支持恒大（<--偏题了）	1
[爱心传递]//@抹茶冰块:小喵一脸坚毅的表情//@猫的天空之城概念书店: 正能量[爱心传递]//@苏州市小动物保护协会: 包子脸得救了～[爱你]	1
[嘻嘻]@美食杰网@下厨房@新文化网美食 @十全菜谱的美食心情 @豆果网	1
小刀刀张滴就像美少女战士！美死啦！[爱你]	1
【来自纽约的神奇美食！Cronuts羊角甜甜圈】纽约人甘愿凌晨3点排队等候购买，好想次哟~~！偷偷告诉大家，马上魔都也可以吃到咯！[爱你]	1
品路易十三，赏共产国际[爱你]//@中式生活高端会所联盟:杨总吉祥.	1
早安，祖国！俺回来啦[哈哈]	1
Wow! [鼓掌][鼓掌] //@吴绍庆Jacky:皇马奥迪车队隆重登场！ @公一兵   @八零后朋克小四   @郭小晓   @关太家的关兜兜	1
图片库里的粉裤居然是偶哈哈[爱你]	1
[鼓掌][鼓掌]哈哈，咱家宝贝的第一张奖状~！	1
晨练都这么有范，是不能经常亮相[嘻嘻] //@黄村:步伐很稳嘛[哈哈][哈哈] @胡大治	1
大师啊，积点口德吧！//@相声演员高峰:[鼓掌][鼓掌][鼓掌][鼓掌]	1
谁的老婆不是养啊...[哈哈]	1
住手！二货主人！[哈哈]（转）	1
帮转 //@虎扑篮球: 今日比分已更新，用手机只需1秒就能随时都查询完场比分！加虎扑微信好友获取每日比赛比分播报！添加方式：1、添加朋友里输入HUPUtiyu， 扫描图片下方二维码。[爱你]	1
好清新的一篮青菜~ [哈哈][哈哈][哈哈]	1
与CCTV―发现之旅特约记者一起走进心灵深层次去解读精英阶级的品质生活，这次精彩的专访有幸采访到太美聚乐部郭明[鼓掌][鼓掌]@太美黑卡会 @云中往来 @太美LIFETM	1
支持，祝贺！//@黑珍珠玛丽亚: [爱你]	1
我和春天天天有约会[哈哈]	1
[good] //@段佩佩sandy:[太开心]@彭涌_爱美食 @权金城-美食达人 @王正文微博 @百合的泪一金花 @风吹麦浪自然香 //@北京市海淀饮服协会: //@北京市商务委: 【国务院同意重大节假日免收小型客车通行费】以后春节、清明节、劳动节、国庆节这四个重大节日过高速免费了！	1
[哈哈]//@李慧?: [哈哈][哈哈]	1
错觉错觉！[嘻嘻] //@念青茶馆:[吃惊]最后一张还以为索道车都吹歪了呢 //@随我游网: #出行安全# 大家注意啦！	1
谢谢Judy和她宝贝儿子飞飞送的礼物！[抱抱]。飞飞说因为我喜欢茄子，所以送我一个他看中的茄子项链！很稀饭（不过偶目有看出是茄子，汗呀）	1
尼玛，都是挤地铁，我就是蓦然回首，姐姐还在挤地铁！//@王知量量量oyo:是不是会引起很多人的共鸣？？[哈哈]	1
【#百变大咖秀第五季#微直播】两个歌手在一起，除了合唱还能干什么？不搭嘎的朴树蕾哈娜，合伙卖西瓜，外观诱人大家都想尝一下!大咖秀一秒钟变购物频道，这事咖啡们知道吗？[偷笑][哈哈]@花儿大张伟 @沈凌	1
回复@薛晓棠:哎，我咋记得这提壶是牛奶的意思？不会真的让我提个壶逮谁浇谁吧，那叫浇朋友，我懂。另外，用开水？ //@薛晓棠:老话说醍醐灌顶――你没事提着热水壶，给广大适龄未婚女青年们灌灌顶，让她们清醒的意识到，身边隐藏着巨大的金矿。。。。[哈哈]	1
【十五的月亮终于十五圆了！】今年中秋，终于能赏名副其实的“十五的月亮”了！2014年开始的七年，中秋节的月亮都不在十五圆，直到2021年9月21日，十五的月亮才会再次“十五圆”。[爱你] 今年中秋月最圆时刻出现在9月19日19时13分。跟小丸一起赏月吧~~~	1
[吃惊]要去逛逛了！[偷笑] //@顾晓萌Stylist:特别棒！[转发][gst耐你][鼓掌]//@feilook官方微博: @悠唐广场 二期一层中庭。	1
狮子座的童鞋们看看[嘻嘻][嘻嘻][嘻嘻]	1
多谢夸奖，沙湖七要素，你说对了四种，那么问题来了，另外的三要素呢？[亲亲]	1
#而已#一早看北京新华系统上周销售数据，《郝万山说健康》《养老有方》分列保健养生榜第一和第二，我社的另外两本书《养生豆浆大全》《胡大一教你高血脂就该这样吃》分别位列第五和第六，开心一下哈[哈哈]	1
@庄妮 @刘巧巧 @周鹏 哎哟…[哈哈]鹏鹏，我好像有点多余哦?	1
//@江苏饭店有限公司: //@慧眼观-中华: //@卢文勇风水学4:[给力][给力]//@蓝天_响水清又清:[给力][威武] //@海军正://@沙漠里的山川: [给力]//@东瓜面: //@可爱多微博_jbe: //@东瓜面: //@再立勉: //@阿西佳纳:[给力][鼓掌]//@东瓜面://@凭窗眺望: //@武汉博创培训: 转发微博	1
[哈哈][哈哈][哈哈] 出境啦！//@鱼嘉的:帅锅 // @窦宇辉 : 靠，又不送车拍我干啥[哼][鄙视]	1
死猴子，放开我。伦家害怕。。。 [哈哈]	1
这玩艺戴脸上还能防催泪弹//@蕾蕾__Michelle: [哈哈]高科技新产品~ //@创业家杂志: //@李舒宇?企鹅: [挖鼻屎]敢附带个消音功能么！！	1
[赞啊]//@BES-刘君: 人在旅途，创意解读 //@BES-杨小兰:创意你的旅途！@BES-刘君 @BES-栾振锋 @BES-董双兵 //@盛永利: 在这里读懂创意！@旅游规划与设计 //@大地风景旅游咨询: [哈哈]读道创意的官方微博~顶一个[照相机]@吴必虎@盛永利 @BES-杨小兰	1
上次住在隐约客栈，每天出门都经过关门口小吃街[馋嘴]不过说到美食，我觉得大理的更让我回味，而且风味更特别一些，喜洲粑粑是我目前吃过的最好吃的本土pizza[可爱]	1
回复@光头陈庆:确实NB//@光头陈庆:出品很细一流!![哈哈][哈哈][哈哈][哈哈][哈哈][哈哈]	1
都上架了。江西手机报目前正在进行江西品牌100强视频直播。 //@马上想啥就有啥:安卓版有吗//@大江网:[话筒][话筒][鼓掌]//@大江网练蒙蒙: 江西手机报客户端上架了 //@江西手机报:[呵呵]@大江网 @中国江西网 @江西日报 @大江网练蒙蒙 @黄新阳 @南昌发布	1
回复@su清洁:[太开心]不是滴。我是一名作者，编辑。 //@su清洁:好美，是电影明星吧？？[亲亲] //@朱德?:是滴。用手机拍的。写作的女人会更美，因为有内涵。内涵能够让一个女人的美丽，长久地留住。正如“美丽留住男人一时，智慧留住男人一世。”就是这个道理。	1
留着当胎教 //@全球热门伤不起:超能锻炼思维的优秀电影，存了慢慢看。[嘻嘻]	1
[汗] 看着看着日剧...睡着了...==||| 然后12点多又醒了...神马情况啊...[挖鼻屎] 感觉有点饿了...呃.....[熊猫] 尊好啊...明天去见伶子子...咱俩好久么抽风了...[奥特曼] 这个女银最近每天看着她的允哥每天都在不淡定...又要找个人倾诉一下她对允哥哥的爱了...[哈哈] ..哈哈哈哈哈哈...	1
后面两位可以裁去了[嘻嘻]//@翌-0_0: 哈哈哈哈哈@萧普贤女 //@牵机?苏璃漠:顾公子高瞻远瞩!!!!!且不说时时处处都有串错了剧组的各色熟人,就这看谁谁姓顾的本事也得心悦诚服的跪一个233333	1
闲暇午后，要不要来点下午茶，来点音乐放松一下呢？天津滨江万丽酒店推出特色下午茶，净价98元两位，好吃又超值！还等什么呢，约上好友一起来吧！[围观]//@NASA猫猫咪呀: 回头咱去这个 看上去比上次咱在商务层的自助下午茶好@clubcindy @[鼓掌][鼓掌][鼓掌] //@假日100天大家新闻: [馋嘴]	1
[鄙视]太没节操了，你！//@炒着牛肉喝小酒: 对我来说，只有白送我的才是好书！//@图书策划人红嵋: [哈哈]关键是看书//@暗地黑羊: 请你喝茶水，又不是喝茶叶！哈哈！ //@炒着牛肉喝小酒:虽然茶叶看起来不好，还是转一个	1
闭门练习[哈哈][哈哈]	1
不知道是谁在光天化日之下把ISO调到了800[哈哈][哈哈]  //@锋Felix：要好好学习，自愧不如啊！！	1
@Mandy_芯 美哦~ //@喜达屋SPG俱乐部:[鼓掌] //@Mandy_芯:@喜达屋SPG俱乐部	1
香港的价格很不错哈~~流口水的童鞋赶紧看看[嘻嘻]	1
蛋疼。 //@杨小歌儿:请直接翻到135页[来] 长梦 并交流读后感[鼓掌]	1
借助微薄感谢一下京BH6353张力师傅，刚刚本人下车办事不慎将球包遗忘在后备箱，没有发票没有记住车牌，等回到家半小时后才发现，抱着试试看的心里，开车到刚刚下车的地方寻找，没想到那辆出租车就停在那里一直等侯着我，让我心爱的新球杆失而复得...真的感谢这位好心的师傅[鼓掌][鼓掌][鼓掌]	1
什么叫做不简单？能够把简单的事情天天做好，就是不简单。什么叫做不容易？大家公认的、非常容易的事情，非常认真地做好它，就是不容易[哈哈]	1
[鼓掌]，好看	1
@黄夕倍就是黄嘘嘘  支持西部花儿//@CDTV小溪Taurus：[鼓掌]西部花儿最牛	1
[哈哈] 阿黄，你出名了	1
[鼓掌]感谢您支持活动，支持环保。请期待明天结果的公布！ //@智轩W:报名啦~~ 我家离得很近啊~ 支持环保 地球熄灯一小时！[耶]	1
不带介样滴[可怜] //@大大的墨菲:@杜二小姐  萌吧[哈哈]	1
还一“些”列……[嘻嘻] 海南鸡饭被炒成热词，充分证明了网络营销事件的基础――必须有水军！所谓三人成虎，不管啥啥的、炒的人多了，问的人多了，就成了“热”。	1
我真的不知道他们是谁，我太年轻了太年轻了。//@机械?TG: 哦册那！这是加里森敢死队吗？ //@容斋随笔谈:不评论。。。[嘻嘻]//@北青张天蔚:如果我忘了他们是谁，那我是太年轻，还是太老了呢？	1
很不错的一部日本电影 //@王胜江: //@人生杂货铺：[爱你] //@虾米丹丹:不怕！到后面会感觉很温暖…不错的 //@人生杂货铺:还没看呢，害怕吗？听这个名字有点怕怕....	1
@兔拉拉810 小乖咪宝招财来[鼓掌] //@微博经典语录:这个必须转~[钱]	1
美味值得期待！ //@热点红姨:那晚，我和@韩姐教你下厨房 最喜欢的就是非常啦，做的出奇好吃。 //@黄记煌: 妙语为美味增香[鼓掌]//@黄记煌-黄耕: 组合锅最大的特点就是一锅可以点好几种食材,焖好后所有食材还保有各自的味道。我最爱肥肠[馋嘴]	1
哈！好多祝福，这会给我带来好运，谢谢你们！现在距离今天的目的地还有190公里，真不敢相信俺已经驰骋了近2000公里！虽然疲惫却很有成就感，厉害吧！[哈哈]@毛毛528 @此乐乐 @刘嘉彤v博 @斯琴塔娜nono @斯琴格日乐歌迷会 @斯琴高娃115 @Xinjiletu2012	1
[嘻嘻][赞]有一种关系叫发小；有一种朋友叫瓷器；有一种车叫28大梁；有一种建筑叫胡同儿；有一种美食叫豆汁儿；有一种夏天叫光膀子；有一种生气叫搓火；有一种奔跑叫撒丫子；有一种不顺叫点儿背；有一种爱称叫你丫挺；有一种我叫自己gě儿；有一种爱叫家乡；有一种家乡叫北京	1
回复@MaggieMa_凡人?语:呵呵，谁叫咱们是舌尖上的国度来的呢？不出国还真没觉得中餐这么好吃[花心] //@MaggieMa_凡人?语:回复@陈雨星-精品购物指南: 人家是科威特人，我是中国人，来自舌尖上的国度... 而且当时我是从法国去的，这差距也太大了... [哈哈] //@陈雨星-精品购物指南:回复@娜小娜v5:我就	1
姐妹?的聚?好HAPPY.....[嘻嘻]	1
@蓝色春卷皮  [可爱][爱你]	1
有毛好笑的[哼] //@开心的记忆纸条: [哈哈][哈哈]@777机长 @如少年	1
[哈哈][哈哈]//@小苹果露: @WillWangBZ  @龙哒吃货 怡宝躺着中枪了，这破事没完没了了啊，看来又上每周舆情榜了[汗] //@丸仔丸仔:意思是华润怡宝的公关在搞农夫山泉吗？ //@Eason我不是医生:党企两败俱伤的打法让人看不透，之前对农夫和怡宝都挺喜欢的，以后就娃哈哈吧	1
"【#苍井空#谈择偶：喜欢#王宝强#这一款[吃惊]】""宅男女神""苍井空受访畅谈自己的择偶标准，她是这样说的：喜欢王宝强类型的男生，不喜欢冷漠花美男....[哈哈][偷笑][抱抱][鼓掌]#谁在说你长的像王宝强 你就感谢他祖宗八辈吧# ....http://t.cn/zRc4SUc"	1
校长V5哦[嘻嘻]//@西门吹沙子: 姑娘，放开那个禽兽！	1
嘿~ 我媳妇儿这下成名人儿了[哈哈]@魔王1987	1
//@飞蠓围脖:[哈哈]//@陶短房: 新西兰女作家，呃。工合运动可是上了美国军史的//@萧含: 回复@黄日涵-白鹤:路易?艾黎，男，新西兰作家。著有诗集《工合》《山丹笔记之页》《充满生气的北京的片断》《今日中国》等。（百度）	1
我的编外票投给罗绮和邓紫棋[嘻嘻]唱的真好听~	1
#Qunar度假频道-超值推荐# 1月25日上海出发，就后天-周五！！特价机票+特价房的完美组合。美佳航空直飞，住宿是别墅级的“泳池别墅+沙滩别墅”，还含5早餐+5晚餐。BTW 瑞喜敦岛说是有世界上最大的珊瑚岛，优美的环境被世界教科文组织高度赞誉。要去的真心别错过。[太开心]@亚洲廉航网 @自助游教室	1
[哈哈]谢谢把快乐和大家分享。欢迎大家到绅公馆家里厢。	1
HK Moon Cakes[爱你]	1
真的有很多相同之处啊！结拜为兄弟吧！[哈哈]//@厚子林:亲们，视频发啦。回味下泉州的味道。客串主持人好美@南京-老李 @嘉美猫 @温和行者 @苏世独立啦 @繁星满天飞扬 @石泡泡大仙 @Domo-YoYo @大脚丫丫跳芭蕾 @香大菜 @郝浩	1
铁塔下滴偶们~蓝蓝天白白云~都是手机照滴~哈哈[哈哈] [心]	1
时间快呀！各位又快到用午膳时辰了，准备开餐[鼓掌]传膳啦[嘻嘻]	1
展示九江特色，彰显九江魅力！//@都昌旅游:[鼓掌]//@中国之家1949://@九江旅游融天下: @江西风景独好 @九江旅游杜少华 @庐山旅游 @聚九江 @九江市旅游局官方微博 @九江彭泽旅游 @九江瑞昌旅游 @都昌旅游 @九江市九江县旅游	1
[嘻嘻][威武]霸气！ //@芭比多多妹:@北京满福楼涮肉 我敢为这300块 从上海往返北京 @叫玛雅的amanda 亲 你作证 我肯定去找你搓一顿 羊尾油上次没吃够 但最爱的还是涮肚儿[抓狂]	1
这不是刺激我吗 哈哈//@丰石园-谷峰: 我要替藏家保密啊。 //@郭月晨:哈哈 来了 打开看看啊 //@丰石园-谷峰: 他在偷菜 //@大匠之门李笑天:老郭不出声呀[嘻嘻][嘻嘻] //@丰石园-谷峰:哈哈，笑的很灿烂。@巴林石丰石园-谷海明	1
这种忽悠叫概念[哈哈]  //@ryan_wu:这是怎么做到的？？？？	1
1月4日凌晨3点半，今年第一场、也可能是最棒的一场流星雨――象限仪座流星雨，将迎极大流量。每小时可超100颗，中国还是最佳观测点之一哦。记住：晚上11点后就可能出现啦，流星雨非常“调皮”，峰值常会提前或推迟。赶紧约上TA入住金陵观园国际酒店，一起在独墅湖畔欣赏浪漫的流星雨吧！[哈哈][哈哈]	1
[围观][围观][围观] //@wby王宝玉:@Calvin_Zhu的Style 美女到南京快去偶遇她了[鼓掌][鼓掌]我却走了[泪][泪]	1
和女朋友去过,很不错的意餐厅,披萨相当有水准,特别是晚上的露台相当有feel,PS:是个偶遇大明星的地方！[嘻嘻]	1
谢谢守夜值班等我的传达室马大爷！[亲亲][亲亲][亲亲]	1
欢迎入住我们酒店~祝入住开心~[嘻嘻]	1
长期大量招聘广告人才[偷笑][偷笑][亲亲]，工作地点北上广，有意的私信我哈[抱抱]	1
开始修仙吧[嘻嘻]	1
一定要看哟！ //@-桐庐-:期待[太开心][鼓掌]	1
[鼓掌][照相机] //@黑云都://@优品杂志刘国柱: //@妤苏:无	1
啦啦啦又是狮子座[鼓掌]//@全球时尚: 2013年幸福到爆星座排名	1
在高铁上还能看到活雷锋，感人[太开心][太开心][赞][赞]	1
好吃不贵的海鲜：塘沽的【渔家小院】；一定要去的几个地方：五大道、意大利风情街、瓷房子[鼓掌] #天津微攻略#	1
[嘻嘻]牛腩君来爆个料，当日苍老师是在颐堤港用餐的。所以....如果您足够细心的话，在颐堤港餐厅中，绝对可以发现＂苍老师之惊喜＂哦?[偷笑]	1
明天去 FM89.9《就是爱旅游》节目 说#黑山# 欢迎大家来捧场[嘻嘻] @林枫DJ  谢谢邀请 ?再不旅游就老咯！ 大家有啥问题关心的不？	1
#尚雯婕恩赐之地# 私享会，给大家带来更多的惊喜。感谢黑叔的贡献，感动ING！[爱你]	1
[哈哈]@翟猫猫 //@波妞儿Zuzu:[爱你][爱你][爱你]	1
?京必?[嘻嘻] //@京城文人:http://t.cn/z8FbTDS	1
天气渐冷，想用土砂锅煲个香喷喷的米饭了[太开心]。想想都饿啊。。。无配图。	1
比这想想空间更大//@杨生平狂奔: 看见这两张照片，觉得扑克牌也是一神器。威力无边呀！//@杨亚天: 梅花和方片你要一款不。哈哈哈//@江泳岳西翠兰: [哈哈]这是什么东西。。创业学堂都是高人啊//@杨亚天: 回复@新陈东:你是全能啊 //@新陈东:回复@杨亚天:堂主，晚上刚装个ps，自己闹着玩p的…	1
祝贺你们//@芙蓉国温德姆至尊豪廷: 热烈祝贺酒店业主芙蓉国集团新项目施工成功与中建五局签约！[鼓掌]期待又一朵芙蓉花盛开！//@湖南芙蓉国企业集团有限公司: @中建五局 @芙蓉国温德姆至尊豪廷 [鼓掌][鼓掌]	1
//@早安丶晚安丶心语: 这个叫海兔。你见过没？[爱你]	1
回复@83小钟:据说，每个被选中的“朵享大使”都是转发多次滴。。。那啥，我再转，再转，再转再转！并且。。。还要在内心用意念转发999999999万次，我心中全部的转发能绕地球N周。。。[爱你]。。。 //@83小钟:#朵唯D9号约定#  我都有点佩服我自己了。这一整天忙得都恨不得要去借两只手来用了，还惦记着	1
旅游微博的副产品[思考]@小星星的小白天   //@安西熊猫人:[奥特曼]//@小邸电台: [嘻嘻]	1
我可没他这么奔放，和他一比，我太保守了[哈哈]。//@大脑门小英子1018: 哇哇哇，我确实是见到不少光膀子跑步的哥们儿，但这种尺度的还真是没遇到[偷笑]问问彬哥有没偶遇[嘻嘻]@我是董彬 //@赵?CNR:你没遇到这个么？[偷笑]@大脑门小英子1018 //@??滴老?:[笑哈哈] //@Tina: @尤悠Walkman //@麻杆er:	1
上海的亲有福了啊! @掉链吨吨 @Pbain @贪吃de喵 去上海更有动力了 [嘻嘻] @胡唐僧 //@stephyinLDN:胖老?要?去上海了	1
这个……[嘻嘻]等我回去喝，好伐？ //@厦门乐糖咖啡馆:大章鱼，金丝扣，特制鸭舌，各类夏天饮品，乐糖不只咖啡做得好，餐点饮品也值得品尝哦～～[馋嘴] 欢迎有深常来坐坐～～	1
@雏菊花开的围脖 当个图书管理员[可爱]	1
[鼓掌]经典美味，丰盛大餐，看着就忍不住口水啦~[花心]	1
信息不实吧，胡扯吧，我有好多轿车了~//@乔木: 还有吗？@小涛 //@金花和金瓜:高手都在民间！[哈哈] //@?弦?林:我家有好多好多了！谁有兴趣快带着钱来联系我啊！[酷] //@徐子升: 擦，卖一张换辆新车 //@金花和金瓜:这版啊？？我有好多新票呢，还都连号！小时候给的压岁钱没舍得花！[偷笑]	1
中国大酒店外方演出练习，我们得好好练?！[哈哈]	1
去年的 没错过 今年的 很期待[可爱][可爱][可爱]	1
十二星座七夕全攻略//@像爱贝爷一样爱国安://@北京爷们0505: [哈哈]	1
我在稻田里钓过青蛙，用晒干的麦杆削成小哨子，帮邻居给稻米脱壳，在晒谷场上学骑车，家里买了个小电视，一堆邻居跑来看霍元甲[嘻嘻]	1
[赞][鼓掌]//@中医养身堂:10种最适合女人睡前吃的食物	1
感谢推荐！[可爱]PS：香辣虾也很棒的啊！[江南style]	1
"你说的“你丫""，指大萝卜还是大卫？再说吧，有儿子，跟是否结婚，有必然关系吗？[思考] //@SCC非马:你丫都结婚了[吃惊] //@卜了个迷的:[哈哈][哈哈]"	1
老婆一上午都在破我游戏记录，扬言不破纪录从此就听我的[嘻嘻]@大喜庆 您慢慢追赶吧，你输定了.[嘻嘻]	1
英国[花心] @三千尺高空  我是不是应该去找你啊~[哈哈] //@夏小唯同学：哇塞，真准！我最想去的就是澳大利亚！！！	1
回复@杨勋923:[哈哈][哈哈][偷笑]@眠琴山房 @黄燎原 @张晓刚 @老虎张 @李冰Art @王易罡 @黑子张骏 @白东亮-小白 //@杨勋923:赞同周叔！支持多进球阿！[鼓掌][嘻嘻] //@周春芽:回复@杨勋923:我对这两个队都木有感情所以他们只要进攻我都支持嘿嘿多多进球[哈哈]	1
#午餐#  马上就是圣诞节了[抱抱] 为ta做一道水果圣诞树，是不是很有创意呢？[左哼哼]http://t.cn/zjOBlOq [挖鼻屎]	1
正宗的费列罗哦，屈臣氏买的。放心吃！[哈哈]	1
//@中国宜昌网: @柴埠溪大峡谷景区 @宜昌市旅游局官方微博 听听观众、游客的声音[爱你]	1
新欢新疆的美景，喜欢新疆菜[爱你]@ILove红烧肉 @最爱丹丹妈 @大咪宝儿	1
这发型，这西装[花心] //@o0水玲珑0o:[酷]没关系，我现在素hcnc闺女#新白发魔女传#[偷笑] //@沐渺渺:回复@o0水玲珑0o:[汗]无评价[非常汗] //@沐渺渺:回复@o0水玲珑0o:[鄙视]还说我HC，那你呢？ //@o0水玲珑0o:这个和睡觉没关系[花心]看到长腿爹不淡定了[嘻嘻]#新白发魔女传#	1
喝了?酒的肉[哈哈]	1
那你不看看第四个，你二哥暗恋师太呢[哈哈] //@托尼滴漂亮妈咪:[抓狂][抓狂][抓狂]怎么我是第二个啊？[抓狂][抓狂][抓狂][泪][泪][泪] //@月落寒霄:俺也娱乐一下。[嘻嘻][嘻嘻][嘻嘻]@宝玲姐姐 @托尼滴漂亮妈咪 @孙_伟光 @爱运动的道长 @整合营销传播推动者	1
貌似俺好久没听你的“现场”了吧...[酷] //@周洋:[哈哈][哈哈][哈哈]你这都是哪儿找的	1
去台湾旅行，很多地方是一定要去的，其中人人都赞的宁夏夜市、淡水中学，九份，诚品书店决不能少，温暖淡淡的情怀，会一直保留在记忆里，每当回忆都是美好的景色，温暖的话语，可口的小吃，如果有天我打算停留段时间，台湾一定是我的选择之一，因为这是你心灵的停留地[心][爱你]	1
生快！美女！我家@Carina陈博博 。著名的小美女，号称幂姐哦，想认识的，就加她微博祝她生日快乐吧！呵呵[蛋糕][哈哈]	1
姑娘都羡慕你呢…还有招财猫高兴……//@爱在蔓延-JC:[哈哈]小学徒一枚，等着明天见您呢//@李欣芸SharonLee:大佬范儿[书呆子]	1
[哈哈]一群痛并快乐的人@?巍EVA:@摄影师兰仲 你们这是都要干嘛？#带着微博去旅行#	1
更高的配置，但在电池容量上却未能突破 ，反而不及对手。何解？？？//@铭蔚棉花糖: 这图，完全地亮了！ //@周鸿?:待会儿会发布一个视频，是在超级战舰上玩游戏。手机性能好不好，一玩游戏就知道。关注@360用户特供机 [哈哈]	1
澳门是个适合旅游的地方[嘻嘻] //@新浪江苏旅游:今天是12月20日，不知不觉，澳门回归已经有第十二个年头了，还记得当年澳门回归那首脍炙人口的歌《七子之歌》吗？“你可知MACAU不是我真姓，我离开你太久了，母亲。”	1
[呵呵][嘻嘻][哈哈]//@公子歌:有。	1
回复@敖慈悦:嘿嘿好，等照片哦～[嘻嘻][爱你] //@敖慈悦:回复 @Candy9999:感谢你那么即时的带来的红珊瑚胸针，莫文蔚跟我说漂亮极了！到时把照片给你啊[爱你][爱你][爱你]	1
菜品有佛跳墙、澳洲小龙虾、精品鲍鱼捞饭、野米烩海参、雪蛤、刺身生蚝、霜降牛肉、三文鱼刺身、养身汤、法国鹅肝、象拔蚌、澳洲带子、银鳕鱼等等大餐[鼓掌] //@秦万民: 转啦//@酒店餐饮徐宝良:二月十四日直播开奖！选出转发并艾特好友的博友10名！送千元贵宾卡！[给力]	1
#天天向上#五周年：大家还记得“中国宵夜”里的胖MM吗？[爱你]#天天向上找你# 小胖胖，天天向上想死你了！想你天真无邪的表情、想你浑然天成的吃货样、更想你毫无掩藏的真情流露……9月9日天天向上录制美食系列节目，邀请你再次来做鉴赏师！请各位天天小伙伴们帮忙＂人肉＂这个小可爱吧（如下图）！	1
//@蒋宠0925: //@兔子不不不：//@张馨予FISH:[鼓掌] // @梵彩吉祥 :[围脖][可爱][可爱][可爱]阿弥陀佛！！！！	1
右边这么激动……泪流满面。好看的书，很好的翻译，哭完笑一笑[哈哈]//@仲召明: [泪流满面]	1
回复@Ctrip陈雯:[嘘]小声点儿。 //@Ctrip陈雯:荣总有绯闻啦[可爱] //@荣雪斌:[哈哈]我还没注意,是挺衬的. //@荣雪斌:回复@CGonline:吴千语,香港模特,电影主演 //@CGonline:领带颜色和裙子好衬啊...何方美女？ //@荣雪斌:[闭嘴]别瞎说,该有绯闻了. //@小水一方:结婚照？	1
#每天手写微博 证明我还会写字# 今天决定任命@柳絮满天飞1219 同学作为手写微博群的第一任班长，回头跟俺联系，俺给你布置任务，@执著的火车 同学在班内调皮捣蛋，口头警告一次，下不为例[哈哈]	1
还有半小时[太开心]	1
[汗] //@歌手亚东:[嘻嘻]//@徐巍-: 从此汪峰也能这样了！祝福他！！	1
嘿嘿 感谢您的欢喜！[太开心][心]PS:周末再聚餐一定要早点到哦 这样会很快滴[嘻嘻]//@HR-莉莉: 啊哈～难得小聚，@青年餐厅 味道不错～	1
//@?是我的大太阳: //@?想家林志?:我笑到都流眼?了 //@模特张亮:哈哈哈哈！这都哪儿跟哪儿啊[哈哈][哈哈][哈哈][哈哈]	1
补充说明一下~~图片来自好豆网资深吃货@小可疼 ！感谢小可疼经常为我们提供这么精美的图片！ [爱你]	1
#月子里吃什么# 15：00下午茶：杏仁烙、酸奶、油酥饼、雪蛤。平常是木有雪蛤的，难道厨师也知道我今天微博直播？[哈哈]	1
芥末呢[哈哈][哈哈] //@陈小莉o:[兔子][兔子]	1
[哈哈]//@玄反影: 特别支持！[嘻嘻]	1
寻找同人！ //@新派白领公寓:该房间现有新派公民寻求合租：单身女性，非常喜欢新派，现寻觅共同合租开间的女性！有意者请私信或拨打电话与新派联系：65258366、65131799！[鼓掌][太开心]@王戈宏 @赛富阎焱 @李坚Ken	1
@袁熙霖 童鞋一大早抱着偶说，粑粑你老到这里就好了行不行，不要再变老了，最多我不惹你生气了……[哈哈] 这问题，让我如何回答呢[偷笑]	1
#早安，首都大#Love is like waiting for a bus. In order to get happiness, you need patience.爱就像等公交，只有耐心才能等到幸福。早安！各位！今天好热啊~大家都要注意天气的同时~也别忘记春捂秋冻啊！还有六天工作日！继续加油！觉得累时~抬头看看蓝天~心情肯定会不一般哦！[可爱]	1
回复@李佳的微博:感觉是不一样的，我个人认为：如果是问题家庭的孩子，尽量不要去看。。。。因为太容易触碰到内心最柔软而脆弱的部分。。会淌出血来。。。 //@李佳的微博:回复 @开心韩峰:比?南京南京?还压抑？ //@李佳的微博:我听师姐的！[可爱]	1
主页君携万千妹纸顶这位小爷！喜欢他的各位，吆喝一声的说~[鼓掌]	1
//@王姚氏小庙: [偷笑]//@张华志V: [哈哈]//@摩迷亮剑兄: 堂堂一个总统当的窝囊瓦 我都替你脸红 还好意思出来炫富 都不如我们这里的一个乡长钱多	1
我想带只金毛去流浪，有钱的时候我吃肉它吃骨头，没钱的时候它卖艺我收钱，暗暗~[嘻嘻] //@大鹏背包走天下:如果还来得及，我想和你一起去旅行。。。。	1
//@严锋:哇哦好赞！//@一毛不拔大师: 哇哦好赞！[爱你]	1
票子刚买好，明天去听，吼吼~//@托马斯_瓦萨里钢琴独奏音乐会: 哇！！那现在进步神速哇！//@落絮随风飘: 买好票了，去看大师的精彩演绎[嘻嘻]感谢李云迪，一年前的此时岂止瓦萨里是谁不知道，鲁宾斯坦霍洛维茨一概不知为何方神圣，如今也去听波利尼、瓦萨里这样大师们的演奏了//	1
回复@淡月素云:禅意也简单。 //@淡月素云:真已经是很高的境界生活，平常人是奢望了！[可爱] //@鹭荷馆主:回复@淡月素云:我收藏佛像居多。  //@淡月素云:您竟也信佛，真很意外～～[可爱][兔子]	1
回复@斐济印象斐济首家华人婚礼顾问: 感觉不错~ //@斐济印象斐济首家华人婚礼顾问:是啊！真的很漂亮。 //@没有蛀牙的LEO:回复@乔迪Frank:[可爱] //@乔迪Frank:我们的对戒还有漂亮的婚纱[嘻嘻] //@没有蛀牙的LEO:[酷][酷][酷] //@福福福小茄:先看看这几张解解馋	1
妞儿指着电视说：嘿！含笑哟！[哈哈][哈哈][哈哈]	1
太tm可笑啦[哇哈哈]//@猫魔春: [哈哈]//@面条脑袋: 高雅的配音。	1
#第九届两岸大学校园歌手邀请赛总决赛#台风天赶来录节目很敬业哦～ @Z雅芳 @空心菜XM @风惹尘埃 给你们留位置哦！@厦门同城会 @厦门新闻频道 @新浪厦门 @厦门卫视 @joker说 @雅琼爱美食 看晚上直播哦～ 我们举着李辞的牌子～ [哈哈]	1
做个标记，给自己列个清单[哈哈]	1
谢谢你的分享，期待继续支持关注！我们上班时间是周一至周六10:00-19:00，但明天按照国家假期休息呢。//@Im黄草莓: 呀呀~~lucky呢~谢谢~！请问你们周一上班么？想周一去取呢[可爱]	1
小米成功地让非米粉也感觉到小米的存在：今天米粉来了[哈哈][哈哈]//@古哥在线:不用……//@王以超: 这么玩啊。。。//@陈炯-: 疯了，太危险了	1
黄金海岸真的堪比黑海咯。[爱你]	1
雪球[嘻嘻]	1
谢谢夸奖，应该给他贴车上，避邪。 //@青花老七刘捷:三爷太过了，你看把量活给欺的……[哈哈]	1
[鼓掌][鼓掌][鼓掌][鼓掌][鼓掌]//@薇薇大时代:@BTV小关  //@薇薇大时代: 没错！@最后的手稿 @玲玲家的葡萄园 @善美儿o_O @低调宇明 @莫尼卡G @我爱我家菲儿  //@阿骆的开心世界: 作为老叶的超级粉丝必须推荐一下！已经是我们推荐的相亲约会商务外事宴请的首选地了！@薇薇大时代 @北京大杂院儿	1
我属于第二种。[嘻嘻]	1
好吧我带拍立得去@游向蓝天的鱼 记得提我[嘻嘻][嘻嘻][嘻嘻] //@checky富士:#checky 全记录# 厦门啊，鼓浪屿啊，绝对是拍风景片的好地方，你们去过嘛[馋嘴]？	1
绝对是m&m做的![偷笑][哈哈][偷笑]~~	1
友情转发， 面试成功者 送益达一枚 [偷笑]//@Wesley-STARWOOD-YZ: 亲，S&M Dpt.欢迎您投递简历哦。如果您身边有英语六级者也可推荐。谢谢！STARWOOD 邀您共同成长！[哈哈]	1
看看水球[嘻嘻] http://t.cn/zWXVvhb	1
快来香港寻找叮叮车吧~[太开心]	1
//@台?自由行?人: [爱你] //@台湾自由行:今天是台湾美图秀秀吗，这野柳照片真是拍得美呀！海钓在台湾相当盛行，北海岸，花东，澎湖，金门马祖都是钓友的天堂。	1
小年夜在家吃吃零食[爱你][爱你][爱你][哈哈][哈哈]看看韩剧[鼓掌][鼓掌][鼓掌]吹吹空调，也有另一番风味呢。[害羞][害羞][害羞]	1
[嘻嘻]//@永远的协和: //@杭斯托洛夫斯基:转起来！[酷][酷] //@都佳DUDU:@东方卫视陈晔 @徐小排骨 @毛毛本尊 @月月与泡泡的快乐时光 @剪片小王子 @杭斯托洛夫斯基 @Julia茱莉儿	1
这哥们真有范儿//@自由de咖啡: [哈哈]雷哥	1
文科得越来越漂亮／帅，理科得越来越悲催..[哈哈][哈哈] //@当时我就泪奔了:这才是赤裸裸的真相！[泪流满面]	1
在12月2日《大酒店》杂志联合《洋厨房》栏目、新浪网尚品频道精心举办的《洋厨房》年度厨师颁奖晚会中苏州万豪酒店获得了最具标志性酒店奖! 市场传讯部经理Susan代表酒店领取了奖项.[鼓掌][鼓掌]	1
走过、路过的蟹粉注意了[话筒]，此节目里涉及到我们家和@黄记煌 哦，注意收听啦[嘻嘻]@李老爹-李德义  @花家怡园花雷 @权金城-叶瑞慈  @玉林餐饮--邹胜利   //@廖承军:也希望加深与支付宝的合作 //@金梅央:两岸咖啡全面推广手机点单、 //@廖承军:创新与电商的结合无处不在	1
28块金牌，重回第一。[鼓掌]	1
//@黑色??: //@香如故233: [鼓掌]谢友赏[微风][茶]//@海安的男人: 一日朝阳一日星，梦里梦外人人行。人生谁能不坎坷？醒睡之间但得静//@一枝梅70214:早安//@香如故233:[害羞]不闻阡陌唱诗谣//@一枝梅70214: 转发微博	1
[嘻嘻]圣人莫怪	1
收藏慢慢看@MYMY菲@TiffanyTang311@ancerlice@Ageha茜 [爱你]//@XMAN_宗介:[赞]收藏慢慢看。 //@就是老花眼:收藏慢慢看。 //@高颂: [赞] //@鸢尾: 慢慢看[哈哈] //@牧先: 嗯, 这一组纪录片不错...	1
[嘻嘻]恭喜，欢迎到店品尝。要记得发微博哦at我哦~~	1
蓝精灵2[哈哈]	1
国外潮牌设计师 全手工制作的水晶项链 新款出炉了哦...@   #拼图#[酷][鼓掌][鼓掌]	1
回复@筑成世方:告诉俺人数，每个吃货只给一对儿，一公一母两口子，中不？[呵呵]多了吃不香。 //@筑成世方:[哈哈]整！@嗨辣老孙 @中壮  //@筑成世方:[哈哈] //@王岩52377-地产:明天晚上的聚会请大家不要忘记！不要迟到！[呵呵]	1
[鼓掌][鼓掌][鼓掌] //@吴绍庆Jacky:拍得果然专业 @关太家的关兜兜   @郭小晓	1
[抱抱][太开心]// @去哪儿无线 : 另外我们的下载地址是： http://t.cn/hGbAKm 请大家多多支持哦 ~~~转发给 更多朋友 ，大家一起用着 “去哪儿” 去哪儿	1
恭喜恭喜，非得也要VIP中P[哈哈]//@孟非: 恭喜老郭！?云社开我家门口了，给我来张月票吧，要VIP中P那种！祝明晚首演成功，南京的老少爷们多捧啊！	1
阿拉伯大饼吧！[哈哈] //@曹世鹤:必败客  有意思 泪珠儿6:必败客，口味一般。	1
回复@奇乐游:[吃惊]看到我了吗？[嘻嘻] //@奇乐游:不错，半天儿就到了 今天新闻联播还拍这趟车来着	1
路边社最新消息，我#适合开的车#居然是【宝马Z4】[给力] @CYTS-别动我的 和 @蕾莎梵 的是【MINI Cooper】，@小震哥的小窝 和 @北京猫竹 的是【拖拉机】[哈哈] 你适合开啥车？快来测测吧>>http://t.cn/zWIPQbI	1
好，从今天起我每餐吃半饱[偷笑] //@李臻演员: 回复@宅女高珊:等待我批量生产给姐姐尝尝[嘻嘻] //@宅女高珊:貌似成功喽，小妞儿[馋嘴]	1
你迟到了，亲爱的！[可怜] 是因为新宠吗？下次别这样折腾了，乖！[亲亲]	1
从你的文字里我嗅出了真诚的味道[嘻嘻]不过从目前来看一切都是未知的，让我们一起期待最后的名单吧[爱你]//@烧烤学硕士:超级让人心动，并且燃烧你激情和梦想的活动，@滕飞-Ten 你最近没少跑，体力应该不错吧，@午夜的阳光奇奇 你要想去就得减肥啦，哈哈。先报个名，无论档期与否，转发是一种态度。	1
[可爱]如果你在机场附近又没来得及准备礼物送给心爱的（她）他，就快来首都机场希尔顿酒店吧！我们有可爱的小熊Charles,可口的蛋糕和巧克力供您挑选[礼物] 前5位私信我的亲们，就可以免费获得我们可爱的小熊一个哦[得意地笑]期待幸运的你哦~@首都机场南楼 @首都机场生活论坛	1
淋着小雨在看SM公司的演唱会，等会儿有东方神起，Superjunior和少女时代，姐已不年轻，但依旧心潮澎湃[哈哈] 我在:http://t.cn/zWQhYZt	1
可以可以，青岛够威武！~！赞赞！[哈哈]http://t.cn/zWaGNMI	1
[熊猫][熊猫]//@999道私房菜: 好可爱~[爱你]	1
有精力的女人最有魅力。。。。 //@王悠:回复 @久哥赶潮:这几张照片分别拍摄在07、08、09和10年，哈，刚发现的！也是个成长的过程！ //@久哥赶潮:回复@王悠:哦~ 三年完成了一次蜕变啊！07年的还略带一点点青涩，到了10年就升华了。[爱你] 呵呵呵 //@王悠:转发微博	1
这里！ //@愚公移山欧洋://@愚公移山欧洋:买吧免得没了[嘻嘻][嘻嘻][嘻嘻][嘻嘻][嘻嘻] //@追星族乐队:上海预售票链接来喽!!!!	1
元芳元芳，奶奶个熊。 //@朱小颜: 太神奇了，娘子和赵薇的声音一模一样！ //@原小枪: //@胡紫微:神配音！姐给跪了。（葛优有点露馅，可惜。）//@张鸿: 配音很强！[哈哈]	1
昨晚看了＜黑衣人3＞，从第一部追到第3部，好看依旧是好看，威尔?史密斯依旧帅气！[爱你]，就是其中的地沟油，瘦肉精，让我不知道该乐还是尴尬，丢脸丢到国外了，还有最近＜非你莫属＞@文颐 和绍刚这两SB的事，也是上了法国媒体，他们的悲哀还是我们的悲哀。	1
真的假的？？//@阿卓: 毒德大学[爱你]	1
没让你吃好，我们会继续努力[可爱] //@秋叶影舞:吃过 但是觉得味道一般般 你吃过吗@背后有阳光o0 //@笑的合不拢腿: 北京菊儿人家！！北京吃货全攻略每日分享北京那些美食~赶紧加入一起寻找北京美食吧！	1
期待期待！！[太开心]//@小介猴仔: [抱抱]	1
转了，学习中…… //@菁制美食:对的，对的。我们的客人说他父亲每天早上用牛初乳冲水，然后加蜂蜜，治疗便秘有奇效！ http://t.cn/hiF1s //@生活小智慧:[鼓掌] 分享给大家，做个瘦美人！	1
做stop motion的姑娘，都是细心，耐得住时间的好姑娘，特别是广院哒[鼓掌]期待	1
是吗？有创意[哈哈]//@吴家小瑕:?覆了空姐的形象啊	1
崭新的儿童乐园于7月1日正式开放啦！[鼓掌][鼓掌][鼓掌]	1
此次没抽中的粉丝不要桑心，明天就进入七月啦，我们会开启新一轮的粉丝福利活动[鼓掌] 具体奖品是啥，现在暂时保密，明天你们就知道啦[抱抱]	1
[拍手][拍手][拍手][拍手][拍手]恭喜准人妻啊！毛毛要幸福！祝福你[亲亲]	1
这个一定要得到啊！！！！[兔子]收集各种明信片！明信片控啊//@粥粥游:@熊猫Cindy小屋 @午夜的阳光奇奇 @妮妮的城市森林 都来抢了[哈哈]	1
康老师威武！//@永俊腕表潘俊: 没化妆吧，本色最好[哈哈]//@康威凯: [鼓掌][鼓掌][鼓掌]	1
简单 知足~//@云南台常露或甘露：[赞] //@伊山秀水：//@波飞云舞: 能认识#吴秀波#我也很知足。[哈哈]	1
在白色沙滩上穿比基尼是正经事。[酷][嘻嘻]	1
[围观]//@小炳: 今天央?！6：02！大家?支持葛小恩吧！！！[哈哈][哈哈][哈哈] //@葛兆恩_宝弟:倒?。。	1
今天既是破五，又是#立春#，立春为二十四节气之首，喻意春季的开始，立春决定一年的运势，不要吵架，不要生气，和和气气高高兴兴的度过这一天，来艾尔伯兹餐厅，品尝大厨为您制作的春饼炒合菜，给一年开个好兆头！[嘻嘻][嘻嘻][馋嘴][馋嘴]	1
我赛，我就是神通啊，真是久病成医。//@一句心情签名:涨姿势了！[嘻嘻]	1
[鼓掌][鼓掌]樱花季节来啦！miss u so much	1
[爱你]  喜欢佰草集的亲们，有没有发现旗舰店有什么变化呢？对了，就是只要购买就能参加的淘大奖奖品已经变成最爱的“竹露香氛”噢！27号参与淘宝团购，得到你想要，还能拿到限量不售卖的【竹露香氛】哦[发芽]  [来] http://t.cn/amnpiF	1
对 [鼓掌]//因为那个人喝多了，穿的也有些邋遢，本着保护女士的目的，只能说两个都是，哈哈，否则我俩被他掳走了咋办。@lev5a 记住，下次要是是个帅哥搭讪，你就告诉他，我和@朱润润 都是单身，哈哈哈！（结果帅哥是gay~） //@文刀十草:呀！！太猖狂了！！他这样你都不管他？。。。[bed凌乱]	1
阿哦，你的那位主持人男盆友荣不荣幸我不了解，反正对于你的到来，我是挺荣幸哒[哈哈] 欢迎你来到美丽的沙湖，祝你俩的西夏之旅开心！	1
听说你周末又要来收租子了？ //@多玩关勇:这个 @刘波BOB  用得上 [嘻嘻]// @创意工坊 :不可不知的9道解酒招。	1
离开埃森哲之后，好像很久都没吃麦当劳了。今天其实很冷，但麦当劳里还是挺暖和的。看着吃惯的巨无霸，不由有些想念那些曾经帮我买过麦当劳的兄弟！@这个雷恩不太雷 @Andy的简单生活 @上有老马下有小猫 @Will_王 @雪中灰太狼 @小工做摄影 @Key6 @爬格子的爬行动物 我还有没有外卖钱没给你们啊？[哈哈]	1
夜色，美酒[太开心]	1
文旅一家 //@筑成世方:[鼓掌]//全经联执行主席兼秘书长 @杨乐渝 先生、全经联副主席 @朱大鸣 先生、全经联文旅委顾问刘锋先生（@刘锋-旅游智业）、全经联文旅委顾问 @李国平 先生、全经联文旅委主任卢强先生（@德懋堂卢强）、全经联文旅委副主任刘少军先生（@皇家驿栈刘少军 ）等出席了本次会议。	1
天有不测风云，世时无常[嘻嘻]	1
[哈哈]我的宝	1
每天都有好看的云[嘻嘻]	1
今夜聊天收获很大感谢庞统[哈哈][哈哈][哈哈]	1
#下午茶#过年七天那些事儿。。。老实交代，你肥了几斤？[嘻嘻][嘻嘻]	1
和伙伴们安排完明天的周年活动。好兴奋！[太开心][太开心][太开心][太开心][做鬼脸]	1
//@xin_may:@许刚_无声年代 @胡少的枪 @永远的协和 @侯裕峰  //@SH-Joseph:好玩[哈哈] //@issabobo: 转发微博	1
@忽而今夏-云 @Sophie诺诺 [哈哈][哈哈][哈哈] //@微博搞笑排行榜:太有才了[哈哈]	1
2012年4月8日快来上海豫园万丽酒店豫园咖啡厅一同享用复活节早午餐，现场彩蛋绘画，小丑表演，更有儿童天地让你的孩子尽情玩耍，感受节日的色彩～～～350元人民币家庭套餐（2位成人及1为1.2米以下儿童）、 288元人民币每位～以上所有价格需加收15%服务费，详情敬请致电咨询：23218888转6255～[哈哈]	1
你就是这样伤害我的。[爱你]	1
回复@董克平:组团吧[太开心] //@董克平:@李小妮 @李幸菲 @小宽胖 @叶军啊 @包晓琰 各位，去尝新菜吧。	1
[给力]//@灯湖泛舟: 亲，你去凑热闹吗？[鼓掌]@武旭峰 @秦岭山虎 @梦里星云 @梦绕丁香 @佛山斗士 @南粤京皇 @游凯淇 @陈家大小姐文文 @静水致远	1
#无国界即时贴#【阿联酋航空开通里昂新航线】国内乘客可从北京、上海和广州出发，搭乘阿航经停迪拜前往里昂，去法国更方便啦。[鼓掌]快和你的好朋友分享这个好消息吧@无国界教育	1
哇嗷[哈哈][哈哈][哈哈]@我是孟令一 @梁文逸 @相声DJ冯阳	1
意思意思小意思，不够意思没意思[嘻嘻]	1
馋呀！[哈哈][馋嘴] //@小仙蓉蓉:@上海美食 @去哪吃 @走街串店网 @美食美刻 @美食 @美食爆料圈网-上海站 @微美食上海	1
[哈哈] //@七洲网浪侠:回复@被老公宠着:被老公宠着，真幸福啊！[哈哈] //@被老公宠着:去过了 //@七洲网浪侠:回复@被老公宠着:呵呵，我确实很想去！你去了吗？ //@被老公宠着:回复@七洲网浪侠:是吧，要不你也去玩玩？	1
哈哈哈//@关东散人:[哈哈][哈哈][哈哈][泪]	1
大家多多帮黑哥投票哈[鼓掌]	1
@摄影师火牛 看了组图，瞬间明白了你说的方法，下手很轻的试了一下，这么液果然是快捷高效，而且很少的破坏环境，真是好洋气好高端啊~[鼓掌][鼓掌][鼓掌]	1
从烟雨蒙蒙到阳光普照、三天两夜之旅、意犹未尽！敬请期待美图哟～[带着微博去旅行]//@台儿庄古城官方:期待哦 ！//@旅行者?柒柒: 莪还有好多图片都没传呢……[哼]等忙完这一阵开始上各地图。[太开心]	1
共勉共勉！！！[围观]//@bread_tree:拿来作为人生目标！[太开心]	1
//@摩羯玛丽:美，还有态度！[嘻嘻]	1
Andy集锦，认真的男人好迷人，好性感[晕][花心][失望][亲亲][馋嘴]	1
[哈哈] //@锦儿贝贝:那请问那些什么什么组织的脸谱化得抹黑民众怎么说呢？难道不是活生生的人组成的？你们是人，别人不是人？ //@蓝山之南:您这位脑残人士，才发了五千多个微博啊？五毛钱一个才两千多块啊？还是说红十字答应和你分成啊？天下2B何其多，唯独不缺你一个。	1
#早安山东#【人生八味良药】1、放弃完美，多一份轻松；2、面对当下，多一份自在；3、欣赏自己，多一份自信；4、做好选择，多一份从容；5、寻找快乐，多一份追求；6、善待他人，多一份爱心；7、相信成功，多一份欣喜；8、不畏失败，多一份执着。周六，早安！[爱你]	1
这是一个特大喜讯呀！[哈哈][哈哈][哈哈]	1
啊啊啊，我的周末又没啦！抓紧抓紧！[太开心][太开心][太开心]	1
人生最难过的是只能看，吃不着！面对美食[泪][馋嘴][嘻嘻] //@三摩地帮主:回复@杨雯yaa:[good] //@杨雯yaa:九荤三素[嘻嘻] //@三摩地帮主:@崇记杂货铺 您随时来，在我这只能吃3道菜，在 @光头陈庆 @梧桐小余 那可以品尝12道[嘻嘻][嘻嘻][嘻嘻]您懂得 //@BernieZC: //@荷仙菇生物科技:请帮主回答吧	1
?????????????? ??????????????? ???????????????????????????????????????????? ??????????????????????????????[嘻嘻][给力]	1
[吃惊]和家人喝多了，没算过来。 //@徐子崴:八首好吗！[害羞][害羞][害羞] //@吴柯?:好词好词，二位已有七首作品登上央视春节期间晚会，恭喜！ //@徐子崴:元宵佳节闹元宵！《大好河山》有多娇！！《嫦娥》 飞出《中国范儿》！范儿范儿范儿范儿……//@吴国之城:[鼓掌][鼓掌]就等这一刻！	1
五岳归来不看山//@何葆国: [哈哈]有风景便是//@不如生女孩:老兄：太有才了！	1
//@金马洛: 活动八点半开始，段小姐正在接受成都媒体群访。 //@颜歌:广告：5月18号周六晚上八点半，窄巷子白夜。《我们家》的亲友八卦场。欢迎普通朋友们和喜欢晚上才出门的朋友们来玩。小丸子表示非常期待四川话的朗读环节。么么哒！[亲亲]	1
“?”字中间是“心”非“口”。[鼓掌]	1
想看的！[太开心]	1
[爱你] @汇英杰 //@微笑伊冯:哇，我们竟然差点错过了这个，罪过，罪过 [汗] @俭小鱼 @Cherrytomato2000 @任蓉Rong	1
没少喝[哈哈]	1
哈哈哈，有意思//@完颜汤姆：我可耻的笑了[哈哈]	1
回复@小茶?-岩墨:哈哈 相当帅 ！老帅哥一枚 //@小茶?-岩墨:我老爸帅吧？[嘻嘻] //@沙湖旅游:拍得很有感觉嘛  帅哥靓女	1
[偷笑]沙发上应该遮掩一下[哈哈]	1
[嘻嘻]我打酱油	1
编书的人，脑子里能编出各种过程的结果，原来生活不过如此[可爱] //@六六:妹子，男人移情别恋的告别话一样，象教科书训练出来的一样。你别当真也别难过。只要你愿意马上就有另一个刚对前妻说过不是爱情的男人走进你的生活说应该早遇到你的	1
@Cancer_筵  游戏人共勉[嘻嘻]	1
旅行，要在最美的季节去最美的地方。《中国四季旅行月历》，一本很实用的驴行中国攻略指南。[爱你]谢谢@诗韵梦寻	1
为了能“懒”必须去思考[鼓掌]@客服--黄记煌 //@黄记煌-黄耕: 懒人推动世界的发展与进步，一切发明创造的源动力都是因为懒[鼓掌]	1
回复@粗线条发声体:[爱你]//@粗线条发声体:@茜吉尔	1
#炫酷酒吧十周年庆典# 几经波折的炫酷大奖最终揭晓！恭喜Gloria！[鼓掌][鼓掌][鼓掌] 我在:http://t.cn/8kZQksr	1
今天跟你说：感恩节快乐！[蛋糕][鲜花][花][咖啡][酒壶][酒][茶][阳光][爱心传递][心][巧克力][亲亲][抱抱][可爱][爱你][蛋糕][蛋糕][蛋糕][蛋糕][蛋糕][蛋糕][蛋糕][蛋糕][蛋糕][蛋糕][蛋糕][蛋糕][蛋糕][蛋糕][蛋糕][蛋糕][蛋糕][蛋糕][蛋糕][蛋糕][蛋糕]	1
哪天一起去啊？[嘻嘻][威武]@girl-子心	1
在微信上面集赞得到的奖品。波风走起! 那颗糖是我蹭吃滴![哈哈][哈哈][哈哈]	1
＃小编传送门＃盛夏周末，送拉萨明信片，清凉下～[哈哈]	1
好可爱[爱你]	1
哈哈哈重回罗马吗[爱你]	1
「Mr聚? 感????招待[鼓掌][鼓掌][鼓掌]」	1
高师傅和他的蘑菇团队，蘑菇还没有[嘻嘻]	1
#回家真好#老爸种的芭乐最甜[爱你][爱你]	1
[可爱]提前庆祝六一吗	1
回复@231V小王子:智慧啊 //@231V小王子:还真不知道是啥意思[哈哈][哈哈][哈哈]	1
花儿即将绽放[嘻嘻]	1
//@冷笑话精选: 神器！[哈哈]	1
朝阳 03/24 18:05,今天, 晴,1°C, 微风;周日, 晴,15°C ~ 2°C, 微风;周一, 晴,18°C ~ 6°C, 微风.(来自@天气通 ) [哈哈]	1
就是就是！[嘻嘻]	1
#美食#工体Fubar福吧的招牌鸡尾酒：Dizzy Buddha！葡萄味浓，我就喜欢！[嘻嘻][嘻嘻][嘻嘻]	1
[嘻嘻][太阳][干杯][赞][握手][心][礼物][风扇][微风][喜][玫瑰][音乐][耶][干杯][太阳][太开心][哈哈][奥特曼]	1
现在吃饭点菜，老板娘只会汉语的＂饭＂字！英语她也不懂。不过还好菜单上有英文。所以语言一定得想办法。 //@莫斯科游子的丽江:回复@冰冰-love:你指的个人，是自己一个人来呢，还是区别于跟团的自助游？如果前者，肯定很难，我们现在就感受到了；如果是后者，你可以组了人我带[嘻嘻]	1
最右[哈哈][哈哈][哈哈] //@编剧钱迪:恍然大悟。 //@琢磨先生: 凭嚷.......//@王左中右: 朝鲜民主主义人民共和国首都：平嚷	1
@境小迁 @乖囡吉吉 @QQCandy-盖头 最喜欢牛舌和牛五花啦~~~（其实还有生拌牛肉。。。。）[哈哈]	1
//@哎呀小燕儿: [赞]//@小钝: @程士安 组织内部沟通2.0 [呵呵]//@杨伟庆: 企业内部信息沟通的2.0时代，推荐了解明道mingdao.com！ //@艾瑞咨询集团:[鼓掌]//@梅花网官方微博: 转发微博	1
#最萌吃相#恭喜郭淑贞答对了！黑先森是真的，他现场做煎饼给主持人和嘉宾吃。@孟非 拿到可丽饼就大口大口地吃起来，吃相真是萌翻了~[嘻嘻]孟爷爷，你是真的饿了吗？	1
回复@PrinceTattoo-觉悟:呵呵，必须好吃！[嘻嘻] //@PrinceTattoo-觉悟:怎么样他们家？	1
那童童上学的时候应该是蒙的[偷笑] //@虎子妈98:@天赐幸福安康 这个有用吧！[可爱]//@中国新闻网: 从起床到出门用了不到5分钟，让日本妈妈来告诉你，时间是如何“挤”出来的！	1
【别人的老师VS你的老师[泪] 】四川最美英语老师红了，福建厦门九中英语老师Miss Wu被称“最萌萝莉老师”，安徽农业大学最美法语老师也走红了…同样是老师，差别怎么这么大呢[哈哈]（图：快乐麻花）	1
上床记得脱衣啊！[嘻嘻] //@lily赵雅莉:家政小工![哈哈][哈哈][哈哈]	1
不要强求，不要把自己的痛苦变成别人的烦恼~//@Rilakkuma轻松熊之家:[鼓掌]	1
杜小猫长大了耶！想要女朋友了[嘻嘻]	1
开学三天了，好多孩子都计划十五过后再来，于是大把的时间用来做手工，等待上墙出立体效果。用心学习，在哪里都能遇上老师，我也趁机恶补手工课程。[哈哈]	1
[哈哈]壮壮威武！[威武][威武][威武][帅][帅][帅][猪头][猪头][猪头][干杯][干杯][礼物][礼物][礼物]	1
回复@李振龙V:[黑线]酒店目前还不提供这项服务。。。真想找的。。找好了再来，我想。。。一夜情有的时候也可能会变成爱情吧！是这样吧。。有木有可能呢？[思考] //@李振龙V:想找一夜情[嘻嘻][偷笑][害羞]	1
圣诞秀的准备进入新阶段，为歌曲的视听做构思，时间紧迫，任务急，导演要不多付出点，团队很容易模糊方向，但我们会尽最大的努力，做到能力范围内的最佳，为了圣诞快乐...120分钟后的西班牙德比，很提神！继续构思，等待精彩[酷] [太开心]	1
[爱你哦]//@米爱秀菊花: [可爱]	1
@电视剧火线三兄弟 大年初三就开工，欢欢喜喜玩儿街拍[偷笑]@黄渤 老兄被#蕾女#狂追的感脚如何啊？[哈哈][哈哈]	1
小强家有三兄弟，老大叫大毛，老二叫二毛，老三叫什么？//@布鲁肉丝:小强家三兄弟，老大叫大宝，老二叫二宝，老三叫什么？//@微博搞笑排行榜:敢写上你的答案吗？[嘻嘻]	1
@赵嘉 赵老师，你看你看，读者的心声[嘻嘻] //@子困于蔡:出新版吧，再加些PP，至少要向《一本摄影书》的品质看齐//@赵嘉:回复@中旅王颖:谢谢王老师，容我想想吧，在犹豫要不要重新出。在考虑是还是重新改，或是写这本书的续集 //@中旅王颖:回复@赵嘉:新版我有信心做好[手套][拳头]	1
[哈哈][哈哈][哈哈]樱木 樱木	1
回复@涠洲岛晴海客栈夏子:[哈哈] //@涠洲岛晴海客栈夏子:美景，海水，怪石，瓜果，沙滩，还有美女！~[偷笑]	1
#随手拍#到俺窗台上偷米的家巧儿。先是有一只偶尔会来我的窗台，我一抬头它就飞走，然后俺天天撒一把米在窗台，渐渐的每天都会来，慢慢地越来越多，两只三只，老老实实给我当麻豆，不会警惕地看我一眼就跑了。大家原谅没擦干净的玻璃吧，下雨天，大家都不容易。[挖鼻屎][lt切克闹][嘻嘻]	1
激动ing，常来小金家做客哦~[鼓掌]	1
Chinese Idol[鼓掌]	1
杜老师这笑容有点[挖鼻屎][嘻嘻]	1
各位粉丝们 马上行动起准备[给力][给力]来吧 保准盆友们一个不一样的 黄土谣 粉丝来要@我哦 我做好迎接你们的[给力][围观] 会有惊喜哦[爱你]	1
[太开心][太开心]好可爱哦~~两个小宝贝！！玩的开心吧！！	1
回复@吴聪1992:[偷笑][嘻嘻][哈哈] //@吴聪1992:[good][good][good][good][good][good][good][good][good]	1
#爱佑?一汽-大众奥迪上海宝贝之家开放日#，超酷安安，超酷驾驶员[哈哈]腿部残疾也阻挡不了孩子的童心，@陈数 快转给赵爸爸看看[给力]@爱佑-奥迪上海宝贝之家 @奥迪英杰汇 @董芳0000 @汇英杰	1
继续替班@环球旅行家 ，朋友们还在吗？[太开心]	1
[哈哈] //@陈浩Ariel: [哈哈] //@侯智洋:[哈哈]//@宁财神:[哈哈] //@互联网的那点事:右边好贱！[哈哈] //@经纬张颖:回复@平安北京:您放心，全是真枪，俺在美国。 //@平安北京:是仿真枪？您这是在哪里？	1
你若安不好，老子抡死你?![哈哈]@小白Y_Y 来看看这个吧[酷]	1
阿姨：不要太累了[哈哈]	1
happy weekend,happy family![爱你][可爱]	1
淘最意大利 官方微信 已认证，勾搭请认准。[鼓掌][鼓掌][鼓掌]	1
前天外景冻感冒，今天二十五片暖宝宝，贴满前胸后背，有了这些盔甲，今天的外景戏，就不怕冷啦！[哈哈][哈哈][哈哈]＜家和万事兴＞@简远信	1
早…[哈哈]	1
//@李彬: @焦恩俊Vincent @安琥 @高虎 @林依轮 @刘亚津 @巩汉林 @柯以敏mindy @戴军 @花儿大张伟 @雪村 @常宽 @吴宗宪 @刘仪伟 陈创，周晓欧，刘昊明，尹相杰谢谢你们在＜两个人的江湖＞里的明星支招，谢谢你们对我李老头的支持！[哈哈][哈哈][哈哈][哈哈][哈哈][哈哈][哈哈][耶][耶][握手][握手]	1
来雁栖的顶秀美泉小镇了，@足球女孩11 @eoao 环境很不错，建筑很欧洲，比较安静，附近有雁栖湖，稍后过去，还有采摘园，住几天再回了~[可爱]	1
确实是难得的天啊！希望明天依然蓝天迎接我！[嘻嘻]//@TimeOut北京:晚安北京，愿明天还是好天气	1
今儿晚上我家小酌.都快点交班.腐败的走起[哈哈][哈哈][嘻嘻][嘻嘻][酷][酒壶]	1
从四合院回来的路上…绚丽的烟花瞬间…一路同行……金蛇狂舞庆新春……祝我爱的和爱我的你们永远快乐…ps：回来竟然有个很好的车位…2013是顺利的一年…谢谢@胡同印_Doris 送我的红腰带…[爱你]	1
刚看了一个名为＂有苦说不出的貂蝉＂（忠）的视频，反贼分别是：郭嘉、大乔、诸葛、香香。笑惨了。存起来，以后觉得憋屈了就看看。[哈哈]	1
一个悠闲的下午，好喝的咖啡，好听的音乐还有温暖的阳光。五点钟，我们的演出开始。今天只弹琴，不唱歌。[哈哈]	1
真快啊！都2年了！现在旁边那个金蛋可以使用了呢[嘻嘻][嘻嘻]	1
[哈哈][哈哈][哈哈]//@茶人冯建华:您瞧，都明白了不是？！[哈哈]//@老隋: 长知识了，谢谢冯.比特利士上校。//@茶人冯建华:你们说的都不对！应该是尼基塔赫鲁晓夫。[偷笑]//@老隋:不是隆美尔吗?//@夏宫的刘阳:麦克阿瑟[偷笑]	1
情人。。。有情人终成眷属[嘻嘻]广大LM始终和你白首不相离[羞嗒嗒]	1
#中奖名单# 恭喜@??坡 @一青苔 @鱼潜里 三位小伙伴各获得《忍不住开了间家庭旅馆》新书一本+超美主题明信片一套，麻烦请把快递信息私信谷声君哈[鼓掌]	1
才看到。。。原来今天是如此的美好~[嘻嘻]	1
鞍状子宫的准妈妈昨日足月生一个健康女婴，母女平安。鞍状子宫为先天子宫畸形，但是她们也可以孕育健康宝宝，圆做妈妈的梦想。可喜可贺。[爱你][爱你][蛋糕][蛋糕][哈哈][哈哈]	1
回复@沱沱工社有机食品网超:@薛垣_享乐传播 @肉丸子也有小春天 @主持人一凡 @李维隆 @张国军-andy @沱沱工社有机食品网超 送我大枣吧[爱你] //@沱沱工社有机食品网超:快@5位好友，我们送你大枣哦	1
[鼓掌]好壮观～～吃货在豆果网找到强烈的存在感～哈哈	1
北京何时才能出现？//@侯宁:[鼓掌] 断供房批量拍卖[泪]	1
让鼓浪屿有意思的小餐馆多起来！让我们在岛上有喜欢的饭堂，不会将就在只有沙茶面、海鲜酒楼为主的游客餐厅中流失我们这些吃货的餐桌时光。[嘻嘻]	1
回复 @广德公:期待2012有更多佳作 //@广德公:吼吼，我上墙了！[鼓掌] //@墙根网-蜗牛:#2011精彩有你# 我的朋友们 @归来的约定   @黄玺赫   @-西瓜妞儿-   @广德公   @贱小M   @JHT01   @Janelee-beijing   @西红柿鸡蛋要汤的面   @wx橘子	1
还是你懂我们的节目呀毕老爷[嘻嘻]是的，@TOPFM1018 《周末驾到》半岁生日宴，真情回馈广大新老听友，欢迎有识之士以及有时之士前来参加[鼓掌]@爱车环球自驾 //@毕东旭:昨天提了一辆 @上海大众斯柯达  晶锐，回来路上听电台王先森 @王小宁1018  和 @晶晶小普  侃的很热闹啊	1
挡不住美味的诱惑！[可爱]	1
我烧完，让某人盛菜。一个不注意，他居然摆了个造型！哎哟喂，被惊艳到了！[花心]某人很得意地说，特地挑了个青花盘子，摆个花型的，嗲伐？！就是盘子小了点，弄个大盘子更好看！ 可以的哦！以后摆盘的事情就交给某人了[嘻嘻][耶]	1
抱歉[太开心]将就吧	1
#坚持锻炼一百天# 第9天、plank2组木有过两分钟！推举3组每组30个。飞鸟两组每组20！锻炼身体的时间要挤挤也会有[嘻嘻][哈哈]	1
颠颠太可爱了，太乖了，我太喜欢颠颠了！他困了，就这么躺着睡了[哈哈][哈哈][哈哈]晚安了朋友们	1
说的太好了！[鼓掌][鼓掌][鼓掌][鼓掌][鼓掌][鼓掌]	1
晚安～[爱你]	1
哇，吃的从主食到小吃，[抱抱]馋了。	1
去得少，不知道呢//@小苹果露:@浮云-福运-富蕴@LiuQ828 ，我咋从未发现莲花山有桃花林哩? 在哪个角落? 转桃花咯//@深圳吃货小分队:莲花山桃花开了！[太开心]	1
[思考]越来越有意思//@但斌: 回复@海南林林:[泪] //@海南林林:微博时代投资股票很有意思, 你可以看到做空者如何摇旗呐喊,不为客观事实,只为某种利益.. //@但斌:[哈哈] 黄生信口开河！晓波兄怒了！如果900说了全收！	1
好的告诉叉爷下次掏你的狠点哈哈哈//@能能相声演员: 你拍的这是什么呀啊，下回拍好点听见了吗[嘻嘻]//@摄影师--刘健: 还他妈客气了…… //@能能相声演员: 谢谢刘健了	1
一只美丽的小花儿，很美丽的小花儿[哈哈][?你]	1
复古骑行，有范儿。@煤窑王子V @喜琳 你俩可以参与一把了。。。[嘻嘻]	1
请问这两位同学，你觉得哪个比较强？[太开心] [偷笑]	1
在国内做！有几个月了！ //@Chef雷建斌:这是什么时候专访的[鼓掌][good]  //@中国味道_余梅胜:谢谢了！	1
@Oliver郝焕  处女座耶！[哈哈][威武]	1
半月湾是不是一个很吸引你的小镇呢[太开心]#家庭乐#	1
很欢乐[嘻嘻]	1
xbox好欢乐[哈哈]	1
成熟的最大好处是：以前得不到的，现在不想要了[爱你]【私享穿衣顾问微信：FashionTalent33 】	1
绝对比身份证好看.哈哈！ //@妖叁玖:应该打开晒晒你俩的合影，看看跟身份证像不像？[笑哈哈] //@孙小野是种病:我从来不爱勾搭男人！哈哈！ //@爱吃酒心巧克力:哇，你再也不能勾男人了[嘻嘻] //@赤兔马--杨颢: 恭喜鸟！啥时候喝酒啊！	1
马上有奖拿！[嘻嘻]#心动网络年会# http://t.cn/8F4JHgM	1
[哈哈][哈哈][哈哈]笑死了，你就是一淫才...	1
早啊，上海早晨的空气真的不怎么样，以后还是晚点起吧[哈哈]	1
//@安贞袁超:[威武][good][顶][鼓掌][鼓掌]	1
有爱啊！[爱你][爱你][爱你][爱你]	1
咱们去腐败吧[哈哈][哈哈]	1
娜就是我专辑里《爆发》很喜欢 很暴力的一首歌[哈哈]http://www.hh1860.com/2011201851.mp3	1
今天工作室准备下午14:30以后才开门哈！要去麦德龙采购一些东西，各位别来早了哦！[嘻嘻][嘻嘻][嘻嘻]	1
这个这能想出来？美女你太狠了 //@低调丫头小围脖:要是能买切糕送酒店就更好啦[挤眼] //@何丽-heli: [good] //@秋实_julia: 快顶猛戳！切糕由@阿里熊 赞助。入住两晚小艺亲自送上香甜大切糕一块，我们一块帮小熊送出16万吧！[嘻嘻]  //@艺龙旅行网:[阴险]这个真可以有>>>http://t.cn/zjxVPRN	1
劳动光荣[赞][鼓掌]…大家辛苦啦，一会儿宵夜去！	1
如果有人晓得我的烦恼，此刻一定也在。。。赖床[嘻嘻]	1
素卷，不爱荤的咱有素的！[哈哈]	1
新的一天，新的一月，大家早上好！祝愿每人都有好心情。[嘻嘻] 我在:http://t.cn/zWNPyLO	1
我们为能服务这样的客人骄傲！[嘻嘻]	1
啊哈哈哈哈好久没有食过炒饼！朴素的工作餐啊！[哈哈][哈哈][馋嘴]	1
回复@戴eddiete:谢谢您！ //@戴eddiete:祝生日快乐! //@陈玉霞博斐秀禾:回复@黑松白鹿_华令:谢谢华令！[哈哈][哈哈]  //@黑松白鹿_华令:陈姐生日快乐！[鼓掌]	1
都说带孩纸的男人最帅[花心]，王先森@大王毅 当爹心切~送件Tee给你过过瘾先[酷]明天坐趟公交看有人给你让座不[偷笑][亲亲]	1
甘蔗虾也是小亭的最爱之一喔～明天是五折最后一天啦啦啦啦[爱你][爱你][爱你]	1
[嘻嘻]//@中浩旅游: 啊哈哈 致敬[赞][哈哈]//@北京国际露营公园: 哈哈 肥瘦相间 身材灰常好啊[偷笑] //@中浩旅游:乖乖 这个小猪 全身肌肉吧	1
[话筒]【青岛世园会最强攻略大全[给力]】@2014青岛世园会 是国内首次在海滨城市举办的世园会，将于2014 年4 月至10 月在百果山森林公园举行[耶]呈现给你不一样的“生态”盛宴[鼓掌](via :@青岛市旅游局官方微博 )	1
[雪]大象感觉好冷喔。。。 //@刑警叔叔: @小豆冰棍J202,@朱大象。//@新浪短信微博:大象放冰箱分三步，绑定手机也分三步。大象放冰箱很冷，微博绑了手机更安全哦～[可爱]	1
终于看到浴袍照//@活三:回家丢脸去了@厦门航空 偶们又来了 //@戈娅:重庆的六个神经病已经享誉天津了，这是要红向全国的节奏啊！@天津光合谷天沐温泉度假酒店 温泉很美好，谢谢[爱你]@天津旅游 #百名达人游津城#	1
好好好[鼓掌][威武]	1
#维多利亚的秘密#这肯定是墨尔本最好猜的一家饭馆[哈哈] @澳洲维多利亚州旅游局 @司马叉  我在:http://t.cn/zQyATI7	1
回复@拥趸人生:打泡泡[吃惊] 好吧，其实是那么大的厨房岛台都占满啦！[抓狂]//@拥趸人生:都去洗手池的电源打泡泡了[偷笑]//@EchoBookCafe:回复@一个人的旅程也精彩:是定制活动，没办法参加哦！下次有活动节目通知你哦?[嘻嘻]//@一个人的旅程也精彩:回复@EchoBookCafe:怎么参加呀[花心]	1
@??的?? ?儿，今晚的音乐很棒！好感动，特别是你和薛老师那一段[太开心]	1
今天看到新浪有评论说丹麦不行，因为他们54年都没有夺过欧洲杯[吃惊] 我立马被雷倒了[哈哈] //@:最后德国想想，还是钱重要，于是让希腊夺冠了。。。 //@居家老虎: 这是欧洲杯好吧[哈哈]  //@重庆崽儿之扎伊尔:这个理论不准确啊，也没见哪个国家让中国嘛	1
回复@鹏的莹:[晕][晕][晕][晕][晕]太多了，吃不消啊 //@鹏的莹:茶+花鸟鱼虫+把玩一个不能少[嘻嘻]	1
//@Liz力子: 哦呵呵呵呵~啊哈哈哈哈~狂点赞[哈哈] //@鹿希:听说这个作品很俏皮 //@我说呀姑娘你别害怕:一呼哈我就无法自制的要唱“是谁送你来到我身边”。。。	1
#舜天恒大#一路披荆斩棘，顺利落座，面对开阔的绿茵场，疯狂的球迷，顿时心潮澎湃[嘻嘻]，江苏最顶级的足球盛世即将开场！ 我在#南京奥体中心体育馆# http://t.cn/zOrQcLt	1
在山东兖州一带，有种包子叫烧包,有种粥叫胡斗,有种拒绝叫恩恩,有种颜色叫区黑,有种调侃叫蹦他,有种味道叫溜酸,有种忙叫叠不滴,有种闲叫五局六受,有种败家子叫败坏头,有种聊天叫拉呱,有种没有叫木接,有种恶心叫干月,有种倔强叫宁筋,有种哆嗦叫合撒,有种滚蛋叫拔腚,有种围巾叫博格拉。[嘻嘻]	1
回复@活跃的氧气:恩~下次你来的时候，给你个单独和我合影的机会~~哈哈！ //@活跃的氧气: @临渊之巅听风看海 这个绿叶赞一个[嘻嘻][哈哈] //@不败不行的candy:HAHAHAHA！！脸儿真小。	1
即使再聚少离多，即使再忙碌，我们的感情仍然是那么的纯粹，即使为人父母，即使经历再多，只要我们在一起就又回到了八年前那种傻开心傻开心的样子，其他一切都不重要了，因为我们在一起。爱你们，一辈子[爱你][爱你][爱你]	1
#沃阁分享#今天是#网络情人节#520哦！~~[爱你][爱你]该表白的要表白，该接受的要接受咯！~~浪漫不会凭空冒出来，浪漫是需要创造的！来@沃阁恋馆-私密浪漫汽车旅馆 ，浪漫已经创造好，就看您如何把握了！点击http://t.cn/zHZstL0，参与活动，Maybe 最终大奖就是你的！~[赞]	1
来试酒！[哈哈]	1
祝三八快?！[心][心][心][礼物][礼物][礼物] //@欢笑范珂: 都很神清气爽，分外美丽！[围观][嘻嘻][心][good]	1
笑翻踏 //@[哈哈]crunchynut:哈哈哈我肚皮痛!@疯狂号角 @DeeDee家 [哈哈]//@arielhan:比我妈来塞~//@柚子同学: 我昨晚让P同学朗读了这段，然后我就彻底笑残了	1
[哈哈]//@胡斌09: [哈哈][哈哈]	1
#西贝莜面村# 我喜欢那杯子上面的小老虎.[嘻嘻]	1
天津人民说了，＂介点儿雨不算个四＂[哈哈] //@南京恒岳奥迪:暴雨已经被天津人民玩死了[心]	1
#微游山东##两湖达人山东行#这么美的济南，这么美的千佛山，心动了吗？[围观]//@新浪山东旅游: #微游山东##两湖达人山东行# @小虎同学tiger 童鞋拍的千佛山好美！一个老城，有山有水，这就是济南！小伙伴们爱上这里了吗？[嘻嘻]@83小钟 @易粉寒易粉寒 @贾先兵 @江涛视觉 @天下第一泉	1
FRESH 珊瑚?唇膏?好咯，美[爱你]@董?bonnie	1
周六，成都见[哈哈]	1
What a legendary cactus!![可爱]	1
回复@Genius天华:烟花易冷唱得太好了。原唱要哭了 //@Genius天华:喂，说你呢@静宝宝Faith ！[哈哈]	1
前些时候去一政府部门看一朋友，朋友居然说你到二楼咖啡厅等我，听他这么说我懵了好一会儿：政府大楼里有咖啡厅吗？没想到的是那咖啡厅的咖啡比我在其他咖啡店里喝的咖啡要好喝的太多了。 心想为了这咖啡，我也要多找机会去看他。[哈哈]	1
#Day 25# 知道啥是享受美食到无比专注的忘我境地？知道啥是在美食面前不顾形象的大快朵颐？知道啥是上一秒还在使出吃奶的劲，下一秒就呼呼睡着？ 请看每次吃饱喝足后的小宝石 。。。Let me show you! [嘻嘻][哈哈][偷笑] http://t.cn/zl8EgNk	1
这就是@邓攀万岁万岁万万岁 的择偶标准哈！[哈哈]//@段?同?:@邓攀万岁万岁万万岁 你赶紧找一只白富美吧[哈哈]	1
//@曹志国-连锁研究与投资:新年第一个转发!新年好![爱你] //@你说的依然记得: //@创业家杂志:本微博来自： @曹志国-连锁研究。数据非常有用。	1
试试？？？[嘻嘻]	1
今年的今天最人齐，太热闹了！[太开心]	1
[握手] //@中俊崔春婷: 周末愉快！[爱你] //@乒乓阎桂丽:@北汽北方王姐 @郭晏平 @农大朱毅 @中俊崔春婷 @侯宁 @西安许姐	1
[嘻嘻]是的! 当然提醒没吃过泰餐的朋友, 很多朋友开始会认为香茅是大葱! 不吃葱的朋友会将其挑出来, 其实不是的[哈哈]	1
//@北京国际艺苑皇冠假日酒店: 转发微博，赢位于王府井的#北京国际艺苑皇冠假日酒店#两晚房券。[鼓掌]	1
路上翻看@?良? 老师的《在欧洲，逛市集》被人搭讪，趁机还向她推荐了@新星出版社 的费雪系列。都被一一记下了。。[嘻嘻]	1
【碧昂丝嗨翻全场 美国超级碗意外停电】小编虽然对橄榄球一窍不通，不过看看碧昂斯在美国春晚“超级碗”上的劲爆表演也是过足了眼瘾呢！[鼓掌]不过大概是天后的舞台太绚丽了，居然让超级碗都停电了呐！[哈哈]http://t.cn/zY5EAWi	1
[bm可爱]//@黄太吉传统美食: 感谢同胞远道而来[爱你][爱你]	1
我觉得我仿佛明白啦！[哈哈][哈哈][哈哈] @有鱼吃的-猫 @YingNY2012  //@爱中医的妈妈:那声音好听的人，岂不肾气很足 ！	1
在农场 肉 鸡 鱼 蔬菜 都是天然的… [哈哈][哈哈][哈哈] 下月员工生日聚会去啊 @宁静致远_峰	1
[good] //@苏溪漫漫://@琪缘://@来去之间: [威武] //@清华南都:牛！[酷]//@何小苇:数据分析真牛逼！ //@咆哮的大大熊:转发一看//@vinW:这分析有料//@数托邦:[偷笑][做鬼脸]//@Joseph_C_Z:仔仔细细地看了一遍，我只觉得。。哇塞这个统计数据流量的公司好洋气啊！！！[哈哈][哈哈][哈哈][害羞][害羞]	1
[嘻嘻][哈哈]有自由的心才有自由的生活~~	1
要不说皇上也够可怜的，说着好听，吃金食银的，原来也就是豆芽虾米之流啊！[泪]谢刘公公指点！[哈哈] //@刘勘:回复@嗨辣老孙:不叫掐菜，宫里御膳称为银条，比如金钩银条就是虾仁吵豆芽。  //@嗨辣老孙:下面垫底的豆芽是掐头去尾的，老北京是不是叫掐菜？@王岩52377-地产 @中壮 @侯宁 [嘻嘻]	1
[鼓掌] //@菁制美食:[偷笑]	1
我觉得还差两个ShowGirl就齐活儿了，下次评测前可提前告诉一下，本店可自带?[嘻嘻][馋嘴][花心] //@琪缘:额，这就是把IT产品评测放到了美食上啊。。。如果标题叫《京城麻小横评》就更像了。。。[嘻嘻][嘻嘻][嘻嘻]	1
[为难]//@小米_捕鸟小分队: //@Parky_瀛: 我为什么笑了！为什么这是为什么！！！[哇哈哈]//@JC真的最最最爱东方神起了啊: 昌珉好像机器人[偷笑]//@东团-8-阿嘉我离成人还很远: //@埃菲尔铁塔下的五个少年: [哈哈]//@乖巧星宿_深爱3加2: 转发微博	1
这是两会期间最有爱的微博了?~//@C_for_Cathy: 我不会告诉你们我早就发现这个特别的‘日’子了~//@Vanessa本尊: confused x 2 [哈哈] ...... @疲倦de?yan皮, 好好学习~ //@Emily大头: //@Xiaosi4you: 我本来是想低调关注两会期间北京时装周的，这么坑爹的东西，纯属系统自动转发！ //	1
[哈哈]  //@于?:确实很强大。京东特色	1
经常被投食[太开心][太开心][太开心][太开心][太开心] //@青梅时节:不仅仅想到自己，还想到。。。。@天堂尘爱 [哈哈]	1
一眼就望到啦，发型好时髦啊[嘻嘻][挤眼]#张译#	1
[可爱] 永远都不要停止微笑，即使在你难过的时候，说不定有人会因为你的笑容爱上你。#中环*悟#	1
这条微博应该转[哈哈]让我们一起#帮助老夏要婴儿车#活动现在开始！ //@乐蜂网:#乐蜂马上有惊喜#[哈哈]公司高层领导们 也来绘制新年愿望喽~~[j哎呀]@李静 夏总都这样了 静姐就满足下人家的愿望呗[好喜欢][偷乐]	1
回复@我是六大:那件绿色是雨衣，来自美国TOTES品牌[嘻嘻][嘻嘻] //@我是六大:很喜欢之前橱窗里的绿色风衣？雨衣?每次路过都要多看很多眼。	1
支持帅锅[威武][good][good]//@穆杉伯男: 感谢@蜂鸟网 的支持和前后多篇报道 我的新的大专题太精彩啦 把我美妙的旅程完美的纪录了下来 [哈哈] @津旅局的MONICA@ShawnLi@汤_剑华@一熊V@江南忆龄@天生异狐nana #秋鸿映画#	1
我试了，买了cl就没买这个，花的900欧有点不值 //@面面面的面:@谁的木头人 ，这个简直就是为了你而设计的[鼓掌]//@巍--子: OR--@KIROIC ,的合作款吗？？？	1
皇马已经夺冠了，其他不关心啦....哈哈//@phaeton911: //@黄梦洵:[鼓掌]为了十九冠!	1
#中国好假期#大家摘了一圈，发现这棵最好吃，甜而且水分多。一人上树摇，其他人在树下捡。好欢乐，我看@林伟来攀讲 头那砸了还拼命捡。[哈哈]@庄?沉 @林小晴小晴 @rhoo7 @轻高兄 @iSea海滨 @奕顺平安 @我是雷锋同志	1
陪我电脑。。。。[哈哈]	1
我一不看，就准赢[爱你]	1
[哈哈]好吧！这个造型我喜欢！@啸雷	1
当当最近五折，我自己准备买上几本[嘻嘻]	1
好可爱！[花心][爱你]	1
回复@幸运无比:好的，我努力 //@幸运无比:今天北京的天又无法看了，你还是在那边多呆几天吧。让我们多分享几天蓝天白云和清新的空气吧，看着你拍的美景心情会好些。[哈哈]	1
哇~这都能遇见啊~~圈中之人,满处都能遇故知啊~[哈哈] //@背包客小鹏:我的二流子头	1
[威武][给力] 这些爱心，我们统统收下了！感谢！[心]//@爱佑-奥迪上海宝贝之家: [赞] 我们已经收到够用1-2个月的面巾纸，非常感谢爱心人士的慷慨捐助。[给力] 此次征集活动顺利完成！[鼓掌][心]	1
[哈哈]//@闻博_Jasper: [哈哈][哈哈][哈哈]	1
春暖花开，蜂鸟横行[哈哈]//@李涛iceman4: 蜂鸟[爱你] //@奥森空间:好美啊	1
//@王利芬:把微博弄成QQ这事[嘻嘻]	1
#绅士运动#【悉尼赛李娜仅丢1局横扫进八强！】WTA顶级巡回赛悉尼国际赛展开次轮的争夺。4号种子、前赛会冠军@李娜 火力全开，耗时不到1小时便以6-1/6-0横扫日本小将森田步美，携赛季7连胜之姿晋级八强。在1/4决赛上李娜的对手将在同胞郑洁和美国天才少女凯斯之间产生。[鼓掌]详情：http://t.cn/zjuVh5d	1
熬夜把电影《将爱》、电视剧《步步惊心》的宣传资料都整理归纳了一下，社交媒体起了主要的作用。夜已深，不熬了~睡了~明天整理给大家~目前做的两个方向：社交媒体+移动互联网，越来越爱[哈哈]~爱到痴迷[亲亲]~希望一切顺利[话筒]	1
我适合[哈哈]	1
看来下次去法南我也要做有心人，就先从学做卡苏蕾开始吧，加油//@恒殊: Eat, Read, Practice [可爱]//@法国南部SudDeFrance旅游: 恒殊你对欧洲美食的理解之深,我的法国朋友们也惊呆了.//@法国南部SudDeFrance葡萄酒: 法国南部的特色甜点，其实是甜咸并存啦。配上点法国南部的葡萄酒，圣诞节气息迎面而	1
支持师哥，投个票呗！ //@DJ曙光:都来投票啊[嘻嘻]@阿仝木 @背包客小鹏 @BTV杨艳 @BTV祖冲冲 @DavidFeng冯琰 @冯关蕾 @高颂 @高欣_百合 @郭茜Cherry @九歌宣元 @Lu瑶Yao @趴趴熊-Elsa @馒头圆圆 @美丽毅 @怒怒小哥 @齐天胤的微博 @田野Manu	1
带着狗狗买早餐[嘻嘻]	1
今晚日落肯定超赞，台风天啊，大家准备好家伙[嘻嘻] 我在:http://t.cn/zRLjKTo	1
#谷声文艺贩#《忍不住开了间家庭旅馆》新书分享会就要开始了。谷声君好像看到了主角游莉。[爱你]	1
哇，好美！[嘻嘻]	1
[哈哈]故事中的元素嘛，其实感觉也还不错	1
我们都许愿了，一切都会实现……[太开心]//@黄晓蕴: 记得去年你许愿住别墅，真的实现了。[鼓掌][鼓掌][鼓掌]//@新现代画报张爱东:@艹艹西	1
回复@刘家妞妞天然呆: 度假个8天6晚 机票能拿到好价格，酒店、外岛 等相关 每人一万3-4 差不多~ //@刘家妞妞天然呆:请问去斐济至少要预备多少钱呢?[呵呵][呵呵] //@没有蛀牙的LEO:[酷] //@刘家妞妞天然呆: 期待ing……[爱你][爱你][爱你]@小白要奋斗啊啊啊 @ai_欢型的萌肖肖 @Qiu33-不纠结 @浅绻	1
【加班诗】灯火阑珊已深，车水马龙渐稀，父慈子孝团聚时，怂人独守加班中――送给加班的自己[嘻嘻]	1
左边很像以前的小海。//@?廉V：[哈哈]	1
赶了600里路，解解乏呗[哈哈] 我在:http://t.cn/z8oNKIo	1
我会告诉你其实我刚才又跑出去吃了牛肉饭和买了两个美丽的泡芙吗？[嘻嘻][嘻嘻] 我在:http://t.cn/8sUNh3B	1
春节最后一天，美女@犁犁w 领导视察机房，于是，苦中终于有乐了，呵呵呵，@BTV纪录片导演秦晓明 @卧寒梅史@忙里得闲 @王一googoodolls o元宵节快乐！[嘻嘻][嘻嘻][嘻嘻][嘻嘻][爱你][爱你][爱你][爱你][鼓掌][鼓掌][鼓掌][鼓掌] 我在:http://t.cn/zY0LKQu	1
@_小美来了_ [嘻嘻]	1
哈哈哈...得瑟一下 //@PClady祝丹:哎哟喂～必须转 好久没见人自恋了～咔咔[哈哈]	1
#2013年夏天最有可能减肥成功的星座#冠军（天蝎座）亚军（双子座）季军（双鱼座）第四名（射手座）第五名（天秤座）第六名（狮子座）第七名（巨蟹座）第八名（金牛座）第九名（魔羯座）第十名（白羊座）第十一名（处女座）第十二名（水瓶座）来看看有没有你吧[哈哈] [偷笑]	1
一天胃口全无，只喝了水，现一杯脱脂美式，歼肥变的完全无压力！！！[嘻嘻][兔子]	1
高档货啊[嘻嘻]	1
上吃年货做年货，哪里不用餐具 //@外贸餐具:借你吉言啊[哈哈][哈哈][哈哈] //@杨亚天:餐具最热卖 //@外贸餐具:支持[威武][威武] //@杨亚天:回复@小徐的蜂狂:算，  //@小徐的蜂狂:蜂蜜算年货不	1
有?[可爱] //@心中一股冲劲勇闯：//@幸福舒雯:[国旗]	1
[爱你]飞吻！！//@立威廉北京后援会:#立威廉#少爷在耍宝啊！飞吻~[鼓掌][鼓掌][鼓掌]	1
我们都想用[威武][哈哈]//@旅游卫视韩国辉:好嘞，我们送你一部[嘻嘻]@云狐时代 //@尚雯婕:这个好！我爱旅游，可以有！ [赞]  @旅游卫视韩国辉	1
要我年?十?一定?周生生??系列，太可?了！3020hkd ?我??95折呢。墨西哥版?限量呢。也真服了那些年?人，?上找??托我下手[哈哈][哈哈]	1
//@老头夜话: [鼓掌]//@Aisha_MJ: 美。	1
虾酱菜团子怎么做的呢[疑问]，姐想吃[花心]@海参2哥 //@山东省旅游局官方微博: [可爱]	1
烤乳猪，太诱人了[嘻嘻]	1
貌似很给力哇！[可爱]青岛的会员看过来啊	1
#小游#一大早就来淮北临涣老茶馆喝茶咯，不知道这百年老茶馆还能支撑多久[嘻嘻] 我在:http://t.cn/zY6Abmq	1
[花心][花心][鼓掌] 屁股包垫起来，走着//@红掌柜:任何成功都是要付出努力和代价的，不过在这种雪上摔，看着就过瘾[花心] @佳佳snowboard  //@不赖赖:因为怕疼，老汉一直没练成1080	1
[哈哈][哈哈][哈哈] //@茉莉口十:。。。点开来看看吧，不会后悔的[太开心][太开心][太开心]	1
我在雅加达，明天凌晨到北京！祈福！明天见！[爱你][爱你][爱你] 我在:http://t.cn/8spExtB	1
又到了冰淇淋横行的季节。[爱你]	1
【写给八喜的第84封信】虽然每天喝牛奶，吃钙片，晒太阳，可是最近半夜腿抽筋得还是让麻麻呲牙咧嘴吼吼滴痛，一想到还要完成自然分娩的光荣任务，麻麻禁不住对自己的忍疼能力产生怀疑，八喜要给麻麻信心哦！今天姥姥姥爷启程回家了，要过一段时间才能来照顾咱娘儿俩，宝贝要对麻麻好一点，乖哦！[亲亲]	1
2014要的就是满满的正能量！加入这场游戏管理自己的＂游戏＂[可爱] @王潇_潇洒姐	1
//@智障少年咪西西热胀冷缩了: 最后切JJ了。。。//@龄龄爸: 本来就是一个输入法的广告 //@萝莉喵儿:真假，60秒之内发了23条 //@是非别扭_老和: [哈哈] //@内科-王大夫: 要临危不乱 //@文刂孟加拉大猫女圭:[嘻嘻]	1
[哈哈][哈哈][哈哈]//@骊山朔月: 哈哈哈 //@落樱风:这要多大的裤衩…敢不敢用三角裤！！！！！！ //@晋江漪水:风妹身材如此妖娆，这么穿肯定好看，还能露自己的大长腿！	1
超级同意，让我们年轻去疯[围观][鼓掌]	1
今天是人生中应该被记录的一天[鼓掌] #说话前先说人生，这样才显得有档次#	1
[哈哈][哈哈] 师母早安! //@尧舜时代:哈哈//@钱文忠: [哈哈][哈哈][哈哈][哈哈][哈哈][哈哈][哈哈][哈哈]	1
欢迎大家来西安[哈哈]	1
[嘻嘻]我一做喷绘的哥们儿就在玩儿这，，，	1
[可爱]//@2014央视春节联欢晚会: 我看见你，便看见，这世间的温暖[可爱]	1
一定要好@彼岸无花君子为她醉：好好爱生活，好好做自己。 //@彼岸无花君子为她醉:[爱你]五月好！ //@五月V:r人间有如许磨难，不放弃我们的信念！ //@五月V:世事有太多的变故，不改变我们的虔诚[蜡烛][蜡烛][蜡烛]	1
@长江文艺出版社尹志勇 黄马褂看过来[嘻嘻] //@章雪峰zxf:[威武]那个穿黄马褂的我好象很熟[偷笑]	1
#美国lake tahoe# 睡不着和小朋友们在房间烤棉花糖吃[?嘴][?嘴]我们假装在CAMPING[嘻嘻]	1
#龙顺庄园# 的一锅出，大盆鱼吃起啊！[哈哈] http://t.cn/zWXmWXG	1
早睡早起身体好！然后再来小金家喝个早茶！快哉快哉！[太开心][太开心]	1
我们很年轻，我们很直溜儿。。[哈哈]	1
[鼓掌] [赞] //@贾明明好：往事幽深	1
有一男生腼腆用纸条给女神表白，写上：520+1314。纸条回来后写着(520+ 1314)×10。男生欣喜若狂，但随后便默默流泪，你知道为什么么？因为结果等于18340，就是：一巴扇死你。[嘻嘻][嘻嘻][嘻嘻]	1
#Raffles around the world#新加坡莱佛士Long Bar很有特色[太开心]	1
桃花快来快快来！![爱你][嘻嘻]	1
[哈哈]看过的都说好！书中的论点真实又务实，男人们，不服来辩[来]	1
呸[黑线]//@小芮芮芮:为什么要连下三天，踏着郑州的雨走再踏着郑州的雨回，我们才是好朋友！//@脸Max: 牛逼啊~~~跟beatles一样那个画面太带感了~~张北今年不连下三天雨我都不开心！！！[挖鼻屎][酷]一路顺风呀照顾好年迈的老司机[爱你][爱你]	1
我在路上，东方时尚学车，离买车越来越近！[嘻嘻][嘻嘻][哈哈][哈哈][哈哈] 我在:http://t.cn/zWpnCLS	1
@世纪佳缘lucy [嘻嘻]	1
顶右边。//@孔中: 未能使用微信”约PAO“成功的投资人不是合格的移动互联网投资人，不能只要求创业者，对于投资人咱也得提出要求[哈哈]//@绪伦: 哈哈 //@王煜全:我也刚刚学会用微信，终于符合@王利杰Leo 的投资条件啦！	1
[太阳][微风]//@师宗天晨酒店:[围观][哈哈]	1
回复@micEiven:[威武] //@micEiven:做为一个不具有中国特色的中国人，是允许说真话的。[鼓掌]我是党国精英，我骄傲！[鼓掌] //@以后不加V:回复@micEiven:在咱们天朝，国人不是很难，是根本不可能享受这种待遇！[怒] //@micEiven:[偷笑]国人怕是很难得享受那种待遇阿。	1
回复@航海船夫:明天约见香港卫视副台长白燕升同志。[嘻嘻]白先生是原央视戏曲节目主持人 //@航海船夫:祝贺	1
普伦美姿婚纱(Plumage Bridal),于1960年在美国创立，是众多好莱坞女星及名媛征战红毯时的首选战衣。灵感与创意来自华丽的羽毛，如同女性的轻盈且优雅，美艳高贵却不过分张扬，正是成为新嫁娘时的美妙感觉。3月10日下午14点敬请期待@普伦美姿婚纱礼服高级定制 为我们带来美美的婚纱走秀！[鼓掌]	1
回复@Andrea花花:呵呵呵呵呵呵呵！得找原因啊！ //@Andrea花花:回复@陶文鹏奋斗中:真是听话的好孩子[嘻嘻] //@陶文鹏奋斗中:[嘻嘻] 是受日本核污染的原因吗？[嘻嘻]	1
截止刚才洋儿老师在2013年的尾巴创下了1300万的营业额。现在洋儿老师正式宣布开通共赢天下合力计划！只要你爱钱，努力，善于学习，想住别墅开跑车，不满于现状，那就扫一扫加号码，财富与你零距离！给自己一年时间跟洋儿老师一样甩平凡穷脸靠自己变金脸！想赚钱的就加上吧！[爱你]	1
简单的音符，简单的旋律，用心去聆听！//@我们需要电影: 触动心底的声音[爱你]	1
亲，照片拍得好美[鼓掌]，看了之后好有食欲~赞！[馋嘴][馋嘴]	1
捧场[鼓掌]  //@梁文逸:转发微博	1
买单的已经发话啦[偷笑]//@ebeecake: 欢迎来享受美味~[笑哈哈]//@Jenny娟娟: 下次去一定要吃吃吃~~[嘻嘻]//@宫元书美食摄影: 哈哈[来]还有咖啡！//@Jenny娟娟: 回复@轶凡乐学成长空间:是啊是啊。。。我也好馋。。肿么办肿么办[抓狂][抓狂][抓狂] 也许去了北京宫大师会请我吃滴[馋嘴][馋嘴][哈哈][	1
http://t.cn/zOibkIt WP7.5中国发布会叫全新全易，微软惯用的套路啊，感觉又像是老高搞滴[嘻嘻]	1
恭喜@candyzhx 网友获得今日幸运大奖[挤眼]请私信小编联系方式，住店时候还请多拍美照哦[偷笑]酒店官方微博将不定期发起相关活动，对千岛湖希尔顿感兴趣的小伙伴请保持关注哦[太开心]	1
欧了![呵呵]//@心怡scarlettchou:?也快?!//@love映霓: 谢谢心怡!快乐噢![爱你]	1
@郭涛 这回大师又劈砖了！大家祝福他吧！[哈哈]据说连石头也练上啦！[震惊]晚上好紧张！	1
我想体验，哈哈 //@ameatnet:回复@紫色流星云30:体验排队。 //@紫色流星云30:回复@ameatnet:就是凑个热闹，看看到底有多火爆。[嘻嘻]	1
云南是把胖纸变成黑胖纸的地方。。。最后一场结束 晚上回家鸟[鼓掌]	1
//@永远的协和 [哈哈]//@起床超级困难户   哈哈哈@郭德纲	1
一字之差[哈哈]这组拍的好美//@胶片的味道: 苍井优 ? 【Travel Sand】苍井优的清新干净令人沉醉，而她总有一种魔力，让人爱上她所诠释的角色…… http://t.cn/8FJaX3F	1
大过年这帮公猪还要给人添堵。//@中?台?卓?:面?有些人的不要?,你很??出解?! //@佟辛:爱国与爱民主可兼得吗？[哈哈] //@宋繁银:[哈哈][哈哈] //@孤烟暮蝉:你能拿着体制的好处骂体制吗 //@风过黄埔江: //@派克安妮1: //@村夫说趣事:我靠，一群不要脸啊！ //@胥黎明名: //@公知---文化纳-粹:	1
绝了，着法子好呀[嘻嘻]//@G-total: 每次吃饭都要这样玩，我们下次玩升级版 。@Vicky-马煜嘉 @爱唯伊布落落 @5i花籽儿 @我是科儿 @sandy1983519 @绵花汇子 @涛子MG-42 @幸运的晴天1102	1
【#超级笑星#微直播】@演员孙仲秋 @迟永志 “小眼和小胖”两人一位是“CBD”的大老板~一位是手握许多“块地”的企业家[爱你]~这话一说开~原来CBD就是地铁C口、B口中间的地上~”起夜家“原来就是发快递的网店店主嘛~[笑哈哈]新技能get√！以后老同学相见，就这么说啦~	1
喝茶，走起~~[太开心]	1
卧槽。。。后面的哥们都干呕来了[哈哈]	1
早！[微风][太阳]//@曲靖旅游推荐:【中国式饭局】总结太到位了！[哈哈][围观][赞]	1
灰常开森～灰常感谢蘑菇先森[爱你]这几天找时间过去[嘻嘻]去光临你的梦//@MOGO咖啡:@jadeite--叶沐 @周小默Momo @午夜的阳光奇奇 恭喜以上得朋友幸运的获得咖啡杯转发活动的奖品！每人一个订制限量杯子！蘑菇会继续努力给大家带来惊喜！若要，购买此马克杯请私信！会员订制只需30	1
#非得小知识#南京人把女朋友称为“潘西”，实际上就是女孩子的意思。逐渐引申为女朋友。“潘西”正确的应该写成“盼兮”，取自《诗经?卫风?硕人》：“巧笑倩兮，美目盼兮。”[爱你][爱你]	1
#风尚播报#Instagram萌宠新贵：虎斑猫 Pancake~[可爱] 你有没有被它的大眼睛萌到呢？	1
雅，韵，美这三个要求太好了，值得发扬光大！[good]//@典雅静界闫芳: 典雅静界即将毕业的具有~雅，韵，美的讲师们！[爱你][爱你][爱你]	1
四大才子都是谁啊？认识一下！ //@冯雪cindy:真的吗？我们太幸运啦，能认识这个才子 [哈哈][哈哈][哈哈]//@韩姐教你下厨房: @现代可汗  京城四大才子之一[鼓掌][威武]//@郭文俊CEO: //@冯雪cindy: 可汗拿到晚宴菜单了吧？每道菜都记得好清楚呢	1
@景蛮蛮 @拉脊山 不解释[哈哈]//@荒岛上的游客: 哈哈！//@重型坦克66: 转发微博	1
期待??[哈哈] //@steven_zhouqifeng:看着也好吃，董师傅改天能有机会参加一次这样的交流会吗？相信在你那学习，我们一定会收获不少的。/@大董大懂://@peng树挺:@边疆边吃边说 @大董大懂 @红与黑经典之美 //@云信吃喝玩乐俱乐部: 转发微博	1
[心] 好幸福 好甜蜜 [心]  //@乐言34://@Dear迪迪:好可爱的两人喔！！！幸福幸福啦[鼓掌]	1
#Day 18#?天天都是纸尿裤，小宝石有点红PP了? 姥姥立刻拿旧T恤给做了布尿布，再用松紧带绑上，小牛仔立刻变身日本小相扑? 哈哈哈[嘻嘻][嘻嘻][偷笑]	1
一直都是你，陪我到最后，萌宝荣升为老公咯！[爱你][爱你][爱你][爱你][爱你]	1
生日快乐  //@陈奕达:哈哈，谢谢！[嘻嘻]从今天开始要横着走…//@姐夫王:@花花 @舌爷 @Sandy圆圆脸 @陈奕达 一个巨蟹一张嘴，两个胳膊两条腿；四个巨蟹四张嘴，八个胳膊八条腿，祝你们横纵行八方，无往不利～[蛋糕]	1
如此，去三亚的理由是不是更多啦！亲们！不要放过机会[太开心]	1
#动物牧场#同样温馨的另外一家子～[爱你]	1
高深[哈哈]	1
嗯嗯嗯，这句话亮了！[哈哈] //@邓莎：＂华敏＂外号小甜瓜，邓莎外号嘻唰唰	1
[哈哈] //@全球潮流街拍:天秤	1
感觉得出永福寺本身水平很高的，所以过程中我很礼貌，跟着拜了。是那女人脑筋有问题，两边哄弄，这边和我说去看风景，那边和寺里说有朋友要来拜佛。结果进了佛堂我才明白，但这种场合我一定会保持最起码的尊敬//@kikisetsu:结局竟然不是劝你花钱烧高，祈福保平安之类的??差评![偷笑][害羞][哈哈]	1
哈，收藏了！[鼓掌]//@郭燕2010:转发微博	1
回复@孙灬悦:嗯嗯，迎接2014，新年的第一个愿望，小游来帮你实现～！给不给力～[哈哈]小伙伴们，快来说出你的新年愿望！！[心]跟小游一起跨年咯！ //@孙灬悦: @新浪江苏旅游 要不要来转转这个呢[偷笑]	1
＂流动的河南＂河南高铁旅游推广活动正在进行中！[鼓掌][鼓掌][鼓掌]	1
有道理！[思考]//@木子个个LZ: 哈哈，文章杯具了[哈哈]@大胃妖精cici @路迦Loka @刘圆儿 //@小丁--td: 转发微博	1
牛啊！妞当年苦学英文的时候，也没见过同传老师这么翻译的！可是然而BUT，为什么咱这英翻中，也需要穿越回古代呢！[嘻嘻][嘻嘻]	1
[哈哈][哈哈] //@芳芳夏诺多吉:刚接更正：刚刚演唱《因为爱情》的其实是郑智化和曾轶可！//@曾锡文:嘿嘿 //@封新城: 嗯哪。	1
水中月，雾中花。春季就来婺源观赏吧！[哈哈][鲜花]//@濮抚仁: //@李永忠01: [good]//@水墨婺源: [鼓掌]//@北京2000光影://@水墨婺源: [赞][鼓掌][微风]//@drguan网上看风景: //@水墨婺源:“雾”源见！[鼓掌][哈哈][鲜花]//@伍小伍-Phoebe:2014的春天等你到来，婺源到时见[爱你]@况秀猛	1
兔子到啦！！[哈哈][哈哈]	1
妈妈，您辛苦了，我爱您。 //@刘忻:妈妈，您辛苦了，我爱您。[爱你][爱你][爱你] //@天娱传媒:让我们聚集大家对母亲的爱，将满满祝福送给天下所有的母亲们！与#2013快乐男声#一同见证我们对母亲的感恩之情！	1
[鼓掌][鼓掌][鼓掌] //@奥迪英杰汇: 奥迪英杰汇成员、东西方顶尖高雅音乐大师，首度同台合作的音乐盛宴。草坪露天音乐会，带来全新视听体验。	1
验证小吃必须我出马啊[哈哈]	1
哈哈哈哈哈，这哥们太好玩了！奇怪，和我还是平辈~而且都有淘宝店。[哈哈][哈哈][哈哈]	1
[good]//@长城飞翔: 想念在拉萨的日子//@-甜橙子-:亲，到拉萨了哈～～～！！[鼓掌]你可以尽情发放毒贴咯～～[甩甩手]	1
[偷笑][偷笑] //@斜阳下孤烟: @恒_玄 @damainlau @驭风翎 越来越喜欢脑袋了…… //@武侠603:[哈哈][哈哈][哈哈][哈哈]整场的一个小高潮?!这段儿大林那表情真是可爱极了！！优酷赶紧出视频吧！！[哈哈]当时真觉得郭老师要是走出来大脑袋就得跪地上?[哈哈][哈哈]	1
【愿望填空题】来年马上有________[嘻嘻]（新年快乐！）	1
传说中的左右互博，霸气外露。这棋局，到底那只手赢了呢？[哈哈]	1
赞美团//@美团网张智勇: 跟着美团大部队，商品单也小小的创了历史新高。[嘻嘻]	1
心愿成真。赞！[鼓掌]	1
#豆果学两招#超全的牛排知识，牛排控们不可错过的学习机会哦，边吃边学，哈哈！[哈哈]	1
颁奖开始，激动人心。@干邑之王路易十三 @Yan-Kuang [鼓掌]	1
[哈哈]//@洪毅2世_加拿大:[话筒] 英语还可以这样学！[左哼哼] @易天 @MrsRobinson @张晓鹏jonathan @深圳刘深 @好老虎 @专栏作家茶茶 @哼-你个猪 @多视角看世界 @郭于华-四世	1
#旅游资讯#【#威海直飞台北#】威海国际机场和台北桃园机场将于12月31日进行客机直航试飞。威海将成为山东第4个对台空中直航点，航班初步安排为起程台北至威海6：45至9：20，回程为威海至台北10：30至13：20。http://t.cn/8kbZEhH 话说，威海滴同学们去台湾旅游更方便啦！[鼓掌]@威海市旅游局官方微博	1
看看nono的小鼻头！[哈哈]    #美图秀秀iPhone版#	1
昨天的下午茶[鼓掌]	1
@雪娜段  //@俭小鱼:拥有89岁高龄母亲的56岁米国建筑师朋友，听我说觉得自己已经不够年轻的时候险些晕厥地大呼：Are you joking!!Never say that again please![偷笑][偷笑][哈哈]	1
#深玩美国#西雅图中央图书馆，库哈斯设计。这家伙也设计了咱们北京的那个大裤衩[哈哈]典型的“解构”建筑说白了就是设计突破了以往以“藏书”为中心的图书馆空间，而是为大家交流营造丰富的空间，10层有个观景处，往下看晕不晕就看你自己了[偷笑]@玩乐美国 @美国旅游玩乐汇	1
每一天都可以是情人节[亲亲]	1
[哈哈] 偶也经常这样蹂躏我家狗狗哈//@食尚小米：这脸蛋子谁不想捏两把！谁让你这么可耐滴！	1
[鼓掌] //@康源瑞廷酒店:都是大家努力的结果，感谢[爱你] @健康主题酒店-sally苏 //@TINA_加菲喵:恭喜恭喜?	1
赞!!![可爱]	1
[鼓掌] //@傅京亮: [鼓掌]愿缕缕馨香联通起朋友们的大智大慧，培补出幸福美满的靓丽人生。	1
认同！//@杨炳华:制度一旦建立并施行，谁也不敢乱到哪里去，因为，在一人一票的政治环境里，一个人也好，一群人也好，偏离民众的期望值，就意味自残，自己压缩自己的政治生存空间，这个世界上的傻瓜不多。[嘻嘻] //@浪漫拉马丁:	1
#高级定制#   T家锁骨链定制系列...晾脖子时的最佳款...钻石锁骨链 [爱你]可单戴、叠戴...真心不错。图为20分的...也可定制10分、30分的...[鼓掌][鼓掌][鼓掌]	1
[围观][围观][威武] //@中传飞人William: 旅业因你而赢？[嘻嘻]@海航旅业	1
周末有菲菲在，欢迎啊[兔子][嘻嘻] //@猪a救救我吧:[din推撞]很喜欢喝咖啡，听说咖啡的保鲜期对咖啡风味的影响特别大，最近琢磨着也想学学咖啡烘焙，准备自己也搞个烘焙炉玩玩，周末去你们学校看看教学环境，了解下课程可以吗，周末有人吗？	1
#手机拍摄#618在演天津闲人[嘻嘻] @丁鲜花儿	1
Givenchy为2014年农历春节推出特别系列，以汉语中象征着喜庆与欢乐的红色为主色调，配合品牌标志性的金色，搭配象征中国的五角星图案，同时也是纪梵希的标志性设计元素，并选用金属或皮革材质制作而成[爱你]【私享穿衣顾问微信：FashionTalent33 】	1
回复@lucy的窝乐园:[太开心]加油 摩羯座！你要不要弄个群啊，把认识的摩羯座放一起 哈哈 //@lucy的窝乐园:哇，又多一个，好。 //@除了黄华还能叫啥:is me! //@lucy的窝乐园: 我是摩羯座。 //@pearl-yang:摩羯！[给力] //@治愈系心理学:对自己好的都该珍惜～	1
有！[爱你]盒子已经被有才华的老师和孩子们运用得如鱼得水啦！现在又增加了美化校园的功能。真是万能的盒子~~~	1
[哈哈]//@千阳游走世界中:乞力马扎罗，亲近你美丽的面额，原来是如此的痛苦。[哈哈][赞]	1
结结实实的洗了个日光浴, 哈哈, 舒服死了, 汗死了[嘻嘻]	1
图中的小正太是我弟弟，会所有流派的演唱方式，会所有流派的舞蹈方法，能写国际项目的文化评论，善良，细心，工作努力，执着梦想！他的处女专辑即将面世，我的内心，感慨，感动，感恩！//@刘森迪: 美女赛赛，辛苦了~今晚拍摄很成功~[鼓掌][鼓掌]	1
哈哈哈哈哈哈哈//@AC阿布: 真正的男人从来不打女人[嘻嘻][嘻嘻][嘻嘻]//@中国精神疾病研究中心: [嘻嘻][嘻嘻][嘻嘻] //@上海精神病院:[哈哈] //@宇宙宙儿:哈哈哈哈哈哈哈哈 //@王小浪漫:哈哈哈bruce lee棒棒哒！	1
#周末HK乐活# 来了来了！胖嘟嘟的龙猫化成小梳化，来了尖沙咀海运大厦3楼LCX的Donguri Republic~等我把你带走吧，要等我喔！！ [太开心]	1
哈哈[哈哈] //@VIVI抒溢: 我觉得这团队太牛了~	1
//@未知的丫丫:[嘻嘻]领导永远不要跟下属比技能，下属肯定比你强；如果不比你强，说明你请错人了/@岳明洛: 哎！	1
回复@李文宪:干烧鳜鱼，宫保鸡丁，峨嵋豆腐，凉面，鲍汁四宝蔬,都是我们这的招牌菜，我们这好吃的太多了，一下给您说不完，有空带着家人朋友到我们这来，我们一定热情款待！ //@李文宪:有什么好吃的？[哈哈]	1
#博动江西颁奖礼# 江西风景独好[亲亲]	1
[吃惊] //@Tammy?潇予:应该来个闪婚之夜~(>_<)~//@ClubSuzieWong:亲们同意吗？男士之夜～Gentlemen Night [偷笑]  /[嘻嘻][干杯] //@新锐尚男:哇塞，美女啊！~//@谢寒少爷: 单身的兄弟们，看过来哦。[挤眼]	1
秀色可餐[哈哈]	1
#拖肥#：我是不是也像假的？[嘻嘻]	1
回复@凼凼的玫瑰:Its very nice for me to talk to you. Thank you very much. Wish well be good friends forever![可爱] //@凼凼的玫瑰:回复@大村敦志_Ash_Omurah:wow so great& happy first time i speak to a japanese i hope that we are all friends wish you all good[心]	1
#有奖互动#所有手上有＜让我发现你的美＞的书友们都可以在封面内页发现这个＂剪角互动＂活动，持续一整年~寄回剪角就有机会获得精美礼品（记得留全写清楚名字、电话、邮箱和地址，以便您获奖时能够被通知到），这是今日邮箱取回来的书友们的来信[鼓掌][鼓掌]	1
嗯嗯 看出来了 有故事的地方 呵呵 欢迎再次入住哈[亲亲]	1
俺很淡定,反正灰机已经晚点了,再晚点也不怕,直接到帝都吃晚餐好嘞[嘻嘻]	1
[鼓掌]祝新店开张大吉，有时间定去品尝！ //@王博宇--说两句:权金城张家口店即将开业@百合的泪一金花 @崔洪峰的微博 @陈玉霞博斐秀禾 @美食雅楠 @彭涌_爱美食 @权金城-叶瑞慈   //@彭涌_爱美食:我们张家口店，月底就开啦，在百盛里面，欢迎来品尝 //@畅游东南亚: 咱们张家口之行啥时候OK啊	1
[哈哈][哈哈][哈哈] //@沈宏非:[哈哈][哈哈][哈哈][哈哈][哈哈]	1
华谊兄弟这是要跳水的节奏吗 //@好人老周:回复@生个儿子玩:大鲨鱼太滑溜，像我和@有福社长 这般老实人就很吃亏[泪] //@生个儿子玩:天天厮守打不了胜仗[嘻嘻] //@好人老周:原来大鲨鱼把主力度调爱舍得了，怪不得兄弟连磨叽[哼] //@生个儿子玩:爱施?必须涨停 //@好人老周:3374不攻克，TMT打的还是软仗啊	1
[哈哈] 这个想法好//@东边的狮子:这个杀手好便宜！恨谁给谁买拉杆箱。[生病]	1
?? //@食尚-sir:[嘻嘻][嘻嘻] //@??而开心://@舒淇: [哈哈] //@蔡康永:毁掉一位女神的方法就是和她住一起。	1
[鼓掌]//@王璞管理咨询: 好想法！	1
[太开心]网友说：这只是我在香港自由行的其中一天，却是一生中非常难忘的一天~~~	1
谱儿长好大了[可爱]天然呆[哈哈]萌翻了[爱你]	1
//@郑路一软件园:[鼓掌]	1
一大早马尔代夫就上排行榜，@遨游网 @遨游网微攻略 @抬?看不?天A @遨游知道 要好好利用，多给大家介绍马尔代夫  //@海天小胖:这练手的地方八错，我恐机。[嘻嘻][哈哈][花心][花心][花心] // @Kitty叶 :一定要和他去[花心]  // @茵弄 :[鼓掌] 马尔代夫，最向往的地方![花心]	1
服务也全套啊[哈哈]//@李静嘉Jo:下次全套弄好 帮你买好胃药 吃个够 大家帮忙转发壹火锅的超级美食	1
#漫游厦门#【厦门演武大桥】厦门有那么多美丽的桥，你走过其中几座？[爱你]Photo by：星光	1
回复@Inzaghi_l:马上出炉！敬请关注！！[嘻嘻] //@Inzaghi_l:有没有7月份特价的豪华岛	1
你又要开始逃离之旅了...//@迪7编辑: @谢阮虹Iris [哈哈] ,同看同看//@一块去旅行: 密室逃生电影	1
红领巾这么神圣的东西，是可以随便讲价的么[哈哈]//@侯小园: 难道这就是现在的教育……到底是在讽刺谁……//@CharlesChin: ? ? 奸 ? ? 全面?展 ????官豪宅?代化做?? //@SIX6WEN:琢磨了半天觉得这视频应该不算负能量，转转大家看看图个乐吧，老话题的微电影[甩甩手]	1
希望很快再见！[爱你]	1
它本来就来自本山大叔的家乡[嘻嘻]//@哗啦啦网_上海: ?店名叫人?想到本山大叔啊	1
昨晚@CCTV2-味觉大战 之#我主厨房#约会主题我作为嘉宾和大厨一起做[心]pizza，这个造型很喜欢。新的一周，早安！[爱你]	1
铁师父今晚很孤独 //@评论员李铁:右边[浮云]//@谷正中:申遗不更好？[哈哈]	1
#豆果下午茶#吃得起#茶叶蛋#的都是土豪！[哈哈]今儿下午茶太酷炫了！极致炫富做法，大家收好别掉了：http://t.cn/8stz49G	1
#I Spied搭配# 自从Dolce&Gabbana将巴洛克风格掰回T台，浪漫的花朵在时尚圈开到了荼靡，不论是大朵蔷薇花或是清新小碎花，在女人心中都有一席之地。在盛夏时节，让自己绽放吧――立体装饰的太阳镜会让甜美风格时髦度大大上升，净色包包和鞋子是整体搭配的镇定剂，试试吧！[可爱]http://t.cn/zlWsE5e	1
是不是这样：乐品舟上茶香茶韵，闲看河中云卷云舒。//@山中一仙:偶只是将前人的上联改了一下哦。下联还可以将“天”字改成“河”字。这样就更贴切您的意境了！ //@野山狐儿:好对联一仙[偷笑] //@山中一仙:对联！[哈哈] //@野山狐儿:一仙好诗 //@山中一仙:品尝筏前茶香茶韵，闲看天上云卷云舒。[嘻嘻]	1
[爱你] 真有爱耶~	1
俺们豆最爱玩雪啦[哈哈] [哈哈] [哈哈]	1
一定要参加 看男猪脚们要流泪演讲//@qianlingge: 回复@Ironman庆庆:好的，定好时间通知你们[嘻嘻] //@Ironman庆庆:求分享，这是上海铁人有史以来有我最期待的一场分享会了。	1
#海棠湾风光#如果你想出去走走，酒店附近的椰子洲岛就是个不错的选择哦~椰子洲岛位于藤桥的南端，是藤桥东西两河的入海口，具有独特的水系生态。由17 个岛屿组成，面积4978 亩。岛上生长着上万棵椰树和各种蕨生植物，蓝天、绿洲、碧水、银滩构成群岛的美丽画卷。祝大家周末愉快哦！！~[哈哈]	1
[话筒]通知：【3月28―31日 2013第88届 春季全国糖酒会 成都举行】会议主题为“展示、交流、合作”，展览总面积达13万平方米，参展企业近3000家，预计至蓉参会客商将达到15万人。预祝顺利开展！[鼓掌][围观][围观]@CASTEL葡萄酒 @上海卡聂高红酒葡萄酒	1
吉言吉言  [鼓掌]多谢兄弟吉言[good] //@睡不醒_祥:榴莲芝士！目测会大卖啊！[给力]	1
女汉子。。。哈哈哈~~[哈哈][哈哈]	1
新年快乐啊[嘻嘻]//@沈涛:新年快乐	1
//@奋壹:有道理。[哈哈]	1
@落下绿 叮!听到了木有~ //@milkaaaaaver:哈哈哈~~好可怕! //@?志祥: 要注意喔  //@?元?小?:[?力][偷笑]  //@??甯Ann :你真的很好笑耶[哈哈][哈哈][哈哈][哈哈][哈哈]	1
[爱你]亲爱的，我也吃多了！[哈哈]今天早上护国寺小吃吃了云吞4只，螺丝转火烧一个，桂花饼半个，椰丝红豆饼半个，茶叶蛋一个，牛奶半杯。[泪]	1
感谢支持[可爱][可爱]	1
//@新媒体摆渡人: [哈哈]	1
[鼓掌]//@老头夜话: 好片子！//@贾鹏paul: 各种PS	1
收藏[可爱] //@林舒婕:@i-87	1
我只画过头//@烂馒头: [哈哈]//@DIY实用手册: 你们的丁老头是不是这么画的？[哈哈]	1
可爱的广告[可爱]	1
《绿色中国》对#李老爹香辣蟹#进行了报道，对老大@李老爹-李德义  进行了?访！[威武][鼓掌] @热点红姨  @黄记煌 我在:http://t.cn/zYO53B7	1
国安必胜 //@丁爷丁爷:@刘海斌强强  [鼓掌][鼓掌][鼓掌][鼓掌][鼓掌]	1
明天就见冬儿了~~[太开心]//@猫咪家的小魔女: 不管是出生之前，还是出生之后，你和妈妈都是一体的。。。	1
谢谢喽 //@北京-橙色咖啡:转发确认！想去非洲旅行的就找他～～[哈哈]	1
#动物牧场#这群家伙又出来四处卖萌了[哈哈]	1
[哈哈] @三秋悬铃木小小小Anna	1
就是说车被港台人刮了？ //@刘学薇:[哈哈][哈哈]默念了三遍@荷小一 @慧仔微博 //@何纯是狗妹: 哈哈哈 我要学起来//@熊猫精:笑喷了，竟然还是繁体[笑哈哈]	1
今天是@??的?? @薛皓垠Divo 大婚的日子，好激动！祝福他们一生幸福！因为月月的婚礼，好久不见的大学同学聚到了一起，三年了！别来无恙！请看我们的美女班大合影！[爱你]@尹晓娇Ailsa @尹岚的音乐加油站 @杨柳007 @李婷婷0999 @阿兹考拉 @陈梦菲Mavis @马晓梦围脖 @罗霖63 @望乡舟	1
丁丁真厉害哈 帮转[鼓掌]	1
这只喵咋一脸严肃呢？一点不高兴？ //@我?Eleven:@大眼儿猫咪 [哈哈] //@fayeangel:转发微博	1
//@浙江省旅游局: 诗画江南，山水浙江，因为你，中国才精致起来~~[爱你]	1
介个可以看[鼓掌]   //@涵予S:我爱的	1
不是爬树鸡[哈哈]//@白云仙境老高:@静涛1399 @SZ四季木 @5A嵩县张相正 @记者丁书斌 @松雪-道人 @微博小秘书	1
@ICS独立探店报告 周六1月14日晚上将播出《ICS独立探店报告》2011年度餐厅酒店颁奖活动，非常精彩，大家记得收看哦！[鼓掌][鼓掌][鼓掌]	1
难说哦！[哈哈] 谢谢支持！ //@华瑞易德酒店顾问:没来晚吧[泪]？没错过吧？虚心求教[心]请赐书！@旭日-中国度假酒店论坛 @崃哥 @曲阜孔子旅游	1
[可爱] @时尚的小魔女 @Ms南瓜粥 也是下午茶呀，简约的味道，什么时候欢迎来尝尝马勒的英伦下午茶~ //@时尚的小魔女:想吃 //@蔡嘉法式甜品:今天?末比?忙，??您?著毯子喝下午茶?支持我?[害羞] 希望蛋糕?您?意。	1
明天下午到宽窄巷子[可爱]	1
饭前三碗汤，一喝原汤原汁原味，二放香菜轻逸飘香，三放胡椒粉开胃健脾。如此才不负美味。。。[哈哈][哈哈]	1
@美食推 [太开心]	1
[耶]//@秦煜皓: 牛X的一塌糊涂！[嘻嘻]	1
求赠送[嘻嘻][嘻嘻][嘻嘻][嘻嘻]	1
@吾酷小宝 @太受欢迎有人抢了宝贝 @鼓手余伟民 @一丈魔 @王乱子 @一弛 @孟陌陌 [哈哈]那、、我可就先、、不客气了！	1
[嘻嘻][哈哈]我是胡杨牧歌连锁餐饮机构的形象大使...还有胡杨牧歌原生态火锅哦~	1
[鼓掌] //@食全食美老倪:?一回在BTV41层上喘气，貌似新一届尝委产生了！	1
一如即往体现了水瓶的无情啊[嘻嘻]//@麦兜吉吉:牛 //@当时我就泪奔了:你敢测么？[偷笑]	1
消费[哈哈][哈哈][哈哈][哈哈][哈哈]乐 [赞]协会搭建餐厅与消费者的平台[赞]祝第八届西餐文化节丰盛圆满[蛋糕][心][围观][围观][围观][围观][围观][围观]	1
有时间回来看看我们[可爱][可爱]，我们会想您的[抱抱][抱抱]。看看我们家可爱托尼。。。[爱你][爱你]托尼都想您了。。	1
祝贺你们！团庆快乐！//@魔术演员_崔凯: 你们永远是最棒的[good]，支持你们！[鼓掌]继续努力，越来越好！[奥特曼]	1
春来江水绿如蓝，期待中~[太开心]//@两生花梦语 @峪宾mr-moon	1
爱金陵才会赢[哈哈]//@黄浩俊Howard: 低调奢华有内涵 [哈哈] //@无锡金陵大饭店:还有几天时间咯！亲们，要把握机会哦！转起来[给力][给力]	1
还有红色的彩椒，在包装车间拍的，也没化妆，凑合看[哈哈]	1
最高纪录一次可以吃几个？[馋嘴] //@超级无敌傻嘟嘴大怪兽jiujiu: @超???傻扁嘴小狗狗bubu 我最爱的早茶点心是蛋挞[哈哈]//@深圳香格里拉大酒店:#免费体验#@深圳娱乐频道食客准备 推荐的点心呦！	1
#网媒游江西# 今天上午，聚焦旅游强省建设――第六届全国网络媒体江西游活在九江武宁启动啦[鼓掌]接下来几天，网媒记者们将走进山水武宁、逛“千年瓷都”景德镇的古窑民俗博览区、看“中国最美乡村”婺源、观“世界自然遗产”龟峰。小编将为大家记录一路点滴，同时带着网友们一起走走生态又美丽的江西	1
这位熟?[嘻嘻] //@韦飘飘:小云南出来右拐走几分钟就是115的起点站呀，115可到5号、6号、2号线地铁，很方便的。//@孔霸天: 回复@领队老徐:这个服务倒是有，各位坐地铁来，我可以骑着我的电驴来接大家?[嘻嘻] //@领队老徐:开通到地铁，公交的摆渡车	1
名字有些浮夸[哈哈][哈哈][哈哈]//@CAI的小老虎:娟姐把爱好变成了事业，绝对的牛B.话说这名字起的超赞[good][good][good]	1
今天的玉米超级大喔[爱你] 喷香！看来终于到了玉米发育成熟的季节了。不像上周的一包水，幼齿小萝莉，都不忍心咬呢	1
[嘻嘻]太好玩了！测试出来，我和@张智霖 的相似度是71%，大家觉得像吗？你像哪个明星呢？快来测测#明星相#吧： http://sinaurl.cn/h5At0G 妈呀！！！！我不评论了~~~大家懂的~~~	1
[哈哈] //@汐汐Annie：那个客串的无辜小短腿儿	1
小伙伴们，今天你追梦了吗？[爱你]	1
生快乐！ //@崔森CloudAD: 恭喜路老师！me也是白羊来的 //@HXcUI:跟我一天的，牛逼吗 ？[嘻嘻] //@李谨彤TrAcY:我太后知后觉了。。现在说也不晚吧~~恭喜路爸路妈啊~~[啦啦啦啦]~//@路阳的窝点: 那就等你回来看啦[鼓掌] //@热依扎:呀！[鼓掌]恭喜路	1
第十九期培训课堂上，笑声不断[围观]教员寓教于乐[嘻嘻]回答不出问题的要唱歌滴呦[耶]	1
终于迎来自欺欺人的节日//@MR穆: 愚人节快乐//@LiuQ828:[嘻嘻]求评论//@人海中一个你: //@杨锦麟: 呵呵！人民群众的智慧都被激活了！ //@潘石屹: 重温了。	1
我就喜欢他和平安[鼓掌][鼓掌] //@笑吾嗔痴: 喜欢他的肆意，更喜欢平安的细腻。//@鄢蔓: 听说淘汰了他我就没再看[偷笑][偷笑] //@乔姐姐: 噫[疑问]我也喜欢他[爱心传递] //@鄢蔓:喜欢他 //@笑吾嗔痴: @一筐黄桃子 //@怪诞心理行为学: 《中国好声音》张玮表演合集！！[赞]	1
重庆的水还没流过去呐[偷笑]//@低?的赤豆: 四?直?市，3?都?陷了，上海：千?要挺住，???啊！//@背包_兔: cool!!!!!!!!!!!!//@TimeOut北京: 甜金人民欢乐多~//@nico: [哈哈][哈哈][哈哈]//@柳咏: 哇塞。。。。。。	1
捕捉这一刻[嘻嘻][嘻嘻][嘻嘻]，失礼了[给力]	1
今儿我给你照天安门啊孩子[哈哈]	1
绝对实力派[哈哈][哈哈]	1
下面那个超有范儿！话说你们的新工服很帅气耶[鼓掌]	1
公母用下水道丈量，公公用粪丈量[哈哈] //@老沈影谈:飞机泼粪？真能瞎鸡巴扯。波音公司的飞机满世界飞，要说泼粪应该美国人头上遭遇的飞机泼粪概率更大吧? @满世界混	1
A：我多，B我比你多，A我比你多1，B我比你多1十1，[哈哈][哈哈][哈哈][耶]	1
我觉得可以有。必须给哦留个位置跳//@BaGeL女孩er:你的婚礼上要这样吧！！[鼓掌][偷笑]@李谨彤TrAcY	1
欢迎加入新浪美食伊人[太开心]	1
航班晚点两个小时[泪]，如果现实是无法扭转的，那，那我得尽量让自己高兴点儿等待！[嘻嘻]	1
面对这种男人，我随时受不了~//@蓝楹飞雨: 妞儿们，找个这样的老公嫁了吧[哈哈]@倔强四格格 @雪落如霜 @淡淡的茉莉花微博 @阿玉s @真妮花的?@整合营销传播推动者@丁丁-北京 @朱云侠	1
何时来帝都[哈哈] //@携程攻略社区:3月22日星期六 13：00-17：00 地点：CC世界咖啡（光谷）（武汉市珞瑜路光谷广场世界城广场2201室） 人数：80人 报名猛戳>>>http://t.cn/8sPSYwZ	1
恭喜恭喜～大家继续加油吧～[鼓掌][鼓掌]	1
[哈哈][哈哈][哈哈]肥猫	1
还有几分钟就迎来2014年来，香粉们准备好倒计时了吗！[哈哈]小香在这祝大家2014年马上升职！马上有钱！马上对象！马上想啥都实现！[调皮]	1
来张美丽金鸡湖景图，祝大家工作愉快，早安！[哈哈]	1
回复@小蓝马:不愧是我们教育工作者外加编辑记者说的话，哈哈，那咱就“根儿叔见老终不悔，为文消得人憔悴”吧。[哈哈] //@小蓝马:那是因为大家普遍认为“作家”的年纪应该不会太小啦，叫“叔”既体现对你的尊敬、又显得亲切呀！	1
//@微博搞笑排行榜：这图看一次笑一次[哈哈]	1
[嘻嘻] 恭喜@张小豹_ 同学获得北京雅乐轩房券一张！当时的笑脸真是很不错啊！[哈哈] ３天的迷笛真是留下很多美好的回忆，其他幸运的同学，和我们一起分享一下你的@迷笛　回忆呗！	1
//@FCC韩健刚:不做自己控制不了的事，这是对自己对社会负责的人生观！[赞][赞][赞]很久以前一位大哥对我说：做兄弟可以拍肩膀称兄道弟，但不能乱拍胸口轻易许诺！乱忽悠已是这个社会的恶疾，FCC坚决反对！@头等舱俱乐部 //@联合传播老鹰:[鼓掌][鼓掌]	1
[哈哈]真的清空了。//@袁朝军: [哈哈]//@戴假发的南瓜st:奔驰客户服务中心把微博清空了，小编下岗了。。。 //@威威祺:奔驰的小编这样嘲笑客户是不对的。//@奔驰客户服务中心:您好，S系轿车车身高度为1485毫米。	1
师傅威武！挺你。[鼓掌]	1
吃货团围裙整编！[威武][嘻嘻][给力] //@王岩---37地产:@筑成世方  //@嗨辣老孙: 回复@老徐时评:把大家加进来！活动通知群里吼吼。  //@老徐时评:老孙回来啦！不是有一个现成的微信群吗？  //@嗨辣老孙:回复@王岩---37地产:搞个微信群  //@王岩---37地产:是	1
做各式饼干[偷笑] //@京M银狐:尽量少出门，少到人多的地方去，有时间在家聚上三五好友，喝喝茶，聊聊天，做点各式饼干.....[嘻嘻]//@准备微笑的海燕: 17日，一男子在朝阳大悦城砍死2人；20日，一男子在首都机场引爆火药；22日，一男子在马连道家乐福超市持刀砍伤4人…… 每天行走在路上的人们你还平	1
【#超级笑星#媒体看笑星】今晚21:30《超级笑星》复活赛第二场爆笑开赛~各大门户网站都有相关报道哦~亲们在浏览网页的时候~可以看看呢~[哈哈]想要了解更多#超级笑星#的台前幕后么？手机用户可在苹果官方商店、安智、360手机助手、百度应用、豌豆荚搜索“超级笑星”，下载栏目专属APP~[给力]	1
#为爱向前冲#今天呈现精彩节目集锦，为了下周的回归，让大家热热身先~同时继续欢迎广大单身大好男女青年微博报名，留下你的联系方式，会有@大脑门小英子1018 温柔的声音出现在你的耳边[嘻嘻]（图片是好朋友@麦莎风雨 拍摄的北京今天的晚霞，好美~周末快乐！）	1
呵呵呵~//@雪莉酒BH3AG: [good]//@Tina: 点赞。[good] //@蔡老板: 哈哈哈哈哈，你又说了次实话！！！！你好贱好贱[爱你]	1
不过一生若能一一做到，怕是不虚此行！ 当然，也对应年龄与经历有些不同侧重的阶段。不怕大家笑话，我才刚刚摸到放下的门，经验和学习也才刚驾轻就熟。所以作为思想者有底，做老师却惭愧得很。不过领人入门却是再合适不过！[哈哈]一个劲儿在门口进进出出嘛！对门槛自是再熟悉不过。	1
必须的[good]//@曾经的4号韩旭:回复  @一麻一辣冯岩 :哈哈，有时间去南方那吃饭。 // @一麻一辣冯岩 :旭子咱俩一样[哈哈]  // @曾经的4号韩旭 :我是充满吸引力的。 // @曾经的4号韩旭 :我是充满吸引力的。	1
我在这里: #北京电视台新址#@BTV文艺频道 @相声演员方清平 @BTV脱口而出 录像ing---NO观众[酷]@BTV尹迪 @大北九零二 @韩笑半不颠 @GY郭妍 @snow刘 @k单口相声 欢迎登录优酷网收看[鼓掌] http://t.cn/zOVHEmd	1
[嘻嘻]边导必火 //@空心香水:俺不得不承认，OUT了@若愚_丫丫 @裸奔的大象 @周周__周粥 @XUWU07 @心灵摄影海飘羚羊 @fh在路上 @浅笑盈盈中@杜公子@十七@天涯棋子 @c许你繁花似锦 @冷眼的马甲2008 @无须豆蔻 @午夜未明 @魔法风扇 @海风 //@天涯土叔:转起来，销魂呀。	1
估计是水有点少了，水在高点还好//@小朋友杉杉: 哎呦呵~~~~//@赞太: [哈哈] //@竹聿名：我为《让子弹飞》拍戏地担心，弄不好真成旅游景点了，造一个姜文抓嘉玲，哪得多……好了不想了不想了……//@星皓王海峰：[哈哈] //@章小杰:还挺像的	1
[汗] //@媒体广场王志明:把胡总弄成花团锦簇，这几个小女子，玩笑开大了。听说这里的服务员很牛，事业编制吧[嘻嘻][嘻嘻]//@风花雪悦的日子:照就照了，传上网就是自己的错了//@任卫新: 这张照片一出来，这几个女孩子肯定甭想在这儿干了。	1
[嘻嘻] //@顾思宇_Eric:[汗]这些话都是木有长途旅行过的人说的	1
[哈哈][给力]//@内江-老谢:[呵呵]//@博德斯: 喜欢你的博文！	1
感谢@新浪旅游 的推荐。@骆维维 @导演纪宁 @鲤鱼登场 @蒙--蜜蜜 @永远不给 @查杨理斯 @夏茉微博 @马猴AJ 再回忆一下[可爱]	1
酷爱！[嘻嘻]//@那木错:世界上只有两种人，爱吃折耳根和恨吃折二根的。没有其他。。。。//@贵州美食家:你不懂的美食，你笑难吃，我只笑你苦苦等待好吃的美食。	1
意艺坊户外休闲吧即将开业啦！我们盛情地邀请您参加5月10日晚6:30在酒店一层意艺坊户外举行的开幕派对！[鼓掌]	1
[ok] //@上善若水1288:[鼓掌]	1
#随我游早安#爱人要选温柔似水甜如蜜,同事要选埋头苦干没脾气,朋友要选猪头狗脑流鼻涕,时间差不多了,快把鼻涕擦了好好上班吧！呵呵，早上好~[哈哈]	1
[嘻嘻][嘻嘻][嘻嘻][嘻嘻][嘻嘻][嘻嘻]可耐的小裤裤	1
[爱你][鼓掌]期待哟！ //@玩疯马来西亚: //@魅力雪兰莪:【请让我走近你，我的雪兰莪 】，雪兰莪等你哟！	1
今天是2月14日，是个特殊的日子，中式的元宵节遇上了西方的情人节，首先祝贺大家情人节-元宵节双节快乐！[鼓掌]将中国风 “大师鲁菜”经典完美演绎，在玉林烤鸭可以天天“遇到”，今天到店任意消费即赠玫瑰汤圆一份，带上心爱的人来享受这份独有的浪漫吧！[心]玉林烤鸭北京11店通用。详询400-666-7000	1
恭喜中奖！[鼓掌][鼓掌][鼓掌][鼓掌]其他几位也收到了咩？[害羞]	1
精品做的短片，不是微电影哈，赞！ //@大师姐amy:里边大绿套装特别美，仅限模特穿model //@何小晨:特别美[鼓掌] //@赵跃红:华谊、精品联合制作，时尚纽约，活力名模！ //@精品购物指南: @新浪女性 @新浪时尚	1
想起我们家的小Cary了，小古牧就是调皮，上蹿下跳的[哈哈]//@焦糖主义: 这名字起的，古牧很可爱啊	1
年度汉字吧 //@i-gotu: //@数据化管理: 吃完饭做做梦！[哈哈]	1
[鼓掌][鼓掌][鼓掌] //@Fiona_蕾:绝对有面儿的素食餐厅哈哈//@三摩地素食: @唐香香的香 我们“三摩地素食”也在呢，纯素，不仿荤，是北京最有面儿的纯素食餐厅哦！[鼓掌][鼓掌][鼓掌]	1
中秋节 除了月饼 据说 还要 南京人吃 鸡+板栗，上海人吃 鸭+芋头，无锡人吃藕，北方人吃水饺，你吃了什么？ [哈哈][哈哈][哈哈]	1
切四糕//@超人队长LC: 切糕队长[嘻嘻]//@马小高: 切糕高？[挖鼻屎]//@吃货陈: 切糕陈[衰] //@顿河:切糕！ //@漂亮的大猫:漂亮的切糕！ //@宝二腋:切糕腋！[good][酷] //@安德鲁金:切糕鲁金 //@亦雪妈妈: 切糕妈妈[浮云] //@naonaowawu:切糕wawu //@异常肥美: 切糕肥美！	1
好可爱[爱你]@二块恶魔布 @韩小编hff @猫熊刘小盼二世 //@浙少社王宜清:有猫必转～～[lm爱爱爱]//@猫粮的动画馆: 转发微博	1
今天收获得经典语录，出至浙江卫视我爱记歌词的一个嘉宾，太有才了。[哈哈]问跟女朋友为什么分手了，答：因为大自然不可抗拒的原因[汗]@车手阿B @锦衣卫卫 @奎大头	1
OMG[鼓掌] //@Fiona_小姐: @rubyxuyan_杭州洲际  美不美？	1
吃完 你犯错误没？//@大乙八郎: Passion fruit! 好激情的名字! [爱你][可爱][花心][害羞] //@澳大利亚北领地旅游局:这是Passion fruit百香果~ 【 #发现澳大利亚# 之北领地】	1
#随手拍#@MR小a @蛋蛋IN北京 三个男人相约一起@王府半岛酒店 没有妹纸着实不太像我们的风格哈哈。虽没妹纸但在这温馨的环境中，喝着暖暖的热巧吃着火鸡和树根蛋糕三个男淫也聊得不亦乐乎。而且卫生间偶遇@大菜微博 不过是门口呦哈哈[哈哈]。还有超可爱的小菜。@紫色透明 姐没有来[泪] @京城美食探店	1
[哈哈] //@京M银狐: 男朋友肉够厚的[偷笑]//@老疯子林风: 菜刀妹要火！[哈哈]董妃表要跟这妹子学！//@董芳: 砍完之后是把他红烧了还是乱炖了?	1
我偶像的生日，必须生日快乐！ //@林心如:??~很?心一直有你??  //@林心如粉丝团:谢谢东迷们的祝福[太开心] //@?城再起新加坡後援?: 心如姐 生日快?[蛋糕]  //@东吧-汪东城粉丝团:祝 心如姐姐 生日快? [蛋糕] [蛋糕] [蛋糕] //@林心如粉丝团: 谢谢@欧美音乐榜！[太开心]@林心如 生日快乐	1
蟹啦，蟹谢！[嘻嘻]	1
企业微博秀#微博在哪里#童鞋们，给咱@维洛纳主题酒店 投上一票吧！点击链接看到下图模样的海报就投一票吧！多谢喔[爱你]http://t.cn/zl73Ymf	1
五年了,不容易呀！ //@牛斌May:[鼓掌]@奢华中国luxechina @孙丽洁Viviana @天珂 @糖果马的世界 @宋微建 @马箐 @红坊沙龙REDTOWNSALON @海晨-海上青花 @秦岳明 @汽车设计张帆 @杨青YangQing @杨洋-?思虹Estelle @苏菲独立书店 @设计师菲菲在酒厂 @周睿rui @绿色蝴蝶	1
Tang Roulou 秋冬系列上北京BNC薄荷糯米葱商店！！！！ [可爱]	1
[哈哈] //@星座宝典：不要这样吧，亲 ？	1
#夏家三千金#进驻央视8套，又与观众朋友们见面啦～//@辛迪加影视: #夏家三千金#进驻央视八套[太开心] //@夏家三千金: 已经开播两天咯，每天下午17：05分锁定CCTV8, 让我们一起回顾夏家的美好时光！@唐嫣 @邱?日? @戚薇 @张檬 @辛迪加影视	1
我要越狱去！不止一次的[爱你][爱你]	1
今天见到原来的同事，他们说我瘦了，[晕][爱你]太会讲话了，?结果一不留神吃了很多超爱的东东[干杯]，感谢朋朋们的爱??????	1
[给力]//@checkedout餐饮服饰: 难以想象的美味！[嘻嘻]	1
Have a nice day[爱你][爱你][爱你]	1
羽毛球队是产帅哥的地方[哈哈] //@蔡?:这一刻感到自豪骄傲[鼓掌]	1
@阿曼达FU //@徐徐:很的喜感包菜呀。  //@夫一:回复@郑月朗:有一种感情，不可被判！  //@郑月朗:和老公生了几次气，就是离不开，在别人眼里，说是不行啦！说的就是这个道理吧！ //@雅菲菲:[哈哈]	1
[鼓掌][鼓掌][心]亲亲们要求补的鞋子来咯！很时尚滴！嘻嘻、、、[做鬼脸][做鬼脸]补款到货哦！#陕南鞋店#预订电话62891014?	1
[鼓掌][鼓掌]太棒了[爱心传递]	1
[嘻嘻]欢迎亲来都太海鲜自助吃大餐啊，亲们吃的开心，我们也开心哦~ //@弥莎弥莎:实用贴！下周就去！@都太海鲜自助	1
帝都又是雾腾腾的，但是我的手完完了，我罢工，所以出门逛。路上，数落完洋洋数落老郭，然后我就被老郭表扬了，他表扬道：你成天，跟天斗跟地斗跟我斗跟儿子斗，你就一个鸡血斗士![汗][哈哈]	1
本来觉得温网已经冷到无法直视了，但是看到优衣库即将对战hm觉得终于了了一桩心愿呀[哈哈][偷笑][阴险]#大师兄加油#	1
@天禄中?? 网站首页  请各位老师点评[嘻嘻]@大头于 @老宋是我是万金油 @田颖火柴 @方捕头 @锦衣卫卫 @车市老兵 @濮阳- @坏银陈薄宇	1
周末，马上要下班了，好天气，吃喝玩乐，继续想……不幸福才怪！ //@淘金百货:想着今天是星期三，其实是星期五。[哈哈]	1
哈哈哈,一早看到好乐呵!//@夜青羽-: 哈哈，销魂哦//@-???-:给力[哈哈]	1
#再见你好吗#Hello,台湾我又来啦！一下飞机就办了青年卡，好开心[嘻嘻]	1
[围观]//@猪西西juicy: [钱][good]@念卜 //@__大宇: @刘柳璐 呦，挺带劲的。[鼓掌]	1
大晚上看百变大咖，悔啊，逗得我睡不着[哈哈][哈哈]	1
//@都市天秤: 创意无处不在！[兔子][熊猫][可爱]	1
女主人的照片才是亮点[太开心][咖啡]	1
都来了呵呵 //@ReneeZhang:都去厦门了啊！祝推介会圆满成功。[鼓掌][good]	1
回复@宋英杰:宋老师，我女儿说您是她最喜欢的天气预报主持人。 //@宋英杰:董老师为啥天天过着土豪般的美食生活？交个朋友吧！[哈哈]	1
掌握好方法很简单滴，一根筷子足已[嘻嘻]//@馋嘴胖妈咪: 哇！剥一只得多长时间啊？//@天使-魔鬼-豆包: 这个太难了！	1
灰常值得一去[鼓掌]	1
有奖征集，这是在拍啥？答对可以参加小清新微电影，我们今年可是有32部哦[嘻嘻]	1
楼下又开了一家联华[嘻嘻]@linux_china @小哲别	1
静姐的亲和和对新人的信任和支持让人心头一暖[可爱]	1
给咱校争光[鼓掌] //@LRTV穆琳:还得加油啊。。// @曾俊杰jj : 实至名归！[鼓掌]我觉得应该更加努力进入前三！希望每一位已经毕业的同学们都要加油，hold住整个主持界，让师弟师妹们也可以骄傲起来！	1
哇！！ 美眉配MS Bonbon的下午茶。。。 照片中那位幸运的男士是谁呀？？！！[爱你][爱你]	1
像从来木有亲眼见过的动物致敬！！为神马北京动物园木有！！！！//@黄毛晓鹏：[抱抱] //@我们爱讲冷笑话：[爱你]	1
已经开了筹备会//@高超:柏老大  @柏松baisong  ，聚会的事咋样了？// @燕子安吉 :最近老同志集中现身[哈哈] ！ // @段钢 :都不睡啊！ // @DD鱼945 :报名！ // @熊胡子浩 ://  @柏松baisong  :当年跑电信的，抑或是当年行业的接口人	1
哇哦，福利多多，今晚21:10#中国梦想秀#不见不散喔~参与互动，继续来赢@水密码 精美礼品！！[亲亲]	1
//@清风自然来: //@全球奇闻趣事:真是俏皮话~ [哈哈]	1
//@陈奕文:[酷] //@穆婷婷Monica:支持[鼓掌][鼓掌][鼓掌][鼓掌] //@后宫官方微博: #深宫谍影# 湖南卫视今晚22：00亚洲巨制隆重金鹰剧场首播！看小昭陈秀丽玩转深宫，掀起腥?血雨，步步危机，?害谁?????请看第一集第二集为你解开！	1
真巧，我以前也这样告诉过他，如果想我，就打总机，答录留言是我录的。[爱你]//@唯美手机墙纸精选:如果你现在能够听见你爱的人说话，请好好珍惜！[心]	1
回复@乐者张笛:晕，真不是，这又烧上了，到下了 //@乐者张笛:对呀，今天很嗨啊！还有黄酒喝，国鹏要是来光高兴也能退烧啊！[哈哈] //@任蕾-噶松卓嘎:哇，这个就是天晨？  //@乐者张笛:熙贤会天晨，茶酒谢知音。@高天晨@弥勒笛  //@瓦罐中的歪歪:茶会真是卧虎藏龙啊！  //@报人卢元强:@乐者张笛	1
大女儿今晚画的图，虽然不是一条龙，但真的画得不错，她还要借我手机自拍存档呢。祝大家龙年顺心！[嘻嘻]	1
Happy Anniversary! //@蓝微岸彼: [亲亲]谢谢熊熊~ 我们也是~美中不足巧克力太一般 //@熊苗儿:恭喜贺喜，朗廷的确相当不错。喜糖盒最赞。一直摆在我的窗台呢 //@蓝微岸彼: 1st wedding anniversary[蛋糕][爱你] 去年的此时此刻在点烛台？	1
一个小帅哥，问他＂你喜欢跟美女教练玩儿呢还是喜欢跟帅哥教练玩呢？＂答曰＂喜欢跟帅哥教练玩＂妈妈又问＂帅哥在哪儿呢？＂小朋友指向我，然后我就意外的变成了一朵花儿[偷笑][太开心][害羞]	1
为啥男选手这么弱势！[嘻嘻]	1
[赞]//@文坛: [哈哈]//@胡洪侠:祝贺。愿所有可爱的写字的人，都是文坛面前的一本书，供她开卷又开心。郑重声明：此文坛非彼文坛，谨请仔细辨认！	1
哈哈，真帅！[哈哈]	1
哎呀，围观美国厅局级干部。。。。[嘻嘻] //@黄锦波:回复@吴克清:在中国天下第一的东西多了！下次你卖门票与天下第一人我一起吃饭？每年一个人与Buffet 布非特吃午餐要捐二百多万美元呢？哈哈 //@吴克清:哈哈。想起第一次见面黄大哥就请我在天下第一城吃饭，吃人的嘴短啊，所以你的分数最高啦~！	1
#深夜发吃#看着《食客准备着》夜间版，是不是又饿了呢？如果没什么食材的话，就煮包方便面解解馋吧[嘻嘻] [馋嘴]	1
钥匙可以万能,为啥锁不能万能?有歧视锁的嫌疑!!![哈哈]	1
一直喜欢台湾电影~持续关注中..希望九把刀的作品翻拍不会让人失望。//@樱桃-hero：@沈建宏kris 你喜欢的书拍成电影啦！！//@微博搞笑排行榜：期待中。。。[鼓掌]	1
我?一起去如何 如何 //@Y鱼鱼吖: 好想好想好想…超级想去的[爱你]	1
回复@王立新微博:[哈哈][哈哈][哈哈] //@王立新微博:这有点皇上后宫翻牌的气势了[哈哈]	1
回复@李丹翼辣妈:那个祝美娟还没发来呢，让我来这么早，特约演员也是演员啊……[泪][雪] //@李丹翼辣妈:[可爱]	1
好诗[嘻嘻]春节快乐	1
[哈哈]//@姐姐蜜语:不行了，还是报警吧！”.	1
[爱你]感谢粉粉支持，常来小金家哦~	1
[偷笑]总是感觉小台历特别有爱，各位雕粉有木有注意到这个细节呢？[哈哈]马上就要更新小台历啦！大家都知道这意味着什么吧？[酷]没错！十月新品即将隆重登场！[害羞]各位雕粉，敬请期待哟！！	1
[嘻嘻] //@鲁欣慰:没牙吃个屁哦 //@文先生MrWen:牙长齐了么你！ 虎：[怒] // @Sindy_樱 :哈哈哈 // @郑希朋 :今天妈妈不在家。[哈哈]	1
生活是我在这个世界上最敬重的美德。一加缪。大假过了一半，生活家们正在世界的各个角落享受精彩的人生吧！[亲亲]	1
绝对的诱惑，让我难以控制[太开心]	1
欢迎 亲 光临山峰店[爱你][鼓掌][鼓掌][鼓掌]	1
俺觉得IPAD或平板电脑的胜算要大些!而且时间不会很久![嘻嘻] //@laolu:转发微博	1
我在这里:#沁源茶楼#小型网商聚会[嘻嘻] http://t.cn/zOLmbCO	1
#品味山东#第一站，章丘吃大葱。[哈哈]这里的葱是真正的高啊！都快超过我了。[黑线]最高的居然有2.17米。章丘大葱的特点:高大翠白甜。[花心] 我在这里:http://t.cn/z82KbDp	1
老婆说将来多多会黏我的手艺而冷落她[嘻嘻][馋嘴][偷笑] 我在:http://t.cn/8kXDbou	1
一杯黑咖啡配蛋糕的台湾下午茶让我怀念，这机票绝对值[呵呵] //@黄矛: @俺叫老鬼 你先买了再说吧。[偷笑] //@俺叫老鬼:谁给报销往返机票？[嘻嘻] //@央广雅萍:回复@?金?布:有机会，请 @俺叫老鬼 去台湾感受这柔软的香甜、柔软的时光。 //@?金?布:我喜?喝下午茶配上茶?.蛋糕很美味	1
可不可以称为阿里共和国？[嘻嘻]	1
加油[嘻嘻]我坚信着，天道酬勤	1
[哈哈]//@文什成ITech:[哈哈]good one	1
《恋爱假期》是近期看过的好电影，轻松温馨浪漫励志，裘?洛，迷人温柔[爱你]，推荐！！！！lord i lift ur name on high	1
[可爱]  谢谢亲的光临哟。[心]	1
早安[可爱] http://t.cn/zOsB6PG	1
上了床不知道??有?。[哈哈][哈哈] //@lqong99:赞[哈哈] //@蔡?: 回复@胡小薇的天空:那就别管那么多，又不是你的。笨。 //@胡小薇的天空: @丢不了的钱包：求教蔡?先生。女友?常?我管太多，缺少空间，常提分手，我?不得，请问我该如何？（转自@蔡澜微博知己会） //@蔡?:??微博	1
#早安# 不敢去跑的人，无法赢得比赛。――BY佚名[可爱]	1
[哈哈]//@大虎王子的妈妈: 屈原味板烧鸡腿堡，另被米开朗基萝卜丝辣到了[哈哈][哈哈][哈哈][哈哈][哈哈]	1
公司年会没中奖，集团年会求中奖！！[哈哈]	1
好开心[嘻嘻] 才半个月就收到来自@赵汗青Jason  的明信片，thank you very much[给力][兔子] .@巨ta @乐冰影  有木有觉得还是中国邮政给力[赞][酷]	1
回复@破春城晓:木屋烧烤国展店新开业，头三天打5折[嘻嘻] //@破春城晓:回复@K哥爱美食:[思考]不在台湾街么 //@K哥爱美食:哈哈，是嘛，我还不知道酸梅汤无限续杯呢。。。徒弟，板筋和茄子我这次还真没吃到！[嘻嘻]	1
甜蜜蜜~~[爱你]	1
[给力][威武]感谢您的喜欢，聚点串吧欢迎您哦～[爱你] //@美食小派:聚点我的最爱！！	1
收? //@社交潜规则:科学养生才能健康长寿[爱你] [爱你] [爱你]	1
同意右边以及右边的右边[哈哈]//@吴海:同意右边[哈哈] //@麦田捕手: 不想看约架了，有能耐约炮[哈哈] //@孙礼纪事: 能别丢人了吗。	1
[哈哈] //@平安喜喜乐：喜喜，工作顺利！ //@卡夫卡y: //@林菀茹: //@电影工厂 ：喜喜，好事成双[嘻嘻]	1
在饭店吃早餐，一会儿就回京了，听着旁边大爷兜里揣着的收音机里放的苏州评弹，有些不舍。。。太多要谢谢的朋友，一切都在音乐里了，千言万语＂粽＂是＂琴＂，这个端午过的很愉快[爱你]@中国古筝网 @摇滚唐朝 @悟因 @齐刚 @靳海音 @横鼓之wangjun @尹?-1f @宋亮亮爱音乐	1
一个核桃引发的困惑~飞机机舱、电梯里厢。。。这样的空间 密闭太久 会有密闭恐惧吗？[?]（K估计自己的极限是2~3小时） 你呢？ //@中原木瓜牛:一个核桃卡住了门，不怪OTIS[鼓掌]	1
落灰的微博发一张 30w肚肚婆[嘻嘻]	1
立顿红茶、私家睡眠法宝大揭秘，今天上线的活动你们都参与了吗，喜欢吗？在这里留言给微小蜜告诉我吧。[亲亲]	1
近来脖子酸痛，趁宵夜时间，偶遇一下@沈彤-亚运首席康复专家 ，[嘻嘻][嘻嘻]咔咔两声，舒服晒！ [赞][赞][赞]@龙脊康医疗门诊部 @广医一院康复科	1
@导演陈涛 [帅][鼓掌] //@张阿吨:[奥特曼] //@贾樟柯: “虹”在天边，需要能撑起一片天的男演员，谁是陈涛的“宋康昊”？	1
这个酒店，看着眼熟[哈哈][哈哈]	1
@PPTV刘嘉镭[嘻嘻]没错	1
[爱你]//@marcus512:#冬令营# 乘着艺术的翅膀遨游: 脱去平日学业的疲惫，是个给身心放个假的时候了，这个寒假你去哪儿？ 和同学朋友踏上绘画、表演和英文戏剧故事的艺术旅程，在艺术殿堂观览中徜徉在艺术的海洋，跟随彼得.潘一起飞向艺术的梦幻岛屿吗这个假期要给你的少年与青春留下一个难忘的记忆吗	1
[哈哈]//@乐尚九江:秀美九江，印象江南！	1
回复@沁沐然:[哈哈] 咋了！俺上次航班延误四小时，憋机舱里，没水没饭，美女空姐没完没了的让俺 @飞常准 ，终于，最后准了，准准的四个小时后，灰机，起灰了，俺激动的哇，热泪盈眶哇[哈哈] //@沁沐然:[哈哈][哈哈][哈哈]你@ 的人[偷笑][偷笑][偷笑] //@有福社长:恩，靖介的定义 @飞常准 [哈哈]	1
"""这就是人生，人生就是一次无法重复的选择＂！[赞][鼓掌]"	1
//@XHP海蓝宝: 旅行就是一场外遇。走到最后还是感念家乡，找漂泊后回家的感觉。 //@地球是个圆:为了感觉哪里也没有家里好而旅行[哈哈][哈哈] //@娱乐仙峰: [挤眼][挤眼][挤眼] //@和你的每一天:	1
刚刚玩过，擦炮[嘻嘻][嘻嘻] //@超级记忆宝典:你是80后90后吗？这个微 博里有很多我们80后90后的美好记忆哦~[赞]	1
今天好冷 还下雨 晚上出来多加件衣服 晚上见[亲亲]	1
回复@Amanda-如此甚好:[抱抱] //@Amanda-如此甚好:鸣谢 @奔小跑  因为你昨天一个微博我临时起意。鸣谢 @诺小娜nona  因为你我才完全无准备的放心出行哈哈！我就准备无计划两眼一抹黑的出发了，一切都随心，随意而动，一切都到了那里再决定了！相信不安排是最好的计划和安排！	1
从力学的角度分析，车要向前，铁块应该斜向上放[嘻嘻]	1
7班增至14班喽![鼓掌][耶]//@马来西亚航空MAS:2012年3月25日起，马航吉隆坡至北京航线增至每周14班。新增航班于零点20分抵京、凌晨1点30分起飞，方便接转全球航线网络。 新航班在3月25日至6月10日采用波音777-200型客机执飞；6月11日起更换为空客330-300新型客机，配备36个商务舱及245个经济舱座位。	1
那可怎么递给你呢//@阿怪-------: [嘻嘻]老郭说~就不~//@麻辣诱惑陈云华: 私信个地址呗//@阿怪-------: [嘻嘻]神州行！我看行哦?！[转发]//@麻辣诱惑陈云华: 那就再来个粉色的，让他俩也过个情人节[心]//@阿怪-------: 回复@麻辣诱惑陈云华:[抓狂]不拆~不拆~就不拆！找个位置供起来	1
[鼓掌] //@熊小二的麸醋铺子:回复@李志云-ken:我的比特币地址：18s8gN7jTHHzvdorgCNeN99izcW67vHrwZ 付到这个地址然后私信我你的收信地址就可以了。 //@李志云-ken:如何支付啊？ //@熊小二的麸醋铺子:各还剩4本啊，预购从速。P.S.这个好玩儿，＜欧元的悲剧＞出了我就这么卖。。。	1
吃完比较一下，陕西面食哪种最好吃。。。[哈哈][哈哈]	1
嫂子好厉害！[鼓掌]//@千猪-_-凸: [偷乐]	1
时光荏苒，欢迎您十年后再次光临！[可爱]	1
支持一下，转[哈哈]	1
连续几天听到别人说自己瘦了！心情自然是相当的好[抱抱] ~but 又觉得自己暑假在家狂补了2月 结果在法国呆了不到2周 就给消耗殆尽了！o(?□?)o 伤不起啊伤不起~讨厌法餐xilo 想念家乡的美食 想吃月饼[月饼]	1
//@咖啡砖家-彬: 味道巴适//@咖啡大湿:[haha][haha][haha][嘻嘻]//@咖啡半仙贾明:[给力]	1
谢谢你的小礼物[可爱]	1
第二个哥们腰杆断了吧？[哈哈]//@李峥嵘:[哈哈] //@冯尚东:好痛啊[汗] //@微博搞笑排行榜:不作死就不会死[哈哈]	1
小康的姿势好可爱呀~[熊猫][嘻嘻]	1
#发现之旅#【航拍地球 壮美景观超震撼】美国飞行员、摄影师卡梅隆?戴维森(Cameron Davidson) 有30余年的航空摄影经验。这组图从高空的视角展现了广阔无垠的大地，视野开阔，美景一览无遗，看完真是心里透亮，神清气爽有没有？！[嘻嘻]	1
今日川香美食节即将开启[围观]，中午就会推出部分特色菜品供食客品尝[抱抱]，还等什么，快来佛罗伦萨西餐厅品鉴吧[馋嘴]订餐热线：010-68132299转6371	1
感谢@好运福气豆 @墨小盒_ @梦里星云 @琰棱 @庄楚虹 @老鼠皇帝首席村妇 @干小鱼儿 提供境内外春节活动情报，快发私信来要奖品吧，先到先到先得哦！送奖活动还会继续一个月，欢迎提供春节活动情报，特别是海外目的地针对中国游客的活动哦~[嘻嘻]	1
马马[爱你]	1
嘻嘻，，谢谢大家捧场啦[嘻嘻]//@?_?--:[围观][围观][围观]好多银儿...//@何瑾Jean:祝贺祝贺[鼓掌][鼓掌][鼓掌] //@鸣乐汇先锋相声:#鸣乐汇先锋相声#高朋满座[鼓掌][鼓掌][威武][威武]	1
[哈哈] 太可?了!!! 另外警察的?音也好有磁性喔...[偷笑]	1
吃过，很不错 //@桂汉峰-慈善: 改天把敏姐喊到一起来细品[可爱]	1
#大话仙游#男一号，帅么？[哈哈]李梦，内地青年演员，外型酷似香港著名影帝梁朝伟。在《杜拉拉升职记》中饰演刘医生；在电影《我愿意》中饰演钱伟；由网络人气小说改编的电影《李可乐寻人记》中饰演庄明文，幽默风趣的表演风格令其人气高涨。	1
[鼓掌]//@双子座购物狂Foniz: 原来我真的有招牌表情~	1
真的旺?？ //@扎西泽仁__曼陀罗:回复@小P芳:那女同学要戴一串绿松石。[嘻嘻]夫旺、家旺、事事旺。 //@小P芳:绿松石好像也有叫旺夫石的，女生带很好[可爱]	1
#微博达人特权#只要你是微博达人，只要你关注@维洛纳主题酒店 并转发此微博，就可以享受@维洛纳主题酒店 在注册会员价基础上减免50元房费的优惠。即日起到12月31日止。到店需提供微博昵称。（PS：该活动不包括团购、小时房的客户，不可与其他优惠同时享用）[转发][太开心]	1
明天去凑热闹！希望我能顺利找到那个地界儿……我再纠结一下要不要穿秋裤………………[嘻嘻]	1
恩，2-1逆转。实在是太喜欢穆里尼奥了，综合能力绝不在乔布斯之下，再加上长得比乔帅多了。。。[鼓掌]	1
坐等欣赏ing[音乐]//@讴阳北方:[鼓掌]歌词动情，黄洋唱得动听，在美库听过好多遍了。期待上传！//@淮河之玉: 听过了么?今晚黎冬兄会把@黄洋 版钢伴小样发给各位鉴赏	1
//@Milee-米粒小铺:[嘻嘻][嘻嘻][威武]five plus 的衬衫到货啦！[嘻嘻][嘻嘻][嘻嘻][威武]	1
今天下午好像要到场的重量级人物很多……镇定镇定！我的责任是要化解王宁同学的焦虑，放心放心！[嘻嘻] //@悠长的:@曾子楠 ，记得一起来哦。[嘻嘻]	1
啊哈~！我也吃着了。糜子、黍子、红枣、红豆！地地道道的陕北美食。[馋嘴][嘻嘻] //@Johndush:给力啊！北京也很火爆啊！哈哈！听说还有打包300个的！哈哈	1
回复@我想说真话-:[哈哈][哈哈]大哥您评价一下拍的怎么样[害羞] //@我想说真话-:好大块	1
自学成才的路上总会有艰辛的，下次做的时候争取把面皮擀成方形，然后上锅时??????????把收口压在下面[嘻嘻]	1
?大??子，?哥拔?，?哥除?[爱你]	1
[哈哈] //@菁制美食：[馋嘴]	1
药点太多[哈哈]不看怎能治愈我的八卦心和想开心？[鼓掌]明晚莫错过！	1
再转~晚上肥家好好看~//@?安琪?地歌迷後援?: [太开心]快来看	1
过去的14年，得到更多的是肯定，收获更多的是赞扬，可我们也知道我们还不够努力[可爱]从2014年开始，我们会更加坚定，更加成熟，更加创新，会让妇产科医生们因为有我们而感到骄傲[给力]一起加油！	1
Nice drawing //@卜柯文:[爱你][爱你][爱你]	1
【家人帮家人】正在为购车纠结的同学们，来这条微博里留下你的购车条件（如：价格、三厢两厢或SUV、手挡或自动挡、追求动力、空间等），转发并评论，让大家一起帮你挑一款爱车吧。购车信息越详细，就有机会被家家点名推荐呦[哈哈]	1
失眠准妈第一时间祝@CNR程楠 生日快乐！星途一片光明！[哈哈]	1
我们又在一起啦?[爱你][兔子][亲亲]you know I love you![心] @HaHaWoooo @?小鬼 @涛涛小清新	1
[哈哈][哈哈][哈哈]//@central_perk: #2013最强贴# 笑到清醒，此图必火。	1
#拖肥#老老??呆在他的?所?的唯一原因，就是想?著不洗澡[哈哈]	1
今天下午去帮万兄站个场子[嘻嘻]	1
美女公主和青蛙王子是不变的传说，想要快乐想要美丽，＂蛙＂一下[鼓掌]//@林广杰-青蛙王子:今天来了好多美女[可爱]美女爱美蛙@天秀汇乐蛙蛙 @彭涌_爱美食 @杨代胜 //@陈玉霞博斐秀禾:下周去尝尝[馋嘴]	1
像！ //@俭小鱼:[耶][哈哈]	1
回复@六月天6666:[哈哈] //@六月天6666:角度很不错啊 //@歌手含笑:回复@李_伟晓:主要是咱弹跳力很强[偷笑]  //@李_伟晓:应该问：抓拍了几次啊[哈哈]   //@歌手含笑: 回复@文玩天下官方微博:绝对木有[偷笑]	1
各国人民都伤不起 //@萌宠集中营:笑喷了！！！真逗啊[太开心]	1
巧了！被赠驴肉火烧这事我上礼拜也赶上过[嘻嘻] 走在路上，走着走着，就遇到送驴火的@大鹏董成鹏 了！好吃的嘞！@私人专属COCO 同喜！	1
前线特别报道~~~~//@邓小兔: @榕树下 [哈哈][哈哈][哈哈]	1
谢谢您对梧桐的支持，我们真心的祝愿您工作顺利，生活幸福！！！[抱抱][鼓掌][亲亲]	1
我看的是首播哈哈@BTV快乐生活一点通 这个节目[给力]我也是忠实的观众[哈哈][哈哈]又是支持到底的特约嘉宾@七天_丹丹 @孙珊珊_Shannon @陈浩鑫Tc爱谁谁 @大白L君 @刘芳舒 @快乐生活一点通-杜杜 @王然223 @一点通-媛媛 [哈哈][哈哈][干杯][干杯]大家多保重感谢亲给我的帮助与厚爱?	1
//@任志强:不要因为落选而后悔。我也曾两次落选。 //@漆洪波:祝贺星言 //@文若骏驰: 回复@弄堂律师: 赶紧向你们校友会领导去报到分担点活儿[嘻嘻] //@弄堂律师:居然是我校友 //@文若骏驰:[good][鼓掌]  不仅是80后的楷模，也是70后学习榜样 //@中国企业家杂志:→ _→	1
我的心也早已飞到了台上，等候你的到来。 //@伊灵07:今儿收到票了，开心。还有很精美的台历[good]，和女儿一起在台历上圈好日子，写上戏名了[太开心]//3个桂枝同台演绎传承经典。荣幸请到张洵澎大师、南京省昆徐思佳、本中心张冉分别出演哭监、写状、三拉团圆。还有上昆青年艺术家袁国良贤弟出演李奇。	1
二叔说了我只是微胖[挖鼻屎]采草莓去啦[鼓掌]今天天真好[太开心]	1
要想活的长变成小乌龟[嘻嘻]	1
【#超级笑星#精彩剧照】《超级笑星》第五期还有不到两个小时就要开~始~啦~！[哈哈] 小伙伴们都准备好了没[得意地笑] ~记得今晚一定要锁定@安徽卫视 ，忘记一天的劳累，和家人一起分享《超级笑星》，笑到嗨不停哦[抱抱] ~	1
回复 @??姝晴Laura:新闻已多次提到我们，我们也要向广大观众朋友们报平安呀[嘻嘻] //@??姝晴Laura:你干嘛艾特小宣。。。。雷到我了	1
山东琴书，好多年没在舞台上见到了。[鼓掌]//@青岛曲艺社-唯嘉: [赞] //@闽清阁茶文化会所:赵倩老师的山东琴书《偷年糕》～～唱腔华丽丽~~	1
美好的出行体验建立在彼此的信任上哟~[可爱]都靠谱儿才是真靠谱儿~[爱你]	1
Shana 来了[好激动]一起去看看吧[太开心] @裸足女神nina @洛岑安_Iris @洛城_涅磐重生 @洛林高地 @洛洛_Restart @洛洛洛_正当桃李年华_ @洛洛洛洛川宁 @洛萁 @洛神虹茶 @洛水萧然 @洛小陌momo_m-m @洛蕴琪Wendy @骆欢不是马各又欠 @骆文菁_愤怒的霸王小太郎 @骆新雨Ulrikke @骆迎华_还有好多事没做完	1
旅行中少不了的环节就是购物,哪里买东西性价比高,怎样退税最方便快捷,下午5:00来和大家分享退税的乐趣~[心]//@城市服务管理广播: [鼓掌]//@DJ曙光: 关注@城市服务管理广播 @问城网 @手边巴黎urruolan	1
这位同学请问您一夜未眠？还是相机未眠？[偷笑]哪天来给大家讲讲怎么拍的，好嘛好嘛？[嘻嘻]	1
谢谢海总！情谊如酒！[太开心] //@海拉特-苹果之父:[蛋糕][心]	1
回复@纯手工刺绣:在等车啊。大雾。 //@纯手工刺绣:领导不早了，快上班吧 ，要不年关了没的钱过年了[哈哈]	1
求速去[鼓掌]	1
回复@dreamer514:耍沙沙噻[嘻嘻] //@dreamer514:英雄们这是去干嘛的也？	1
[偷笑]  //@?小?er:嗯嗯嗯。。。我高数最悲剧啦！！！//@Pockeyz:太对了!! // @桑小p :[哈哈] [哈哈]	1
宝宝六一还可以多个蛋糕~~[鼓掌]//@彭石梦: 恭喜！！！@DJ程小轩	1
落水了吗？ //@莫慧兰:今天晚上看我会不会落水[哈哈]看看大家落水的情况吧[嘻嘻]	1
欢迎@Kisag瓦氏炉李春明  光临北京！[鼓掌]	1
更多的时候，下级不会和上级有分歧，在中国…[嘻嘻]	1
//@殳俏:这星球上有太多神奇的食物，比如索面[爱你]	1
淡定从容的周一![哈哈][哈哈][哈哈][哈哈][哈哈]	1
祝大羊羊小童鞋生日快乐、天天向上[爱你][亲亲]@Cicisuzy	1
【九个关于著名电影的有趣冷事实】猫女拍戏讲话太大声被导演叫停？詹姆士邦德戴假发？特技音效是用贾斯汀比伯的歌合成的。。。。[哈哈]（转）	1
@老徐家二小姐 @曹云金 @小兔子nownow 我终于看见活的小金子儿了！帅啊！今儿太卖力气了！上了舞台就是疯子啦！真开心[爱你][爱你]@金台夕照会馆 @北京听云轩	1
给我一个吧！[哈哈] @我是哈儿531 @我叫口十嘉嘉 @我爱狩猎俱乐部 @辽宁我是征途 @伟业我爱我家李季 @我爱打折	1
//@微博搞笑排行榜: 每天学点英语单词！[太开心]	1
[哈哈][哈哈][哈哈]这位先森太可爱了！	1
是滴，美女。欢迎哦！[可爱]	1
回复@瞿颖:[嘻嘻]哪能一样一样滴嘛，制作了一下撒~~[偷笑] //@瞿颖:冯敏你跟十几年前一样一样的！	1
//@反正我是hold住了：[爱你] 妈妈最伟大	1
特别喜欢原木风格。@扎西拉姆多多 你喜欢这个风格吗？//@jimmyzhuang: [爱你][爱你]//@vintage罐头:完全看不见太阳怎么破[泪]	1
[玫瑰]今天七夕呢？何不为她“赢”一个美好的假日呢？快来参加吧！也许RP大爆发的就是你呢～[嘻嘻]	1
膜拜ing //@baidu-狐://@凯郦Kelly:哈哈~~ 巨像越狱兔里的人妖鸡~~//@刁?:脸变型了 //@小?-tasu-舒:好像贾虫。（@?琳J）[哈哈][哈哈] //@L_粉肠: 哈哈哈哈//@君YEAH:无盐以对…// @Evan20 :难以形容	1
感人的力量，报纸已阅//@尚陆JeanLoh: 昨天 上海 新闻晨报登了我们在广东美术馆讲座的故事和马克和芭蕾舞演员的故事，很动人。我会寄报纸给你的。[爱你]//@肖全photo: 我在昆明，看见你们评论我的照片觉得很好玩。争取以后再拍到让大家喜欢的好照片。好照片是个奇迹，真的很难！ //@凛凛酱_Celine:	1
@小烽 @塞纳河边的野百合 [lxhx喵喵]//@丶Bao_要赚赚赚钱: //@Kiro阿晓: 嘿嘿[亲亲]我也是姐姐！ //@我的米花我的心:@Kiro阿晓 //@Kiro阿晓: @?小九x俞欣伶 [心]	1
回复@田小打你是天使麽:额。。。看来有持反对意见的粉丝死活不从[嘻嘻] //@田小打你是天使麽:不同意[哼][怒][抓狂][可怜]难道你们要抛弃小粉了？？？？[衰][怒][怒] //@首都机场朗豪酒店:粉丝们，以后用这部小粉去机场接大家如何？[偷笑]	1
[哈哈] //@北京青年周刊:#北京播报# 北京有大雾，上班别迷路。[生病]	1
说滴对[鼓掌]//@黄茜:有时，姐会流泪，并不代表真的难过，姐会微笑，并不代表一切都好。姐不能让所有人都满意，因为不是所有人都是人！ 就算再想哭，姐也会微笑着说一句：GKX！ 我知道，和对自己有恶意的人绝交；人有绝交，才有至交！	1
#不靠谱的演员都爱说如果##张译#【珠海站签售】张译来了！[太开心][ppb鼓掌][爱你]	1
海报不错！[哈哈]//@斯琴格日乐歌迷会:再显美腻女主播~[呵呵]	1
还有我的生日派对！[鼓掌][蛋糕][音乐][心]	1
[爱你]//@徐慧-x:可爱	1
我们拥有最具备活力的团队，各种给力[偷笑] 金台知名女秘书@咪斗斗 、金台一支发@cherrytang1998 & 以丧表情著称的@COO茹PER 。来金台夕照会馆，你将体验到中华传统建筑风格与青春活力服务的完美结合[鼓掌] 加油, My crazy team[偷笑]	1
开心！辛苦啦！[爱你][玫瑰] //@王蓓大小姐:十一去大理，【栖岸】就是我们呆着看海发呆的地方~~@另一支火柴 @那一瞬间的顿悟 @张琼瑛gogo @好人文姬 @寻寻觅觅的猫猫 @云莎s @桃兮兮 @漂亮兜宝 @周旋踢V @velant @仲梅的小屋 漂亮妈妈们，帮扩散帮转哦~~	1
矮油，我第一个被艾特，只能说，给你一个大大的么么哒[爱你]记得，请把银子准备好！	1
[爱你][熊猫]:埃菲尔，总有一天我会来到你面前，带着我的美梦，还有我的爱人。	1
[爱你] //@林芝-德吉:我也努力哈！[偷笑]//@mark-ziyi://@央吉玛:[心]我努力！阿妈我爱你[爱你] //@小京咖殿:@央吉玛 @林芝-德吉	1
//@Taki周小捷: 这句话怎一个“狠”字了得[哈哈]	1
感谢支持、[爱你]//@如日中天的春天:好样的，多出新品，做大众的市场，你们一定会做的更好！	1
#你没有体验过的海德堡#，哈哈，多少人是上过当的？举个手！[哈哈]	1
你快回来，我一人做不出来![泪] //@白玛云丹:你终于发这条了[亲亲]谢谢你，亲	1
这就是传说中的落水狗。[哈哈]	1
是不是等不及啦呢？今晚十点，锁定百变大咖秀，带给你一个不一样的夜晚！[哈哈][哈哈][哈哈][哈哈][给力][给力]	1
#新航假期悠游南澳#袋鼠岛和小动物亲密接触的一天，摸了考拉，喂了袋鼠，看了海狮，吃了龙虾[哈哈]	1
单反毁一生 这奢侈leica不得毁三代呀！[嘻嘻]//@老隋: 靠。摸都没有摸过。 //@蔡司耶拿:转发微博	1
[可爱]多谢您的肯定！[江南style]//@权歌0911: 很棒的青年餐厅，非常适合去，再过5年，或许可以发起：“13年我们和小编一起吃过的青年餐厅”活动。@东北的北漂小宇 @诸悟空 @过儿-字-改之	1
应广大群众的要求，看我家波妞看到羊腿的小馋样[嘻嘻]	1
这周末太阳公公也闹情绪了，要休假，于是买了零食宅家里自娱自乐，欢度周末[鼓掌]	1
[哈哈][哈哈] 神评论/@刘旭小同学:[哈哈] //@一介贱人:姚笛呗 //@马伊?:Oh My God你在香港，我在北京，谁是摄影师？	1
亲爱的，图呐?有图有真相[嘻嘻] //@南粤京皇:回复@茶玫:[嘻嘻][嘻嘻]穿上好看啊//@茶玫:回复@南粤京皇:你你你~我会继续穿的！	1
换个角度说说说呗：和老公吵架赢的，老公工作繁忙了；对老公冷淡的，老公上夜班了；不给老公零花钱的，老公有小金库了；不让老公开心的，老公潇洒的很……[哈哈]	1
独在异乡为异客，今年中秋小奔波。不能出门去旅行！每逢佳节倍思亲，谁来陪我闹中秋？报名方法很简单，短信私信打电话，遇到占线请理解，爱我你就找找我！爱我你就抱抱我，爱我你就亲亲我！遇到撞约就合伙，一起玩乐更有味！更有味！[太开心]	1
[鼓掌]//@小海学摄影:中国摄影师杂志社 上海记者。	1
蝙蝠侠散场，真心好看！[哈哈]我在这里：#卢米埃影城# http://t.cn/zOtL1lR	1
不会吧，这么巧？这么有缘？这么浪漫？祝福祝福，加油加油[亲亲]	1
myG你也开店啦[鼓掌]好棒！	1
一上来就看见这么激动人心的消息，OMG，还让不让人睡觉~~~哈哈哈，我太开心了，已经语无伦次[太开心]  //@涵谷语:这么给力的时间啊，开年啊~~谢谢谢谢！	1
双生花，并蒂莲，为君采撷，手留余香[可爱]//@作家解数: 一白一黑，白的读不懂，黑的有红的人生。//@作家宋朝: 两本书的照片拍得很整齐，漂亮，只是别说“拜读”，客气话说说让宋朝虚荣下，写在这儿就叫宋朝汗颜了呀。[酷]	1
本店预定电话这里公布一下： 68458862联系即可。[嘻嘻]	1
真正的原生态!!!所以呢,人不要试图去改变自然,而需要去适应自然!!![哈哈]	1
//@晓玲LI:Mark // @不怕开水烫的猪 :老板您就给我个回报国家的机会吧[哈哈]	1
饿了没？一会儿午餐要是有人给你做了这么可爱的三明治，你会舍得吃吗？Too-cute-to-eat-sandwiches, 太太太可爱了吧~~~[馋嘴][可爱][馋嘴]	1
感觉这期第二节的造型很帅！PS，Rachael貌似晒黑了~~[嘻嘻]@Leo__谢帆 @小锅巴锅小巴锅巴小 @Nick-小权 @法依天使 @Wen雯Wen雯 @芒果渣渣 @舒适堡jetty @密斯托_hayashi	1
你应该把皮也吃喽。[哈哈]	1
#开讲啦#【新年季 周润发大回顾】[得意地笑]铛铛铛……发哥这期节目真的是星光熠熠啊！！！小开看到了好多好多小星星！[鼓掌]周杰伦、@黄晓明 、@赵薇 、@刘亦菲 ……都给发哥发来了祝福哦~高清剪辑版新鲜出炉，迅速看起来！！！[good]@周杰?星闻汇 @黄晓明全球影友会 @赵薇微吧 http://t.cn/8FvUFsU	1
哇！[爱你]	1
回复 @毅boss:眼睛不好使，都是看天下霸唱哥的小说看得....[晕] //@毅boss:很好了 已经看成动物类了 恭喜你[握手] 继续 这就好比 画静物一个砂锅上画出10几种颜色同律 //@一棵宝树:回复 @毅boss:我已经用我看三维的视觉了，看到两只羊角[哈哈]  //@毅boss:回复 @一棵宝树:抽象角度再看看[握手]	1
是店小二徐[哈哈]	1
#首登三沙#  长城威武，哦呦，还这么大的图片，太过分了[哈哈]	1
[bm可爱]//@迷离花劫: [嘻嘻][嘻嘻][嘻嘻] //@Avril的多来B梦:[哈哈][哈哈][哈哈] //@michelleliwei的秘密:[哈哈][哈哈][哈哈][哈哈]	1
你可来了，想死我了！[嘻嘻]	1
沙巴马布岛的西巴丹水上屋[哈哈]@全曼午 你上次来有住不？	1
恭喜！小编和小编的小伙伴都很满意~亲啥时候来取礼品提前联系小编哟！//@罗宾s凯: 偷偷告诉你们[嘘][嘘]，这么便宜的五星级酒店北京少有！[抱抱][抱抱] //@罗宾s凯: 当然是真的啦，而且我还能说地理位置超级好吗？ //@首都大酒店官方微博: 还真是哎！小编考虑下说实话是不是应该有多重好礼呢？[阴险]	1
姐妹品牌 @MSSugar蜜斯蜜糖 送电影票啦~~ 蜜友们，走起~ 快去抢喽~ [嘻嘻][嘻嘻]	1
他的孩子能再给我一只吗…@爱在蔓延ai亦泷 大姐可喜欢暹罗了… //@爱在蔓延ai亦泷: @爱在蔓延安德森卡卡 @爱在蔓延的芝芝 @爱在蔓延马梁 @爱在蔓延那只叫高兴的猫 看看好奇妙的宝宝英俊吧[爱你][心]	1
[阳光]梦想经常会变成挑战，而我们正是因为挑战而活。Hi，粉粉们，这一周，你的挑战是什么？[嘻嘻]	1
显摆下昨天收到的生日礼物[酷][偷笑][太开心]	1
爱吃之人[good] //@张新民:厉害！[哈哈][哈哈] //@芯茹芷谁:祝贺祝贺[鼓掌][鼓掌][good][good]这个必须转@大夫?一? @张新民 @心泉之家	1
[哈哈]@SA-哭泣的弹痕 @青?? @earl老拽 @从来不减肥	1
入冬，冷了懒了，连围脖也懒得织，不过看到羊带回来的这些，觉得还是很开心，够俺咪西到过年了[哈哈]	1
哎哟[亲亲] 看我多认真啊 姿势还行哈[哈哈] //@Oh-My奥利奥:我也想，趴上去。	1
谢谢上得厅堂、下得厨房、卡得了ok、打得了高球的超级大美女睿睿！你的另一项大本领我就不在这公布啦[偷笑] //@JessicaR-:祝亲爱的大美女@王一涵 生日快乐！永远美丽，永远幸福。[爱你][爱你][蛋糕][干杯][礼物][亲亲]	1
支持K哥！//@三样菜帮主:[可爱] //@K哥爱美食:你们那里服务员不让我拍照啊。。。//@三样菜: 这可不是普通的川菜，这是江湖三样菜！宽敞明亮的大厅，又恰逢店庆喜日，热闹场面怎能少你一个，大家都来吧！	1
下午东方宾馆见！ [哈哈]//@乐游广东:#带着微博去厦门#9月11号和13号广州、深圳推介会上小伙伴们可提前体验厦门博饼民俗哦！转评本博，分享这个消息，还有机会抽取IPAD mini 一台！[嘻嘻]我们来了！	1
[鼓掌][鼓掌][鼓掌][亲亲][亲亲][亲亲]	1
曾经的领导们，就能证明这样的神迹，梦想常常能实现。[爱你] //@龙妈007:[怒]  //@于其多:疯了，搞不好了！我们一起哭丧吧[泪]  //@港台二哥: 酒店服务员当局长，25岁司机当副局长，[威武]	1
新的一年，新的梦游，下一站：雪国哈尔滨等我[太开心]	1
活动已进行一周，感谢各位的大力支持[心]。//@天津喜来登大酒店: 动动手指，点燃温暖与希望[哈哈]	1
这个真没有。 //@新浪娱乐:哈文导演放话啦！2013年春晚S.H.E.可以有！http://t.cn/zjMusQc //@法图麦的妈妈: 回复@平平安安小一号:这个可以有！ //@平平安安小一号:有没有SHE，哈导演，我看到新闻有 //@法图麦的妈妈:正规消息！[哈哈]	1
[鼓掌]鼓掌~	1
回复@泡鱼儿:那谁谁谁看过来[哈哈][酷]@雨桐吾爱 //@泡鱼儿:今晚可不怕掉地上了~[哈哈]	1
猫科[嘻嘻] //@御祁肖:我还有机会！虎乃猫科动物，萌啊萌死了[哈哈]教官来，有逗猫草！@司以萧墨白 @狮子座的尾巴末 @嗷呜555	1
自烤火鸡 第一步用盐水浸泡12小时 第二步刷黄油 千万不要用合成的 第三步撇开两腿放两块柠檬 第四步预热450度 恒温375度开烤 第五步每四十分钟左右出炉刷原汁 第六步搞出来准备开吃 注意?一磅烤13分钟 手艺还成吧[哈哈][哈哈][哈哈]	1
回复@大狮子simon:不怕死最终也不能总做人啊[哈哈] //@大狮子simon:该来就来吧,怕死还不做鬼了~~~ //@广播人沈雷:坏了，又来事儿了，法国、阿联酋回来的得注意了 //@无想月光:难道又要隔离了！？	1
真的假的？[疑问]//@哆啦美_go: [哈哈]//@吴小洁BTV: [吃惊]这表情是小胖P出来的吧。。。[哈哈] //@全球奇闻趣事:经典！	1
一会开始，黄金周出游和美食攻略，很实用滴！ //@卞洛磊:貌似还有人是第一次上镜[鼓掌][鼓掌][鼓掌][鼓掌]@裴虹猪鼓励	1
当初看第一部的时候 很想拥有那样的爱情 //@精彩电影: 《暮光之城4》就快要上映了，喜欢《暮光之城》的你一定要听听电影主题曲！[抱抱]	1
挺好，人越来越多了，不错不错！[鼓掌][鼓掌][鼓掌] 我在:http://t.cn/zQLuNDn	1
丰富午餐@权金城韩国烧烤 值得拥有[爱你]@权金城-叶瑞慈 [bm可爱]	1
#?记乳鸽专门店#小小一只乳鸽有多种烹调方法，今天先试试其中三样。红烧乳鸽 :甘香、入味，出品上乘。沙姜乳鸽:比起红烧，少了甘香，但多了沙姜的香味，而且皮爽肉滑。电饭煲油盐乳鸽饭:米饭很够味，居然有一点点糯米饭的口感，唯一的败笔是饭里的乳鸽没味道。看来以后不用专门去中山吃乳鸽了[嘻嘻]！	1
好用//@俄勒冈七姐: 侬这是在对我表白么。。。。[哈哈]//@纽约边缘人Sherry: @俄勒冈七姐 还记得大明湖畔的护甲油不？你以前写过， 我就看你介绍很专业，使用心得和我感觉的一模一样， 从此开始死心塌地follow你， [哈哈][哈哈][哈哈][哈哈][哈哈]	1
[嘻嘻] //@桃符: [顶]定向爆破？！微博上每一次争论都能让人大开眼界，真是个普及常识，提高智商的好去处。 //@毛寿龙: 国际上普遍认为，这可能是高技术的恐怖袭击。是吗？	1
回复@能猫老徐:这个是红外片//@能猫老徐:这色调很有感觉[鼓掌]	1
欢乐谷X战车，为什么木有摩天轮呢！织织妞装个拍客吧[嘻嘻] @柠檬月织织 @哎呀一个大苹果  http://t.cn/zY0nhmw（分享自@拍客）下载猛戳：http://t.cn/zjlOZCW	1
像庙会摆摊[嘻嘻][嘻嘻]	1
期待曾侯甲和曾侯丁[抱抱]//@中国文物报: 大量精美青铜器自不必说，失蜡法证据更是引人注目，值得一提的是“曾侯丙”铭文可是最新的发现哦	1
回复@田畔之家:明天邢老师帮忙看摊……… //@田畔之家:你们两家合在一起，如何？@慢庄园 //@田畔之家:回复@慢庄园:周六自愿帮您出摊半天，并义务介绍您的专业工具。请@余地农庄 证明[哈哈]  //@慢庄园:。。。您老老挤兑我。这是职业选手用滴。  //@田畔之家:这是不会种菜的菜农用的[哈哈]	1
[嘻嘻][嘻嘻]吼吼，面对美食，咱们甘愿做个幸福滴吃货哦！[太开心]//@喂蓉嬷嬷: 口水撒了一桌子好吗好的[泪流满面]	1
[围观]美女们快来看看...Shana来了..真滴来了[可爱]@Smile_莉娜是?靠?姑娘 @Smile_凌茜 @smile_潇晴 @Smilee617是三脚猫 @smilefin如如 @smile-jojo @SmileQ_婧 @Skyjing_封嘴__ @sky成後面有五?琳 @sKy概 @sky云超 @sky最爱胡思乱想	1
这次来北京给你带一盒@在路上-手机旅行应用 行李牌，领导聘任你做在路上驻北京亲善大使吧[兔子]//@粉色路璐:哎呦。。海盗都给你们做广告啦。。[哈哈][哈哈][哈哈] @Blueonline   N多人找我要行李牌。。肿么办。[酷][酷][酷]	1
您的心意小编收到了 嘿嘿 谢谢晒奖品哦 这份心意小编永远不会觉得晚的[呵呵] 祝六一节愉快哦。[给力][太开心][太开心]	1
[哈哈]你爹的！	1
[思考][嘻嘻]	1
经过寿星小淘气和小朋友的折腾，家里乱得跟花果山似的[汗][泪]。收拾收拾，就这么地吧。强迫症是做不了父母的[嘻嘻][嘻嘻]。画张小画休息一下[馋嘴]	1
洋洋说北京开空调了![哈哈]着实好凉快!	1
回复@赏美会: 【师宗英武山】 [握手]~  是个旅游景点，肯定有住宿，呵呵。还可以野外露营[嘻嘻]  图片上的是春季图片。现在夏季，有各种野生动物、野果、天然蘑菇。	1
//@?明生：回复@nintendo3ds:??里?大叔都?了....[偷笑] [酷] [哈哈] //@nintendo3ds:了不起！ //@?明生:千金难买少年穷。相信自己, 只要有梦想, 一定可以实现! 共勉之![威武]	1
屎侠还是非常到位的//@差不多的闹腾小姐: 我还是比较怀念屎侠，可惜被封杀了//@梁贺0219:给跪了。。//@茉茉小猫: [哈哈]确实	1
真不错[鼓掌] //@笑吾嗔痴: 喜欢李欣蔓这妹子~当然，最喜欢的是你啦！//@何盈heying: 浙江站三姐妹！加油！我也发现@happy元 老不愿给正脸[偷笑]	1
回复@气质泡:目前2月14日还有少量余位，2月14日出发，2月18日回来，精选行程每天含3餐，送丛林环岛2个项目，凯越园景标房含税价：11930元一位，此价一出，让携程，途牛，春秋的春节价格情何以堪啊[哈哈]	1
淮扬菜~我爱，我爱！吃到了小时候常吃的蛋饺[哈哈] 我爱美食，爱旅行，爱淮扬菜，我还没有成为厨师，我是暖暖，我的家乡在扬州！哈哈 @侯新庆@扬州狮子楼帮主@扬州美食网@海外美食作家冰清@美食评论家@淘宝美食@美食环游@海外美食家	1
是//@姚贝娜: 拍得真好 又把我拍美丽了[害羞]所以 一个艺人靓丽的形象和呈现出的美丽影像最应该感谢的是幕后的团队 他们是一群想像力富有的艺术家[酷]当然 加上不辞辛苦地拍摄那就一定会有收获！是吧[可爱]	1
#台湾自由行#全台7大神奇温泉――5.碳酸含量最高的温泉--麒麟峰温泉，921地震后因为地下冒出丰沛的温泉泉源而开发的温泉，经过人工钻探产生，泉井深大2200公尺，且由于温泉PH值达7.48，碳酸含量非常高！想要咕溜美人肌必泡哦~[嘻嘻]	1
#音乐第一咖# 能吃上让自己心满意足的早餐，心里面是多么的美啊。终于买到了，多日未见的蛋糕。哇哈哈~下了节目，准备好好享用。音乐第一咖 正在直播。[哈哈]	1
菲菲赢了...[哈哈][哈哈][哈哈]	1
机不可失！[哈哈][哈哈]	1
//@鸿珊堂古玉会所: 状观//@骨董行:[鼓掌]//@粤雅山房: [威武][威武]	1
哥，你好靠谱啊！[鼓掌]	1
你爹知道你骂街，又该说你了！[哈哈][哈哈] //@为嘛那么多人叫叮当:回复@邵彬Amy:太TM疼了 //@邵彬Amy:妹妹给你揉揉。别哭啊	1
2012宁夏沙湖首届国际观鸟节最新宣传片新鲜出炉！！！[太开心]   http://t.cn/zOajQMo (来 @土豆网 关注我 http://t.cn/zOajQMO )	1
//@东家明明---璀璨人生: [鼓掌][鼓掌][鼓掌]#璀璨人生# #何润东#	1
[嘻嘻]美女们节日快乐啊[嘻嘻] 我在这里:http://t.cn/z828NAy	1
我小时候可爱吗?[嘻嘻]	1
松软的蔓越莓松饼蛋糕奶香浓郁，另配纯正的德式杂肠沙拉和缀有香酥花生碎的新鲜面包～～聪明又够power的早餐～你必不可少的哈～[可爱]#佛罗伦萨西餐厅##长峰体验#	1
漂亮[鼓掌]如今的价格忒高[偷笑]	1
喜报啦：恭喜二哥在今天上午十点喜得千金，体重六斤多，嘿嘿，现在开始征名啊，有啥好名字私信给我啊，多谢多谢[围观][围观][哈哈]欢迎转发哦[话筒][威武][玫瑰]	1
怎么觉得这家人要倒霉。。。//@唐僧v5: 文物文物，这下发了[哈哈]	1
@北关村头 打的是咱哪个姐妹啊//@北关村头:[哈哈]每位4个粉丝的一大波水军还真讲究洗地技术啊。。。[鄙视]//@北京晚报: 欢迎围观哈哈 //@一叶舟渡: 大家现场观摩【水淹北晚】[哈哈]	1
[ok][爱你]] //@秋刀鱼之味AT北锣:想来时微一个，，备最新鲜的料。。// @朱润润 : 好期待啊[花心]一定去捧场[馋嘴]	1
[鼓掌][鼓掌][鼓掌] //@千里草13:[偷笑][温暖帽子] //@中国饭店协会金勇:这一刻,他是瞩目//@千里草13:[偷笑] //@张三零: @千里草13 董兄帅呆了！	1
我在这里![爱你]	1
为下午的考察做功课。今次考察不同以往啊！[嘻嘻]	1
在欢笑中【愿爱无忧】婚礼大趴完美谢幕，来张照片表扬一下现场的各位优秀摄影师[哈哈]@我爱厨房韩伟 你来负责圈人吧[嘻嘻]	1
[鼓掌][鼓掌][鼓掌][心][心][心] //@申晨:小熊猫，欢迎来到人间。你要记得妈妈@薛木子 为你受了很多的痛楚，你要相信这世界是美好的，你要试着去思考这一生的意义，你要保持快乐，你要跟随者自己的心。欢迎你来，我们爱你。	1
三石还没有吃到哦。[爱你]	1
回国倒数15天，无限激动期待中！[太开心]	1
[哈哈][哈哈][哈哈]这谐音不错 //@食家饭:您开个牛肉面馆就叫“五霸面”吧，谐音台语“牛肉面”。	1
#休闲一刻#传说中的活章鱼火锅，简直无法直视。快下班了，今日雾霾严重，各位亲谨慎慢行，一路小心，晚上吃啥好吃的，记得@燕赵美食 哟~[可爱]	1
这是几辈子修来的福气呀[花心] //@VV良家族微子皇紫依:目测妹子你要火啊[嘻嘻]	1
呵呵！你能过来我就感到特别开心啦！平时要照顾好自己哦！[可爱][可爱]马上就要放假了！就可以好好休息休息啦！[可爱][可爱]	1
今天不晓得算不算好运，由于要等领导走后才能走点掐的很紧！到火车站还要取票排队进站，到中门检票口离开车时间只有3.4分钟了，检票mm说K814不在中门进，心情那个沮丧啊，不会停检在屏幕上消失了吧，要改签无座的k66?准备上2层检票口看看，结果大屏幕显示原1442开的K814晚点到1615开不用误车[鼓掌]	1
哎呀！把我拍的太美了。[哈哈][哈哈][哈哈][馋嘴][馋嘴][馋嘴]	1
大师算的真准！这么闷的天儿，鱼也不咬勾啊[哈哈][哈哈]	1
关注微博赠指定门店甜品，活动到月底有效，各位亲抓紧享受哈[嘻嘻]	1
//@神笔记:[哈哈][哈哈]	1
谢谢您对小眉的好评[爱你]欢欢喜喜中国年，祝您在海外平安幸福，马年吉祥[干杯][发红包][礼物]	1
快过年了。[哈哈][做鬼脸][太阳][发红包][发红包][发红包]	1
//@河北电视台主持人滟俐: [哈哈][哈哈][哈哈]那天很冷，今天的天气看起来好奇怪。[汗][汗][汗]	1
生日快乐[亲亲]	1
姐姐说要气气某人。[哈哈]	1
哇！跨界大合作喽。。。太期待喇[鼓掌]	1
这也能找到啊[闪闪紫]//@杨兆昆: 哥我上过你们河北台的节目http://t.cn/S60BLV @杨宝昆: 回复 @周思超:[哈哈]回头要喝认亲酒!@杨兆昆 //@周思超:在茫茫微博中兄弟相认，甚是感人！[泪] //@杨宝昆:[哈哈]兄弟啊! //@杨兆昆:宝我是兆	1
谢谢可爱的姗姗[嘻嘻]	1
擦得真干净呀[哈哈][哈哈]	1
[泪]我挚爱的两个歌后！太珍贵了！[爱你][爱你][爱你]	1
我不是森女，但是我喜欢漂亮书签[嘻嘻]	1
回复@我叫做很快乐:20号和23号。转发越多，中奖几率越大哦！[爱你] //@我叫做很快乐:还什么时候抽啊…… //@维洛纳主题酒店:恭喜恭喜没中奖的童鞋，还有两次机会哦！	1
小美，很高兴见到你！[酷] //@素颜大灯:[鼓掌][鼓掌][鼓掌]	1
这就是传说中的哥们[赞] //@郭志凯:歌好！人好！[偷笑] //@宅女高珊:火了，郭大腕都关注了[哈哈] //@郭志凯:这个要关注！ //@宅女高珊:那就呱唧呱唧吧[鼓掌][鼓掌] //@歌手含笑:[赞] //@剪辑茂子:关键是导演的功力可见一斑//@白?RONIN:[鼓掌][鼓掌][鼓掌] //@剪辑茂子: 好听！ //@统筹迪姐:超好听！	1
?? //@上海六合顺风餐饮有限公司:[哈哈]去顺风港湾能吃到 泰兴路175号 62110767	1
//@幸福媳妇成长记: #幸福媳妇成长记#31号结局哦[爱你]//@化身为尘: 回复@沫丶小婷:不知道呀，感觉明天会结局了//@沫丶小婷:一共多少集啊，一开始不是38集么	1
原来朗廷酒店的美食还能让人忘却病痛[嘻嘻] @香港朗廷酒店	1
[嘻嘻] 这么好的方法，当初俺咋没有想到呢，估算一下，这样吸水速度和吸水效果要提高数倍，大大提高画画的效率，在考试时尤为实用，推荐给各位有志于美术工作的同行。	1
原来西瓜是这么吃滴。。[嘻嘻]//@钢身: 很很很很佩服你们这群妖孽//@乔小旭qx:明天中午我还吃西瓜，要不要 一起呀，一班我吃掉，一半你给我刻个“甜”	1
[嘻嘻][嘻嘻][嘻嘻]亲，介个欧舒丹套系偶们酒店有得卖哦//@Clare_蓝精灵: @睡莲妮娜 你肯定喜欢，洗发水护发素沐浴露都是欧舒丹马鞭草味噢！	1
这位桐粉儿，诗意了得啊，描述得甜品仿佛已经在口中品尝了[馋嘴][馋嘴][嘻嘻]	1
thanks [爱你] @悠悠陌上桑	1
直播马上开始，谢谢所有问候我的朋友们，大家的心意我都看到了，非常非常感谢！所以，我要用百倍的精神和各位把吃喝玩乐进行到底。@盛博 我们一起出发吧，今天要搜索新东城的美食场所。欢迎大家踊跃提供美食线索！！！[太开心]	1
西站――军博――复兴门――官园――西直门――北邮――北师，走起[嘻嘻]继续和我体内的脂肪兄道别[微风]。	1
天使艾美丽[爱你][爱你][爱你]	1
[哈哈]很期待呢	1
回复@杨迪的甜筒乐园:吃哪[哈哈][哈哈]补哪 //@杨迪的甜筒乐园:吃过……… //@彭涌_爱美食:生牛舌的特点脆，?，细腻比牛肉?，有弹性，值得享受@陈玉霞博斐秀禾 @王旭de美食影像 @陆地食色 @边疆边吃边说  //@权金城-美食达人:[赞]  //@黄协秘书长胖子张悦:[good][good][good][good][good]	1
极是[嘻嘻]//@郭春晖律师:套用一句古诗，就是”山重水复疑无路，柳岸花明又一村“[嘻嘻]	1
[鼓掌]感谢童鞋们的热情参与，我们会继续努力为大家带来高端又极具性价比的特惠信息！恭喜以下童鞋@HH-XB @ttert @邹琼joy_zou 获得Travelzoo旅游族送出的50元优惠券！[得意地笑]请获奖者于本周五内将您的真实姓名、手机、邮箱私信我们(逾期视为自动放弃)	1
[哈哈]个性化需求 //@欧亚散人:以后中小酒店，不是主题，没法混！//@天使投资唐: 好像昨天是七夕情人节，我是一个人过的，你们Happy了吧？[嘻嘻]昨晚在广州录播一个电视节目，早知道去这些酒店住下来。[偷笑] 广/深 技术产品沙龙 周日/一。报名留言http://t.cn/hBqq5B //@欧亚散人:@唐 @郑贵辉w	1
#twosome+ coffee#还记得那天锅子后的?么[哈哈]提提神赶紧灰回来明天上班了[害羞]潘总@PanPan潘哒哒 @诺诺088 带好次的昂	1
下雪啦[哈哈][哈哈]	1
#达人生日祝福# @sarah月夜 亲，祝您生日快乐，天天好心情哦~[嘻嘻] http://t.cn/zlU7gNc	1
#亲爱的书友#这是今天原本要到场分享的一位书友的读后感[鼓掌]欢迎各位亲爱的书友们，把自己的读后感写下来发给我们，可以发布在我们的官网“黑玛亚花园”里与更多的书友分享：）	1
[爱你][爱你][爱你]@赏味传播	1
回复@JenaKwok_7星:你没看？在请你们吃鲍鱼，外加俩鸡翅[哈哈][哈哈] //@JenaKwok_7星:你在干啥呢	1
怀念各位兄弟姐妹！~在此郑重发表声明，鄙人木有碾@苏摩族长 ，近视眼的她自己载沟里了~[嘻嘻]//@江小雯爱学习_XUMA: //@厦门大学登山协会: 什么时候恢复这条路线吧！其实这个寒假就可以呀～骑车三四天就到了 有没有人愿意考完试就出发？//@苏摩族长:为神马为没有我[泪]	1
喜欢吃海鲜和日餐铁板烧的亲们，你们还在等什么？都太海鲜自助餐厅菜品更新升级中，一定有让您满意的菜品！[嘻嘻]	1
回复@马天景:收到! //@马天景:我选小桥 //@中国之翼扣子:回复@传媒老王:感谢老王指导,周末我们再找找候选! //@传媒老王:都没有体现出老巴黎的风?，画面平平，没有层次感，动感[嘻嘻]	1
农历腊月26，上班途中[哈哈]	1
【蓝双】据说王导一年前就准备来钻墙啦~~真是好事多磨现在才看到您矫捷的身手~~拿着超级大南瓜，王导选择主动出击，不料墙洞坚实有力，等再晃过神来，只听王导一句：“我的瓜呢？”[晕][哈哈]最神奇的是谢映玲，眼看下一秒就要落水，硬是hold到最后誓死不从！@王为念微博 @滴玲玲玲 #正大综艺微直播#	1
我的青春我作主。//@新余曼哈顿御廷酒吧:? ? //@何?同?:[鼓掌][鼓掌]//@新余本土网:[鼓掌]//@虾虾114: 很炫的一组美图。[鼓掌]//@橙色码头吴晓庆: @何?同? @高琪-- @虾虾114 @新余李虹 @新余本土网 @邓ViVivivi @春暖花儿开呀开	1
哦！碰到数字姐就晕！[嘻嘻]//@小丸子很芒:是17爷喔亲[哈哈]	1
回复@自由岛毅:想念。你的名字总和恐怖电影联系在一起。 //@自由岛毅:陈老师有时间一起聚聚啊~好久不见啦 //@陈君朗读者: //@自由岛毅: 必须啊[馋嘴] //@栾键:一起吧[偷笑] //@自由岛毅:回去要在这里给我接一风[威武][嘻嘻] //@栾键:鱼咬羊是啥意思？有羊肉串吗？现在被假肉闹的都不敢吃羊肉串了[呵呵]	1
准备出发去热带风暴！一天玩不够！[太开心]	1
男女版都有啦[嘻嘻][嘻嘻][偷笑] //@一根钢管儿:哈哈哈牛逼！[哈哈][哈哈] //@刘丹: 真亮！ //@拖尼熊:和好基友相处，要义就是：如他温若处子，你就猛嗅蔷薇，若他心有猛虎，你就带他查HIV。 //@玛格丽特朱: 和阿哥相处，要义是：若他情窦初开，你就宽衣解带；如他阅人无数，你就灶边炉台。	1
[给力]outlet打折村直播[给力][爱你]#dolce&gabbana杜嘉班纳#这些全部是38码的鞋子。欢迎微信hyccc903	1
【云百科】小亭温馨提示：经常熬夜的人一定注意通过食物调节身体哦[可爱] 1．猕猴桃、猪脚可以呵护皮肤；2．绿茶、枸杞能够养肝明目； 3．鸡蛋、燕麦帮助补充大脑营养； 4．香菇、干红葡萄酒消除腹部脂肪堆积； 5．山药、杜仲可以滋养肾气；6．苹果、冬瓜消肿利尿；三文鱼、酸奶防止肌肉萎缩。#云百科#	1
[哈哈][可爱] //@冰糖-顾晨曦:转发微博	1
小伙伴们，快来和小豆一起去吃五星土豪大餐吧！[嘻嘻] [馋嘴]	1
各位父老乡亲，来投啦。//@ICS李思哲: 各位要投哦，谐星先多谢啦！[爱你][爱你]	1
@哥伦比亚咖啡LHJ 原来你去三号院，和翟副主任喝酒喝多了，还尼玛吐血了。丢人[哈哈][哈哈]	1
打开冰箱的瞬间，我感觉到了作为吃货的压力[哈哈][哈哈][挖鼻屎]	1
老姑娘啊[哈哈][哈哈][哈哈] //@张迟昱:你到底还有没有节操啊！！！	1
亲们：我们曾和国内最大的婚纱杂志订制过麻袋婚礼，也帮朋友包岛办过婚礼，也订制过游艇和岛屿的互动，还帮去了快艇岛的朋友租飞机圆了坐水飞在天上一览麻袋全景的愿望。。。。。。！我们是做麻袋订制，需求您提，我们会尽最大的努力帮您完成[可爱]	1
亲，我凌乱了~[可爱][心]@沃阁甜甜 @沃阁的绅和 //@沃阁-任?RN:[鼓掌][	1
@大本营张东:@hi朱梓骁 你山东表哥本周六晚喊你回家吃饭！[嘻嘻] //@快乐大本营:转给@hi朱梓骁 。实习生小美女们都在讨论，农民歌王“苏珊大叔”朱之文“瞬间萌”的感觉跟你有点像！！！[哈哈] [哈哈] [哈哈] 有没有让人想起当年你在大本营《偶像大对决》那期“我的家在东北”那段秧歌舞的感觉？！！！	1
回复@姜汉忠:要是人和人的关系回到原始社会就好啦,阅读嘛,起码得念念甲骨文不!!![嘻嘻] //@姜汉忠:回复@兔哥63: 现在是浅阅读，照这个趋势，将来就要浅浅阅读，直到都不阅读。到那时，这块土地上的人是不是又回到原是社会了？	1
她怀抱法国油条哎[偷笑]，很有气质的//@朗德玛丽法式咖啡馆: 标哥上纽约登广告，与撒嫂去巴黎买油条，异曲同工呵[哈哈]	1
[可爱] 感谢您对酒店的认可。[害羞] 你们满意是给我们最大的鼓励。期待再次为您提供满意的服务	1
本人驾驶闯红灯，遵照2013新交规 移送学习3次[睡觉][睡觉][睡觉] 我申诉 因北京雾霾天气影响 看不清红灯，可否宽大处理？[泪] ～求交规通关密集[嘻嘻][嘻嘻][嘻嘻]	1
冰冻的啤酒，南乳味腌制的chicken boxing,哪位童鞋也要来一份？(^○^)[馋嘴][嘻嘻]#深夜发吃兴趣小组##零点与您聊炖肉#	1
好累，今天早点儿睡。明天首要大事是洗车，如果时间允许且能约的上的话就去做个美容[挖鼻屎]过年喽[鼓掌]	1
敌人敌人是朋友，绝对真理l //@吕劲:我爱这图～喵太后[哈哈]	1
//@花希夏_Sophia: //@?芯妤: 跟著佳佳?一?[太?心][太?心][太?心][太?心][太?心] //@??宏willliu:真可?[嘻嘻] 大家跟著做做看喔!//@CCTV-2超级减肥王:#超级减肥王#哈哈，我们的大号女神即将变成励志女神！60天甩掉60斤！！	1
我们饮中八仙也郑重承诺 剩下的画展 我们必须都去 哈哈//@大匠之门李笑天: 回复@八年小散:我郑重诚诺。要在中国美术办它10次画展[嘻嘻][嘻嘻] //@八年小散:还有听见此话的吗？ //@大匠之门李笑天:[嘻嘻][嘻嘻][威武] //@郭月晨:这个我听见了 //@苗雪珊: [可爱]真滴嘛	1
朕知道了//@电脑报: 朕知道了..[哈哈]	1
喜欢宫崎骏的画，还有内容-----等等[爱你]最爱千与千寻[爱你]	1
我身材不好，性向也不符合，不过我可以推荐一个人给你，请看@云之巅影视 官微，他们会为你提供场地、导演、编剧、摄影。//@弓九野: 原谅我这一生不羁放纵爱基友，也会怕有一天捡肥皂。[泪][泪][泪]@师素珍 ，我找到人了，就是@傅满洲师傅 。[嘻嘻][嘻嘻][嘻嘻]	1
你们的帆船俱乐部怎样了？距离合正东部湾多远啊[嘻嘻]	1
[生病]冷到不寒而栗啊亲！[哈哈]	1
被酸倒了！//@我一贱你就笑翻了：太可爱了[抱抱]	1
这让看过#驴得水#的观众，怎么想！//@任素汐:无法形容地高兴！ //@刘露阿姨:你们都离她远点！！！！[抱抱]	1
[哈哈]长得很奇怪	1
回复@夕-阳-点-点:别急?别急，慢慢来，乖乖等。[偷笑] //@夕-阳-点-点:赶紧海淀开一家 麻溜的[偷笑][偷笑][偷笑]  //@风林火山私家牛板筋火锅:回复@王洋aka洋小崽:请领导点头同意！[哈哈]  //@王洋aka洋小崽:@MAREKO?拉糕 不知道你吃肉的功力如何~这家特别好吃~可否一同前去？请领导审批	1
小时候的小巴哥~果然一股与生俱来的呆萌气息~[哈哈]（转）	1
所以……@Qer块儿 就是与众不同 //@Qer块儿:回复@游局网shapple:也迎来了好多与众不同的朋友 [太开心] //@游局网shapple:特色鸡尾酒让@Qer块儿 有了与众不同的风情…	1
午饭后一乐 谁没年轻过 能看出来哪个是我吧 每每看到这张照片都笑得肚子疼 大家都很努力哈[哈哈][哈哈][哈哈]	1
传说中的#勾魂面#[吃惊]！名字很吓人味道确实不错！[馋嘴]勾魂虽然不至于想再来一碗是有滴，到成都一定要尝一下哦！[嘻嘻]	1
回复@张迎夏大大的强大着:一会来吧！//@张迎夏大大的强大着:老板，我现在想喝南瓜羹[泪][泪][泪]//@黄太吉传统美食:要好好玩！[嘻嘻][嘻嘻]	1
亲，你这样会有很多人想和你做朋友的[哈哈]	1
笑死我了，尤其少林寺那段，这哥们太逗了[哈哈][哈哈][哈哈]	1
沙特阿拉伯的艺术家Ahlam Alnajdi的粘土艺术，超级逼真，吃货不能靠近，否则会忍不住塞进嘴里的[太开心]	1
回复@黄山陈志龙:[鼓掌] //@黄山陈志龙:[围观]	1
犹记当年里卡多啊！[鼓掌][鼓掌][鼓掌]	1
我有点说不出口。。。@buwanrle @zap-三年 @张帅张帅 @littlerain 救我  //@纸寿司:[嘻嘻] //@蠢野猪大王:还可看出，骆驼牌袜子也必然用料不俗，所以韩少登雪山既不用穿高帮登山鞋又不用系雪套，他性感的脚脖子可以直接展现出来。甚至鞋底也不需要冰抓，体现出韩少脚踏实	1
[耶][馋嘴]//@迎风也三尺:噢，我们叫板面。在河北以安徽的板面味道为上。//@俺叫老鬼: 就是把拉面抻成像皮带一样宽的面条。[馋嘴] //@阿依不爱吃汤饭:@俺叫老鬼 鬼爷 有位童鞋问什么是皮带面[哈哈][哈哈][哈哈][哈哈][哈哈] //@迎风也三尺:皮带面[疑问] //@阿依不爱吃汤饭: [鼓掌][鼓掌][鼓掌]老板	1
时光飞逝，结婚这都一年了[悲伤]纪念日媳妇儿从早上7点忙活到晚上弄了这一大桌子菜，道道可圈可点，大厨辛了个苦[泪]@魔王1987 爱老虎油[爱你]	1
夏天到了，西瓜总会给我们带来不一样的创意！[嘻嘻] [嘻嘻] [嘻嘻] 有木有吓到你~~~~	1
辛苦辛苦！坐等收片，有我吗？[可爱]	1
哇！eason eason!雅乐轩也将在近期推出专为明星之选和SPP 会员推出的活动哦！敬请关注！[嘻嘻]	1
终于火锅...摄影:@张晴滟 [哈哈]	1
酒被喝了，人也被八了... //@老贫头:呀~！一不小心，被扒卦咧噎~！6月份的愣说成是06年的，高人就是高人[嘻嘻]	1
After the rain with Damian Smith @ fire-island charity performance ! 2011. 雨后双人舞[爱你]	1
豆子真乖！[爱你][爱你][爱你]	1
[哈哈] //@拖把桑: 笑疯了 //@苍天锄大地:哈哈哈哈 矮马 好形象 //@Sara_in_Nov:哈哈哈哈	1
最后一条？你//@我还是水手:@朱哥哥Blue 你符合哪几条？[哈哈]	1
我们上海有分部哦，把您的需求私信我们吧[嘻嘻]//@Nustar-小Q代购:上海有吗//@嘉乐会家政:阿姨很棒的哦 不要错过哦	1
好！//@京剧张艳玲: 了不起[good][good][good]//@今晚庞剑:回复@奶油菠萝熊:把雷公给惊着了 //@奶油菠萝熊:是哈？要不今天这雨这么大呢！[哈哈]	1
那跟我们去斯里兰卡啊[挖鼻屎][挖鼻屎] //@风华正胖:能流浪的至少是青年，老人含泪飘过。//@太多人叫张宁:伪文艺青年[嘻嘻] //@茉莉香片1982:@太多人叫张宁 原来你是文艺青年啊[偷笑] //@张晓蕊rry2:回复@茉莉香片1982:文艺青年总相逢 //	1
#瑞士arosa##滑雪# 发现了MAMA面！[威武]这里山上连说英文的人都没几个居然有亚洲泡面如果有东荫功口味的就完美了[嘻嘻][嘻嘻][嘻嘻][浮?][浮?][浮?]	1
[哈哈] //@双子座购物狂Foniz：不用戴立体眼镜都觉得很3D~~	1
下次咱们束河见 [爱你][爱你]	1
这个“野心优雅”的男人[哈哈]	1
跟我打过交道的产品经理，确实腾讯的尽职一些。新浪也有，比如@田_月 [嘻嘻] //@老黑老嘿嘿: //@顾晓斌:有启发吗？//@小浪: //@来去之间:转发微博	1
我彻底服了!//@刘馨雨-jacqueline: 你小瞧姐了，姐笨不就是个坏人//@我亲爱的老虎: 在这样一个寒冷的冬夜里，刘总，您秒杀了我记忆里您伟光正的形象！[泪]//@刘馨雨-jacqueline:回覆@老武是文建:[??物][要?物][哈哈] //@老武是文建:大姐，服了！[抓狂][酷]	1
兰州大师傅教如何拉面[偷笑]各位难倒了吧[嘻嘻][嘻嘻][嘻嘻]	1
可爱的女儿，补祝她生日快乐！[蛋糕]//@闲情思语: 生日快乐！[鼓掌][蛋糕] //@最爱天下无双:祝我们的“天下无双”生日快乐！[蛋糕][蜡烛][礼物][鲜花]@浮生百梦 @爱笑也是一种范er@滇东北汉马 @羊子手稿@新天地的小窝 @?的?玉清V @品论者? @玉兔009 @云上太阳D雅文 @俺叫老鬼 @黄矛 @龙草药	1
玉林烤鸭建达新店期待更多朋友前来捧场！[鼓掌]1月26日至2月28日，会员任意消费即享王牌烤鸭半价，另享10%积分啦！[给力]粉粉们，马上走起吧！[鼓掌] 地址：朝阳区东土城路14号建达大厦二层。订餐电话：66572688	1
#深夜食堂# 卤肉饭好好吃[抱抱]	1
准备工作开始啦！贝贝小野崽加油！[哈哈]@airan1011 @Cyndiii喵 @winnie-敏 @Jayverson @小鬼Mrpp	1
又见二月兰[嘻嘻]	1
五芳斋幸福家庭和浙江交通之声车友家庭在靖安江钨度假村幸福留念，满满的幸福感染你了没？！[爱你]	1
明天会更好。晚安。做快乐的?。[爱你]	1
值得尊敬的VC[赞] //@童玮亮:和兄弟们一起在路上！[嘻嘻] //@林森70:戈壁的哥们都很好@徐晨 @童玮亮 @MayWang戈壁 //@王定标:敬礼！敢这么说，是营销（定位），是自信！	1
啊哈哈哈~好玩的狗狗//@科力狮: [哈哈] //@氵羊大人://@每日上海: [哈哈][哈哈]//颜夕Joice：狗似主人形[挖鼻屎]	1
[酷][酷][可爱] http://t.cn/zOt8Pb0	1
"【#赵薇#：正筹备下一部电影 但不是青春片[鼓掌]】当年的""小燕子""成功完成了从演员到导演的转变，下一部电影计划一直颇受关注，最近赵导演出席活动，给出明确回应：正在筹备下一部电影，但肯定不是青春片了，会优先考虑实现自己想要的而不是观众是否买账的[鼓掌][鼓掌][鼓掌]....http://t.cn/8FLopdQ"	1
刚进家，差点回不来了[哈哈]	1
[鼓掌]期待张老师大作啊[good]//@张钊维Milankun: 正在??，??年底前。 //@影子李俊:尽快出嘛 //@张钊维Milankun:?片子是?多朋友?前???滴滴堆砌起?的。涓滴都是功?。敬?期待光碟。 //@神经质猴子:谢谢用心认真的@张钊维Milankun 老师，我们只是一点点举手之劳，难为这么认真打上名字。	1
必转 //@Jason_韩军:支持！为了身体健康 //@tinyfool:应该强制戴 //@江边小径: 支持 //@姚栋_DV:必须 //@俞静F: 支持 //@刘志豪职业装: 健康是非常重要的[哈哈]  //@笑笑728:不好看 。	1
#深夜发吃报复社会# 俺今晚做的是红烧鸭，用了两只鸭腿，一个洋葱，一个青椒，少许的老抽，生抽，料酒，大蒜，小葱，再加入点火锅底料提鲜，嗨!这个味道，不摆了![哈哈][哈哈][哈哈]	1
[话筒][话筒][话筒]“网友喜爱的旅游局官方微博”――@浙江省旅游局 @广西旅游局 @四川省旅游局 @嘉兴旅游官方资讯 @福建省旅游局[鼓掌][鼓掌][鼓掌]旅游，在乎的是沿途的风景，在乎的是看风景的心情，不会因为美丽的风景终止。	1
[ok]//@欧阳智薇: 刚看到 新年快乐哦[哈哈][爱你]新一年 一起加油吧！另外，经典台词：黑夜给了我们黑色的眼圈，就是用来寻找光明滴[嘻嘻][嘻嘻]	1
[嘻嘻]是也，是也~~	1
Hold不住了，大手笔！各种四圈连环套[哈哈][哈哈][哈哈]	1
那好吧!上一物件的反版，小叶紫檀108*0.9金星执珠配翡翠小葫芦，配纯银小饰品，加翡翠隔珠，这是玉贵香自来，檀珍品自出，自已做的l喜欢者可询价[嘻嘻][哈哈][偷笑]@冷眼观山 @北京微博达人群 @无色冉色体	1
[鼓掌]好爱！！	1
“如何区别卖萌与卖蠢？”――看脸。[可爱]（转）	1
我们杭州见吧… //@A?Lei: 刚哥改造型了哇//@Nancy_月月: 加油 亲爱的们@美美-Vivian [亲亲]	1
回复@李昕芸:@竹子做的熊? 妹妹，看??？我是?友?的。[酷] //@李昕芸:哈哥是17号首映式的亲友团哈！ //@哈戳戳:好，包?包?！??不?呀，我?得包?是妹妹的?利。[思考][哈哈][哈哈][鼓掌]  //@竹子做的熊?:元哥新作啊[花心] @哈戳戳 组织包场呗  //@张元导演:无	1
好奇好奇，第三个人明明应该是我啊，啊哈哈哈哈哈[哈哈][爱你]	1
@林嵘丞Ray [哈哈] //@娱玩:下次记得早点来，吼吼	1
今晚大本营独家披露超级明星团的@电影快乐到家 首映全纪录[太开心]文体影视歌巨星齐聚！众多明星点评精彩放送！[鼓掌]到底观影大咖们会怎样评价？竟然有一位偶像歌手总结说，来影院看《快乐到家》要带尿不湿？[偷笑]大家猜猜这位偶像歌手到底是谁？如果是你观影最想带上什么？快来秀你的创意吧！[思考]	1
大帽子肿么都掉不下来！------论脸大的好处！[哈哈] （net）	1
周末和一神秘美女共进晚餐……开心中……勿扰！哈哈～[可爱]	1
不抢也转[哈哈] //@蔡骏: #地狱变倒计时# 想要抢书的都请转起来... //@悬疑世界: #悬疑世界官方公告#此条公告求各种喇叭、手滑!转发微薄并且@ 5位好友关注我们，就有机会获得@蔡骏 亲笔签名新书《地狱变》一本，每天送一本，七本送完为止！！	1
[嘻嘻]刚看到亲的表扬信息呢，客人的满意是我们一直所追求的哦?现烤的松茸特鲜美吧[花心]珍品小精灵营养丰富，口味独特哦，我们酒店现场还有出售哦	1
网络营销越来越重要![嘻嘻] //@中国网络传播学会:【小蜜蜂早班车】 //@财新网:转发微博	1
我赛猪真是世界上最可爱的动物[爱你] @sunny诸葛馒头 //@大嘴萨拉: @猪荷衣 有你粉丝侄儿	1
想当年//@芡哥的打字机: [哈哈]英雄莫问出处！哈哈哈哈哈哈//@张硕_R: → → //@fox_yi: 纯朴个鸡毛，这些正是管你要房要车的丈母娘们 //@张硕_R: 真淳朴！！	1
[赞][心][鲜花][钟]//@爱上神秘海: 还记得那年春天，我们一起去看婺源的油菜花吗？//@中国最美的乡村婺源: 明年三月，相约婺源[爱你]	1
[偷笑]可我不会逗宠物，会偶尔闲聊自己的事，十天半月太长，我几天就够了。重游丽江[鼓掌]	1
回复@喵胖得像个球儿:真的啊，哈哈哈，不错不错。听到那边的声音，我很激动呢。那边好像要解除封山了吧。说是每年11月到6月。难道今年暖和的早。听到这样的声音，让我更有动力了呢。你还真是没少邮寄呢，还特意买了很多。[爱你]	1
//@DCCI互联网数据中心: 站着开会更高效[嘻嘻]//@张志伟Ziven: 曾经看到一个会议流程：1.会前将议题发给与会人 2.开会时前10分钟默读由会议发起人撰写的会议材料（包含建议、解决方案）3.阅读材料完毕后表决，不同观点讨论，同意则散会。每个会议不超过30分钟。PS：最主要的一点，站着开会。	1
@石柱的微博 //@北京乌鸦嘴：翻成中文完全无趣了！ //@曹涤非:强烈推荐![嘻嘻] //@张笑猪:都必有！	1
赞！//@羊东: 高手在民间 //@SAIFPerry:这个要火 //@王戈宏: 这妞要是早出来，王菲就歇了，哈哈！//@杨婷婷: 高手在民间呀！[鼓掌] //@五人儿:女声赞??不得不转??转给@veggieg 看看??	1
去//@娃De-Leann:[鼓掌] 热烈欢迎哇。// @省立中山图书馆借阅部 ：今！天开始在我馆一楼展览厅预展，9月30日正式开幕，直至10月5号。欢迎漫画发烧友们前来观展！[鼓掌]	1
速来报到，一定支持！ //@腾冲和顺五阿哥私家客栈:我是吃货我参加[太开心][馋嘴] //@黎子虫:吃货们的福音，摄影爱好者的平台，我的亲们，给有来试试？[嘻嘻][嘻嘻]	1
让入住我们酒店的朋友们，都有宾至如归的感觉，就是我们最骄傲的事情！[爱你][亲亲][心][din推撞][威武]	1
我知道，我就不说 //@烧烤学硕士:来个有内涵的转发吧，大家猜个谜语：谜底是“76“，有知道谜面的吗？[哈哈][偷笑][偷笑] //@午夜的阳光奇奇: [赞]	1
人生路?道?，宜有明?指路，空林何?心?，??即是有?！ //@行者林清平: 人间处处有真如，既在经里，也在微博。范珂好！//@欢笑范珂: [鼓掌][话筒][心]//@行者林清平:@豆魂-林炳生 @黄湘?	1
这个组合名太有创意啦《皇华菜》//@黄记煌-黄耕:@盛博 @熊丽电台 @戴艺 来看京城[黄花菜]组合[哈哈][哈哈]	1
//@BES-杨小兰:风景这一季在清华园！@皇家驿栈刘少军 @BES-董双兵 @BES-刘君 @吴必虎 @巫寒寒-Ashahi @BES-李霞 @刘原原 @旅游规划与设计 @读道创意 @?嘉? @BES-陈建业 @袁功勇 @五郡哥 @策划人白琨 @鲁小溜 @景道的张伟 @BES-许晓丹  //@BES-杨小兰: 我们准备好了，亲爱的学弟学妹，你们呢？[爱你]	1
从来没与明星合影过，虽然也见过一些，但都没什么欲望！今儿仔细想了想，还是有几个挺期待：刘德华，古天乐，邓超，范晓萱，汤唯 [爱你][爱你][爱你][爱你]。	1
小鱼上头图了~[哈哈]@雨桐吾爱	1
[呵呵]//@骆小骆: 太美了 太阳奖[哈哈]	1
期待中！[太开心]	1
准啦！[哈哈] //@庞丹Gina:我这是要发达啊！[哈哈][哈哈]	1
回复@老街兔:嗯呢，还得来瓶喝的！ //@老街兔:哈哈这么丰盛~想吃哪个吃哪个~开整！[哈哈]	1
//@姬伯平: @婺州王大大 [哈哈]	1
[左哼哼][右哼哼][挖鼻屎][挖鼻屎][挖鼻屎] //@Baker_Street_Studio:那个在做甜点的太丑咯！[哈哈][哈哈][哈哈]	1
part 2 pour LA FETE LUMIERE @桃?希 [嘻嘻][围观]  #美图秀秀Android版#	1
【收看方式】登录#视讯中国#官方网站http://t.cn/huo1I收看，抑或是下载#视讯中国#手机客户端，进入 #享旅游频道#或#潮体育频道#收看精彩节目！！！快快行动起来吧！！！[嘻嘻]	1
婉拒了朋友的邀约，推掉了同事的同贺，压缩了工作加班，为了就是能够早点儿回家与爸妈一起过个生日…先不说做儿女的孝道，就因为年纪在长对一个家来说就越来越重要，他们也会越来越依赖儿女，能陪他们过我感觉很幸福。~今天的工作顺利完成！同时也谢谢各位的祝福！吃老妈做的长寿面去喽~[哈哈]	1
[偷笑][哈哈]@不二小姐yqw @追求简单的幸福生活 @叶江海_ @水草玉 @岳虹宇 #晨起趣事#	1
【别样奥运】以前外国人总有“亚洲人长得都一样”的感觉 觉得很费解 直到看了韩国队的射箭比赛。。。。。。上面的大哥您是为了区分下才特意染的头么？？？[太开心]	1
爸爸给我和萌萌做的夜宵，鱼片粥很美味，我和萌萌用的是印着钟爱一生的餐具，很有爱，这个柬埔寨带回的竹垫子很不错，呵呵。[嘻嘻][嘻嘻][哈哈][哈哈]	1
#中国达人秀#今天下午4点 刘教授微访谈，能问的不能问的，都赶紧着丢给他！[哈哈][哈哈]//@歌手刘教授: 明天下午4点微博微访谈，尽量有问必答。让问题来的更猛烈些！！！有什么问题可以提前问。	1
兼职黄牛？[嘻嘻] //@Marina邓静:很简单，人家在排队[酷]//@薛蛮子:转发微博	1
笑死了 //@虚竹笑呵呵:[哈哈]。。不得了的中国人 ！[偷笑]//@俑哥008: [晕] //@许子杰微博:虎贲军[哈哈]//@jlijames:确实厉害。	1
薄荷薄荷薄荷凉，薄荷薄荷薄荷绿//@smartClub: [爱你][爱你]	1
我眼前立刻就浮现出沐总和赵总了。//@风雪乐天: 哈哈哈哈哈//@唐-依依: 最后那只裸男是小黑！！@杜拉稀 拉妹这事搁我就不能忍，为卖萌无下限啊[哈哈] //@黑色微笑V:最后一张亮瞎了。。。。	1
回复@函元: 最牛之处在于运营模式，补贴钱[哈哈] //@函元:回复@尹方鸣:据你所知这个系统最牛之处是啥？ //@函元:百度也开展绑架行动？ //@蓝桥春雪:胆子很大，负收费的模式必然嫁接其他商业模式，关注其后续发展。	1
[围观]//@食色云南:[哈哈][威武]	1
春雨真好呀，春天马上就要花枝招展地来了，这不 @魅力惠GlamourSales   上的 Happy Socks短袜，五彩斑斓的还真是切合时宜啊，买三双还能再打折，挑了三双，留着出去玩穿着走起！[哈哈]http://t.cn/zYm9rEk	1
这里是北京[嘻嘻] //@奕欢一笑:这是哪里，是漂流吗	1
6月#ICing美食时尚专家团#咦，还有一个吻……[害羞][太开心][心]不过kook还是要说哦，虽然度数那么低那么低也不要酒驾哟，有关安全的事情都要小心小心再小心。	1
同住的MM是亮点[嘻嘻]	1
哈 亲们 一早喝完早茶 我要做海鲜大餐了[江南style] 一大早 馋死你们[哈哈] [哈哈][哈哈][馋嘴][馋嘴][太开心][太开心]	1
千岛湖希尔顿度假酒店 您出行的首选[爱你]快来投票吧	1
哈哈 //@王伟的掌中宝:[哈哈]	1
回复@乌实: 应该是的，再向@Mexico墨西哥旅游 求证下-此音乐画面是否为墨西哥。BTW，我看到最多的是那美女。[哈哈] //@乌实:@DCwhenwho 画面是墨西哥吧？ //@乌实:人是自然的一部分。如果人与自然走向对立，这个世界就不再美丽。	1
和预期想像的一样棒！超赞的配乐[可爱]	1
想去达尔文，想去美娜多、想去兰卡威、想去巴厘岛、想去龙目岛。。。。。。想去的太多了！[嘻嘻]@阿历克斯2010 @何欣怡-中国蛋宝宝 @抗体QQ @驻牙	1
我一直追看呢[哈哈] //@陈倩冰:这个必须看@刘小懒 @蔻蔻的甜与蜜	1
史上最强大政府？[泪][汗] //@侯锷:主权与原则问题讲什么道理？这也太温柔了点。[萌]//@关注公安微博:急糊涂了吧，什么话呀？什么逻辑呀？[哈哈]	1
回复@Susie小小萱: 谢谢大胸妹//@Susie小小萱:生日快?，?毛[哈哈][哈哈][哈哈][蛋糕][蛋糕][蛋糕]	1
有我在就没有世界末日，我说过的，还记得吗[亲亲]。为你我变成了better me。laughing little more,smile little more.	1
//@万子千红:[爱心传递][爱心传递][话筒][话筒]//@叶下剑隐:好人真多！[哈哈][话筒]	1
这个可以有[可爱] //@小小辣鱼: @2012的风云 @何高峰v @鸡飞狗跳2 @健康姐	1
有意思。[哈哈]	1
哈哈我们的晚娘系宾个也[偷笑] //@潇湘子珩:有“晚娘”这个词的哦！[哈哈]// @大松在羊城 : 羊晚的呢？[哈哈]// @东风大少 : // @摩羯座的达洛威夫人 :[哈哈][哈哈]// @信达达得快乐 :[哈哈]	1
谢谢[哈哈]有你支持，我们会更努力！	1
炸咯吱，算老北京小吃吧？柳泉居买的，酥脆。单吃有点油腻，我觉得还是夹在煎饼里中和一下比较好[嘻嘻]	1
回复@Evil林凡:[偷笑]有福公社啊Evil童鞋 //@Evil林凡:我是神?色的女色员？[偷笑][嘻嘻]	1
[嘻嘻]蓝天白云。很漂亮。	1
回复@无趣的兔吉拉:8:00就开门了[哈哈][哈哈] //@无趣的兔吉拉:老板，不好意思打扰一下，咱们明天营业吗？几点开始啊？想带老爸老妈去吃煎饼～多谢啦～	1
@美食与美酒小黑 大腕就是大腕，牛[鼓掌] //@美食与美酒杂志:[赞]	1
妈妈注意了，冬天给宝宝的穿衣小窍门，学习一下吧！[可爱]	1
我最喜欢的卡通动物就是Garfield！超呆，坏坏的可爱，有没有有没有？[哈哈]	1
我们这位可爱的小老板在很卖力地吆喝，游客们喜欢的可以去捧个场啊[哈哈] 北京国际露营公园#国庆嘉年华#跳蚤市场，欢迎感兴趣的朋友参加，旧玩具旧书籍，各种玩意儿都能在跳蚤市场进行交易，小朋友也能当一回老板哦[来]	1
回复@杨沐春涓:回复@杨沐春涓:这会不行，很差，不过都是家长带小孩去的，有点意思。。。[哈哈]//@杨沐春涓:我爬过百望山，五六月份去很漂亮了	1
#海之南#金水门下午茶[呲牙]谢谢本地土豪@晋察冀杨掌柜 热情款待[嘻嘻] 我在这里:http://t.cn/z8Ax8Rz	1
#神奇星期五#【2014年有五个神一般的星期五】2014/4/4-星期五;2014/6/6-星期五;2014/8/8-星期五;2014/10/10-星期五;2014/12/12-星期五。更重要的是，今天星期五啦！[太开心]好好工作，迎接周末！ 详情:http://t.cn/8kgmZ0J	1
#轻松学搭配#风衣&牛仔裤&单鞋~[爱你]	1
最后的希望啊 不要落空 [黑线]//@MeituKiss: 转发微博赢取MeituKiss+卡西欧TR350两大自拍神器，还剩最后一天！截止到今日23:59之前转发都有效哦！快点@ 你的小伙伴们一起来碰碰运气！说不定大奖就是你的啦~[太开心]	1
今晚空闲，洗过澡，打开窗，微风习习，很凉爽，一杯龙井沏好放在手边，好了，坐下来看日剧，感：日本是个成熟的商品社会，可再理智、冷血的人遇到她的执着也会循规蹈矩。。17岁的高中生经历、阅历如此丰富。。今天，很充实，此时，很舒适，今天，我很满意。[可爱]	1
美丽冻人的跨年倒数[可爱]@徐紫欣_ @陈智敏mm	1
嗯，好想法！//@迎风也三尺:明天我去溜达溜达[哈哈]//@声声入耳761: 哈密早市上也有卖的[哈哈][耶]//@向上的力量2014:以前街上多 //@迎风也三尺:现在很少见到[馋嘴]//@向上的力量2014: 这么早？	1
回复@凯路仕-郑州:谢谢！[握手] //@凯路仕-郑州:加油，一路平安！[爱你]	1
她这是等着要鸡排呢！[哈哈][偷笑][萌]我说这要感谢你@安婷Tanz a阿姨！ 我在:http://t.cn/zWQXPER	1
回复@杜剑SIR:[哈哈]@设计师孙炎 @伯炎志合文化传播 //@杜剑SIR:又在骗人，都不是同一个包！对花纹就知道了！ //@演员陈曦:  //@奢品汇:小case, 我们很多牛帖都在之前有过展示呦，之后还会有更多更好的作品给大家！  //@毛小丸:太牛了！	1
早上６：３０起床驱车郊外晨练～看，这是我们滴”宇宙快乐战队”[哈哈]～运动归来沐浴、早餐。美好滴一天开始啦～干活赚银子去[太阳][太阳]	1
羡慕死我啦。 //@喻小2:昨晚我做了四道菜，小龙虾是大家用青蛙钓来的，煮出来的汤水竟然是淡虾黄色，@DJ臻臻小厨娘 @孙孙是吃货 知道上海的小龙虾我现场啤酒煮出来是黑色的。估计这个品种的小龙虾可以推广药膳两吃了。。[嘻嘻][嘻嘻]另外茄子，青椒，樱桃萝卜我都是用自然的方法烹饪。。	1
求后续！！[可怜]//@肥?john_?尼夫?生一堆: //@启艾UKNOWMEKNOW:像介种十几禁的图吧，我就貌似P过一两张，看来以后不能放弃啊，尤其这种互吃的桥段~~咳咳，熊，好样的！[赞][爱你]	1
镖！行！天！下！//@?有朋: [??][威武][嘻嘻] //@郭京飞:走你！	1
寻个泰国妞才是主要目的吧？[嘻嘻]	1
那天下午和我和金线莲的三位，有两位反馈，当晚回家，很早就睡了。还说平常没有这个瞌睡，有一个喝的比较的多的说，尽然到第二天上午还睁不开眼睛，太厉害了。亲们，如果您失眠，经常来 养心馆喝金线莲，立竿见影 [可?][嘻嘻]	1
#美丽三亚，浪漫天涯# 清凉的夏天马上就要到了，准备好了吗？[熊猫][爱你]	1
[鼓掌] 本次论坛第三项议程：会展教学与会展实训室建设的对话交流。嘉宾主持：上海工程技术大学艺术设计学院副院长许传宏教授，对话嘉宾：西安远华呼庆源总经理、广州大学旅游学院副院长方忠权教授、上海师范大学会展系副主任卢晓、广东工业大学陈源教授。	1
回复@鹰啄天:大诗人，你好啊！ //@鹰啄天:[馋嘴]//@邹洪6888: 回复@茶语新人:香蜜湖好世界的菜式好好吃呀！[飞个吻][围观] //@茶语新人:[呵呵] 尝尝//@邹洪6888:回复@何小辰:[哈哈][ok] //@何小辰:香蜜湖好世界？？？你神马时候来深圳的？？？都不通知一声！！！！ //@邹洪6888:回复@何小辰:[哈哈][ok]	1
回到家看到厨房收拾得干干净净，碗个个放得整整齐齐，真是吓到我了！[哈哈]好吧！就当木呆男用这种方式表达他的201314吧！这花开得很是时候，自我安慰下！[心][鲜花][心]	1
还没搬，仍在经贸大厦。今天周末领友人熟下路线，顺便拍几张图片与大家分享[嘻嘻]搬家了会通知大家[可爱] //@安裴智_顾曲散人:搬家了吗？不在财贸中心了？	1
老太太就是好！ //@小四爱世博:好电焊，只有天津卫的观众能发明出来@耶律寒烟  //@承继华韵:报幕的是@刘迎时调 [鼓掌]	1
此画面让电视剧顿时显得高大上了。[哈哈]	1
遗传的力量太强大了，刚看见一对母女从身边走过，天啊，身材，五官都是一模一样，看了妈妈就知道闺女长大了是什么样，看了闺女就知道妈妈小时候是什么样。完全的复制，一点儿悬念都没有！[哈哈]	1
【#超级笑星#精彩剧照】还有15分钟~《超级笑星》第四期就开播咯！蔡明老师！你鼓掌的动作那么帅！我和我的小伙伴们都惊呆啦！[吃惊][哈哈]想要了解更多#超级笑星#的最新动态么？[心]用手机在苹果官方商店、安智、360手机助手、百度应用、豌豆荚搜索“超级笑星”，下载栏目专属APP就可以啦！[笑哈哈]	1
[害羞] //@cynthia麦:@EmingSt [嘻嘻]//@艾琳楼: 我错了[害羞]	1
[耶][鼓掌] //@犀利妹的fans: 哇噻！！！[花心][花心]大师级Charles都出马了！大家还hold得住吗！？早听说他是甜品届的宗师了呢！[good]曾有幸尝过他秘制配方的甜点，真不愧是名副其实的宗师阿！！！[太开心][可爱][可爱][good][good]@Waterflavour: [心][good]Charles Zhao	1
//@庄雅婷:[衰][衰] //@韬光养肥:[哈哈]	1
[嘻嘻]小黄吐着小舌头很可爱吧。	1
当茶爱上咖啡，约你们一起见证！[嘻嘻]	1
耕耘、希望、收获、喜悦！[太开心]	1
从西藏买了点松茸回来，特别爱喝松茸汤，想尝试自己做，可不知道怎么做，谁给出点主意啊？[抓狂] [嘻嘻]	1
有故事了何老师，往事如此辉煌！ //@何慕: 回复@叶茂中:嘿嘿~多谢茂中老弟祝福^_^~17岁~我喜欢的年龄~[嘻嘻] //@叶茂中:何老师17岁生日快乐乐滴	1
值得参考的数据![嘻嘻] //@郑立新_: @幕后黑手-Boss @中少社数字阅读推广lyna @颜先生good @susu咦 //@i刘超:转发微博	1
加拿大2013你?代言！投票?戳http://t.cn/zTMQZpX //@StArieL: [偷笑]不是自拍好手，是美肌好相?，哈哈～[哈哈]上海A型血?子+台?B型血?子，生日差一天，年份差2年；在??相遇，在微博??。[??]跨海?合，?中有同，可以??大家不一?的火花跟?野～[嘻嘻]?我?一?加拿大???妙?吧！...	1
跑到铮子曾带去的店里吃饭，臭鲈鱼，我的最爱[哈哈]，要了双份	1
画个淡妆去拍结婚证照片[爱你][爱你]	1
谢谢您的支持//@达观之微博:回复@沉稳的陈文:今天俩兄给力的就像上了聚能环@沉稳的陈文 @刘金霏 @嘻哈包袱铺陈曦 @南海康有为 @lovelinda44 //@沉稳的陈文:有趣吗[爱你]	1
狼怕羊？[哈哈]	1
有着故事[嘻嘻]欢迎上门讨要快递	1
志向?大。。。[哈哈]	1
#可可成长#在送老爸回平潭的路上，可可想留在外公外婆家，说我们可以自己回来，她在外婆家过寒假。这孩子还真是只要有玩伴就可以不要父母了呀。[晕][哼]图片是上次小雨上来，两孩子一起做@拉比盒子 的手工，小雨的愿望:想要月亮。[哈哈]@辣妈手记	1
[哈哈]//@红蘑菇KID: 噗！//@小野妹子学吐槽: //@那个野和尚: 哈哈哈哈哈哈/@新东方烹饪学校校花: 哈哈哈哈哈！！！//@全世界最英俊的人: 哈哈哈哈哈哈哈哈哈哈哈哈哈哈哈哈//@全国帅逼代表: 哈哈哈哈哈哈哈哈哈哈哈哈哈哈哈哈哈哈哈哈哈哈看了最右才懂笑成傻逼！！//@卷花微博:哈哈哈哈三弟！三弟！！	1
噗哈哈//@蔚蓝悬:哈哈哈哈//@票爷:[哈哈]让窝们祝福梭油的梭油。//@刘芮东: [哈哈][哈哈][	1
彩虹很漂亮，湖水很清透[抱抱]@喀纳斯景区管委会 @喀纳斯户外俱乐部 //@崇安武谷: //@新疆喀纳斯旅游网:@博驴网 @崇安武谷 @新疆喀纳斯旅游官方网 @旅行微吧 @旅途直播网 @喀纳斯长青	1
走你~//@腾讯ecd: 笑喷了~//@腾讯网UED: 腾讯大楚网的同学太有才了//@TICKLELY: [哈哈] @腾讯ecd @腾讯游戏TGideas @腾讯CDC体验设计	1
花样校服男[抱抱]  #拼图#	1
回复@相声演员高峰:我发给你吧。 //@相声演员高峰:回复@小四爱世博:四老板也给我发一份吧[亲亲] //@相声演员康松广:非常感谢@小四爱世博 音频收到了，才知道是1991年的录音。怀念范振钰先生。	1
说好了，第二季，一起百变哦[亲亲]//@何炅:说好了！	1
空中楼阁式的主旋律[哈哈][哈哈] //@博闻华夏:抄送@老干部西门庆 兄阅//@承红827:[吃惊][吃惊]//@忒色民煮02:呵呵脸打的跟屁股一样肿//@梁山无好汉://@萌军参谋长v://@徐德军律师:又打脸啊[吃惊]啪啪啪……@律师王学明	1
真美[爱你]，这两天在看#我们无处安放的青春#，相信世上还有美好纯真的爱情。	1
[给力][赞]//@没错我就是喜欢你_好妹妹乐队:等我。。。。明天就到。[哈哈][哈哈][哈哈][哈哈][哈哈]//@水墨婺源:婺源欢迎您！[心]//@当时的记忆:今天出发//@水墨婺源:此时此刻，小编又和摄友们在美丽的江岭梯田等待日出！//@桃之夭夭20112011:明天就去[呵呵]//@秀萍如兰:转发微博	1
[哈哈]//@电子骑士: 唉。。。 //@娜斯:关于申请政治庇护这事，我亲身有体会，在一个移民律师事务所干过几天，那美国律师就是帮人编假经历，政治迫害，宗教迫害，计划生育。但那些福建申请人背都背不下来，需要助理教。	1
这样的度假才是惬意的~~[鼓掌]	1
臭不要脸的！ //@演员杨洁:应该不疼吧？我这么琢磨着[嘻嘻][偷笑][哈哈]	1
《蜗居》幸福版，全面展示80后的幸福观[心]编剧魏晓霞继《婚姻保卫战》之后的又一部力作[威武]著名演员贾一平执导并出演男一号[鼓掌]@许大明白@陈斯海@Juvan_lan@吴小楠Una//@雨枫书馆: 保卫婚姻、保卫幸福 ! [威武]本周五下午抽空来@雨枫崇文馆 吧~[鼓掌]@新浪文化 @新浪微语 @电影人程青松 @李星文	1
就是军训季开始写滴[嘻嘻] //@阿敏敏min儿:表示看名字就很有感觉 特别是军训完之后@阿钟钟zhong @?月君 @王青见青见	1
两个人分开做不同区的导师，教法不同产生矛盾，师傅的恩怨由徒弟化解[哈哈] //@安玉?: [偷笑]	1
回复@珍尼johnny:去啊，看时间有时间就去[哈哈]//@珍尼johnny:以后你都不去丰台文艺苑了吧？	1
有这样的孩子和妈妈都是让人感动的，预祝夏令营活动顺利 //@琼喜乐: 虽然募捐活动今天结束了，但爱的传递还没有结束，天使们的爱会一直传递到太阳村，传递到每一个孩子们心中[心]期待夏令营开营啦[太开心]	1
明天过去试cai?q //@Du可可:香菇千层面，意想不到的美味！！！宵夜了！明天正式推出！[馋嘴][馋嘴][鼓掌] @艾杉杉 @Siumomo @CT艇仔粥 @三街七号嘉嘉 @GDTV萝卜_Rob	1
快来雅乐轩帐篷与雅乐轩女孩互动，免费玩游戏，还有礼品赠送！[鼓掌]	1
这个周末希热布画展不休馆哦，欢迎大家前来欣赏//@敖包会鄂尔多斯文化蒙餐: 还有7天结束哦，还没有来得及瞻仰大师风采的朋友抓紧时间啊[可爱]//@敖包会鄂尔多斯文化蒙餐: “拥抱吉祥”国家级非物质文化遗产“希热布”大师唐卡画展，在北京中华世纪坛展出中。	1
这颜色说好听就是巧克力色，说low了。。。就是shi色。。。爱你们一坨一坨好多坨[爱你]	1
//@西蒙无线: 看看和听听再说吧~[嘻嘻] //@盛大林:就冲这张精致的脸蛋，也值得围观！	1
[哈哈] 快去下载应用吧，这几天锦江之星好便宜，还送50话费，还返现100。。。等于白住啊。。。有的还倒贴。。。我简直想告诉所有好朋友啊，有没有足够大的广播啊？我也要去住酒店。。。	1
下了城际去老师的店里吃了份牛肉饭、吃了份黑胡椒鸡肉饭、最后在吐槽墙上写了句不够吃的……@River大川 有没有很寒心的感觉[哈哈] 我在:http://t.cn/zjVlju3	1
有点儿袁世凯的意思[哈哈][哈哈] //@王?波:还挺有沧桑感!@祁胤 @嘻哈包袱铺赵鸣毅	1
很久没被称为健将啦[哈哈][嘻嘻][偷笑] //@李爱米:您二位当年都是健将级别的[酷] //@北京那丫头:咱老胳膊老腿毕业十年才不行的[嘘] 不过不锻炼吃老本真不行了 //@李爱米:想当年，咱学校要求大一大二学生每天早上6：45必须绕校跑一圈儿，打卡记录，否则期末体育不及格。[酷]@小神经 @北京那丫头	1
#去年今日#岁月是块磨刀石，一年磨一剑。@雅债 @读易洞de洞婆婆 //@懒人业余餐厅: [鼓掌][鼓掌][鼓掌] 建议试试烧桐木包装。	1
#带着微博去旅行#山东乐陵枣林,著名乐陵小枣原产地,据说有数千亩!!![哈哈]	1
真惊喜。刚收到一个快递，@名汇 杂志，韩庚的封面。[太开心] 还有李医生的毛孔细致面膜，是哪位亲呀，快告诉我吧。	1
把杨五捐到日本吧 //@一号掌门:学生的心声![偷笑] //@nukgnay:他妹的 //@一号掌门: @拜仁铁狮21 @nukgnay [嘻嘻]	1
甜蜜二人组合作完成的炸酱面，超级香啊[哈哈][馋嘴]	1
[爱你] //@行走的巨蟹:[嘻嘻]	1
@洪星 你放心吧，穿啥都行，谭大师要穿牛仔裤指挥呢[哈哈]	1
我今晚有大餐，不被馋到[哈哈]	1
恩必报，仇必雪 在不上东方卫视了 [哈哈]	1
[鼓掌] //@韩哲Colin: 活动挺好，下次再去交流	1
请客7饭!必须的!//@宅猫SUN: 楼下仓库门都堵住啦！！！！！[酷]仓库的小哥们今天估计得在仓库待到明天早上啦！[哈哈]没事的晚上有人给你们送饭！ //@daily_chic:苍天啊、大地啊，物流同事们你们辛苦了，太壮观了。。。。强烈建议明年取消“脱光”行动，赔不起啊！！！！！@杨猫	1
回复@小猫咪--Kitty:呵呵，欢迎有时间来尝尝！[嘻嘻] //@小猫咪--Kitty:回复@玖食龙虾餐厅:真好[鼓掌][鼓掌][鼓掌] //@小猫咪--Kitty:这么一桌子得多少钱啊！ //@玖食龙虾餐厅:呵呵，好有食欲啊，有时间常来坐坐！	1
"恭喜@玉兰花开你不在 获得Apple iPod Shuffle一台！赶快去微活动完善你的个人资料，小编周一会致电你安排兑奖哦！#""粽""情""粽""意系嘉里第五季#有奖转发将于下周一即6月18日早9点闪亮登场，最后一次的机会，你一定不能错过哦！童鞋们呢，周末愉快！[嘻嘻]"	1
啥时候做到泰隆大厦这？[嘻嘻]//@大魔王快乐餐厅:回复@我爱厨房韩伟:呵呵，感谢韩总关注！我们的模式是一个配送站只做一个写字楼，这样能够提高服务速度和服务质量！有机会给你们专送！[嘻嘻] //@我爱厨房韩伟:明天订一份试试就知道了。	1
大口大口次biangbiang面。。。。[嘻嘻][嘻嘻]	1
#高级定制#  ?18k白金全钻交叉戒指又完美出炉...[爱你][爱你]是谁的就不点名了[哈哈]自己偷着乐去吧！[做鬼脸][做鬼脸]喜欢这款的也可咨询我哦！[鼓掌][鼓掌][鼓掌][太开心][太开心][太开心]	1
[鼓掌]@北京怡亨酒店	1
[哈哈] //@卢勇教授:又创造了一个一夜暴富的神话！[红包拿来]	1
[哈哈]//@Meteorasy:错了，是一个品牌和一堆手机的竞争。//@朱思行:一款手机和一堆品牌的竞争。	1
可爱~[哈哈][哈哈]//@月落寒霄: 哈哈！！//@拉萨拉呀拉依萨:[偷笑][心]	1
//@蜜甜莲苦: 五一假日愉快[哈哈]微风]//@欢乐雪0818:给力 //@紫飞雪---梦: //@中山铁汉: 山花烂漫春游时。 //@紫飞雪---梦://@沙漠里的山川: 早，节日开心[咖啡][微风]	1
当然要支持一下！！！ //@红丹丹文化助盲:支持脸哥，支持红丹丹。[嘻嘻]	1
据说今天最冷，十来度。美帝这鬼地方，气候硬是要得！[嘻嘻] //@中壮:洛杉矶很热吗？[思考]	1
[抱抱]很萌很萌//@SC-cc: 水里的野兽，陆上的萌娃~这个反差也太大了吧[偷笑]你是魔鬼中的天使[好喜欢]//@点点丫点点: @玩电的瘦子 你看他丫，很要的哈哈哈[哈哈]	1
回复@娜写小日子:我这个吃货昨天今天胃疼的全身发软，还觉得冷。现在在回家路上。。。专家门诊下周三才有。。。[泪][泪][泪] //@娜写小日子:还真是，我又想起你吃螃蟹的样子了，嘴里叼着一个腿儿，还不耽误跟我聊天！[哈哈] //@爱唱歌的小火柴: @娜写小日子 这吃货和我有的一拼！	1
捷报频传[爱你]//@甲乙堂阿雅:番邦冬晨日出晚，祖国捷报已频传。手机翻盖有惊喜，慧廉登上十书榜。 //@采月光的苇:《寻找苏慧廉》十大好书入榜！！！	1
豁然开朗了 ：）[亲亲]	1
麻辣鲜香的兔头！让大家感受温暖甜蜜的＂爱＂！[可爱][偷笑] //@老街兔:麻辣、五香兔头齐上阵，一元一只的美味真是诱惑难挡！[花心]亲们不顾严寒，在店外排队等候，兔爷真心好感动！[可怜]	1
[哈哈] //@多恋鱼：笑死我[哈哈]//@我叫任哥:无	1
#睡前一笑# 回家过年如果有人问起，你怎么变胖了，你就说忘了。不要解释，越解释越悲伤。。。[哈哈]新年的脚步越来越近啦！不过大年三十晚《超级笑星大拜年》带来的欢笑年夜饭吃了可不会变胖哟~很晚啦~大家早些休息！明天还要上班哟~[嘻嘻]晚安！	1
回复@快乐简单的明月:有机会一起哈 //@快乐简单的明月:[鼓掌][围观]赶快加入吧！	1
[衰]各位同学记住啦//@萌漫画:看谁还敢缺席[哈哈]	1
强烈骚扰吧。//@鲍艾乐: 在深圳的同学们，以后有啥事可以第一时间骚扰吴镇了！[嘻嘻]	1
民生[鼓掌][鼓掌] //@极边诱惑:鼓掌。腾冲明天更美好。	1
十分亲民的美食指南，100元吃遍北京的不二选择，姐姐送了我一本签名版，显摆下[嘻嘻]	1
//@第999个神秘事件: 笑点太多！！[哈哈][哈哈]	1
[哈哈]//@长了腿的狗尾巴草: @Nikki南芳 姐姐是这样么。？	1
我们张江的樱花也开了！这张感觉满日式的[哈哈]@dai_dai_dai_dai	1
大家看了别胡思乱想、站在高度上来解读那，这是＂艺术＂。[哈哈]怎么那花让我想起新浪、、	1
#县长带你游光泽#梨花如雪，廊桥如梦，这个春天，去光泽吧！[哈哈][din推撞]@MillyChan丽美 @不捉老鼠的懒猫 @小布行路上	1
这一福利会让谷歌单身员工更抢手么？[嘻嘻]	1
//@王也加v谁不会自己来V: //@斐大文: [哈哈]//@理查同学: [xkl转圈]//@tres_simple: 那算什么。你从纽约机场上飞机，六小时以后你在欧洲了。你从北京机场上飞机，六小时以后你还在北京。[挖鼻屎]	1
陶醉吗？可以自由去展示自己的歌声！[可爱]	1
【帮助同学当奶奶】十三岁考上北京女二中，读书六年。五十年过去了，现在还是经常同学聚会。今天老同学的儿媳经我治疗，怀孕了。我们激动的相拥在一起。电话通知了住在附近的老同学，她，赶来祝贺。坐在一起回忆中学的趣事，，，，，。当奶奶的时候再相聚。[哈哈]	1
#第三届香山啤酒节#在七叶香山精彩开幕[话筒]！德国自酿鲜啤，大肘子[爱你]皇后大赛...精彩活动一直持续到9月22号，欢迎大家参与 @胡滨微博  @韩姐教你下厨房  @热点红姨	1
回复@挥之以剑:[哈哈] //@挥之以剑:我今晚也看了复仇者联盟，各路神仙扎堆儿在一起瞎闹哄，感觉象中国人拍的建国大业。	1
@sisy133 这个版本比较全[爱你]	1
……//@blogkid:做电商可真难 //@淘宝网:上天猫，就购了[哈哈]	1
爸爸从西安带来的大樱桃：软黄和红心，太幸福了！就让樱桃海淹没我吧！[嘻嘻][嘻嘻][嘻嘻]	1
这透视，照成小短腿儿了[哈哈]	1
准点下班，明天各位有好吃的了！[嘻嘻][嘻嘻][嘻嘻]	1
回复@会说话的绵羊:是的。在悉尼。 //@会说话的绵羊:您在SYDNEY么？ //@ABC袁祖文:回复@非鱿鱼非墨鱼:不过，明天必须早起。 //@非鱿鱼非墨鱼:[嘻嘻][good] //@ABC袁祖文:明天不想早起。	1
春天的颐和园很多面，既有南国的婀娜又有帝都的大气！“趣”春游活动，有去颐和园的童鞋没？[嘻嘻]	1
[鼓掌][鼓掌][鼓掌] //@他回精神病院了:谢谢评委。[哈哈]	1
#带着微博去英迪格# 睡地饱饱的，慵懒地起床，来到艾尔伯兹餐厅享受一场充满阳光的海鲜早午餐盛宴，度过无时间感的假日晨光吧！就在今天和明天[馋嘴][馋嘴][爱你][爱你]	1
[鼓掌]//@江南第一家豆腐皮: [转发]	1
【泉州城市形象片】由@泉州电视台 @泉州市旅游局 组织拍摄的泉州城市形象片15秒-A版――文化泉州欢迎您！[鼓掌][太开心]	1
[bm可爱]//@Karin-Loving: 这酒店好贴心[心][爱你][爱你] //@唐拉雅秀国际酒店及度假村:[呵呵]愿好运！	1
#崔健“蓝色骨头”2012巡回演唱会# 上海站，和崔健一起过平安夜[太开心][太开心]	1
可爱的女孩?我们店也变得这么可爱了[可爱]	1
今日，有客人过来做巧克力水果蛋糕给自己女儿，剩下好多蛋糕坯和水果，于是变废为宝，做了好多好多巧克力球，它们有个很特别的名字：水果朱古力蛋蛋！[嘻嘻]@安顿 @麦香猪小肚儿 [哈哈]	1
好粗壮啊[嘻嘻]白肥美[马到成功][马到成功]@Apple	1
来自沈导，丁导及#邱泽#家乡的台湾中视和时报周刊的媒体朋友们，正在@三亚维景国际度假酒店 参观采访中 [鼓掌][鼓掌][鼓掌][鼓掌][鼓掌]	1
[鼓掌] //@沉箱木:好的好的。等等我。。。 @小乔子的马甲 @小蟹童靴	1
POWERLAND(PLD)主题微电影《贝之恋》非常撑得住场！[鼓掌]@dudu6264	1
恭喜！ //@张达张达: //@广煜guangyu:幽默而不失深度，积极表达设计的文化立场与态度。重音在“积极”上。[嘻嘻]	1
【#百变大咖秀#逆天反串】@何炅 何老师再度躺着中枪哈，大家还希望@乔任梁 “妖精”回到#百变大咖秀#扮演????女?????[闭嘴][偷笑]我什么也没说，大家用转发告诉我吧[嘻嘻]@陆贞传奇 @于正1978 @湖南卫视芒果捞	1
走过仓桥直街，跨过八字桥……[嘻嘻]	1
//@吕军----江南一泓: 经典//@?然?菲:哇塞~展昭大侠都怒了//@浅心威尼斯: 展昭说话真经典~~~~~ //@艾小图: 大侠就是大侠。。。[哈哈] //@叶紫:支持南侠 //@忧然110:展大侠怒了[可怜] //@橙纸浑身都是肉:猫儿，喵！	1
十八代不错//@米嘉嘉:琥珀啊啊啊啊啊//@靠谱小姐木小滋:琥珀+10086 //@苏州文化艺术中心: 回复@苏州艺术中心大剧院:[鼓掌]不支持不行 //@苏州艺术中心大剧院:就在几天内集中开票，我们也很期待。琥珀在等档期消息，我们一定努力。另外，今年话剧节票价整体较前两年底了25%，我们一直在努力努力，希望	1
修我长城，兴我中华。欢欢喜喜，过大年![哈哈][哈哈]	1
#阳光灿烂的日子，来玉林建达店庆祝一下吧#现在莅临玉林烤鸭建达店，会员任意消费即享王牌烤鸭半价优惠，另享10%积分返还啦！[赞]会员生日还可获赠50元代金券……[礼物]多重好礼等着您，马上走起吧！[鼓掌]	1
可儿云:国安进球后的祖宗~!@stella末小末睡到自然醒 龙队问,亲爱的喵咪,今天你高兴吗~??[哈哈][哈哈][哈哈]	1
我是季军@权金城彭涌 冠军 //@黄记煌-黄耕: 回复@Ray-Shen:有道理[鼓掌][鼓掌] //@Ray-Shen:你应该反过来想，如果连最不会品味美食的人都觉得好吃的东西，一定是非常好吃的东西[偷笑] //@黄记煌-黄耕:我靠不会吧,我是倒数第一[闭嘴][吃惊] //@微博经典语录:十二星座谁最会	1
#做一回重庆人#[每景渝景]今天前往江北区行政审批中心参观，让我们这群“重庆人”看到、感受到了工作人员为民办事的高效率与贴心服务的一面。工作人员的讲解，让@延参法师 听得如痴如醉。看大师的神情！[哈哈][嘻嘻]@新浪重庆 @渝小新 @重庆向北 @示范Demonstration @jnos @石破天001 @方字下面一把刀	1
【2013，再见】我不无用意地握起你的双手，像告别情人一般与你告别。走吧，去找别人！而我，和你们，将大踏步迈入2014。[嘻嘻][嘻嘻]（摄影：美国摄影师 Mark Hirsch ）	1
后面都用年假去抵了//@Mars100:这日子算的好的//@栗跃鹏:你丫的打听好的吧//@verderer:我半个月前就提了离职好吧//@stone旭:靠，拿了钱就跑[哈哈]	1
@上戏赵武 听赵教授讲电影，7个office一起开[嘻嘻][嘻嘻][嘻嘻]	1
有奖转发[嘻嘻]	1
[哈哈] 不错呀//@泡泡chan:后面的桃心好有爱啊，@葵小萱@huhuzhu 稀罕不//@爱物网: 全部都想要呢~	1
[哈哈]//@小党:这已经涉嫌寻衅滋事了，保重吧。	1
[爱你]美丽魔法师，10分钟变脸大赛！[鼓掌]	1
感觉累了就放空自己[哈哈][哈哈]	1
偶滴妈咪还在西藏游的旅途中，看来brunch只有身边当了妈咪和准备当妈咪的妹纸 朋友们啦[偷笑][偷笑]//@Boxingcatbrewery拳击猫: 怎么可以无视brunch那一大段话呢[哈哈]//@J-Shape:愉快滴在生日当天收到boxing cat的礼物，[鼓掌][鼓掌][鼓掌]。	1
魔镜魔镜告诉我，我长了张什么脸？据测试，我长了张型男脸[花心]。其实不管什么脸，最美的还是笑脸，对不对？[哈哈]@丁?A相声  @鸣乐汇翟琼 @如玉姐姐 ，来测测你长了张什么脸，传送门：http://t.cn/zWcjxh3	1
让Andreas亲自给您加点黑胡椒？?[鼓掌]	1
爽啊！[嘻嘻] @我想说真话- @魏大拿	1
加油贡布[奥特曼]就像我们的约定，骨髓移植后健健康康红光满面的出院[太阳]加油梅朵[爱你]一辈子都要和贡布弟弟幸幸福福的[男孩儿][女孩儿]真的很佩服你，如此纤弱的身躯却拥有着如此坚定的意念?和如此强大的爱[心]	1
我判断 @李锦记张良 说的绝对胯骨轴子而不是xxxxxxxxx //@春晖-来去吉祥:回复@曹志坚-北京:张良说的胯骨轴子[汗][汗][汗][汗][汗][汗][汗][嘻嘻][嘻嘻][嘻嘻][嘻嘻][嘻嘻][嘻嘻][哼][嘻嘻][哼][哼][哼][哼]  //@曹志坚-北京:张良：我说前门楼子...	1
上次圣诞节好像加班[哈哈][哈哈][哈哈][哈哈]	1
[酷] 把头像换回 [鼓掌]	1
这个神器不错啊[鼓掌][鼓掌]	1
//@爱旅游爱赣州: 中央四套出品，[good]展示赣州客家人文历史，将拍十二集，九月左右播出，期待中。//@客家情e:《客家足迹行》走进客家摇篮―赣州！[鼓掌]@爱旅游爱赣州 @江西风景独好 @江西赣州旅游 @赣州天下游 @赣州小编 @赣州同城会	1
抽到大奖的同事们好开心啊，今年不但有各旅游胜地的房券供大家休假使用，更有ipod nano，照相机和现金红包作为大奖，令人激动人心，心潮澎湃啊[哈哈]	1
回复@泡鱼儿:[偷乐]鱼儿赶紧的，争取机会相遇广西。 //@泡鱼儿:回复@小峻film:啊哦~~我也来发几张试试~~[哈哈]	1
我特别奇怪，每次准备回父母家，大师就说，注意家庭矛盾。要不要这么准啊[哈哈] //@疾驰而过的风景:牛宜谈合作!大周日的……	1
[哈哈]校方这是多希望江南和@今何在 复合啊，你们感受一下[爱你]	1
[嘻嘻] 好像包子，这周末我们家包了100多个包子，四种馅儿的，哇哈哈！ //@全球时尚:好温馨，好得意啊[萌]	1
对@Mandy_紫色 说：妞妞：祝你生日快乐！天天开心！[爱你][蛋糕][礼物]	1
#优质食品需要靠谱食客来品鉴#@RealFoods 带你清凉一夏[鼓掌]	1
[哈哈]一大早就收到幸福的微博，祝福老张和 @Ling-娃娃 喜得龙女 [耶]//@太热-张:伟大的妈妈@ Ling-娃娃 辛苦了！ 好消息给大家分享，求扩散！@煲煲儿 @Leohui潘 @晓思先生 @不食人头 @晖哥崽 @武则天v @电影曾斌 @麦敏烽 @陈洁云Iris @范范_FF @简单曾嵘 @brooke @Tommy冯-烈火重生 @严冬日记 @ …	1
我们的位置在北京朝阳区湖光桥，北京香颂2号楼2006室[嘻嘻][嘻嘻]//@大Cc闲置:在哪里？	1
看看这命硬的排名吧！天生给力！//@给力冷笑话排行榜: [哈哈] [哈哈] 我的命很硬	1
回复@屋檐下的小雨:[lt切克闹]这话说得和公然宣布第一批的感觉好像一样啊 //@屋檐下的小雨:回复@有福社长:我们主要是对第6批的好奇,呵呵 //@有福社长:[江南style] //@李丽: 对，那时老师教导我们：要当批林批孔的先锋。[哈哈] //@有福社长: 你们是打破一切杠杠的急先锋[赞]	1
??格子[哈哈]	1
这货还活着？？？@非著名出版人顾风 //@羊娃赵扬: 德胜门外惊现裸肚小胖男。[哈哈]	1
活动做得真的很好喔!~[鼓掌][兔子]??加油哦~~//@小梨子的: [兔子][兔子]明天加油吖~~各位小小送信天使~~@benefit_appeal_kop @Su泽雁要做得更好 @肠崽 @捷运天火 @谢平彬的天空 //@虹慧不空虚: 好充实，谢谢各位师兄师姐的支持与陪伴，今天超兴奋的说。[太开心][鼓掌]//@勇俭爱诚-ZS2: [鼓掌]	1
原来五棵松体育馆的包厢票是这么近那么远[汗]，@沈丹扬环球音乐 danny哥你就安心地坐在第一排吧，哈哈哈[哈哈]！	1
??所有支持 我?一定加倍努力！ //@宝小欢: 感谢与我们上一年一路相伴的用户，这一年也要不抛弃不放弃在一起喔[嘻嘻][嘻嘻][嘻嘻]新年好新年好！	1
下手就是，锅满血[酷][酷] //@蘑小菇even:多肉库开卖大株熊了么？求天儿哥反哺我一颗成么……[害羞]//@黄天space: 还我四盆[挖鼻屎][挖鼻屎][挖鼻屎] //@宣毛和他爹的薄小荷:从你家定了肉，下周估计就能收到了，我也要种起来！//@多洛?花园: [亲亲]明天见！	1
私家茶在哪里有，你知道吗？北京：7-11、好邻居、快客、校园烛光超市、华堂、天客隆、沃尔玛、家乐福、永旺超市、华联精品超市BHG；上海：家乐福、喜士多、罗森、7-11、快客、教育超市；京东商城、俏江南天猫旗舰店、1号店、我买网；还有俏江南直营门店[鼓掌][鼓掌]	1
喜欢我们的小喵屋 和茸茸 大庄 二白白一起共进晚餐好开森[爱你][心] //@小西堂:愿在寒冷的日子里 小西堂可以给每位小伙伴带去温暖[得意地笑][许愿]	1
[偷笑][偷笑][偷笑]害怕吧！//@崔程:这个大叔老是这么准，让人情何以堪呀//@禚洪梅: @崔程 确实要花一笔人情费[哈哈]准！	1
可以考虑。[嘻嘻] //@生活创意DIY精选:【21天减 肥法 3周狂减20斤】@梦游_Echo_公主病	1
现在试运行状况良好，适时推出，欢迎大家下载哦[太开心]//@虾虾114:欢迎加盟公民记者团。[话筒]	1
//@happy茗甜:好喜欢好喜欢，多想去享受一下梦境里的世界~//@hi阿楠_PX项目滚出九江: [爱你] //@九江旅游杜少华:这是我们美丽的家乡！	1
期待[哈哈]//@星尚陈睿:那些家具和它们背后的故事。好看！	1
老狼的歌声很像@AlibabaKevin [嘻嘻][哈哈]	1
你会不知道？ //@潘石屹:真的？假的？ //@刘春:我确实正在筹备以潘潘为原型的大型励志电视剧《不平凡的世界》，女主角我倾向@高圆圆 或@宋佳 ，主要我熟啊 //@任志强:潘潘可以穿高跟鞋！[哈哈][哈哈] //@张欣:真的？不是找林妹妹当女主角吧？个头不对！！ //@任志强:他在策划给小潘潘拍电视剧！	1
[嘻嘻][嘻嘻]好的呀~~我们酒店一定不会让您失望的~~ //@牧羊人:回复@天津海河英迪格酒店Indigo:我已是starwood和renaissance会员，有机会的话去你家体验比较一下。	1
#带着微博去贵州#早听说凯里酸汤鱼最有名。10月2号到达凯里就先尝尝酸汤粉。酸汤是贵州一宝，不仅仅只有酸汤鱼，还有酸汤排骨、酸汤猪蹄、酸辣烫锅。在贵州流传一句民谚：“三天不吃酸，走路打窜窜”。[爱你]回到厦门又怀念那个酸汤了，咋办？	1
【10天急瘦7斤 DIY午餐食谱】这是网友分享的午餐减肥食谱哦。这套减肥食谱在保证基础营养的同时，可以达到清理肠胃、排除毒素的美容功效，同时还可以有效地减轻体重3～7斤。欢迎收藏呦。[嘻嘻]	1
期待着这一盛事！[太开心]	1
[哈哈] 你这建议太给力了！明早晨会议题这个可以有//@54baobaobear：建议用你家的iPad装在的一起，在暴雨的夜晚举行一场切西瓜比赛[嘻嘻]//@首都机场朗豪酒店:#北京暴雨#  有这样娱乐设施的酒店在北京没见过吧[偷笑] 免费的哦！过来就有的玩！	1
哎哟。不错噢[酷] //@中传飞人William:有点意思值得期待哦。[嘻嘻]@Club-Vac悦逸度假俱乐部 @海南航空	1
真让人感动！ //@英伦雨雨纷纷:太浪漫了，祝福！[围观]  //@AV东北菜:   //@老曹看德国: 太牛了！祝福你们！[鼓掌]  //@戒不掉咖啡的樱桃小丸纸: 果然！太牛啦！祝福~~~[哈哈]  //@冯栗子:是宋小玉童鞋么？欧麦高的！@戒不掉咖啡的樱桃小丸纸	1
我们到会场了[哈哈]	1
[good]//@咪Micky咪:无视傻逼就是对傻逼最大的羞辱 我说的对吗 金美女[爱你]//@金星:右边俩二货别找骂！就是有你们这样的民，才会滋养那样的官！ //@KDS龙腾四海:嗯，去泰国没准有戏 //@懒得打理一切zi:右边你是当官的料！去竟选呀！[左哼哼]//@金星:不是民选的官能有啥含量？！	1
@顺风123北京店 @美食 这个石锅杏鲍菇做的真有特点[哈哈]	1
新鲜出炉啦，二十块钱一斤！实行三包，代办托运，要抢的兄弟姐妹们赶紧下爪啦，晚了可就只剩影子啦！！[抓狂][哈哈]	1
好萌[围观][爱你][哈哈][哈哈][嘻嘻]	1
坚强妈妈，美妈妈[亲亲]。遗憾的是还有好多美美的照片没能呈现。//@彭丽霞lisa: 转发微博	1
[嘻嘻]是哦。 //@费明微博:[笑哈哈][笑哈哈][笑哈哈]//@媒体人肖执缨: 不至于吧？[挖鼻屎]//@倍儿娱:裤衩很生气，后果很严重	1
我还有上世纪八十年代的呢！在我十多纸箱书中的一个里装着呢，现在的怀旧门槛也太低了。 //@多看策划: 10年前的老《读者》哎，泪点被戳到了[太开心]	1
放假?始！[鼓掌]	1
回复@能到达的彼岸:[鼓掌][耶]到了 //@能到达的彼岸:到家啦！????	1
//@张丽娟_ok：[嘻嘻]//@深思考专家:给力	1
想起一首歌 把幸福和团圆连成串 没有愁来没有烦[哈哈][哈哈][哈哈]	1
[哈哈]生活再苦再累，请在心里对自己说：给老子笑。	1
姑娘们，看过来//@王珏_OHC: #随手发解救静安男#[鼓掌]	1
如果算上每年10%的通货膨胀，三年估计差不多能赶上您说的水平 [鼓掌] //@岳国峰:降低到30%还差不多	1
回复@LLMG:哈哈[哈哈] //@LLMG:@撒空空 为毛第一个就想到艾特你[哈哈]	1
关于春运的漫画??????[哈哈] 最后获得冠军的是。。。。	1
回覆@杨菲朵: 在NG总部看到他当年拍的原片，这感觉和见到大师本人时候还不完全一样。。 真很神奇。 //@杨菲朵:[哈哈]这个话题对我也好穿越的！	1
瞧小熊这韩国思密达的范儿啊,亲是想跟着歌诗达去韩国游了吧! [哈哈][哈哈]	1
豆乳花，结果就是龙凤布丁，骗伦[抓狂]，不过味道蛮好吃[嘻嘻]	1
[嘻嘻]//@新鲜旅厦门: #小新小浪侣行记#雪山之颠，小新历尽艰险，在喜羊羊的指引下，终在神山之畔，与小浪相遇。	1
[疑问] [思考]//@怪棋:独生子女政策还适用？ //@杰尼妈妈JanarSlanbek:[鼓掌] //@围脖摘要:转发微博	1
[哈哈][哈哈][哈哈]谢谢亲爱的队友们[偷笑][偷笑][偷笑]照片真是美好的回忆阿[围观]	1
熊孩子悄悄跟小编说：“这真的是熊孩子的忠实拥护者！” 感谢小伙伴支持歌诗达邮轮~[抱抱]	1
请爱??转发！3月14日―3月16 #星星?兔子?爱 慈善二手衣物义卖# 来上海啦！就在芮欧百货！这是我的好友超模陈碧舸及团队同仁们发起的慈善活动，黄老湿还特别为这次活动设计了橱窗[爱你]希望身边好友们能多多捧场，献出你的爱心帮助孤独症儿童[心][心]这个周末我们在上海芮欧百货见哦！	1
咋滴？又装冤枉装无辜装可怜了呗？//@昆哥Q:我敢叫哥在里面演的挺好啊[嘻嘻] //@Hilary_Li: 按照terry的RP来说，本官可以断定这案子绝对是@昆哥Q 是罪魁祸首！牛头@李mi的猜想 马面@district-F 把他抓起来。	1
吃吃喝喝开始前,展示一下新宠[嘻嘻] 我在:http://t.cn/z8T768u	1
[哈哈] 想拍两下~~	1
这个不错//@许汉波: 不会吧，又是征婚帖？小弟快回北京了。//@王利群: 征婚帖，估计微博里能找到[哈哈]	1
不错 这次提前做了防盗[偷笑][鼓掌] 希望这条的转发量能超过去年！[good]	1
我回上海了，发现明天偶生日[哈哈]	1
#微信#美文分享平台升级啦！在日后的每一天，我们将精心为亲奉上一篇《微美文》，与亲分享维景每一天、每一处、每一刻的点滴美好。每个周末，我们将点滴穿结，汇成一本精美的《微美刊》。为亲的手机微生活增添更多缤纷色彩！期待您喜欢，更希望您与亲朋好友们一起分享美好哦[爱你]微信号：sanyaweijing	1
#天天向上# ：【播出进行时】替刘雯提前预约下，建议做刘雯专场，全场男嘉宾都是为她而来的，行吗？[爱你]//@我们约会吧: 刚看了@刘雯 这期天天，可爱又有气质的湖南妹子，是我们湖南人的骄傲[?你] 听闻雯雯父母是#我们约会吧#脑残粉，雯雯想找对象可以来上约会[偷笑]//@刘雯:求小板凳，啤酒炸鸡	1
诚招资深前端开发工程师[嘻嘻]//@最后的Q版:前些日子还因为ie的不兼容导致样式出问题被老板骂了，你说我一主作后端的没对应的人搞前端我兼着做做也不容易啊。。。。憋屈。。。。// @Mars100 :赶紧自动吧// @高祯祥 : ie6早就可以被淘汰了[酷]// @互联网的那点事 :网站开发人员你们可以笑了...	1
这么贴心的礼物, 谢谢来自Laundry的新婚祝福~~~ 今晚是我们婚礼后第一次同台表演, 这件红色的礼服也来自@laundrybyshellisegal [爱你]	1
回复@染香姐姐:我送@鸡排哥哥 的第1佳鸡排给你[嘻嘻][耶] //@染香姐姐:[爱你][爱你]要送饭哦 //@染香姐姐:怕的是你也进去了，咱们被一锅端。[哈哈]  //@隋牧青律师:三位无论哪位进去，在下一定尽力帮助请中国最优秀的律师来辩护，让你们感受到俺的守望相助情义 //@染香姐姐: 有我吗？	1
没问题，Q上留地址，5号立刻寄。//@家有Summer: 要签名杂志哈哈 //@凤凰生活杂志郭蔷:爱尤，大脸的姨们真好[爱你]。//@丛虫时移事往: 大脸的二姨扑上~~[微风]//@凤凰生活杂志郭蔷: 谢谢大脸它姨。[嘻嘻]//@家有Summer: [围观][威武] //	1
原来蓝精灵是阿凡达小时候啊[good] [偷笑] //@微博搞笑排行榜:[哈哈]	1
回复@神经病二姐:[嘻嘻] 有压力，才有动力，哈哈！ //@神经病二姐:姿势美是首要的，成绩好绝对是必须的！// @FCC韩健刚 :美女打高尔夫，重要的是姿势，球飞哪里，那是球的事[哈哈] // @golftravel李超 :说得好！ //@头等舱俱乐部:[嘻嘻] //@FCC韩健刚：那当然帅呆了哈	1
期待启动仪式！ //@某制片主任:哈哈，我就是搞俱乐部的[哈哈] //@热点红姨:我们这些会员是不是要认识一下呢？组织一个俱乐部吧！//@中俊崔春婷: 人气旺![呵呵] //@某制片主任:有了这卡粉丝猛增啊！//@某制片主任:回复@中俊崔春婷:哈 //@中俊崔春婷:是80288，最多可以透支2000元呀![偷笑]	1
[嘻嘻]买个硬货过大年！	1
@懒人业余餐厅 领着廖那厮，唐那厮！参加顾老师拍的毛片子，…蛋疼！[哈哈][哈哈]	1
很多酒店项目就因前期设计不到位，管理公司很难参与//@中国喻冰: //@李一白: @蒋鹏jeason @仕邦Racher_Lee 你们有时间去听听吧 //@余茂生:回复@邹宗进:好的，这个消息可以转发，这个活动场地我们稍微大一些，人数可以放到30-40人范围。 //@邹宗进:回复@余茂生:我们几个早点到！[哈哈]#博纳九城#	1
唐朝[嘻嘻] 我在:http://t.cn/8FqXlvI	1
回复@那女-ren-小樱:别灰心。。多转转哈 还有三次机会呢[嘻嘻] //@那女-ren-小樱:亲爱的小编@维洛纳主题酒店 为什么不是我啊。。。[泪][泪] //@维洛纳主题酒店:	1
回复@玫瑰花186:就是用姜爆鸭的残汤剩羹拌在面条里的呗[哈哈] //@玫瑰花186:牛。有没得做法？	1
五月中旬吃豇豆[爱你]	1
回复@阿依不爱吃汤饭:这叫迷踪剑法嘛！[嘻嘻] //@阿依不爱吃汤饭:可是我的剑也够不到对方 都没精彩剧情咯[泪] //@俺叫老鬼:那不正好嘛！ //@阿依不爱吃汤饭: 就这么定了 我去应聘去[嘻嘻]可是我个子太小 万一和我搭戏得演员挥舞剑看不到我咋半[哈哈][哈哈][哈哈]	1
[哈哈] //@圈J圈：[衰]	1
我们搞地下工作的，真不敢随便高调，因为N年后会被翻出来的。你要快乐，要幸福啊。[哈哈] //@陈不饱：回复 @韶山毛泽东纪念馆曾洁:[心][心][心][心][心] //@韶山毛泽东纪念馆曾洁:小洁，生日快乐喔	1
116[爱你][爱你][爱你]	1
抱抱！[爱你][爱你] //@会飞的叶子Eva:过来抱抱！[爱你][爱你][爱你]@背光的屋 @小糟在努力ww @杰尼妈妈JanarSlanbek	1
[鼓掌]祝贺金霖新专辑大卖，里面还有我俩一首对唱哦[音乐][兔子]	1
@万宏与花 感谢万老师和在他手中诞生的美丽的花//@优品雷公: 花美，人更美。//@杨2婕娜姆:雷公对美的诠释让人惊艳[哈哈][哈哈] //@优品杂志姚苑莉:好美的花	1
吃正宗精品烤鸭就来玉林烤鸭哦~[鼓掌]	1
趣意、地道、独特是万丽品牌的核心价值，我们将秉着特色，为客人提供优质服务。来酒店不仅能享受美食，最近酒店健身房还推出了150元的亲子优惠活动噢~想运动健身、想品尝美食，尽在豫园万丽酒店！//@逍??-L: [哈哈][哈哈][哈哈]	1
新年快乐！啊！//@叮当小宝麻麻:阿姨早点康复啊。。新年快乐亲[嘻嘻][嘻嘻]	1
再次推荐[爱你] //@华茜_fendy:啥也不说了，购买转播，吐血推荐~ //@Chongkalam: wow！@我才是键盘哥	1
收到了[哈哈]	1
#今天你吃早餐了吗#早餐，一定要好好吃[爱你]，吃好好[酷]	1
[可怜]澳旅游局就拿这个做文章好了。勾引死人。[心]//@世界杂志: 不到一个月的小考拉~让人看的心都要融化了！[爱你]	1
内脏都在头里边，那是爱你的表现啊[哈哈]	1
就一个人的景区真嗨皮[嘻嘻] 我在#灵溪风景区# http://t.cn/zOe1iRg	1
//@吾爱全球签证中心: [飞机]在飞机上发微博了！[鼓掌] //@YUAN文逸:我的IPAD还在伊斯坦布尔机场失物招领处，活活因为转机，招领处在关外，我没签证拿不到	1
同失[嘻嘻]//@陈闽ES:同失[泪]	1
[鼓掌][心]//@北京临空皇冠假日酒店: 强烈关注中//@新西餐: 此次“优秀大厨”烹饪比赛的赛事日程、评委团队、参赛资格、报名方式等相关内容，将刊登于《新西餐》2013年4月刊[呵呵]	1
梅峰，老师 //@梅峰老师:[哈哈]	1
@煎刀鱼  //@皮皮宠:10月3日领养猫猫狗狗信息：深圳、北京、福州、西安、南京、广州。被主人抛弃的泰迪、贵宾；被折磨虐待眼神沧桑的可怜金毛；好心人救下来的小狗崽；救助回来的阿拉斯基……没有抛弃，这些孩子就不会经历心碎的伤痛。你愿意给它们一个家吗？[爱你][可怜][http://t.cn/zWEm7CE	1
公洗公洗[鼓掌]向“南方电视台”官方微信发送“南方礼”，正确回答两个问题，就有机会获得各种好礼啦～本期南方礼奖品：先锋遥控落地扇、优莱、乳胶粒子枕、苏泊尔电压力锅、韩国?乐（ELRA）迷你卷发器等[礼物]	1
[鼓掌] //@岳富涛://@我是刘佳: 一财欢迎你！	1
整天瞎琢磨[哈哈]//@琢磨先生: 被你们一转，不知道能保住不。。 //@张泉灵: [哈哈] [哈哈]//@宋英杰:[偷笑]	1
我第一次和男人约会，你温柔点…[哈哈][哈哈]	1
我都被感动了[爱你] //@冯雪cindy:别有创意，感动，感谢，珍藏！[爱你][爱你][爱你][爱你]@霍雪岭 @劲松侯老师 @韩姐教你下厨房 @王星餐饮品牌策划人 @胡滨微博@热点红姨 @梅华周 @夏柠儿@现代可汗@三摩地帮主@侯新庆@王玮Andy@李牧哥	1
“当头炮，把马跳…”小编我对象棋的了解实在浅薄，欢迎专业人士的指点，[鼓掌]大家猜猜这是在哪儿呢？[偷笑]	1
技术！[嘻嘻][哈哈][爱你]@@CLAUDIA小蛮	1
[太开心]@瘦马古道001 //@西海一剑at动漫: 转发微博	1
好的！等着你的读后分享和旅台见闻[哈哈]	1
这叫急中生智[哈哈]//@谭昱君: 哦？//@有机玉米董朋利:试试吧//@王金阳: [哈哈][哈哈]送给高考学子们。	1
远距离的福利??????  @楠心 很绝有木有~！[嘻嘻]	1
生命是个过程，榜样啊//@王蕤-AnnieWang: 哈。我先生的二姑没有姑妈学习好。送到麻省旁边一学校读书，方便哥哥姐姐照顾。结果找了麻省高材生，该男士是新加坡最有名望家族之子。生了三个儿子。新加坡一整条街以他家命名。也很幸福。//@jojogao:以后有女儿也送到MIT[哈哈] //@王潇_潇洒姐: 此为活过。	1
开除案例 哈哈[哈哈]	1
[哈哈][哈哈] //@viciyalee朝朝:[哈哈][哈哈] //@springkat:[哈哈][哈哈] //@郎能能: 哈哈哈哈//@小鲤鱼打挺:[哈哈][哈哈]@郎能能 @nina北京 @viciyalee朝朝 //@蟹哥小付:[哈哈][哈哈] //@天山石音:转发微博	1
@蕾女心经 何为闺蜜：只要你想见，她就尽一切可能出现；只要你需要，她就尽一切可能实现...你想说，她就听；你想哭，她就安慰；你迷失，她就是导盲犬；你想逃，她尾随；你疯，她比你还疯；你傻，她比你还傻...没有缘由！只有真心和珍惜！[爱你]@邸琨 今天我有些纠结...谢谢你在我身边！	1
谢谢@FOTILE方太 的温馨礼物，我有自己的专属筷子啦，瞬间感到高大上啊[哈哈][哈哈][哈哈]	1
温莎家宴真心豪华！感谢大家姐的款待！让我第一次吃到香港人的经典传统新年大宴--盆菜。生日快乐！天天快乐！[爱你][爱你]@海阔天空好飞翔	1
美得叫人窒息[鼓掌]	1
[鼓掌][鼓掌][鼓掌][太开心][给力][兔子][熊猫]	1
一个字：美！[爱你][爱你][爱你] //@蔡紫芬官方影迷会:[给力][给力][给力]	1
回复@大西迁林玉:[嘘] //@大西迁林玉:回复@俺叫老鬼:[哈哈][哈哈][嘻嘻][嘻嘻]毕老师，咱不说...	1
您的满意是我们服务的宗旨[可爱]	1
特产特产。欢喜之旅[哈哈][哈哈]	1
[哈哈]@文杰儿	1
欢迎来加拿大！看着这段视频，不知道为什么想起一句话：Home away from home!我们喜欢这里，希望您也喜欢！//@大蒙特利尔旅游天地: 谢谢亲，身临其境啊[爱你]	1
蓝蓝泉州湾，[爱你]泉州！//@东南早报教育周刊： //@泉州师院校报记者团: 发现他们很少会讲中国话。闽南话倒是有些会讲。	1
好啊[鼓掌][鼓掌] //@TinaWu2011:组团去看嘛！@sophyia @茉莉香片1982 @玄圭媛 //@国家博物馆: 购票信息请参考@林兆华戏剧艺术中心 发布的微博~	1
@波波夫 生日快乐。我们都要听小曲儿[偷笑] //@蓝色小时:周周生日快乐！[嘻嘻]我们都爱你哦[爱你]~是吧，各位亲 @云在青天lemon   @刘薯米   @1蔡蔡1   @xue0328   @澡澡	1
长沙机场喝茶看吸血鬼骑士....[偷笑][偷笑] 妈妈说啊，明天是我阴历生日，要给我过生日呢。[耶][委屈][亲亲] 阳历生日我跟朋友们过。[偷笑][偷笑] 幸福的我一年过两个生日，都在一个月里。[害羞][害羞]	1
有人12月29号跟我一起去广州看医神的演唱会吗？ [嘻嘻][可爱][话筒]	1
减压贴~~//@blue开心窝窝: //@实用小百科:好可爱[哈哈]	1
@宣武大头丁儿 @Harry2354166213-抵制玉林狗肉节 @鑫鑫的honey小冉 看球去！[嘻嘻]	1
[哈哈]//@马孔多林: 靠和素质奉献无关的身份组成俱乐部，然后再集体高尚互相吹捧，你这明明是在影射党校，坏人~//@强子0311: 非常无奈的是，说不定将来还真是这批人当权啊。。。	1
//@周德仓: //@中国浩强://@唐晟东:[嘻嘻][嘻嘻]精彩待续、、、、@刘新勇lxy @在方圆之内大肆活动的周公 @萧田馨紫 @黄耀可co @梁栋V栋栋 @周德仓 @创意民院 @中国浩强 @西藏共青团 @周俊杰Mark	1
深圳番茄电子商务有限公司董事会聘请招商证券传媒与互联网行业首席分析师 @赵宇杰 担任公司独立董事，聘期一年。 [嘻嘻]	1
在@Imlina 妹推荐的有漂亮油画餐厅里吃了鲜美的越南河粉PHO，好满足[哈哈]沙田是个适合生活的好地方@大王毅 [哈哈]	1
@商烊Emma @davi_s弧线 第一个想到的是你俩 [哈哈] 那天的战争真的是太精彩了 [偷笑] @VickieLi //@方十三姨: @Kathy-0_0-Kang：CN....侬滴心声呀........	1
[给力][给力][鼓掌][鼓掌]谢谢陀陀 //@gzshirley:[鼓掌]	1
不怕，我们护您大驾回京！[哈哈] //@俺叫老鬼:就是，有人追捕呢！[偷笑] //@杰尼妈妈JanarSlanbek:毕老师回程小心啦。。。[哈哈][哈哈]  //@俺叫老鬼:回复@?喝咖啡的食人花一直犯二:哈哈，晚了，肇事者已逃逸啦！[嘻嘻]  //@?喝咖啡的食人花一直犯二:哎?[偷笑]在我的地???路?都不交[怒骂]?上	1
神马叫立场坚定，神马叫与时俱进，老周往前面一站，全明白了[笑哈哈]//@好人老周: 坚持饺子不动摇，茅台可改五粮液，以符合社长家藏实际[哈哈] //@有福社长:有饺子有茅台，即是老周之组织[哈哈] //@好人老周: 回复@健康咨询黄靖源: 亲人啊，我又找到了组织[握手]	1
是好，?是不好呢？抑或兼而有之。???，哈哥我撞破?袋也想之不出[抓狂]，到??上琪博兄@王琪博 ?@竹子做的熊? 妹妹，一起?面聆?冬君兄提?。[握手][哈哈] //@李冬君:回复@哈戳戳:体内多种经济成分并存，公私合办，官商合办，官督商办，商助官办，产权形式多样化。	1
//@邪恶事件录:[哈哈] [哈哈] [哈哈] [哈哈] [哈哈] [哈哈] [哈哈] [哈哈] [哈哈] [哈哈] [哈哈] [哈哈] [哈哈] [哈哈] [哈哈] [哈哈] [哈哈] [哈哈]	1
阳光明媚...巴黎今儿是个好天气...[太开心][照相机] 我在:http://t.cn/zjeH9dq	1
[鼓掌]俺也转 //@阎品红:冲这这张照片，大策，转了……[做鬼脸]	1
回复@陈居丰Michael: 顶，好的表达和好的倾听都非常重要。//@陈居丰Michael:问题是用大脑解决的！对方聋了，再大声都听不进去的！[哈哈]	1
真心时,在@海立方酒店 wifi上不了[抓狂][抓狂][抓狂][抓狂]吃饭没个位,各种可怜无奈牛[泪][泪][泪]//@宜良大锅米线:估计憋坏了[哈哈][哈哈]//@小小喔:满血复活了[哈哈][哈哈][哈哈]	1
杭州用这种方式欢迎我！[亲亲]机场都太诗情画意了。忆江南，最忆是杭州！ 我在这里:http://t.cn/zlKcgWm	1
瑶哥，今天很冻人！ //@刘小闹Eddipop:瑶哥好，瑶哥V5！[偷笑][偷笑][爱你]	1
大理[嘻嘻] //@寂寞快乐者1971:又去哪儿了?	1
我就是来得瑟的 [哈哈]	1
来来来，告诉小开你在哪？[哈哈]	1
//@中测企业集团苏季梁:[哈哈][哈哈][哈哈]	1
一早送儿子上学，跟我分享昨天老师的表扬：＂老师说我假期的英语卷子是写的最好的，尤其是字母好得都不像正常人写的！＂回忆假期经历，难道是他爸那场不正常的暴打＂揍＂效啦[哈哈]据说神经高度紧张时会有一些匪夷所思的效果[偷笑]	1
大隐闹市地@正益德 ，满屋陈列进口洋酒，暖暖阳光照，红酒还有星巴克咖啡，是不是要醉啦[哈哈]@多晶生活网 @好木望夏 @前方有大路 @辛福兵	1
回复@Dimple在凤凰新媒体:那我们强烈要求请大家吃顿好的了[哈哈]@Ciky的角落 @琦怪奇 @RukMaiMeeWantay_K //@Dimple在凤凰新媒体:宁生苦短要及时行乐，钱乃生外之物生不带来死不带去，想花就花呗[偷笑] //@mendy静静:[赞]，钞票是侬多呀[偷笑]，嗲是嗲额[给力][鼓掌]	1
【城市之音四川台FM102.6】城市之音 #2013校园迎新#-明星音乐教室。音乐老师Hari荷莉现场教授同学《可爱颂》舞蹈！萌翻了啊！三位男同学跳的很有特色哦！[哈哈]@成都信息工程学院社联	1
#首都美食# 北京电视台的主持们昨日光临我们的韩国料理店了~加上之前的央视名嘴~#端午节# 来北京的亲~想在我们这里和明人求偶遇吗？[可爱] ?爱北京~爱旅游~爱美食！请关注@首都大酒店官方微博	1
回复@羊绒原产地粉丝团:等我 研究研究您啊[哈哈]//@羊绒原产地粉丝团:回复@杨亚天:对微信、微博、或者粉丝营销很感兴趣，本地有货源优势，但是无从下手！	1
不太可能啊[泪][泪][泪] //@幸福的肥猫Q:@开口笑1993654157@陈蕾又饿又困@维扬红袖@Hello王小羊@佳子的围脖  希望大家都能拿到啊[嘻嘻]	1
网友人才济济啊，太逗了[哈哈]//@全球创意搜罗:盖茨：“从现在起，我开始存钱买兰博基尼了”...................	1
世上最幸福的事：坏脾气的她遇上好脾气的他。汪星人＆喵星人――真爱无边界。[爱你]	1
[哈哈][哈哈][围观][围观]坐等调查//@王东驰:举棋不定//@范炜: 假如郭美美再次掀翻红会，大家会认为她是英雄吗？只是假如啊…	1
清凉爽口的荸荠被我做成了重口味辣子鸡丁。[可爱]	1
享受舞蹈的乐趣，享受心灵的放松，关键美女多[嘻嘻]	1
武当文物给力湖北省博馆道教文物展，展览截止6月17日！武汉的盆友没空到武当，到省博观瞻武当宝贝也不错！[给力][哈哈][围观]	1
像是被洗礼后嗒银杏大道～@孙__小新 去趟帝都仲麽样？[太开心]	1
[赞]急就见功底。 //@张传维:刻得不好，沈老师玩玩就好[哈哈]	1
今天有幸认识民族饭店的美籍大厨Paul，并吃到了他亲手制作的chess cake入口即化哦[馋嘴] 感谢@热点红姨  的推荐[亲亲]只可惜今天没能见到红姨，听说病了要保重哦@BTV火旺 @传媒老王 @传媒老王 @边疆边吃边说 @东方美食杂志编辑于勇 @韩姐教你下厨房 @热点联盟 我在这里:http://t.cn/zjtuMMO	1
被绑架，没办法[嘻嘻]//@刘巍-tony:点评啊，点评！//@小南城: @刘巍-tony @赵泽Alex	1
贾老师这是有闲有艺有情趣[花心]//@李败山:老贾勤快人~俺是耐不住这个烦滴[哈哈]	1
有才//@xiaoxiao-moonfox: 哈哈哈哈 太有才啦~[鼓掌]	1
[鼓掌]赶紧申请版权专利，否则棒子们又说是他们的~	1
我们的买手只寻找最新鲜、最特别的食材，只发现每一处值得为美味前往的地方，跟随CCTV-发现之旅，和@本来生活一起，为我们的美好生活增添一份惊喜吧[哈哈][哈哈]今晚六点四十五分《寻味本来生活》	1
《独立评论文选》毛边，美貌吧？[抱抱]	1
[威武][哈哈]哇嘎嘎！	1
@LaPrincesseCupcakes 美女蛋糕师好可爱，现实版破产姐妹哇。[哈哈][哈哈][哈哈]	1
【防雾霾神招来啦！】各城市面对雾霾，会遭遇什么?事？是看不清女友、脱不下口罩，还是报了#携程雾霾险#，等着拿钱？戳图领中枪！[哈哈]普大喜奔，携程旅游雾霾保险即日上线！6城市出游如遇雾霾并满足条件，最高赔付350元！详情戳链接，祝愿大家旅游时天天天晴，给咱们省点！http://t.cn/8sUffc5	1
[哈哈]//@wswswe: 转发微博	1
回覆@?淑怡SK:歌仔?是台?的?曲！就像香港的??一?！?生?！乖～[嘻嘻] //@?淑怡SK:?姐，wah不懂歌仔...什?？??！ //@KwanChiu:我喜?歌仔?啦！[呵呵]	1
我要转发一下，希望大家都能顺利收到我七月份在青海寄给你们的明信片[爱你]	1
[哈哈] [爱] 《遍地狼烟》发布会上主演何润东和小宋佳精彩抓拍！[跳舞花] 配合默契！	1
回复@小小_口袋: 介个头像不系你吧[疑问] //@小小_口袋:自信，你有的！[哈哈] //@Sunflower_Isa:用飘柔，就是这么自信。。。 //@sandyyang33:这个广告真的把我笑死了！	1
//@吉他中国小兵姜伟: 哈哈哈！[哈哈][哈哈][哈哈][泪][泪][泪]	1
@一家之岩  //@全球热门排行榜:很经典的相声，相信大家一定很有共鸣！[哈哈]	1
好美的旅程！[ali哇] //@大鹏背包走天下:我陪你旅行，你给我拍照！ //@薛欣:可以，可以。将来发财了也要请大鹏做三陪玩转毛里球丝儿。[嘻嘻][哈哈]	1
回复@悟0825:如果是后者，那JB长明显很危险。看来，那位袁老师他们学校定50cm还是很有科学道理的。 //@悟0825:回复@张小云:鸡巴鸡巴，长不过八寸，超过八寸叫‘?’[嘻嘻]	1
[耶]//@吃冰棍的风:[赞][鼓掌]	1
回覆@邵无猜:[哈哈] 我?要?杭州第一呀~~ //@邵无猜:这么早的月饼[吃惊] 。我们不是在过中秋，就是在赶往中秋的路上[偷笑] //@??安?：快???~ //@??安?:快???~	1
#极地新年嘉年华#各种水母，太可爱啦[爱你]@武汉海昌极地海洋世界 @湖北旅游 @auv张君雅小妹妹 @好木望夏	1
最近莫莫要训练打架，波波远离它[哈哈]//@一夕雪er: 默默可萌了 //@北京国际露营公园:淘气的莫莫，你要不回家谁管你饭啊//@大致若鱼-李广: 可怜的孩子//@北京国际露营公园_杜晓:@oo六喜oo @北京国际露营公园 @一夕雪er @hot7513 @大致若鱼-李广 @HONEY雪儿妈	1
看着有点像JS和Puffy嘛//@Little_Jacqueline：[太开心]	1
信任是可以传递的@百炼青铜   //@我们都是有病的人:其实人性之美，原始社会也有！比三个代表无关！[哈哈]//@下午茶2599: 人与人之间的信任，原来是如此的美好。@我们都是有病的人@李银河//@某普通公民II: 难得的是发生在今日之天朝...感动一	1
群众路线应常走[嘻嘻]//@虾虾114:#记者走基层# 基层欢乐多。[嘻嘻]	1
一起来看看我们今天拍卖的这幅画作吧。《粉红伊斯坦布尔》。献上大师与他的作品的合影。[爱你]超级美！	1
回复@品薇小薇:几张连拍里选定的这张，表情不是最好的，但发丝的动感却是最棒的。非常喜欢这个感觉 //@品薇小薇:堪称完美的一张片呀，发丝擦过脸庞的感觉刚刚好 //@那年那月nina:这套白纱我的最爱出现了！感谢黑同学后期，继续发掘美片吧[爱你][爱你] @暴力大婶郭小苒	1
感谢姐姐，[花心][花心]刚刚收到![心]@penny绮年华 超级喜欢![心][心][兔子]@拔刀斋皇甫江 [兔子][熊猫][鼓掌][鼓掌][可爱][可爱]	1
入住酒店，都会收到我们的餐饮优惠册，在酒店每一间餐厅和酒廊都会有惊喜哦！[太开心]	1
赞哦[鼓掌]	1
大盗发小财啦！[鼓掌]昨天刚说熬鹰，你这就捡到两枚子弹头！俺是不是该接着说金子啊、彩票啊、半斤重的大闸蟹啊、帅哥啊驴啥的？[思考]	1
回复@高婵淡定:你快着点~~~别忘记发微博传图片并且@ 我！[哈哈][哈哈][哈哈] //@高婵淡定:回复@闫茵:我真是要剖腹自杀了！！！！！！！！！！！！ //@闫茵:让我怎么个冲锋陷阵法，这死女人直接当我不存在，你说说，我很受伤！ //@钱多多money:那你就早早冲锋陷阵啊~别老让我党发言人！累，又没钱~	1
[嘻嘻][嘻嘻]//@球霸花和尚:没忍住，吃了桶泡面[生病]//@崔玉Nicholas: 我也得忍住！//@杨粉帅:我忍住了//@崔玉Nicholas:大晚上晒美食，这事不太厚道！[偷笑]	1
照的还真好！专业！！//@Laurence骆国顺:感谢温老湿的摄影作品 [嘻嘻]@温瑞媛-国际形象造型设计师	1
回复@湘人余岁柏:跟余总学学[可爱] //@湘人余岁柏:看样子，天下男人都爱美女！@尹峰 @长沙杨柳 @何高峰V 几位兄弟都不发言！[泪]	1
今日自制美食：鸡蛋炸馒头片，茶香炒虾，鸡蛋炒西红柿[嘻嘻]	1
亲们，我刚刚安全抵达曼谷，在泰国代表红三军向你们拜年啦！[哈哈]	1
恭喜@凯莱酒店集团 家族成员正在逐渐扩大！[威武]//@凯莱酒店集团: 凯莱大家庭中又迎来一位新成员！[围观][鼓掌]	1
必须转！！[鼓掌][鼓掌] //@奥迪汇: #奥迪体育# 作为国际马术联合会与中国马术协会等机构联合主办的国内高级别马术赛事，本次联赛吸引了劳力士、一汽-大众奥迪和VISA等高端品牌的积极响应和参与。	1
也字用得好[哈哈]话说你这会儿又相信方舟子编的故事啦？//@评论员李铁: 贝傻也来了，你不也是为了煽动民粹，处处造假的下作家伙。 //@一毛不拔大师:不许侮辱作家！有个叫江南的作家为了写《龙族》，专门跟我去了日本和南美，现在我们又要去意呆利了[心]	1
[哈哈][哈哈]还真是，估计能组织一个榔头帮[哈哈]	1
祝贺！吴老师的音乐作品全面开花[鼓掌] //@吴旋音乐://@张明强1977:继续	1
哇~看着好好吃。 //@潘_Victoria:[嘻嘻]//@好书吧-老板的娘: [哈哈]差不多，孝感隔壁嗒。[握手]	1
哈哈哈哈哈哈哈哈哈哈哈哈哈哈哈哈哈//@veryls: 我之前就说过，“来自于XX”是个很重要的社会化标签，一是代表族群身份，二是潜移默化的无成本传播方式。“来自于安卓手机”和来自于“魅族MX2”给自己和别人的感觉完全是不同的。//@正能量猥琐男: 有没有妹纸也是这个心态？[哈哈]	1
周末早午餐，好洋气的赶脚～睡个懒觉，慢慢来，我在路上。[嘻嘻]	1
#达人晒奖品#昨晚达人之夜偶用7000多积分换来78张兑换卡[哈哈]得到我想要的玩偶啦[酷]可是明明咱是要的两个雷锋浪的[思考]怎么全成了小浪[委屈]@达人 @达人特权	1
节过滴好啊！ [嘻嘻][嘻嘻] 今天穿越了四个门，事事如意~	1
一句“天长地久”让我更爱她。好喜欢美丽天真又专情的女人[爱你]	1
图说@云南烹饪学校 火锅文化节现场，喜欢就转发吧！[爱你] @新东方烹饪教育微博	1
我们笑得多斑斓，生活就有多斑斓。[哈哈] [哈哈] [哈哈]	1
四川人，过年，没了这些东西，好像也没得啥子氛围了。拿到了老爸亲手做的香肠和排骨灌肠，洗好煮好切好，明天带到单位给同事们尝尝[馋嘴]刀功好像还将就[做鬼脸]@四川旅游广播小野 @巩大乐 @羽小谦 @巧妈妈的小窝 @DJ爱非 @DJ徐? 请准时在食堂集合哈[太开心]	1
锅是蒙古丞相，尼玛还真高端哦！//@eileen121488: 我是大理的将军[哈哈][嘻嘻][哈哈]看来上辈子姐真是个汉子@jackey董 //@冷笑话精选:你是啥？[思考]	1
[鼓掌]还没听过这样的我只在乎你	1
准备好你们的尖叫！本周日晚18：02 CCTV?1 墙来啦！super131来啦！[鼓掌][鼓掌]	1
太好了，今天必须追讨稿费……//@王小亚: [可爱]快发奖金了。。。	1
选择多多！你看哪台呢？[嘻嘻]	1
我去，这个亮了啊[威武][围观][嘻嘻][给力]哈哈@一个人的故事Y @瑞瑞瑞瑞妞	1
#心战##朱亚文# 刘导，等这篇微博好久了。 正阳还没播，心战又开始了，亚麻和刘导也都是老熟人了[嘻嘻] PS:现代的云教官不要太帅哦 @朱亚文zhuyawen [哈哈][偷笑]	1
太欠了 //@魏莹的小窝:[哈哈] //@胡老姑:没被咬过。 // @导演王晓 :挑衅	1
//@静观云涛1399: [给力][围观]//@张继坤微语: //@lap-tina:[太开心] //@zhuzi6336: //@lap-tina:[good]	1
为自己转一个呗[嘻嘻] //@全球热门收集:转发微博	1
回复@大鹏背包走天下:大鹏哥，立即补上！[嘻嘻]丽江大亨在这，刚没有艾特完，嘿嘿！ 这下看你的介绍啦！ //@大鹏背包走天下:哈哈，不@我	1
支持[嘻嘻]//@郭涛哥哥:《三杯爱情》预告片出炉，亲爱的们，完整的一首歌的时间，听听歌，看看片花，转转发，合适的?[偷笑][偷笑][偷笑]	1
[鼓掌][good] //@如果是蝎子: @XMAN_宗介	1
嗷嗷，这个摄影……//@咖啡猫普洱: 喜欢摄影的过程也是摄影者的成长过程，当有一天你发现处处是故事，时时有美景，我想可以毕业了???[哈哈]	1
吃饭是一种心情！ //@陈荣彪: 美食、美女、美景，一样都不能少！[哈哈]//@柳十一郎: 抱着妹纸吃火锅，食色兼收欢乐多[偷笑] //@陈荣彪:呵呵，那就成渝两地兼顾吧！[哈哈] //@柳十一郎: 来成都不如来重庆，山城妹纸多[偷笑] //@陈荣彪: 哦？我真想过这样的。[哈哈] //@王老歪	1
#云婚礼#真正地爱情就是，带上自行车和基本好看的书，到郊外随便找一片舒服的草地，两个人静静地躺下来看着书，腻腻歪，幸福就是这么简单~[爱你]	1
编段子的人真坏[哈哈]//@未艾: 做个DNA[偷笑]//@5973张敬东:确实内涵！//@歇洛克_波洛: 喜当爹//@许志平:有点绕。 //@马君michelle: 确实内涵！	1
4B青年欢乐多！[哈哈][哈哈] 干啥都特别有喜感！	1
@光远看经济 [嘻嘻]	1
没错是按照定做的[哈哈]//@董安娜娜娜_: //@嘻哈包袱铺李鸣智:@能能相声演员 这牛仔裤得定做//@全世界都震惊了: 看见不转发	1
#清新福建风##清新福建风#去到福建，无论是“白鹭之城”厦门还是“千年古港”泉州，买一些手绘地图寄送给朋友也是不错的选择。[爱你][爱你]	1
[爱你]//@齐着白马:直到今天，我依然相信爱情，相信过往播下的种子都会开花，听过往的人诉诉家常依旧会让我感动，翻起老照片依旧会感慨，这么多年，我发现自己拥有了这样一个本领：总是可以把自己逗乐！	1
[嘻嘻]@青?? 迪拜迪拜！	1
看着骨感，捏着有肉[好爱哦]这明显不是说俺[泪流满面]所以，我要减肥啊，减腰[嘻嘻]，减腹[嘻嘻]，想瘦哪儿就瘦哪儿[甩甩手]连车载电源线都有，要不要这么贴心呀[震惊]小伙伴们，你们咋想滴？[偷笑]	1
[哈哈]我最得意这口儿，有嚼头儿！	1
“庆青年餐厅天山店2周年 ? 品美食中大奖”[江南style]（即日至13日）消费满198元既有机会获赠价值1288元【年的盛宴】等套餐！[鼓掌]店庆当日1月8日到店就餐，满100元即送20元代金券[给力][太开心]详电：021-32585818	1
接到电话，小白已经可以出院啦！[兔子]周一接它去，终于要告别挤公车的日子了。[哈哈]	1
在杭州感受新能源出租车，中途换电池[哈哈]低炭出行，杭州给力[赞]，就是续航能力稍微弱了点	1
看上去像不像打了个飞的，看了场球，又回来了[嘻嘻]	1
[哈哈]说人话	1
[哈哈]@张路Sunny //@Daniel风的来世: [哈哈]	1
装呗！！//@姚小花儿: 掉价！[立志青年]//@Yota_Do: @姚小花儿 [哈哈]造呗！	1
回复@cq黄小陆:嘿嘿，好不好耍你都懂噻[嘻嘻] //@cq黄小陆:好耍哈	1
[话筒]“民以食为先”讲的虽是普通百姓的市井生活，但这组甜品融中华之文化大成，巧做“笔、墨、纸、砚”与几款传统民俗小食，以精妙的手法，绝佳的形制，惟妙惟肖的表现了甜品的形。“福、禄、寿、喜”四字更寄托了主创者对大家的美好祝愿[可爱]#2012洲际酒店集团厨艺大赛#	1
光头楠突然说想喝饮料[汗]马上泡了功能性饮料龙井[嘻嘻]	1
下午好！//@妆不过是掩饰落寞://@敏尧龙江第一商城: [鼓掌]北国新颜色，三月有花开！//@郑忠阳v: 下午好！//@海翔56:转发微博	1
回复@杨十一女侠:我听着都[晕]了[哈哈]//@杨十一女侠:恩。另外再赠送两瓶地道的六年西凤酒//@广播人沈雷:留点[哈哈]	1
@光头老薛 [哈哈][哈哈] //@精彩电影: [bed凌乱]	1
实在忍不住了，先笑几声[哈哈][哈哈][哈哈][哈哈][哈哈][哈哈][哈哈][哈哈]!	1
拜托了！[偷笑] //@黑月_季胜利:[赞]//@安妮AnniMa: //@艺术工作者梁克刚: [哈哈] //@卢中强:拜托！！	1
回复@钦之浩然:[爱你]感谢您给瓜瓜提出的宝贵意见！~ //@钦之浩然: @my-糖 @有你就算完美 看到了吧？节后有好的木瓜了！@烟塘木瓜 老板重新发货了！这样的商家，你们也要支持和鼓励哦～多谢@烟塘木瓜 ，国庆快乐，生意兴隆！相信会有更多人会喜欢你们的木瓜的～[握手]	1
请我吃饭吧！[哈哈]//@北京四季酒店: 道道经典美食，值得回味!十一假期，更是饕客们享受美食的好时节，想不出北京吃到具有米其林水准的菜品了，就更不能错过#意大利餐厅Mio#了！[偷笑]这里不仅有正宗精致意大利美食，更有意大利帅哥厨师喔~预订电话：010-5695 8522	1
许久没这么晚回家了，加班回到家，洗完澡，LG怕我饿，将反复热了好几遍的米果端到我面前！有此夫君，此生足矣！！@宝宝饼 [爱你][爱你][爱你][爱你][爱你][亲亲][亲亲][亲亲][亲亲][亲亲] 我在:http://t.cn/zTUyLN7	1
有点小失望，不过依然支持德国队！期待德国德比！7月26日，拜仁VS沃尔夫斯堡，在广州哦！！[嘻嘻][鼓掌]	1
→_→[哈哈] //@EricLee0619：想起大学英语考试篇篇在外教眼里阵亡的作文	1
九河下梢天津卫 三道浮桥两道关…令我魂牵梦绕的地方…老衲来也…今儿早点必须来两套煎饼果子[嘻嘻][威武][奥特曼] 我在:http://t.cn/zWsmvdC	1
回复@溏心鸡蛋mini:这个辣椒面已经出口加拿大等国家了，很好吃[亲亲][亲亲][亲亲]//@溏心鸡蛋mini:这个辣椒面儿看起太霸道了！//@麒麟锦庭火锅道:哈哈哈，小编也是重庆人哦，其实重庆火锅与成都火锅在某些方面还是有区别的[爱你]	1
回复@内观一滴水----法施:还有路程[嘻嘻]//@内观一滴水----法施:剪成这样还用三个小时。。。[嘻嘻]对了。人家不这样没办法收你那么多银子O(∩_∩)O哈！。。。[偷乐]	1
还没有去过越南呢，这个不错[嘻嘻]@jo的素年锦时 @新年草Panny @天然呆的大聪明	1
我觉得不是真正生理上的问题，只是怀孕之后关注的东西不一样了，对很多东西不再上心了//@曦子的花园:恩！我现在还没缓过来呢。 //@沐沐宸宸: 我已经过三年了，依旧傻着呢//@辣妈加油站:今天，你傻了没有？[嘻嘻]	1
[鼓掌]@到家美食惠 要注意了！ //@边疆边吃边说:[赞][围观]	1
生活中也有比童话更美好的事[爱你]	1
#每日一惊蕾#Tunis二年级二班的同学们[花心]短暂的宵禁也抵挡不了永久的欢快！热情狂野的突尼斯少年们[爱你]蕾女最爱的蓝色、白色、辣椒酱，还有清新的茉莉花居然都在突尼斯，难怪噢吧一德先生说蕾女很像突尼斯媳妇哈哈哈...就要离去了我想，不久的将来一定会再来[干杯]	1
也算为民除害了[哈哈] //@秦洲同:你能闲的没事儿顺手把门口那几个停车场非法收费员揍一顿吗？	1
你写的真是太好了。我喜欢。。//@三亚喜来登度假酒店: 一号厨师为我们的行政主厨，来自马来西亚的Allister先生，为大家献上巨富喜感的“与鱼同乐”；二号厨师为我们的副主厨，同样来自马来西亚，”陶醉的东哥“，三号厨师为西餐主厨，杀手级的帅哥，三亚喜来登的”刀锋战士“！[哈哈]	1
汽修工的脱裤技巧！！！[哈哈]	1
恭喜健哥又一佳作全新出炉！我要正版碟！//@意思全对: 太狠了 //@文艺丶不青年:必须的,不播黑狐的电视台不是好电视台!!! // @张若昀 :[鼓掌] // @意思全对 :只要播，就是收视第一！	1
太敢整了！[哈哈][哈哈][哈哈] //@喵喵shinku1981: //@千年树桩: //@backy-lulu:哈哈//@穷开心的老男孩:无	1
我到了[嘻嘻]	1
众志成城！[拳头] //@俺叫老鬼:回复@杰尼妈妈JanarSlanbek:[给力][鼓掌]杰尼妈妈，说得好啊！ //@杰尼妈妈JanarSlanbek:各民族同胞团结起来，齐心协力保卫我们共同的家园！[心]  //@俺叫老鬼:严惩暴徒，团结奋进！[给力] //@平淡激越:  //@抵制日货万岁: //@坚强的飞:转	1
去威尼斯一定要做贡多拉哦，还有帅大叔和你搭讪呢！[哈哈][哈哈][哈哈]	1
[围观][围观][围观]大家多多支持哦！[嘻嘻][嘻嘻][给力][威武]	1
这个不错，不过都是片段，想看全的还得来现场[哈哈]	1
概率一定高[耶]//@西雅图旅游局Seattle: 多谢大美人提供的信息！[鼓掌]西雅图看鲸鱼，走起！//@西雅图夏至: 要提高看到鲸鱼的几率，可以参考Orca Network网站上的更新，这家非盈利鲸鱼保护组织的成员，会把西雅图附近水域最新鲸鱼出现的时间地点公布出来 http://t.cn/8sK9GLX	1
#视频秀 周师傅要火了# [哈哈][哈哈]@懒人业余餐厅	1
也想问湖水结冰后那些鸭子到哪去了[哈哈]//@逛纽约: Central Park正是一年中最美的时刻，你去过了吗？[心]	1
好吧...大家都关心唇膏的牌子，我在这里统一答覆是NARS的哦...[做鬼脸][太开心]大家都快快大红唇吧...[亲亲][耶]?	1
欢迎童鞋们预定//@天津演出网杨培: 利顺德！[可爱]//@天津演出网Sean: 百年利顺德 音乐下午茶 品质室内乐 独缺您一人 #利顺德# #下午茶# #维多利亚# #西岸# #星座之旅# #品质# #室内乐#@西岸艺术馆-阿伟 @西岸Oliver	1
巴黎帮小聚！快十年了，[偷笑]摒弃磨皮和美白，咱们的“青春”是由心而发滴！[嘻嘻]	1
[哈哈]//@山脚寒树: 好教材//@EK刘半仙717: 收藏，好实用啊！有了这个，我的英语会更好的！ //@哲言心语:英语再烂的人，看了这个也应该学会英语时态了。	1
[嘻嘻]好开心啊	1
//@o0月月0o: 不是一直都这么卖么。。 //@小助理2014????: @SakuraiAkira //@糯米_glory: 东北的表示有这么卖的 //@高洪淼:有这么卖的啊[可爱] //@凉_小念:一般还是放在冰柜里卖的[汗] //@言浮离:其实一直很好奇这个哎~一直想问东北的小伙伴乃们那边真的是这么卖冰糕吗？好洋气！w	1
@?氏?? 爸爸妈妈@??兔拉拉 和你给大家来个新年伊始第一秀[拳头]幸福安康，如意吉祥。顺顺利利，甜甜蜜蜜[嘻嘻]新年快乐[赞]	1
回复@崔玉_Nicholas:到了…嘿嘿……我妈在教我怎么用电饭煲做各种美食……[嘻嘻][嘻嘻] //@崔玉_Nicholas:回家了？ //@夜猫shapple:[哈哈][哈哈]  //@游局网:你还是处，哈哈  //@杨小贱太贱了:那我迎娶小一？ //@夜猫shapple:回复@游局网:明年迎娶小8……[酷]	1
?好，我化了??[嘻嘻]	1
#尚雯婕1222生日快乐#，我们爱每一面的你！[爱你]	1
你能找到我们的GM么[偷笑][偷笑][太开心]	1
【美食攻略分享大奖赛】游历一座城市，美食，岂能错过！文艺青年最爱的美食在哪里集结？最适合情侣约会的餐厅有哪些？一起来分享各大城市的美食攻略吧！[太开心]奖品超级给力哦！！！~~~>>>http://t.cn/zOa45yG	1
[可爱]，加上我吧@现代汽车 //@梁静晶1984:求参与[馋嘴]@文思清扬 @尹蔚 //@zqb黄少华:哈哈，同报名 //@和玲_禾禾:报名了！ //@奚冰婷: [耶] //@第一财经刘霞: 这么快就又来了啊！报名报名~~	1
@小麻宝儿 祝愿你幸福快乐！！！来年添个小小麻宝儿！！！[嘻嘻][嘻嘻][嘻嘻][嘻嘻]	1
#中国梦想秀#追梦人王恒4岁时遭意外电击，失去双臂，此时看到他的跆拳道表演，梦想君和小伙伴都震撼了！[鼓掌]王恒梦想能拜自己心目中的偶像国画大师张立辰教授为师，也希望在老师的指导下办一个自己的画展。梦想君想说王恒不仅跆拳道打的好，书画也是各种棒有木有？一起来为王恒的梦想加油吧！[good]	1
额~今年上海书展全场8折，我们社60年社庆，全场6折。此事已经成为今年书展的一段佳话，展位每日的读者络绎不绝。你的书卖到脱销，我表示很淡定。正常。//@郑执: @作家出版社田小爽 你大编织袋儿扛过去的吗？惭愧[哈哈]	1
家里来了一只二星瓢虫，，百度老师说它是益虫，就养着啦 [哈哈] 希望它别老吓唬我	1
//@创业家杂志: [哈哈]今晚法国队和英格兰，你看好谁？	1
以前是安德海，落款自然是“安”了，现在看样子应该不是阉人当政了[哈哈]//@中青报曹林: 为毛没有“安”了？//@田科武:我们都想安然入睡。	1
@凤晓凤 这张照片不错哦！亲爱的[爱你]	1
//@吴必虎: 其实我也想???立志把黔西南推广为养生度假目的地。度假气候独一无二 //@金州旅游:[威武] //@枫笙映黎:住在黔西南，[浮云]吃在黔西南！[馋嘴]远离雾霾困扰，[微风]请到中国黔西南！[威武][飞机][萌][汽车][落叶][自行车][鲜花] //@美丽黔西南:[鼓掌]美丽黔西南永远欢迎你！	1
这辈子第一次喝拉斐mark下[哈哈]	1
鹅蛋祯的由来。[哈哈]  //@晓朴2011:顶下。 //@摄影师火牛:回复@miss魏祯:完美的鹅蛋你好，我是新人，请多关照...[困] //@miss魏祯:回复 @1stwing:原来我是完美的鹅蛋脸啊???	1
[太开心]我被邀请加入了新浪微博粉丝吧，[耶]还在等什么呢?快跟我们一起来互粉吧![心]点此进入粉丝吧==>http://sinaurl.cn/hGbBVy	1
@?子的歌 的老爸吹瓶吹得好欢乐啊！[笑哈哈]//@微美食厦门: #2013微美食厦门专属达人博饼宴#现场吹瓶大赛[哈哈][给力]恭喜@solo在厦门 获得冠军！[鼓掌]两百元现金券喔！	1
绿蔬沙茶牛肉[嘻嘻]	1
它是2013年度风度猫咪[哈哈]#风度明星# @风度mensuno @皇家雪兰莪中国 @杨明洁设计顾问机构 //@朱TT-tina:后面的小模特[心]	1
看到一只萤火虫。[爱你]	1
[晕]//@点子正:大家怎么看？[哈哈]//@西夏雄鹰李元昊:再来回看俺2001年对中,俄,美三国处事风格的比喻,简直是超级形象!	1
这毛病好改！就是买了到我家吃[哈哈][哈哈]	1
外封套还有林肯签名内[嘻嘻]//@作家谢宏: 卖相和内容都诱人~[馋嘴]	1
【#超级笑星# 精彩剧照】恩…这个造型看起来甚是眼熟…实在是有某位大牌明星的即视感啊！[哈哈]小伙伴们能猜得出这位选手是在扮演谁吗？[偷笑]更多精彩尽在明晚《超级笑星》！想要了解节目最新动态，可用手机在苹果官方商店、安智、360手机助手、百度应用、豌豆荚搜索“超级笑星”，下载栏目专属APP~	1
今晚，这一幕特别的“回家”……[音乐] 主题曲再度响起来！！！为所有爱执著的痛，为所有恨执著的伤。。。[哈哈]	1
#文艺范儿# 正在长滩（Long Beach）的小伙伴有看到现场版的吗？[偷笑]//@安迪Q: 这是在LA的长滩啊 这期不录日本了吧 露天现场真洋气[爱你] @加州旅游局	1
#周末HK乐活#  西班牙着名手工糖果品牌 Papabubble 来到香港诚品铜锣湾店10楼了[爱你] ！新专柜於10月1日开幕~色彩满分的糖果把欧洲传统制糖技术跟现代艺术风格结合~水果口味超过15款，更为香港店独家设计ILOVEHK图案，选用地道的奶茶口味来配搭。还可订制各式各样的糖果作贴心糖果礼品喔！[心]	1
//@紫燕雅然: 回复@伯岈印:[太开心]谢谢赞美！早安【茶】 //@伯岈印:紫然正君也！ //@乐创意:回复@紫燕雅然: 淡泊明志[good] //@紫燕雅然:踌躇满志辞学堂，命运多磨遇‘李刚’。日久天长皆看淡，知足常乐也无妨。	1
开心，谢谢[爱你][兔子]//@快乐城市网:恭喜@简安然 成为了我们中秋有奖活动的最后一位幸运儿[噢耶]请速度的联系小编吧！同时也请伙伴们继续关注@快乐城市网 后续的精彩活动[ppb鼓掌]//@简安然: #快乐达人过中秋品美味#又到一年中秋时，美味月饼飘香四溢@好木望夏 @简白@胖子爱宅	1
天儿 晴了心情也好 拍这特色的小吃也带劲儿[哈哈]	1
#萌物志#【[兔子]蓝眼睛的荷兰垂耳兔】快来荷兰和我愉快的玩耍[抱抱]http://t.cn/8FsGXU6	1
大赞紫阳花。[鼓掌]	1
那我就2.2吧//@汽车旅行--高云鹏: 回复@张细细-汽车旅行:比你大方点，我捐22.2[嘻嘻] //@张细细-汽车旅行:唉！除了带公款平常估计您钱包里都不超一千……这华丽丽的非挑钱多的时候丢……还不如请我们吃吃喝喝呢，还有人情在……除了同情，我正式宣布：编辑部帮2募捐开始，我带头捐22元，后头请跟上	1
加油，小王子。。。有才华的作者是不会被淹没的。。。用梦想，激情与诚意去写作是对书籍与读者最大的尊重，我相信这本书会成为最经典的园艺入门书之一，相信自己，相信读者的口碑相传，加油。。。//@王梓天:小牛姐姐！[抱抱]想你了//@刘澈快跑yoho: 一个真正的园艺梦想家。。。一本将完美诠释到极致的	1
一定要吃的，有时间有时间还会去湖边吃，还有螺蛳，喝着黄酒 ，再欣赏着湖景， //@高建文茅台:[心] //@博斐秀禾:又快到了大闸蟹上市的时候啦。。。美味肥厚的大闸蟹啊[花心][哈哈]。。您们会不会吃呢? @陈玉霞博斐秀禾 @彭涌_爱美食 @杨代胜 @高建文茅台@美食微吧	1
//@杨沐春涓:潜水新地，清澈的人都要变成了鱼[嘻嘻]	1
不~他是嫌??＜? //@焦雄屏:您是嫌?女性?？[哈哈]	1
一点十分下的单，现在鱼头还没有上。偶这个四斤半的鱼头是不是应该赠送啊?[哈哈] 我在这里:http://t.cn/z8UbTzz	1
继续努力！ //@多盟: [鼓掌]	1
转 //@yigewa: [鼓掌]//@求助社会关注中风偏瘫弱势人群: //@新言艳语: [鼓掌]	1
"#夏威夷婚礼策划婚纱拍摄# 今早到新合作面海的""水晶教堂""参观，连我这台小米2拍出的效果都这般梦幻了。真心建议大家考虑噢。[爱你]"	1
[爱你]好吃吧，假期愉快。。	1
回复@陈尚禹和GameBoyAdvance:暂时还是只有老板才有的特权[太开心][太开心]//@陈尚禹和GameBoyAdvance:老板，我中午要是过去直接点鱼香肉丝米饭能做吗[挖鼻屎]//@黄太吉传统美食:旗舰店[挖鼻屎][挖鼻屎]	1
名词解释：“吓一跳” 。[嘻嘻] 图:tumblr	1
单为比较远的白领[偷笑] //@cencer小小?:我七点半起床，是蓝领还是白领……[嘻嘻][哈哈]	1
别挑剔了 距离那么远 知足鸟 //@北京国际露营公园:北京市旅游委宋宇副主任解读北京汽车露营产业发展    光线好暗，看不清啊，技术有待提高哦[嘻嘻]@oo六喜oo	1
回复@酱香白醋:?。//@酱香白醋:蔡生晚饭吃好了么[嘻嘻]//@蔡?:回复@胖的乖乖宝:好。//@胖的乖乖宝:就想跟您问声好 先生好[爱你]	1
[哈哈] //@阳蕾Shine:美人儿，我转走先[爱你][爱你][嘻嘻][哈哈][可爱][偷笑][呵呵][鼓掌][做鬼脸][亲亲][太开心][haha]	1
看完了！太有用了。正在受折磨。[嘻嘻]//@三摩地帮主: @叶军啊 @小宽胖	1
#发现之旅#【2013亚洲十佳海岛】1．泰国涛岛Koh Tao；2．巴厘岛蓝梦岛Nusa Lembongan；3．泰国甲米府Ko Lanta；4．龙目岛Gili Islands；5．菲律宾长滩岛；6．泰国普吉岛；7．泰国苏梅岛；8．菲律宾巴拉望岛(爱昵岛)；9．马来西亚兰卡威；10．印度哈夫洛克岛。赶紧走一个？[嘻嘻]	1
[哈哈]，有才//@ECO中文网: [偷笑]	1
#小西驾到#真心喜欢这张照片，看一次笑一次，太可爱了！[哈哈]	1
[哈哈]//@吕越cafa:谢谢！@lucien李迎军 @老毒-高璐 @小鸥杜 @安??youting @贝贝9603 @张倩怡_CAFA @十三辙 @So_ho @高意?也谢谢参加的人 @郭培 @GULEI谷蕾 @黑马十八 @白贲含之 @陈卉的尘 @陈曦啦 @王军-wangjun @虚实空间 @王茁1413 @王选政cafa @任英顺 @杨雨_Raiiiny @MERCYCHEN?墨 @LI丰秀 @	1
同感！[爱你]	1
[哈哈][哈哈][哈哈][哈哈]死胖子[鼓掌]	1
【#百变大咖秀第五季#微直播】大家千呼万唤之下，花花终于来到了大咖秀！别说小编没看到你们留言哦！只是，这次花花的形象和平常的差别有点大，还上来一个“沈花花”同台！熟悉的声音和陌生的造型搭配，有没有种错乱的新鲜感？先别急着手动点赞，告诉小编，喜欢这个表演吗？@华晨宇yu @沈凌 [亲亲][心]	1
[晕]//@AA逍遥BB:[哈哈]	1
把QQ、微博密码改了。希望我下次登陆时，还记得。[嘻嘻]	1
简单说是肚子里需要多灌点坏水儿 [哈哈]//@毕胜://@璇刘氏:[ok][good]	1
早说来我买内场票了[嘻嘻]//@小白爱吃五花肉:有奶茶，你值了@飘叶---华	1
我们买下来吧？！@思无邪行未央 @小尾粉 @0小尾寒羊0杨雅雯 //@安娜121:@Kevin-Bass   // @可爱美鹿 :包转户口不？//  @Yoanna  ：160万，这么大一house，要哭了…[泪]//  @顾晨曦Echo  : [嘻嘻] //  @曾焱冰  :以潘为单位的房子。 //   @天天同学   : 严重激动严重想行动 mark下来一会儿google map去	1
回复@小龙单车环中国:写细一点，一直想选播你的微博，好让你在台湾就可以在路上听到。 //@小龙单车环中国:回复@阿秀秀:是啊[嘻嘻]	1
#澳门#今天搬到了@澳门威尼斯人 ，完全不同的风格，宫廷feel[哈哈]	1
希望多科学论证，以理服人。[哈哈]	1
呵呵 我们不是纳西人 我们是四川的哦～～[哈哈]	1
这张正面点吧！感谢法国蓝带美食协会授予的最高荣誉（总统勋章）[嘻嘻]	1
收音机已经准备好啦[爱你]//@renirenita:今天晚上有直播?目[给力][给力]?大家??收?！	1
望城县就是有点小远了，其他还好[哈哈]	1
太古汇的迪士尼展，每天上下班都可以看到，却一直没找时间去仔细逛逛~等到米奇这一期快结束了才回过神来，上周四特意带了相机，吃过午饭就跑去拍了[抱抱]各种米奇，各种欢乐[哈哈]	1
有一种爱叫东方不败[good]//@欢乐海一:东方不败！//@娟子止若冰001: 令确实太滥情了，见一个能爱一个。 //@星座爱情001:有一种锤子叫岳不群 [嘻嘻]	1
#穿越新西兰# 海边吃龙虾? 60纽币一只，鲜咧? 把海鸟眼睛都看红了[嘻嘻][嘻嘻][嘻嘻]	1
#?祖美食#吃了18只湾仔码头韭黄虾仁饺子与5条加藤家蒜茸黑椒香肠后把雪得冰冰的麴醇堂iCing爱情西柚米酒喝一大口，感觉到西柚的酸与酒精的苦，尝不出是大米酒精也不确定甜味是天然或添加，但整体非常平衡叫人欲罢不能！虽然4%酒精但非常凌厉，有饺子香肠垫底的我都变醉醺醺――难道跟爱情有关？[哈哈]	1
Plan A和Plan B的生日礼物都没快递到，只好空着手提头来给羊咩咩过生日。我是多爱天秤座，天秤月买礼物买到要破产。羊羊羊，恒源祥，祝@Caress_ 小童鞋又老了一岁，哈哈。[害羞][亲亲][玫瑰][蛋糕]?	1
这舞太适合你跳了[哈哈] 等学会了让我们一饱眼福啊[哈哈]//@姜撞奶Ginger:哈哈哈，我一定得把这段舞蹈学会[奥特曼]	1
#途易在线 精彩生活#令你心跳加速的画面，你能尝试哪几样？。。。看到下面，你有胆战心惊的感觉吗？[吃惊] [吃惊] [黑线] [黑线] [鼓掌] [鼓掌]	1
深圳的又一好味快餐[鼓掌][鼓掌]	1
成都活动大奖韩国巴诺巴奇整形美容医院价值四千元的瘦脸针微整形术一次，韩国专家亲自来蓉。精彩互动活动，晚宴席位有限，报名从速[可爱]	1
不是哦，山寨版乐高哦[偷笑] //@幸福蕴于平淡:是乐高吗？ //@mendy静静: 同不谢，同喜欢呢[偷笑] //@阿滋猫的格格巫妈妈:不谢不谢，喜欢就好，我们还要感谢你们的金字塔来[嘻嘻]	1
真是太给力了[给力]，省时又省力呢[爱你] //@扫描全能王:这还得归功于小诺1520的超高像素[赞]扫描全能王，您的手机好帮手[嘻嘻]下载戳http://t.cn/zRTe9Dr	1
//@电视剧杉杉来吃: #杉杉来吃#：杉杉来吃在大帝都亮相啦[嘻嘻][嘻嘻][嘻嘻]	1
自古英雄出襄阳，牛杂面辣的那个故事长~~[哈哈]	1
[照相机]//@宋小渝: 回复@赌石:[鼓掌] //@赌石:蝶恋花。 //@宋小渝:[赞] //@瑞龟吉祥: //@一品九醉: 转发微博	1
忘我[哈哈]投入[嘻嘻][围观]	1
我在这里: #格尔木市# 到格尔木了，外面太冷，懒得出去了[嘻嘻]。此地海拔2950。 http://t.cn/zOrMS1F	1
#北京下雪#@可爱的懒羊羊乐意 您的双馍收到了嘛 [嘻嘻][嘻嘻]@星星果果C 我在:http://t.cn/zYp4vMX	1
嗯！豆好 ，糖好 ，身体好！[哈哈][哈哈][哈哈]@参差咖啡 @晕晕和豆豆 //@桥恩咖啡烘焙品尝室:我?也用益生糖提供?客人加糖用呢[good] 原味有益健康的益生糖, 不用便宜的白沙糖, ?回要A特?糖哥了[嘻嘻] @糖哥-咖啡大佬老冯  //@Foscafe陈智勇:快试试~美味、健康的饮品！拉个紫薯花来看看~[嘻嘻]	1
这，这，这好像是我拍滴！[哈哈]海洛因木有，落汤鸡倒是有一群[偷笑]，除了蓝精灵还有木瓜超人和柠檬大侠！只是暴雨中无法记录那色彩斑斓的场景[可爱]金三角，屁股疼！	1
坚持到老[鼓掌] //@幸福的西西米:这个事情我们每年都做。@双子蝴蝶 @谭小娇女士 @Virginia于沛辰  //@全球时尚:有意思	1
回复@边疆行墨墨:疯狂，深圳欢迎你，二锅头一箱备着。[哈哈] //@边疆行墨墨:已经回来了，领导差点疯掉，我们这不让请那么多天假期，除了产假，这个我用不了，不过还有个婚嫁和病假还没有请过，其他再想不出来了，呵呵，我可能十二月底去深圳，到时候如果有缘相聚深圳，一个字喝！两个字喝倒！四个字不	1
#印象青岛# 走在绿荫遍地的小巷里，转角一间小小旧旧的杂货店，有些驼背的老奶奶，买瓶水问个路，即使找不到目的地也可以漫无目标的继续走下去。青岛何处不美?[鼓掌]@青岛市旅游局官方微博 @山东省旅游局官方微博	1
“温比亚”稍稍为大家降了点温，[ppb鼓掌]但是真正的降温当然要数冰天雪地的滑雪场。虽然现在来不及过去玩一把，[哈哈]但是也可以手指先戳它几百下！！哈哈哈～来看看我国最有范儿的滑雪场吧～http://t.cn/zQhYmrd	1
配图很?[嘻嘻]//@TechWeb:声明：该图片版权归网易新闻客户端所有。	1
安凯汽车亮相2012伦敦奥运！骄傲满满的哦[鼓掌]@罗马的南看台 @wendy胡文婷 @安旅传媒	1
很有娱乐精神[嘻嘻]	1
情人节快乐~[爱你]	1
//@honeykhun:依波啊！！希月zzang！！  //@awuzhuzhu:哇哇哇，真好看啊，好看啊~~~[爱你]   //@忆pinkyfish:求P图打包[爱你]  //@四次元老板娘果酱小姐:做的真好看啊 月月  //@想飞去哪里:一波...	1
那得轻功盖世：云中飞，水上漂[哈哈]@新娱乐 @Winny妖妖 @吴爱艺_囡囡 @披着白羊的天蝎dhaw @贾玲 @相声艾莉 @安静凤凰 @音乐人峨嵋 @讴阳北方 @知心小草 @盛心钰	1
今年的雪来的比09年还早[哈哈]	1
[哈哈][偷笑][汗]	1
#2011长沙第六届地产总评榜#[鼓掌]	1
新发型诞生 举报那个谁谁不务正业[哈哈]	1
[赞][赞][赞] //@中国茶房8-饺子?新大久保店: //@玩转东京:[马到成功] //@东京岛主:商品化[鼓掌] //@中国茶房8赤坂店: //@玩转东京:转发微博	1
#早安# “人在生命的历程中，不彻底绝望一次，就不会懂得什么是自己最不能割舍的，就不会明白真正的快乐是什么，结果整天混混噩噩。”――BY 吉本芭娜娜 [可爱]	1
御焖锅不郁闷喔[嘻嘻][嘻嘻]@Sophia-S	1
感谢您对蜜斯家族的支持[爱你]，我们会持续不断努力，为蜜粉们打造更优质的用餐环境！[心]	1
看上去很像打手，哈哈，怕怕//@阎禹岐: 哎呦这不是马建马指导嘛，应该让@柯凡天天给你一块健[哈哈]//@苏菲儿suxiya: 从努力中得到快感	1
帮美女转，这是要当老板娘了吗 ... [哈哈]	1
李娜夺冠！只能说明这姑娘很NB！中国人也能够把网球玩的很NB！但是却跟中国体育毛关系都没有！所以，不用感谢国家，对吧！[哈哈]	1
背景好干净呀！//@王彦军WYJ: [鼓掌]	1
[哈哈] //@小柴狼：转发微博。	1
"【#马上回家# 成都男子因买不到车票骑马回家[威武]】骑马穿越塞车国道、与私家车追逐...四川姚少双结婚以来第一次回丈母娘家，因买不到车票，曾获四川省俱乐部马术绕桶赛冠军的他，决定""马上回家""，给老婆和丈母娘制造一个惊喜。详情http://t.cn/8Fbqouu 冠军，你这么牛，你丈母娘知道么？[哈哈]"	1
交一个[嘻嘻]//@陈-立-娜:哈哈哈太可爱了// @最可爱的金牛座 : 最萌的佛祖，....	1
哈哈，童年的记忆[鼓掌]	1
嗯嗯，没错，那两本是最新的[鼓掌]//@中尉画外音: 还有《长兵器》、《短兵器》耶	1
[哈哈]//@台狗鲁蛋: //@爱狗的云朵: [爱你]//@哈尼猫爸爸: 转发微博[good]	1
#关西新年大促体验行# 今儿的午餐和晚餐，只为记录，不为馋人哈[哈哈]	1
#带着微博去厦门#有幸赶过来参加厦门漳州泉州龙岩金门旅游推介会，刚好赶上博饼大赛，遇到众多微博达人，欢聚一堂，准备开餐！[鼓掌][鼓掌] @佛山猪唛 @羽子偕老 @南粤京皇@梦p里星云 @琰棱 @厦门市旅游局 @乐游广东@泉州市旅游局  @广州东方宾馆	1
[威武][威武][给力][鼓掌][鼓掌][鼓掌] //@相声演员张瀚文:希望大家准时收看。	1
好画！其画之妙，妙在有3D效果，佩服之至！[鼓掌][good][赞] //@明它它:我靠，这画…… //@章立凡: 地狱之门，已被打开贰拾多年…	1
回复@快乐三石微博: 不 我是最左边抱着包的那位[偷笑]//@快乐三石微博:一看就是那个穿兰衬衣的帅哥[可爱][鼓掌]	1
//@姚晨：这有啥，你敢画只八爪鱼吗？[嘻嘻]	1
【#超级笑星#微直播】@小弟王晶 导演找到了失散多年的女儿了么？[哈哈][哈哈]体型好搭哦！	1
下午去听@张永和 老师的讲座，开心开心开心[哈哈]！	1
总结这部电影就用俩字就行了：大? [哈哈] 挂钩是我发现的哟 [得意地笑]	1
哈，你开始健身[哈哈][哈哈][good][good]	1
我真爱这个大白豆儿！[可爱][爱你][爱你]	1
朱老师在片场调戏女演员[哈哈]@Calvin_Zhu的Style	1
现在已经开始内测，等到暴雪正式发布的时候，一起玩？我正愁找不到手。[哈哈]//@东蝈先生: 我擦，激动啊。//@马旗march: 转发微博	1
这几天我好开心谢谢你们在我身边[爱你]	1
所以你就得乖乖哈，不敢胡艳遇//@林泊宇:我嚓！真的假的！ // @L?夏 ://  @程浩  ：我还以为我悲剧，你们比我还悲剧…  @林泊宇     @陈夏     @0o胖胖o0_哆啦A梦   [哈哈]	1
贴心的实习生闻阳小朋友在部门每个人的桌子上都放了巧克力[爱你][爱你]，有个五迷实习生的好处就是可以随时一起黑阿信这个史胖纸！[偷笑][偷笑][偷笑]@我是零零三 @百变天熊	1
我作为评委错过节目播出属于失职，重播补上。[哈哈] //@章馨月小快板儿:哈哈，三位评委，二位错过首播，太巧合了 //@力波-没时间工作:来晚了，应该很精彩！ //@成长秀:更多精彩内容，敬请准时收看第六期成长秀，扔掉遥控器啦！！[嘻嘻]	1
#可言可语#家里来客人了，可可昨晚来我们大床睡。我上床时可可睡梦里嘟囔着妈妈妈妈，转身就揉上我脖子，瞬间满心柔软。到半夜猛得又被可可踢了两脚醒过来。[黑线]一早起来问她啥情况，她说梦见姐姐了。可爸问：梦里发生了什么？可可茫然的说：我忘了一清二楚了。[哈哈]这成语用的呀，牛掰不？	1
【写给八喜的第13封信】小家伙，麻麻今天第一次听到你的心跳声，经过仪器的放大强壮而有力，表现很不错哦！为了你的健康和麻麻的健康，麻麻做了一堆的检查，也终于给你建了档案。如今当麻麻不容易，当孩子也不容易呀！咱们娘俩要加油哦，一起相亲相爱地度过这骨血相依、密不可分地十个月！[亲亲]	1
?我一?五星?的家?？[哈哈]	1
[哈哈]//@KikiFeng1982: //@GypsyHanna: indeed![哈哈]//@李开复: [吃惊] [偷笑]//@爱国者冯军: //@何刚:看这照片拍的。//	1
我好奇问问，大家家里瞄星人也是这副德性的吗？这蛋蛋这货昨夜是像图三哪样腿儿悬空睡了半小时，然后像图六哪样手悬空继续睡[汗]桌子，柜子够不着第一选择就会站起来。猫这样正常吗？[汗][晕][嘻嘻][哈哈][围观]	1
[嘻嘻][嘻嘻]怒放，青葱。不老秘籍[哈哈][哈哈]	1
[嘻嘻]//@Sector-运动无极限:@Olivia纯 @潘志峰 @刘丹的微博 @虎云游记 @郎雪峰 千万别认真啊！哈哈！ //@围脖经典语录:哈哈，有那么点道理[嘻嘻]认真你就输了	1
反正我觉得是[偷笑][嘻嘻] //@远方的家周雪梅:这是说我们呢吗？[嘻嘻][偷笑]@远方的家-谭文颖 @远方的家蔡丽娜 @远方的家李七月 @远方的家唐天骄 @远方的家王静 @远方的家王瑶洁 @远方的家吴丹Elise [做鬼脸]男孩儿@远方的家--彭祖 不要郁闷哈~	1
这可是真心喜爱，又入货戒不掉[哈哈][馋嘴]@韩国农心辛拉面	1
感谢 @忻悦ONTIME 和@简安妮 打造了不一样的我和妈妈，哈哈有意思！期待五月的《时尚健康》[太开心][太开心][太开心]@纪苗苗mmki @陈超Alex @婉婷bonnie @周?-小?姐	1
这个gif图好给力啊。。猫打打萌死啦。。。[可爱]	1
太给力啦！[威武][威武][威武] //@俺叫老鬼: 哈哈......[奥特曼]//@丝绸之路国际度假区:梦幻明星范儿！[鼓掌]	1
//@卢涛82:[哈哈] 吃 //@吃喝玩乐温哥华: 谢谢分享！#Wang Shun Ge 旺顺阁京川私房菜# 地址和回顾请看：http://t.cn/z8RuuD5	1
#尚雯婕巴黎时装周#，怎么能美成这样？第二张侧面无敌，第四张无公害的可爱笑容好像小盆友，心都融化了有没有！[爱你][花心]	1
这是典型的收物还图[嘻嘻]，应该谢谢你，希望你喜欢。	1
有美食美酒好朋友的夜晚就是幸福啊[可爱]恩~~~@李孟夏 @fanfanfantastic  //@现代传播陈佳颖:好友相见，不亦乐乎?有?阁的创新菜式，色、香、味、形俱佳，创意无极限！	1
小样儿 太招人疼了！[爱你]	1
#悠游台湾个人游#今天在九份逛了一整天，一直没有合适的网络所以一直没发送出来今天的精彩[可爱]@大魔王脆皮儿 正在泡澡 而我在回味今天的精彩[偷笑]九份风筝博物馆民宿的早餐和风景也蛮好的喔，而且去老街也很方便，推荐给喜欢民俗的朋友@个人游台湾	1
[哈哈]这哥们太搞了吧//@褚旭昶: 值得珍藏	1
@日本宅人 @米雪Hers 你们拍的云海照片拿出来晒晒[嘻嘻]。@星野集团 //@北海道旅游达人: 连续3天云海[浮云][浮云][浮云]，上海北京的媒体旅行社好幸运，在云海概率40%的情况，早起4点看到了云海[鼓掌][鼓掌][鼓掌]	1
@中国旅游报社 有了手机版的中国旅游报，现在看报纸更方便了。[嘻嘻]	1
大自然的颜色让你给掐下来了。[嘻嘻]	1
阿以无爱噢，卡刻（KEI）酷凯考。。。萨西素赛骚那你努乃恼。。阿以无爱吆。。[嘻嘻]五十音图音准不准还是能背下来。	1
//@田炜华:[哈哈]有道理。	1
回复@麦豆_GZ:谢谢师兄~~[嘻嘻][嘻嘻]~~ //@麦豆_GZ:生快！年年廿五岁 //@小宝的又又:[泪][泪][泪]。。。偶感动s了。。。	1
绝世好爹！[good] //@思考地芦苇:[哈哈]	1
这个确实给力啊 //@大宝demi:#ASUS WE TRANSFORM#一机三享，创新不断，精彩不断[鼓掌]	1
回复@曾子默:[哈哈][握手] //@曾子默:这照片比头像帅，并且和善许多 ：）） //@张小云:[可爱] //@厦门蓝兰:为你鼓掌！@张小云	1
经过实践证明，俺们家的娃子们说了，用不到一个月这本就烂，一点都不实惠[嘻嘻][哈哈]，本好是门面，字号是体面，里面的内容好才牛掰。[酷]	1
[偷笑] //@嗣邈想说好英文:哈哈//@愤怒的Leo:结尾亮晶晶[哈哈]//@景林963:[哈哈] //@包冉:结尾亮了~ //@王敏敏:结尾好惨烈......//@众人清醒我独醉: 结尾好惨烈...... //@小仓鼠:结尾好惨烈......//@和菜头: 结尾好惨烈......//@汗青微博: 结尾好惨烈......[偷笑]//@美女导演YOYOO: 结尾好惨烈......	1
本期5月24日乐活志带你吃遍三里屯，敬请关注“愉乐圈”版块后续将推出的系列专题 带你玩转北京[鼓掌]	1
还收到来自韩老弟的意外小惊喜，非常喜欢，感谢感谢！！[嘻嘻][嘻嘻]	1
的确是，全片几乎是一部黑白默片， 但充满才华，而且励志，敢问中国导演敢拍吗？[思考]//@姜博瀚导演:光凭默片故事，就是一部很大胆，而有价值的作品。//@才旺瑙乳: 还没来及看呢，羡慕中。//@盛林导演手记: 已经看了蓝光碟，充满了怀旧情感。//@冉朵朵巴黎: 一部充满想象力，充满爱的电影！[鼓掌]	1
有梦想就去努力实现，姐支持你，参股！[爱你]	1
热烈庆祝，恭喜华姐荣获北京金台夕照会馆酒店2011年度优秀管理者！[鼓掌] （不转发，不评论，不@此信息的，华姐不请客啊）//@大飞飞2010: 啊？尖叫ing...华姐！华姐，每天辛苦的工作忙碌后，都坚持淋浴，[鼓掌]倡导了现代女姓健康新理念，洗洗更健康！	1
改天去试试 //@雪梨橙:深夜食堂~[鼓掌] //@蘑菇妞阿离: @雪梨橙	1
过年了，亲们快领红包，看看谁能开车回家[酷][酷]拿个苹果也不错麻[哈哈][哈哈]	1
[哈哈]唱：我让你依靠?让你靠?没什么大不了	1
等岛上房子竣工再搞下[鼓掌] //@长沙杨柳:为韶湖全鱼宴成功进入长沙奠定了政治基础[哈哈]，祝贺[赞]	1
靠谱//@西山猪倌:回复@砚田梅花:我们会好好包装，所有坏的我们都退款[嘻嘻]//@砚田梅花:顺丰包不碎咩？	1
我报名哈[嘻嘻]	1
哈哈生娃还能长个啊？和你一样水灵啊[花心]//@江儿何田田: 生了娃，个子长高了1cm，脚也长大了1cm，目测嘴巴还保持原来宽度，俺知足啦啦啦啦啦//@小荃子: 只有大嘴木有变[嘻嘻]	1
我们家的嘉哥好有型！[鼓掌]但是你身后的哥哥情何以堪？[偷笑]//@李维嘉: #This is London#快本家的。[偷笑][偷笑][偷笑]	1
佛祖保佑，剧组顺利登船[爱你]，祈祷岛上这两天不要来台风吧[耶]//@神风汤:晚点一小时，损失惨重[泪]	1
亲们，发财致富靠这个啊！！！自制切糕！！高帅富必备！哈！[嘻嘻]	1
年前最后一天上班[嘻嘻]明天开始就可以卷着被子在家装毛毛虫啦~[嘻嘻]	1
这个笑CRY！两边都觉得很冤[哈哈]广西师大稍有点盛气凌人了，读者不懂可解释嘛！中国最美怎么了丶专家特制又怎么了，让消费者误会就应总结网销到底哪没做到位@谁家红袖凭江楼//@广西师大出版社: 如评论里读者还没下手切平书边，还是建议让这本“中国最美图书保持原貌”吧。这是@随园书坊 特别设计毛边	1
北京的说自己是北京人，通州的说自己是通县人，西宁的说自己是西宁人，这个村子...说自己是哪的人？[嘻嘻][嘻嘻][嘻嘻] 我在:http://t.cn/zTL067S	1
呵呵！感谢大家的支持啊[可爱] //@三摩地帮主:回复@王旭de美食影像:这下乱了，您是吃肉还是吃素啊[哈哈] //@王旭de美食影像:帮主  接受预定吗？ @wing6651:[偷笑] //@wing6651:你俩id那么像还往一块儿凑！我记得第一次跟你打交道就是吃完三样菜发微薄，结果圈成你了 //@三摩地帮主:火了，火了，真火了	1
坐等拉面时收得二呆送的喵喵防尘塞[哈哈][哈哈]今儿呀今儿呀真高兴[哈哈][哈哈]	1
回复@徽州女子许琦:我也算“鼎鼎有名‘了。[哈哈] //@徽州女子许琦:铭文写得真好！拜读了！@武旭峰	1
回复@马_峥:修改很多次了，这版《杀熟》基本定稿了。 //@马_峥:[鼓掌]这《杀熟》是再版的吧，哈哈。 //@相声演员康松广:转发微博	1
祝大家中秋快乐，吃好玩好！阿姨放假了，我快忙到出烟了，连发个短信的时间都木有哇~[泪]Ps：各位做妈妈的辛苦了！[爱你][爱你]	1
你的小波普人物系列也颇有特色了。//@张晨初艺术空间:[嘻嘻]//@刘大北: 表哥更好，更红更专//@张晨初艺术空间: [呵呵]“表哥”怎能与安迪?沃霍的大作相比呢，安迪?沃霍可是美国的波普艺术大师啊！	1
[哈哈]//@sude: @悦然 @乐活楼悦 @潘小悦 [嘻嘻]	1
吃?要很小心，因??有高?肉汁爆出?[嘻嘻]	1
加油哟[抱抱]//@??:已经准备好抢了	1
@我是粼粼 [爱你][熊猫]	1
你居然和crazy罗杰合影 [嘻嘻]	1
以人为本//@海鹏鹏:// @黄健翔 ：唉，早点儿宣传嘛，搞的大家都不知道。// @大力 ：// @孙梦维 :索福瑞急招收视率统计！//  @CCTV5时宜  ：这频道收视率肯定不错 //  @电视民工孟凡浩  : 谁在我之前抢注了？//  @丁丁爱历险3981  ：//  @我是66大小姐  :居然真开播了[爱你]	1
我也好喜欢！！可爱死了 //@hanul思思:[转发]对这家伙又着魔了我……它好猥琐好贱好欠抽啊……[哈哈][哈哈]	1
回复@曲大猫QBC:谢谢！亲爱的[爱你][太阳] //@曲大猫QBC:Happy happy birthday~[蛋糕][蛋糕][蛋糕] //@明星经纪貊苒MoRan:亲爱的，真的是幸福的一刻，爱你们每一个人[爱你][爱你][爱你]	1
//@123小娘:[good]赞一个//@梁思坤:[鼓掌]//@贰捌肆贰贰: 王老师作品@123小娘 @三三sls @婷婷-麒麟公园 @默小沫_ @Mu_sir @Sunshine-Tong- @夜-?夕 @卢小小翼 @吾非小乔 @什啊么 @lifending @梁思坤 @jasonkone @艹勿	1
#人间有味是清欢#从小就对很多东西无所谓，认为都不过是过眼浮云罢了。但每日清茶淡饭的每一餐却是自己极其在意的，也许这就是当初某人吸引我的地方吧，然后便嫁了！[抱抱]梦想是有个象桃花源的农庄，里面种树养鱼龟养鸡鸭鹅等然后每天在里面精心的泡制一粥一饭，再邀请朋友们来品尝，这样的生活真美	1
喧闹的北戴河在你的镜头下如此怡静[鼓掌]	1
@胡同串子heLen [嘻嘻] //@超级幽默精选:西藏――做好攻略再出发	1
@李?义 @吴勇NINGKE @何新愚 @王新国--不知疲倦 @涛涛ANGEL @霞姐_42828 @胡洪平_94283 @徐芳华1130 @老子山温泉一号酒店 @//@锦江酒店JinJiangHotels: 今年值得期待！[太开心] @上海华亭宾馆	1
筒子们[围观] --都太替偶们的爹地提醒乐：周日别忘了带爸爸来吃佛跳墙[给力] 哈.....[哈哈]	1
恭喜哥们儿发片！专辑大卖哟~[?花]//@杜侑澎: 谢谢兔拉拉~[得意地笑]//@郭志凯: 明日正式上线！[偷笑] //@兔拉拉810:力挺哥们儿哇！正听着呐，好听呢~声音好美滴~[偷?]//@杜侑澎: [嘻嘻]	1
哈哈哈哈哈深井冰啊，这是什么剧啊！光看截图就笑岔气了！！！[哈哈][哈哈][哈哈] （源自网络）	1
[偷笑]//@欧美二线品牌: [哈哈][哈哈]//@逍遥兽:人生哪容你卖萌？发懵有时，傻逼有时，全靠彼此大嘴巴抽醒！	1
商家拼了[嘻嘻]	1
眼花缭乱好诱惑[爱你]	1
[发礼物] //@rainhot666:@rainhot666；【@rainhot666；[鼓掌][鼓掌][酷][good]精彩的人生！[鼓掌][给力][围观][威武]】	1
小布老师真是内外兼修啊[爱你][爱你]我的上海［HeddyMarket海德市集］拍出来真是各种好看，欢迎以后你们常来拍[哈哈] //@女侠假面:感谢@黄煌Heddy 老板把场地借给我们拍片，@小布 老师简直是帅呆了~	1
各位小主儿都在哪里看得甄环传的呀，偶打算假期追下热剧呢。最好推荐PAD能看的萨[可爱]	1
看来，我这辈子也没免费得IPHONE的命[嘻嘻]//@演员赵毅: 请在家练习好再去[偷笑] //@感色纤维:真的吗?到哪天?等我哈[偷笑]	1
这不是废话吗！[嘻嘻]//@飞常准:除掉所有不可能的状况，剩下的状况哪怕再不可思议，也应该就是事实。	1
是不是得带个抬呀？[嘻嘻] //@米亚2012:六周年收藏版，各位兄弟姐妹请踊跃订购吧，哈哈 @张梓楦 @张qianqian @柳淳风Lisa @彭薇007 @韩娅娟HanYajuan @JamieCao @瞿广慈 @Momo毛译敏 @孔令楠maomao @Stanley1881 @肖宝珍 @红伶 @琪琪kikiflowerart	1
很棒啊[鼓掌]我啥时候能去南极拥抱企鹅啊 //@胡小萌的微生活:@DJ刘京 @Jun_行走 @Luna熊猫爱旅行 @张海佩 @Sunny-怡尚健康 @朱东飞的慢品生活 @七色地图 @万叶生花 @夏小凡的幸福生活 童鞋们，欢迎来玩儿啊。	1
所以有人说我太主观[嘻嘻]	1
#Sweet Morning#From now on,love yourself,enjoy living then smile.从现在开始，爱自己，享受生活并且微笑。[呵呵] [嘻嘻] [哈哈] [挤眼] [太开心] 早安、甜心们	1
要不要这么丰盛啊~[嘻嘻]	1
真的被这些小崽子们给蠢哭了。。[哈哈]	1
阿姨画的画，也摆设在新房内，我很喜欢这两幅画[爱你][爱你][爱你]	1
亲亲！送花的人太幸福了！收花的你更美！生如夏花！[爱你]	1
//@英杰拉姆: @丫头-莎小莎 [嘻嘻] //@-设计家居-:还蛮有趣的 [抱抱]，杭州的朋友看过来 [来]	1
非常喜欢《志明与春娇》，期待《春娇与志明》//@?千?: 狂?[嘻嘻][哈哈][嘻嘻][给力]	1
[哈哈][哈哈][哈哈] 非把自己给卖了不可//@文玩专家刘可:笑哥开个店吧[偷笑]	1
今天有口福啦，蟹宴[嘻嘻] 我在这里：http://t.cn/zlRByWu	1
亲，吃的好吗？恭喜考试通过哦[嘻嘻]	1
路由器还可以这样！手机远程管理(提供手机客户端管理路由器)，内置各种下载加速，屏蔽视频广告等功能……重点是可以一键上Facebook或Twitter等且不需要任何账户[偷笑] //@魏布斯:昨晚发了这个视频，如果无法正常播放，请移步：http://t.cn/zQ5bOqe 多谢！[爱你]	1
这个太有爱了。//@DJ王鹏:[哈哈]//@DJ王彼得: //@一搅又是??基:转发微博	1
#中国哪里最好玩#号外，号外，2013世界穆斯林旅行商大会 9月7日将在宁夏召开啦，本届商会以“走进美丽中国?畅游神奇宁夏”为主题，届时亲们可以看到各种穆斯林旅游商品，还有回族文艺演出[太开心]	1
绝对的大姐大！[哈哈][爱你]	1
[哈哈]我有大大的背心要不来一件//@熊丽电台: 回复@冯雪cindy:今早一睁眼，惊闻书记@胡滨微博 指示出席咱们村儿活动所穿服装一事要提升到觉悟这一高度，我顿时感冒也加重了，眼泪也下来了，看着那么多条挂在衣橱里的带儿，这心拔凉拔凉哒[泪]。@勤劳的工作狂 @现代可汗 @予馨北京 @冯雪cindy @陈倩冰	1
什么礼物呀！看在美食的份上！啊哈哈[哈哈][哈哈]	1
回复@安以陌:会议进行中！[嘻嘻] //@安以陌:看剧编剧，人生就和美梦般传奇。	1
这妹子太有潜质了，第一次做皮冻就很成功，要赞一下[哈哈][赞][赞]	1
明天就7号了大家抓紧时间啊[嘻嘻][嘻嘻][嘻嘻]//@狮子座常艺博:聘个女朋友，有没有啊[嘻嘻][嘻嘻][嘻嘻]	1
跟董老师@董克平 中午一起吃个饭神马的最快乐了！[哈哈]@好奇张祺	1
太棒了[鼓掌] //@葵小萱:[耶]	1
[围观]小跑着可以参照吗?[嘻嘻]	1
回复@海南陈英文:就是故意的。[哈哈] //@海南陈英文:[右哼哼]你这是故意的么？[偷笑][偷笑]	1
有一点可以确定 31号这晚翻了华侨的牌，哈哈[嘻嘻]	1
欢迎欢迎！！！[挤眼][鼓掌]	1
一定去！带着家人！[哈哈] //@吴秋?://@李-勇政: 祝贺 //@杜曦云: @吴永强教授 @去刘无懿十世 @北京?望艺术馆 @苍鑫2012 @cinekino @程昕东 @东方壹周theWeek @方振宁 @画廊杂志 @金秀花_品 @老牛三世 @老贫头陈绍华 @李-勇政 @刘骐鸣 @马建威999 @孟禄丁 @墨朗摄影豌豆 @邵译农 @孙国胜 @天涯杂谈	1
真开心！ //@李若猫:快闪一下多开心！//@莫里斯雷: 哈哈哈。棒极了！ //@美剧迷:再来一遍~！《生活大爆炸》快闪突袭齐唱Call Me Maybe！[哈哈]	1
Oh gosh.....大爱制服男[太开心]	1
大概8点20发[哈哈][哈哈]	1
一边疯狂工作，一边努力做个好妈妈――真的能做到吗？这恐怕亦是世界独一份儿的中国特色呢~~~感谢@心理月刊 ，做了这个貌似朴实，其实意义深远的选题，值得分享[鼓掌]//@月小月: 支持一下，工作妈妈辛苦并快乐着~~	1
[哈哈][哈哈]您照的很有范儿啊！	1
我的爱疯裸了好长时间了，花红绿柳的季节给它也搞个玫红外套穿穿，美么？！[太开心]@兔兔妞的店	1
[哈哈][哈哈][抓狂]	1
#拖肥#：爸爸，-------你?是吧[哈哈]	1
土豪级的理想，吃货级的理想[哈哈] //@重庆商报:点赞！[good]	1
快乐帝，一定要跟让你感觉快乐的人在一起交流。大排档，没有情人的花，还有好基友的饼干，七夕快乐[嘻嘻]	1
?了半年有多了，??不算多人。//@爱追云的小孩:开?分铺？同超人楼下果间相比，边间铺轮候的人多?？[可爱]	1
[可爱]早晨转一转~一天好运气哦~	1
[哈哈] //@Flyingway:转发微博	1
今早开始喝新咖啡，香溢满屋[抱抱]	1
@Synl陆导 @高玮_天津科技大学 @?子?  @琼瑶一心向魔 [鼓掌]	1
美女老板，以及更美的老板娘[哈哈] //@活着活着就明白了:对对对，宣传宣传，万一火了呢，你得预定啦！哈哈！嘟噜是老板，我是老板她娘！老板娘由此而来！ //@王小闹归来: 介是要拍宣传片么？常不在店的老板娘是说嘟噜么？[思考]	1
@一弛 @老男人更温柔 @韩笑半不颠 [鼓掌]	1
欢迎一切高端品牌网站洽谈合作事宜，开发合作是我们的主题。[嘻嘻]//@遨游网99gg: @低调的焰火@遨游网工会主席	1
还想再去一次//@檬女孩:[嘻嘻]	1
恭喜@菩提树下的八戒@幻幻小鱼@浪险葳 获得第3站转发奖品：百度旅游定制明信片1套！[鼓掌]我们走过几站就送几个奖！敬请期待第4站西安分享会，现在转发也有效~[嘻嘻]请得奖者私信姓名地址电话给我哦~	1
走起！ //@李晨nic:我来啦[嘻嘻][嘻嘻]	1
//@风中疾走: 哈哈哈哈笑翻了！ //@墨明Qi妙:[赞]//@雪域竹音: [哈哈] //@庭安大叔: 传送中------[哈哈][哈哈][哈哈]	1
新年快乐。//@北川维斯特温泉度假酒店:新年快乐！[鼓掌] //@阿福游天下:新年快乐！纳吉纳禄！[爱你]	1
咋没直播呢。多可爱！//@许PP: 二儿他妈妈，快拿大木盆来哎，可赶上这拨了[哈哈] //@北京吃货小分队:笑死了好吗亲…………	1
11月11日我过得很嗨，原因是瞒着亲爱的妈咪吃了一大袋的薯片[馋嘴][嘻嘻][耶]，可是现在却很痛苦，不是因为没买到“特价商品”，而是因为明天是11月12日，一个比光棍节更可怕的日子――周一！	1
[赞]//@燕赵吕布韦: 其实内容很庞杂，我没准备好，只能简述，怪我。 //@朱茂文v:字不多，句句在理。收藏了[偷笑]。多多艾特俺啊[爱你]	1
【苗家客栈】凯里西江山泉苗家客栈是纯正苗家吊脚楼，在西江千户苗寨景区里，地理位置优越，交通便捷。在山泉苗家，住木楼，看美景，是不是还能听到苗家姑娘的飞歌[可爱] [可爱]	1
祝培训顺利，欢迎下次光临雅阁集团成员酒店[嘻嘻]	1
乖~[可爱]	1
回复@豪豪-H:嘻嘻~觉得好的话亲就常来嘛~~~~热烈欢迎 嘻嘻~[鼓掌] //@豪豪-H:哇~这样都被你找到我的微博。[good]很好很好 //@首都大酒店官方微博:亲~欢迎哦~我们的室内高尔夫感觉如何？有木有身临其境滴感觉？	1
Chilam也到了[亲亲]#??星?##New Town Plaza 新城市??#我在??：#New Town Plaza 新城市??# http://t.cn/zOddGtr	1
表白新招，喜欢的转走[嘻嘻]//@360旅游: 表白的话可以用：你和我的下任女友很像……[害羞]//@海阔和天空520: #晒被甩经历，赢千元安慰金#那一次，我不经意对她说了一句：你和我第三任女朋友很像，然后我就被光棍了………………@携程攻略社区	1
我已经晒黑了//@匪类也柔情8866:相比较，你太白嫩了！[哈哈]	1
辛苦了，感谢大家！就当是高考脑力劳动后以体力劳动来放松脑子吧[嘻嘻]	1
[握手]//@爱老夫子:[鼓掌]//@郗老师:共同成长//@金牌厨师--磊磊:向大师学习[鼓掌][鼓掌]@热点红姨  //@郗老师:@[鼓掌]挡不住的美食个性 @邓伯庚 @西城外事服务学校 @孟传辉 @金牌厨师--磊磊 @京城豆腐白  @中俊崔春婷	1
于吉不动不托管 //@点点diand: 吕蒙尿急憋不住，黄盖自残没人理[哈哈] 你觉得谁最悲剧 @犀_Lee哥 @?? @从此丶吧主过上了幸福的生活	1
来都太餐厅就餐的美女好漂亮啊！[花心] 亲吃的满意吗？[嘻嘻]常来哦~	1
嘿嘿，啥时候还过来住啊？过来的时候咱们也安排包饺子[嘻嘻]	1
依赖、粗心、财富，哈哈//@吟风拂柳：姐，我以为就开头一个字母呢//@快乐的香茶：还有骄傲和福气//@吟风拂柳：粗心。。这事不能干啊[哈哈]	1
[哈哈]  //@封新城:还真像。	1
看看看看，还是汉中油菜花胜出一筹吧~~[哈哈]	1
[鼓掌]//@刘英与阿兴记: //@餐饮世界杂志社:@邱十九世界 @蛋白质赵小Y @餐饮世界赵泽瀛 @冰晶雨竹 @餐饮世界刘师同@金梅央 @花家怡园	1
//@王坚Jason: 哈哈哈哈哈哈[哈哈]	1
祝徐总生意兴隆!日进斗金![鼓掌]	1
[鼓掌]经过五个小时的努力，湾湾和师父共同完成了幼儿园三十周年庆的贺礼书法?^_^	1
“所有团队的程序模块都要以通过Service Interface 方式将其数据与功能开放出来”，我真的震惊了！太[威武]//@ben49wang: 这篇出现在G+的文章一个多月前就流传很广了吧。[哈哈] 平台服务化在中国还是没有人能够彻底实践。 //@ShopEx李钟伟:开放平台和ecos 的弟兄们请仔细多读读，尤其是第2和3段	1
[嘻嘻] 下班后奖励自己一杯吧，明天就是周五了哦~	1
吃货朋友推荐 不知名小店 京酱肉丝锅贴 河蚌豆腐 手撕包菜 几乎是吃到口味最好的 [哈哈][哈哈][哈哈] 我在这里:http://t.cn/zHe0GM6	1
[可爱]快成亲生的了//@蓝心小舍:笑容真美好。//@维风_Love1加7:哇塞只能说太棒！！！！[爱你]	1
@阡陌梵高Traume 现在吹葫芦丝很时尚，老外学，考研也吹~[嘻嘻]	1
天天都会把照片翻出来看看你[可爱][可爱]@SaRa董佳玮 我在:http://t.cn/zYVxEtR	1
果断扩散！俺想做编辑助理[哈哈]不是总编辑的助理[嘻嘻]//@书香数缘:转发也是生产力。感谢！ //@枕着书香入眠:转发微博	1
回复@x甘飞x:对，而且年年大丰收！ //@俺叫老鬼:回复@x甘飞x:那必须滴！[心] //@x甘飞x:鬼爷心系民心啊[心] //@俺叫老鬼:对农民有利老鬼就赞一个！[赞啊] //@x甘飞x: 好事情[鼓掌][鼓掌][鼓掌]@志愿者曹永祺 @俺叫老鬼 @新疆雷将 @声声入耳761 //@俺叫老鬼:对农民有利老鬼就赞一个！[赞啊]	1
真棒//@七队巴顿:回复@中国国家地理客户端:巴顿立正?向北京客户端方向敬礼。//@中国国家地理客户端:[太开心]	1
最后那句话真心是我最好的圣诞礼物！[哈哈]	1
好嗒 //@SabrinaYim:我也要链接，给我也发一个[可爱] //@奥利奥Oh-My: 我回去发你团购链接。别着急买呢。 //@molly冯大小姐:什么样子的瓶子网上特多… //@molly冯大小姐:牛！我也试试~能改善分叉么？[晕]	1
@陈玉霞博斐秀禾 //@胃怀天下:回复@彭涌_爱美食:在哪在哪，锁定目标，定时发动[嘻嘻]	1
坑爹的@中国国际航空 让哥在灰机上坐了2个半小时才灰，尼玛都睡一觉了还没起飞的有木有！尼玛飞珠海3个半小时尾椎坐断的有木有！尼玛出租车司机不拉活的有木有！还有哥人品大大滴，小黑车一路顺风把哥送至酒店！！！[嘻嘻]	1
#摄友点评#尼康D700+50/1.4D+24-70/2.8G 拍摄！@尼康中国 @小海学摄影 @媒体人西米露 @诺小娜nona @李一毛虫 [太开心]	1
还有漳州东山岛的风动石~@漳州彭彭 是吧~[哈哈]	1
回复@木马艺术主题酒店:都辛苦了 //@木马艺术主题酒店:到了赶紧好好休息，以最好的精神迎接明天的旅途，守候到你到了，小编也就可以安心觉觉鸟…[嘻嘻][嘻嘻][嘻嘻][嘻嘻] //@无须豆蔻:回复@?巍EVA:到酒店没有？累不？还宵夜不？  //@?巍EVA:我！到！了！	1
回复@沸腾渔府:美女，最好是床本身自带的为妙！[哈哈][哈哈][哈哈] //@沸腾渔府:带美女不[偷笑][偷笑][偷笑] //@马剑是谁:回复@魔鬼的大哥:现在的梦想是有张床[偷笑]  //@魔鬼的大哥:马师傅的梦想是什么？	1
回复@诗韵梦寻:谢谢亲[抱抱] //@诗韵梦寻:回复@贵州媳妇:一会儿我也发菜谱给你，啦啦！	1
回复@云蒸霞蔚草木葱笼:[哈哈][哈哈]周末快乐~ //@云蒸霞蔚草木葱笼:明明是麻将爱好者[嘻嘻]	1
哈哈，AYANA的员工正在努力学习中文中！以后会奉上更贴心的服务搭！[爱你]	1
回复@试着勇敢的祥鹏想蜕变:呵呵，成为我们的忠实粉丝就有可能喔！[抱抱] //@试着勇敢的祥鹏想蜕变:是想送我哥吗？呵呵~~~ //@StreamTrail:通勤实用时尚双肩包 //@StreamTrail: @三楼下的绿@试着勇敢的祥鹏想蜕变 @骑游记 ：无缝压合的时尚、专业运动、全方位防水包http://t.cn/Sclejz	1
前天，小黄熊已经在圣诞亮灯的表演上出现过了~头一次在英国过圣诞，为等亮灯，姐在寒风中疯站俩小时，灯一亮，偶就开始怀念夜幕下的小蛮腰了~[嘻嘻]	1
糖糖也就那次比较腼腆的矜持在角落，之后嘛，你们懂的！[兔子][兔子]寻找乌镇记忆、回味在乌镇曾有的朋友、曾在台客栈徘徊的身影！欢迎大家狂发在乌镇台客栈的各种记忆！[兔子][兔子][兔子][兔子][兔子] //@半糖了:必须记得的，那个时候是跟照片上的各位第一次会面。[嘻嘻]	1
[嘻嘻]爱林芝，也爱帮助别人！	1
哈哈哈，有点夸张吧 //@胡小滨:所以说中国人牛逼啊。。。// @刘陆 : @X舞者   [哈哈][哈哈][哈哈][哈哈]	1
回复@我占49:各种神兽的欢乐造型[求关注][得意地笑][笑哈哈][好爱哦][偷乐][别烦我][震惊]神道变神叨[笑哈哈] //@我占49:我这明显大号神兽[嘻嘻]	1
未来竞争是管理的竞争，竞争焦点在组织内部成员间及其外部组织的有效沟通上。//@SNOW孙雪: 收到干货必须转[嘻嘻]，许多电商企业都在思考如何让其用户方便的做生意，如何去提升他们的黏性和忠诚度。@好学的老翟 @郭洪驰 @老榕 @钢联朱军红 @崔金峰 @mrbrand龚文祥//@丁道师	1
我还和@董克平 董老师讨教xo酱的吃法呢[爱你]希望@冯雪cindy 姐也为我们介绍几种经典吃法[嘻嘻][给力] //@冯雪cindy:[爱你][爱你][爱你]  //@优雅小裤衩: 来自中国大饭店的礼品总是诚意十足，传递着我们对给予我们支持的媒体的真挚谢意~[心]希望常来参加我们的给力活动哈~	1
晚安，诸神。[爱你]	1
回复@放羊的皮?丘:月中就好喽！ //@放羊的皮?丘:回复@俺叫老鬼:?代????.?有?法?救的 //@俺叫老鬼:得到月中喽！ //@大西迁林玉: [嘻嘻][呵呵]嘿嘿，加10分！另外，恢复没有啊你的牙齿 //@鲁英俊: 这必须是人民公园吧[xkl转圈]	1
恭喜我们的幸运粉丝@月欣悦薪 获得纪念版环球影城钥匙扣，快把你的姓名、电话和地址私信我们吧！[太开心]//@月欣悦薪: 1.旧金山 @清清的和小煦 @ERIC的毛豆 @杰西卡0316	1
甜甜可出名了[偷笑] //@北京飞翔的云: 那天我去也看见他了[哈哈]//@布布tang:[思考]你不西三旗痢疾了么	1
国安最NB！[哈哈]	1
回复@皇家驿栈刘少军:[哈哈][太开心] //@皇家驿栈刘少军: 不敢，这是逼俺提前退休！[哈哈]	1
回复@Funkie:[睡觉][鼓掌] //@Funkie:口红颜色真好看！	1
回复@耶?是?好牧者:去海底捞消费很虚荣吗? //@耶?是?好牧者:卖的是虚荣心 //@餐饮咨询杨铁锋:卖的是什么?  //@耶?是?好牧者:海底捞卖的不是火锅啊   //@沣之道-杨铁锋:呵呵,这个答案很个性。   //@河南神:一切以人多就提价的行为都是耍流氓[嘻嘻]    //@千稻学伟:女人心，海底捞。	1
早上好汪星人//@奥迪张强:基本上[挖鼻屎]可以判断是四驱的//@湖北中基奥迪:[哈哈]，各种励志//@襄阳东富奥迪: 史上最尊贵、进取、动感的汪星人，请问你是什么型号？	1
偶也要坐大篷车[嘻嘻] //@周朝永：回复@一雪芊芊:我要买一辆大篷车，带上很多人去旅行！ //@一雪芊芊:一路顺风啊！下回记得带我去哦！	1
又到了火锅旺季，继经典的海鲜锅底后，亦推出冬季养生系列――清酒药膳鱼羊锅[馋嘴] 羊肚菌螺头花胶炖鸡锅[good] 还有应季的暖心饮品：桂花薏米红枣水[可爱]   这个新年夜，约上三五好友一起来@逸品锅 打边炉吧！[围观]	1
//@??-Sad : 表情真到位[哈哈]//@ariel_1128 : 表情太可爱啦！！[偷笑]	1
冯远征今年太忙了！！！！//@周耀杰58: 上海也播啦[嘻嘻]@冯远征 @演员大秦 @黄曼 @周野芒	1
【#我爱满堂彩#――精彩不断的抢先看】高三的功课压力比山大[委屈] @Shavenss魔风  的鸭梨解冻法就是变魔术！[鼓掌] 变走分数，变走堆积如山的试卷，变走少年的烦恼[威武] 变回自信，变回快乐，变回美好的中学生活[兔子] 少年，加油！[赞] [赞]   http://t.cn/8Fxb6vx	1
[鼓掌]更多欢笑，更多选择，就在庆云楼[偷笑]//@王皓Ryan: 拍得不错！	1
告诉大家一个好消息和一个坏消息，好消息是本周只下“一场雨”，坏消息是“这场雨”滴滴答答、断断续续要下七天[嘻嘻][哈哈]	1
这辈子都别想走了//@北京王建文: 走之前，别忘了预报一下11月31日那天，全球哪里有地震，万一你直飞震区了呢。[嘻嘻]	1
妈妈[爱你] //@打酱油de熊猫:[心]	1
原来不是我一个人这样啊[嘻嘻]	1
高创的地铁作家[鼓掌] 八通线上有写作灵感啊	1
这款只有这个颜色，同色同款材质还有一款拎包即将到货，此外本月还有几款新包[可爱]//@希希西红柿:还有其他颜色吗？	1
那中年妇女有点小姿色，拍张正面。 //@镜享人生-重庆:@Radio的雨琪 @哈戳戳 @鄢雨的微博 @Radio收音机-稀? 干杯[哈哈][?你]	1
[鼓掌] //@KitchenChen:呵呵这话说的。。。不过民主没什么不好啊 总比选票人写着你的名子 却投给不知名的那个王八蛋强吧 。人权 陌生的字眼。。想想看我们是木讷的，比朝鲜强不到哪去。。。开放 绝对是有计划的“开放”。。Just Think about It。。。	1
@苏铁手贱君 @jacob大酱 @imico 走一个~[爱你]	1
#皖南行#安徽当涂县大青山陶村村的油菜花海黄艳艳[太开心]给点阳光更灿烂[做鬼脸]#带着微博去旅行#	1
[赞] //@微博搞笑排行榜:太形象了有木有！！[嘻嘻]你妈是这样的么？[偷笑]	1
萌遍全世界[可爱]	1
准备开始加班写稿。。。以此展望2012。。。穷忙不可怕，可怕的是忙忘了自己。。。 一念之间，全在心态。。。我要各种哈皮[22][00][1][2][嘻嘻]	1
[酷] //@上海张军昆曲艺术中心: 今晚相约上外松江大学城，童鞋们不见不散！[围观][哈哈]	1
澳洲来信[嘻嘻]我已经可以精准的写英文地址啦[嘻嘻]	1
#随手拍#一路蓝色，一切仿佛又回到了从前，就缺点缀天空的白鸽和响彻半空的鸽哨了[亲亲]，早安北京，早安下半年的第一个蓝天[亲亲]	1
[爱你]//@厦门如是酒店有限公司:同时感谢大家的参与！谢谢大家对酒店的热爱！@中国酒店手册厦门版 @中国酒店官微运营交流联盟 @厦门饕餮盛宴 @?爆 @盆盆你好 @厦门的阿牛 @简单你就快乐 @羽小觞 @快乐学习老叶 @厦门小小刘 @如果有下下辈子 @梦一仙 @哈乐多_ @11月de果惜 @蓝鱼冰恋 @净月安松 感谢	1
真不得了[哈哈]	1
@大?豆子  //@流行北京:[抱抱]~~~	1
旧时光会像阳光一样洒在懂得的人心里，欢迎你常回家看看[可爱]	1
赵老师的小品挺逗的[兔子]//@桃门清角: 怀念 //@透露社社长:[哈哈]	1
回复@香港菠?包:泮塘五秀,咸煎饼等[馋嘴][馋嘴] //@香港菠?包:我好?心呀，Michael哥！小弟???到?州！??畔溪酒家有甚?“老西??味”可以介??我?呢？祝你新年步步“高”?！ //@大嘴米高:传统广州菜[嘻嘻][嘻嘻][嘻嘻]	1
心与自然对话，童话般的意境。[鼓掌]	1
送的港澳游也是假[哈哈][哈哈] //@紫金山南月牙湖东: 这个必须揭发一下，在江苏经开车听FM937经常开卖五浪液，45折300多一瓶，还送港澳游，天花乱最只极偶尔讲一下是五粮液大成堂窖，听多了有一次忍不住上网查了一下只酒仙网有，好象才90一瓶（喝多了记不清），NND这么假	1
哈哈，希望你们笑纳拉！[哈哈][哈哈]	1
那个......（戳）......大官博......咱今天只播模仿达人......父亲节部分下周播出哦！！请各位观众准时收看啊！[鼓掌].........走出考场的各位，放松全身的开心一刻来啦！！！	1
有草莓吃！老香啦！[馋嘴]俺婆婆特地为我准备的点心[可爱]嫁到好人家啦[耶]装草莓的碗好可爱粉色波点[害羞]俺妈看了我今天发的微博狂笑我往自己脸上贴金[挖鼻屎][嘻嘻]	1
回复@ABBA的恶魔城:56个民族本是一家！ //@ABBA的恶魔城:感觉跟汉族长相差不多[嘻嘻] //@俺叫老鬼:回复@ABBA的恶魔城:柯尔克孜人。[可爱] //@ABBA的恶魔城:红衣女郎是锡伯族吗？[嘻嘻] //@俺叫老鬼:一直如此呀！[心] //@含山法宣零距离: 各民族相亲相爱一家人，共建美好家园 [给力][心][心][鼓掌]	1
只要坚持，就会有好运哦，各位童鞋加油[耶]//@西子这贝子: 真的是我啊，太幸运啦，感谢@康源瑞廷酒店 感谢亲爱的编编！会继续支持@康源瑞廷酒店 [爱你][心][鼓掌]//@康源瑞廷酒店: 恭喜@西子这贝子[鼓掌] ，获得价值205元的北京康源瑞廷酒店湖畔咖啡厅自助晚餐券一张 @健康主题酒店-sally苏	1
回复@金?悲?grace2311:这个要向朱老师请教一下了@朱哲琴[呵呵] //@金?悲?grace2311:朱哲琴与藏传佛教渊源很深，她是以音乐弘扬佛教者。 //@杨明洁JamyYang:回复@朱哲琴:祝朱老师春节快乐[哈哈]	1
一句话证明我在上海：快下雪了，冷死了[嘻嘻] //@风韵在憩:阿拉上海银	1
墙壁上的花，清新的幸福感！[爱你] @DIY设计我的家	1
哈哈！谢谢大家的关注！真诚沟通，让我们做的更好！[太开心][太开心][太开心]	1
终于可以回家了[太开心][太开心][太开心]	1
绝对今年最流行色！//@皇家驿栈刘少军: 不许帮别人做广告！[哈哈]	1
@AMY陈晓晨 @MiaLika 新一期的瑞尔人[围观][哈哈][鼓掌]	1
[嘘]让sld多睡会儿[太开心]	1
上大片喽[鼓掌][鼓掌][鼓掌]	1
超创意超有爱，街头“神”涂鸦~~[嘻嘻]你最爱哪个？	1
@梁延利 @乔伊V ???，白富美第二?[抓狂][抓狂][偷笑][偷笑][嘻嘻][嘻嘻][嘻嘻]	1
亲，您满意，小喜就好开心，继续努力为亲们省时省心省力省钱噢[太开心]我们的送回布包装袋，您可以留用做西装罩，密封防尘的哦[害羞]	1
回复@作家编剧-赵湘华:不过，现在她的中文进步不小，不特别仔细听的话，听不太出她的外国洋人腔调。 //@作家编剧-赵湘华:袁家公主，很可爱呀。她不喜欢说话，正是她公主的味道。袁家的大公主和小公主是典型的海外第二代经典代表。海底捞见面时，她说中文很吃力，英文已成她的主料啦[可爱][威武][玫瑰][	1
[嘻嘻] //@蒋丰:日本的洗澡文化，真的还要好好研究，的确有名堂的！	1
这个色调太喜欢喇！[太开心]@最爱摆弄家	1
哟，外交官这照片拍得不错嘛[酷][嘻嘻] //@项羽BJ:好吧，其实我已经看到很久了，实在是不好意思转，特别是最后这句话。而且这真的不是征婚贴，导语在灵儿的上一条围脖里，敬请关注中国之声《新闻晚高峰》的《外交服务站》。捂脸羞射退下……[害羞]	1
#我做绿V客#【周三不开车】，换种出行方式，说不定会看到沿途不一样的景致[耶]生活的美在于发现，环境的美在于大家的坚持[围观]这周已经过半，可以开始周末倒计时啦[哈哈]关注@北京国贸饭店，参与投票就有机会获得周末两晚豪华客房住宿体验券或餐饮用餐券，快来参加吧[心]投票地址http://t.cn/zYrS0O6	1
对@Bonnieyanyan 说：妞，最近有去HK的计划米有啊？[爱你]	1
圣诞元旦春节in Seou！12-次年2月3晚4天首尔自由行http://t.cn/8ktL1x1 ，韩亚航空上海直飞+南大门四星华美达酒店，早去晚回航班，酒店近地铁CityHall站，出行方便！持62开头中行信用卡每人立减500-800元， 每单最高优惠1600元！//@韩国行:大家计划好在这里度过圣诞节吗[哈哈]	1
早安亲爱的[爱你][爱你]，今天玩哪儿吃哪儿呢[haha][太阳][太阳]	1
那个需要早起的星期三早晨，我就是用大自然的天赖之声---鸟鸣---做的Morning call。[嘻嘻] //@费沙岛:入住费沙岛翠鸟湾度假村，享受沙岛宁静的丛林湖景，在翠鸟叫声中醒来，然后乘坐四驱车出游，是探访费沙岛的最佳体验。请关注昆士兰旅游局和旅行者的探访专家们的精彩体验。	1
回复@伊人雅然:精神粮食啊！[哈哈] //@伊人雅然:你真奢侈。	1
玫红呢大衣&小脚裤&运动鞋[爱你]	1
猜猜这是哪?[嘻嘻]	1
太有创意了！绝！[太开心]  //@章翔鸥:哈哈哈哈，商家搞促销，没有最无耻，只有更无耻！	1
百萌不如一见。[偷笑][哈哈] @金吾金	1
幸福生活永远！三样菜明天继续！[可爱]开心！	1
最终逆转了就好了[可爱][可爱]//@曼联新闻:2个横梁实在是太可惜了！	1
整天拿汽车开刀的决策者们是否要取消瑶号和限行呢？ //@Nicole-LLG:  //@汽车族杂志:[打哈欠] //@汽车族王永: @汽车族杂志 冤啊[泪][泪][泪]  //@陈朝华:[哈哈]  //@谭飞:抽，使劲抽某些官方人士嘴巴！	1
[哈哈]没完没了了	1
高端大气上档次！[鼓掌]	1
//@楼主好人一生平安:特别喜欢中大如此包容...[哈哈] //  @廖杞南  :以人为本/  @中山大学珠海团工委  :珠海校区团工委表示，此类申请理由，一律批准，请知会各位团干。	1
要红啊！！如鱼得水啊！！火力全开啊！！哈哈哈哈哈哈哈哈哈哈哈哈哈哈哈！！[哈哈][哈哈]	1
#晚安 me语#少走了弯路，也就错过了风景，无论如何，感谢经历[爱你]。不平凡的一年，2013岁末，感受了江南的冬韵，古耐[月亮] 我在这里:http://t.cn/8kRR2SP	1
我正在用微信收听你对我滴想念，一群可爱美丽的小女生突然围住了我...于是，你幸运的收到了美妙的祝福！孩子们的热情、纯粹，就像我们#蕾女帮#的女纸一样！[爱你]@Rebecca宣小鸿 @暖小团 @梁静 @王子子 @张佳楠Joanne @刘滢同学 @隋兰 @幸福大璇璇 @杨小蕊	1
玉立婷婷，美好心情！@孙烨  幸福人生！生日快乐！[玫瑰][玫瑰][玫瑰][爱你][爱你][爱你][蛋糕][蛋糕][蛋糕]	1
恭喜[嘻嘻] //@赵薇:[握手][爱心传递]  //@致我们终将逝去的青春movie:[鼓掌]评奖季来临。所有提名已是对影片及主创们的肯定，锦上添花。[耶]	1
/@欢喜幸福心:因为买你家的地皮菜很干净，很好洗、很好吃，所以这几天基本上天天都是地软包子、地软水煎包、地软炒菜。[嘻嘻] 以前买1斤要吃很久，现在看来我很快就会吃完了。你的网上商店开业了吗？网址？	1
那么多年你们一起经历了那么多事，好好珍惜彼此，加油S.H.E！就像我们一样。@Angel_航 [亲亲]	1
两年上市！我们也快了！[鼓掌]@L__小?Jenna	1
今年欧美貌似很流行大衣加上运动鞋哦~搭配在一起也木有不和谐的感觉[爱你]	1
第一次从两喇叭录音机里听到她的歌声，曾惊呼:世界上还有如此唱歌的啊？！ //@Jane1963:洗翻[爱你][爱你][爱你][爱你]	1
#中华旅游名博九龙江行#好厉害的最炫民族风[哈哈]	1
[鼓掌][太开心][good]	1
我为自己拥有两位这么油菜花的同事而感到由衷的骄傲和自豪~~[鼓掌]	1
回复@dingming0318: 这个评论相当温暖 窝心 落胃 舒坦[哈哈]@DJ张小腾  是吧？//@dingming0318:刚看电视时候在吃东西没手拍 像有一年春晚的小虎队???	1
[鼓掌][鼓掌]麻麻辣辣，美味鲜香~	1
回复@surper-women:谢谢若铭过几天你也24啦…[爱你] //@surper-women:大曦曦，生日快乐哦！么嘛～	1
用自己包的粽子祝大家端午节快乐！虽然卖相一般，味道可是很不错滴~有甜粽也有咸粽[嘻嘻]	1
[哈哈]//@大眼郑妹: 转发微博	1
看见没，全班聚餐！！！[哈哈][哈哈]	1
#为什么大家都买这一瓶？#到底是哪一瓶呢？难道是这一瓶？！三个提示：1、一件产品两个颜色2、宫廷御用古方3、线上线下秒杀万件的明星单品 即日起，关注@家化E起来 ，转发此条微博并写出答案，另@三位好友，就有机会获佰草集太极随身套装！只有20个名额哦！赶快来参加吧[抱抱] ~http://t.cn/aYQxLw	1
我从丁丁身边走过,留下阵阵榴莲香。。。[嘻嘻]	1
[给力][哈哈] @万蒂妮 @万象综艺指数 @汪潮涌	1
过得开心又充实！[鼓掌]//@饕餮yuki: [偷乐]这是个不安分的工作日//@繁星满天飞扬:又是扫街的节奏呀！[威武]//@晨光熹微_baka: 对折很给力~~	1
封面挺漂亮 //@柳迦柔:感谢波波[给力]圣诞节的惊喜[太开心]快乐的心情也是一种幸福比较喜欢前奏音乐[给力]@李锋-宏章传媒 @靳丽霞-宏章传媒 @陈建波_KAPO @吴秋发律师 @阿卜杜勒沙松 @郑伟导演 @崔志敏CCZM @岛石 @图书商报李鲆 @出版人卢俊 @杨文轩 @天顽童  @王楚导演 @出版人宁宁 @老范行军	1
哈哈，以前还有一个草莓的由来。[哈哈]	1
[哈哈][哈哈]//@Ultrasapphire: (￣(エ)￣)ノ 创意略冷//@我恨处女座: 狮子君。。。	1
固执的爸爸[哈哈]祝咱老爸身体健康！好酒管够！//@逗豆芽儿: 前几个月，买了一瓶百岁酒给老爸，老人家拿着当宝贝，非要带着回老家喝。结果到现在还没老家，酒当然也还在藏着呢[偷笑]	1
[哈哈]//@胡萝卜_C: [哈哈]喵了个咪的//@萌宠物: 你们是要闹哪样//@一泡清淡的屎: O口O!!!//@谁允许你直视本蜀黍: 纳尼！愚蠢的人类什么时候偷学了我们喵星语！O口O//@你们军嫂:我同类早已潜入蓝星人内部了喵？？//@一起来泡杯菊花插PPT吧:O口O!!!	1
欢迎常回家看看[嘻嘻]	1
@小鱼儿778011 来啦[嘻嘻]@可爱多的香草夏天 你也过来呀[太开心] 我在#必胜客(顺义新世界)# http://t.cn/zWTpgxY	1
请多多支持~[太开心]//@安安的猫: 跟着这个故事走过来的，终于出书了，好棒！//@写S的lydia: 去豆瓣点个“想读”啦，书l里面有E的结局哦！[哈哈]	1
[哈哈]//@孟雷远见: 这2B青年，话糙理不糙。惟其如此，让人牙痒[哈哈]	1
#中华旅游名博丹霞山行#南华禅寺至丹霞山途中，车窗外的曰落。玻璃上的“安全出口”几个字象不象水印？[哈哈]@旅评网	1
@左小强 [可爱]	1
早起的鸟儿有食吃，果然不假。5：30起床，3小时内改完了所有稿件，效率超高[给力]新一周开始，分享一张昨天主持活动，与美女@肖雨雨 的合影，祝大家好心情[亲亲]	1
出去看人[哈哈]//@李旺:靓丽的风景线！ //@徐昕泉:people mountain, people sea...[嘻嘻]	1
周末[哈哈]一[哈哈]	1
Ravioli和番茄冻汤都不错，配上脆皮面包很享受，主菜一是鳕鱼配大豆杂菜浓汤，猪里脊配上四种不同方式烹调的水果，让人惊喜的是糖渍无花果干的出现，当然如在搭配上来点刺激的有反差的香辛料的话，平衡会更好，甜点是这里餐桌上少见的baba rums，自制紫罗兰糖是其亮点，建议搭配点红醋栗提点酸味[嘻嘻]	1
@搜狐新闻客户端 偶的自媒体订阅量过十万了哦?欢迎订阅吃喝小可疼?[太开心][太开心][鼓掌][鼓掌]	1
态度[嘻嘻] //@阿拉小叮:[笑哈哈]//@袁大头的袁: 转发微博	1
最近喜欢上??了，励志为中国男足增添新血液，有没有人想和英镑切磋下球技的呀！[可爱][可爱][可爱][可爱]	1
美丽的Sylvia，很高兴再次见到你们！[爱你]	1
好温馨的场面，下次录下来听听[哈哈] #叫板故事#	1
外星人在太平山顶凌霄阁发出求救信号[哈哈][哈哈]//@丁丁小美女:哈哈哈，估计是，空气太脏被淹没了[哈哈][哈哈][哈哈]	1
time out才介绍你就去了[哈哈]	1
正确答案依次为：米拉之家，神圣家族大教堂，巴特罗公寓，奥林匹克港，博盖利亚菜市场。恭喜@CCYeong @安然_Iris @杨晓芸ABC @紫薇清嘉 @Gerri爱旅行 ，请速速私信我地址吧[可爱]	1
回复@关思宇:的确。[发红包]拜晚年了[哈哈] //@关思宇:高球不能停[偷笑]	1
小熊最可爱了，哈哈。不如去找找城里的好吃的[嘻嘻]	1
回复@我爱满堂彩:加油?(^ω^)?这肯定是小菜一碟[嘻嘻][给力][围观]2013年再次到我爱满堂彩大放异彩[嘻嘻] //@我爱满堂彩:我们目标是破2 //@喜剧男人组合:必须再次支持啊，听说收拾都破一了[嘻嘻][给力][围观]@MC少枫 @光影下的丑角	1
那些年，总有那么一个人毁掉了一个明星哈哈哈哈哈[哈哈]	1
今晚全国看快男的各位应该都看到这个广告了吧[嘻嘻][威武]	1
【京城排队也吃不上的餐厅！】吃货们为了好吃的谁没排过几个小时的队啊！[挖鼻屎]这些餐厅门口永远都排满了人。究竟有多好吃，能让人们趋之若鹜，即使排长队也在所不辞呐？快去看看呗。吃货们都吃过几家？[鼓掌]>>>http://t.cn/zRxPo8r	1
你牛牛哥已经咬坏好几个小小牛啦[哈哈]	1
恩，有理，可以一试[哈哈] //@草根原创精选:真正能阻止离婚的婚姻法是：离婚后房子归国家	1
我:#希尔顿终极励赏之旅一周#【杭洲千岛湖滨江希尔顿度假酒店】我在杭州机场 临行前为好友susanna邮寄一张来自酒店贴心准备的明信片 并邀她改日一起来尝尝千岛湖有点甜的水[爱你] @希尔顿荣誉客会 @千岛湖希尔顿度假酒店	1
给力。。。[鼓掌]	1
呵呵 咸阳，曲江离留坝都不远，既然幕后了，就请来坐坐! @张良庙紫柏山风景区管委会 没说错吧，去拉上@楚汉传奇 你和萧兄韩弟该认真请请客啦~ [哈哈][哈哈][哈哈]	1
本还打算托人从香港带一个，没想到圣诞前变成礼物了。小蛔虫有心了~@angelica董董 [亲亲]	1
再次表扬与我同床8天的90后美女，超超可爱的小跳同学！但是――你们聚会……这不是气我离得远吗？[懒得理你] //@谢惠乾_左琴右书:[太开心] //@张雅雯雯雅张: 亲爱哒们，哪天聚聚呗[嘻嘻][嘻嘻] //@魏音音:想念各位……@谢惠乾_左琴右书 @leila是莱拉不是莉拉 @张雅雯雯雅张 @摩羯甜甜的	1
回复 @鬼鬼打桌球:快过年了，马上要脱离苦海了[嘻嘻] //@鬼鬼打桌球:小姐姐，你每天发这些，真是诱惑我们这种处在水深火热的啊~~~	1
各妖各的[嘻嘻]//@钱文忠: [哈哈][哈哈][哈哈][哈哈][哈哈] 话说得真可耐，也真是这么个理儿！/@钱文忠?丝团: @钱文忠 廷参法师，可耐可耐	1
@王海珍 找不到老板微博，好在还有老板娘！噢耶！为了和MINI更深度的合作，年终奖发起来！@燕青Bonnie @许群 @李小乐Aaron @Little13D @玛格丽特的狂欢 @紫晓格儿 @ZZZZZZac @苏黑黑 @张笑猪 @彩Her @王云龙_SC @娄DER @intomasa [哈哈]	1
[哈哈]  //@姚晨:这孩子，吃喜鹊屁了[哈哈]	1
这些啊...[嘻嘻]//@LonelyNightX: 转发微博	1
@ilovemint 你太激动了手都抖了[嘻嘻]	1
涮啊！[嘻嘻]@鑫鑫的honey小冉 @宣武大头丁儿 @Seanyang_光_大洋  //@劲松侯老师:@现代可汗 @勤劳的工作狂 @鹏的莹 @三摩地帮主 @光头陈庆@曹志坚-北京 @侯新庆	1
[嘻嘻]//@薛兆丰: 你记性真好。谴责工人加班的人，自己都在加班。脑子乱七八糟了，行动还是清楚的。 //@白丁公子:哈，您在《经济学究竟能帮多大的忙》一文中指出”人的思想可以有很大的差别，但他们的行动都是一样的。” //@薛兆丰: 学问越高的人，越爱说这一套；读书不慎，会读坏脑。	1
[哈哈][笑哈哈]高兴 http://t.cn/GZPZB	1
票不多了，还是再扩散一下[哈哈]//@青岛曲艺社唯嘉:闽清阁，正月初六晚7：30，开箱演出！[哈哈][哈哈][哈哈]	1
这是我个人最喜欢的酒店之一，感谢小飞猫的美文。我们的司机说，下辈子他要结婚的话就在这里结！我也是！ 哈哈！[哈哈]	1
晚安，小点心[爱你]	1
[可?][可?][可?][可?] //@瘦瘦:有朋克范。谢谢ido.@钟懿 @刘冉0615  //@罗嘉良苏岩官方影迷会:好美！[爱你]惊奇的发现耳环和项坠是一套哦！//@豹纹小姐心雅:笑颜如花@苏岩 @瘦瘦 @罗嘉良苏岩官方影迷会 //@高晶东田造型: @苏岩 姐收图了[呵呵]，#MSN星月时尚夜#后台偷拍@豹纹小姐心雅	1
[嘻嘻]@刘秋池V 姐姐学习一下	1
一定有下次！[爱你]	1
欢迎参加4月27日的开幕式！参与//@亮亮晶晶五十九个小拉拉: 祝大家每天的心情充满新鲜，没有恩怨，流淌甘甜，滋长爱恋，所有心愿都会顺利实现，快乐永驻你悠悠心间，烦恼永抛你远远后面！[抱抱]！活动太给力了，积极的支持，期待好运！ @秋天稻草妞妞 @徐子米 @广阔天的刘 @我就知道北京 @	1
有点有面哇！[照相机][哈哈][围观][酷][可怜]	1
回复@i汤昊龙:哈哈哈，人家官方应该有答案的，多at人一下[嘻嘻] //@i汤昊龙: 哥哥我错了！！！我不是这方面的砖家！！[泪][泪] //@差不多的光光:回复@i汤昊龙:灰的问题道不是大问题，现在这样的做工与装配工艺，我开始担心屏幕进灰了	1
看看这个链接吧，更加实惠哦[鼓掌]http://t.cn/zWTGjK9	1
最→_→//@bamboobird:噗 →_→ //@老榕:→_→这种坏人真特么多啊。 //@寻岸: →_→ //@饭否阿范:→_→ //@一头活猪: 最右！ //@高大?人就?我: [哈哈]最右！ //@西江月忙碌中: 能吹的都来北京了……	1
我们正在寻找叫板团队中服务最好的队员，如果哪个队员给了您一个“哇”的感觉，请记下他的名字，私信或艾特我们！感谢您的支持[心] 括号:有不好的体验，也欢迎“举报”括号完了！[爱你]	1
死党创业不容易，我必须支持！ //@安懂:这天热的啊，厚衣服都该洗洗睡了[嘻嘻]	1
亲，欢迎常来哦！[可爱]@炫酷酒吧	1
敢不敢跟时间打个赌[嘻嘻]，活动详情戳 http://weibo.com/2045574153/AwRzuluYw	1
#雕粉年终答谢会#[嘻嘻]接待工作准备完毕，此刻我们的“顶级大厨”团队已经开始为了中午的“未上市新品试吃”做准备！[可爱]各位来参加的幸运雕粉，你们在哪？ps:[酷]感谢“雕粉年终答谢会”甜品赞助―@皮娜鲍什下午茶  我在这里:http://t.cn/z8ABSGH	1
"[可爱] 六月一日，儿童节当天，BNC薄荷糯米葱与Tang Roulou""为孩子服务""！。祝所有的小朋友们当天过一个特愉快的节日！@父母世界Parents杂志 @beijingkids @安邸AD @LightsUp儿童摄影 @宁宁-夜莺"	1
容彪老兄！[可爱] //@陈荣彪:@武旭峰 @老生阿泰 @李铭建 @广州大学张河清 @劳毅波广州大波波 @周洽强 @暨大胡刚 @钟炬 @欧阳杏蓬 @阿钟ocean	1
服了！//@京城文人: “大嫂，这肉包子里哪里来的鸡巴毛？”――《水浒》//@乐评教育:回复@瓜王西:[哈哈] //@瓜王西:词穷意尽！[哈哈] //@愚-言:太粗俗了，人民日报没一点严肃性。[弱] //@吉祥幸运二世: [哈哈] //@i彭三金:[哈哈] //@杂谈五味:[哈哈] //@麦穗的力量: [哈哈]人民?报	1
快来看这个话题 #念佛#[爱你][爱你][爱你]...http://t.cn/8kgPita	1
第一场就是泡芙～～你懂哒[哈哈][哈哈][哈哈][哈哈] //@Leslie靓靓:我要学烘焙	1
#我发备品，你猜酒店# 这牌子的备品，在之前的“十大值得顺走的酒店备品”名录中哟[挤眼] 各位酒店控，你们知道是哪些酒店的备品了么？[嘻嘻]	1
一定要推荐[哈哈]	1
感谢@贝太厨房 @tescoma 的新春礼物，好开心呀[哈哈][哈哈]//@贝太厨房:#tescoma中文名征集#参与奖：@嘟嘟小花牛 @八月的小麦 @明踪莉影 @zhujunyi719 @小花Rita @馨女老爸 @家有顽彤 记得记得2月8日前私信@贝太厨房 姓名、地址、手机号，并注明“tescoma中文名征集”，奖品将在春节长假结束后发出。	1
是的，现在还没进房，房间在精心布置[嘻嘻] //@V巡洋舰V:我才想起来，时间还没到呢。	1
这，有点凌乱了！看的我自乱阵脚啊！！//@时尚趣味馆:儿子你咋来了？[哈哈]	1
你也会幸福的，午安[嘻嘻]//@CUC艾欣:真幸福。早安～	1
哈哈谢谢潘总[哈哈]三斤都不够，回头火锅吃起来哈[哈哈][哈哈][哈哈]	1
大家都被愚弄了，5凤的身影还没有出现呢。。。//@大松在羊城：装逼装大了。郭台铭也太不厚道了。 // @阙道华 :网传他们头版抢发了爱风五，见我上条 // @黑仔阿义 :从何得知？ // @阙道华 ：原来这傻逼是深圳某报值班老总？哈哈哈 // @dolllee :[偷笑][哈哈] // @羊城晚报肖执缨 :[偷笑] //	1
[哈哈]配合的真默契 //@我是白又白_Miki: //@XXOO的激情技巧: 213少年欢乐多啊。。	1
?是?有?性的大叔！！ //@hktraveller://@孤??往: 显然大叔的样子更迷人[哈哈]//@LonelyPlanet: 我们的Tony大叔算不算？	1
美！//@大勇-先生: 回复@有福社长:哈哈!木问题!先游小河淌水,再看五朵金花!听上关风,赏下关花,揽苍山雪,赏洱海月...@施怀基 //@有福社长:社员们：赶紧报名明年春暖花开时刻，公社组织，大勇地陪！[笑哈哈][好激动][江南style] //@大勇-先生: 回复@有福社长:看来!鸡足山不去是不行了,山下有蒜![哈哈]	1
[话筒][鼓掌]全国餐饮行业「厉行勤俭节约反对铺张浪费」视频会议开始了	1
雷锋做好事从来不说，都默默的发在微博上[嘻嘻]//@所长别开枪是我: 雷锋做好事从留名。都留照片。雷锋做好事从不说。都记本子上。	1
@回忆是菇凉 @清清0008 @非然Miss MM们，你们怎么看？[偷笑]//@九都虞家: 这个活动能少了我们这些人吗，[哈哈][哈哈][哈哈]@天空永远蔚蓝 @记者吴永俊 @发哥发微	1
春天的天气很好，春暖花开让人内心蠢蠢欲动，在一个阳光明媚的天气里，不顾一切的出去走一走吧[哈哈]	1
#带着小U去旅行#在冰岛雷克雅未克的住处前，等车去机场，飞往格陵兰岛!小U，兴奋吗?[嘻嘻]	1
Una vida conHugo…[嘻嘻]	1
摩羯在此[哈哈]	1
[嘻嘻]饿了吧：） //@茶一末子:好面好汤[花心]@黑蝶VS林岚 @藏异域-黑木 @刚拉美多 @苏州车科 @白雨斋夏回	1
饿了正好觉得更好吃[哈哈]	1
转//@朱海燕加油: [哈哈]	1
[哈哈] //@星座宝典：让你得瑟 ?	1
创意就在你身边。。。。。[鼓掌]	1
日月穿梭催人老！哈哈哈！！ //@青曲社王声:[哈哈]喷了… //@北冥乘海生:[哈哈]	1
//@厦门晚报美食周刊: 回复@牯岭街少年:我也觉得，因为有名厨坐镇[嘻嘻] //@牯岭街少年:这家我喜欢，菜的水准很不错。	1
原本想着白色情人节给你一个惊喜的，没想到尼玛的3.15打假节收到了。这意味着，咱俩的基情真的不怕打假么？嘿嘿~~~你喜欢就好！[爱你]	1
[哈哈][哈哈][哈哈][哈哈][哈哈][haha][haha][haha][haha]//@白凯南:我的思绪回到了一年前、那时候第一次和祖蓝碰撞在@深圳卫视年代秀 、对他的笑：河河河＂还有点儿不适应、现在我也会啦！河河！	1
必须帮转，看着就好吃。//@戴金垸: 拿奖啦！~~~~~~[嘻嘻][嘻嘻]@诗人白鸦 @宋浩的微博 @何小亮子小朋友 @非常阿锋 @印象胡艺川空间 @他不叫蜻蜓了 @死胖子小B	1
[赞] //@陈鸣雁CAROL:赞一个！宽容悦己悦人//@五阿哥1908217051:早安！[太阳] 宽容一点，看淡一点，悦人悦己！[赞][鼓掌]	1
听着旋律，就会和着唱，广院的校歌，偶不是自夸，真的是很好听，有木有[鼓掌]新学期要开始了，小童鞋们，一定要珍惜春光啊，虽然，现在是秋天[偷笑]//@广院胡芳: 年轻的白杨!心中的广院!	1
#趁热吃#好可爱的小猪！！！快把你嘴上冰淇淋擦擦干净！！！[抱抱][抱抱]	1
看了。阅！哈哈 //@小白龙虾: @郑猛A  请我去拍吗？[偷笑] //@佟大为: 敢点开视频看吗？[哈哈]	1
感谢大家的光临！嘿 在河边吃饭必须很有调调的说！[可爱][江南style]	1
[赞][鼓掌][鼓掌] //@罗荷子:荷之曲http://t.cn/hbEIlJ 此曲只应天上有 幸得荷去着谱留 吟咏人间无声里 禅悟之士听余韵@一斗自然全: 江南能有几度绿，顾盼依稀如昨梦。莲荷娇羞抹红霞，脱俗避于世外尘。 //@茶语新人:庭前无人随意绿／暖风轻拂江南梦！??杜鹃鸣红霞／抚衿叹息委清尘！@乐创意	1
回复@WS紫小光:是啊很像的[哈哈] //@WS紫小光:好像有张震岳。	1
从台湾童鞋那搜刮到的千元大钞[偷笑] [哈哈]	1
[哈哈]有毛主席和他的最亲密战友，一定会啦！ //@边疆边吃边说:开花了吗？ //@诗人大厨二毛: 转发微博	1
洗洗更干净，喝了要人命！ //@鱼鱼金伟:[哈哈]//@赵赵: 我操下回带洁尔阴的惨了	1
姐妹姐妹姐妹！！！//@_卖姑娘的小火柴__:@张嗣彬 @乔静心 我们我们我们是清白的[太开心] //@我就是我-涛:太混乱了，还是爽哥最仗义，他们俩都不靠谱！[偷笑]	1
[鼓掌][鼓掌]//@风野-叶科: 来吧来吧！水灵妹子介绍给你！哈哈！//@Calvin_Zhu的Style:我现在特想去北京出差，顺便看看二师兄！[嘻嘻]// @风野-叶科 : 能带上我不？水灵妹子哦！这时候不艾特我，太要不得了！	1
打开微博一看全是大黄鸭！//@古韵风情胡同: 好可爱[嘻嘻]	1
回复@管视:[哈哈][鼓掌][鼓掌]欢迎品茶选购！@武夷山红骏茶业 @上海红骏茶业 @上海壹周 @上海发布 //@管视:[晕] //@红袍加身私房茶:[哈哈][礼物][爱你]贵宾卡，还有免费茶席！[给力][给力]	1
好几个美女啊 //@芝士蜜餐厅: 嘿嘿，掌柜滴表系热烈欢迎来小店品尝瑞士乳酪火锅滴[哈哈][耶]	1
好一个快乐哲学！是女性哲学家的断言吧？[哈哈]	1
看在你冒死拍了这么帅的爷的份上，准你去睡觉吧[嘻嘻]	1
回复@牺?:Yes. you are right[可爱]But I hope well overcame the reality like this movies boy[心] http://t.cn/zWu72uW //@牺?:愿望很美好，现实很残酷。	1
[嘻嘻]敢黑我大杨幂，你等着的。。	1
回复@刘娜萍:我们的大美女节日快乐哟![?你][?你][?你][?你] //@刘娜萍:冉姑娘节日快乐哦！吃粽子啦[嘻嘻][给力][嘻嘻][给力] //@刘冉0615:[?][?][?]  //@张盛敏9623:[鼓掌][鼓掌][鼓掌]@刘冉0615 @拉风霞姐 @TVSbobo @迷糊小怡 @minanmi @张明瑞的话	1
[哈哈] //@某日无风无云：。	1
这还什么年代？ //@洪晃ilook: [哈哈][哈哈][哈哈][哈哈]	1
靠靠靠，你什么时候买的？//@老家在海宁:幸灾乐祸[鄙视]我车子都不敢开出去//@Always作瓜: 我刚买好600D就来了个重大利好[哈哈]//@CI宝宝:一停工我觉得无良商贩讲不定会借口量少而趁机涨价，就像泰国发个大水，然后硬盘价格就一直居高不下了	1
多谢[嘻嘻] //@大卫盾医疗中心:欢迎陈总！[心] //@王维铭-佳平医疗: 欢迎陈 总前来参观指导 //@海航文化陈伟:[赞]明天下午两点去[嘻嘻]	1
晚饭开始啦！[抱抱] 这是什么菜？竞猜竞猜！！	1
回复@河北解放:亲，叫快递，俺包邮！[哈哈] //@河北解放:呸，太远了，不来接我 //@嗨辣老孙:回复@元咪:神马情况？[呵呵]  //@元咪:举个手吧，老板在这儿@嗨辣老孙	1
公园惊现“浪花姐姐”！[花]妩媚……决定许配给王勇了！啊哈哈~[哈哈]	1
//@尚开红: 对，圆头煮[哈哈] //@黑衣法师:洒家95年曾去圆头煮一游，还在那鼋头上照了相，一别18年了。我读的对么？ //@尚开红:刚来无锡一个月，还没去过鼋头渚，话说你们都会念这三个字吗？//@兄弟一连: [给力]//@请叫我姑娘ATM谢谢: 镜头下的无锡、向往~	1
严肃点，哥害羞着呢[哼] //@JJ-孙闻婧:[嘻嘻][嘻嘻]	1
回复@柘木: 是的 哥 ~~ //@柘木:春哥？你们都认识啊[握手] //@NALA何小春：回复@草莓派天天吃醋: 哈哈 我已经是NALA一员了~~ 嘿嘿 //@草莓派天天吃醋:春哥？我记得你不是w1的嘛 怎么变成nala的了 //@NALA何小春:哥，姐 什么时间给我们@NALA团购  送一个啊~ //@柘木：[鼓掌]	1
感谢李锦记赵广，和我们一起端盘子[鼓掌]	1
[哈哈]互联网还有性别？那微博是阴还是阳？	1
帅呆了！ //@童华安:[嘻嘻]//@卢艳霞: 照片不错!	1
怎样算也贵不够正版LV [嘻嘻]//@Couture卡顿尔蛋糕:[鼓掌]	1
[鼓掌][鼓掌][鼓掌] //@周子琰:记得看电视噢！[兔子] //@恒大音乐:今晚23：10分 锁定旅游卫视	1
绝对高端大气上档次[爱你] //@BK贝嘉:合作非常顺利与愉快！	1
@tulanszll [哈哈][哈哈][哈哈]服务员，再来十瓶，我贝比还没嗨！[哈哈][哈哈]	1
@陈西西0120  学起来[鼓掌]//@第六感心理学:番茄蛋包饭 喜欢	1
#让情人节飞#情人节真是个有人欢喜有人愁的日子，有伴的各种浪漫[亲亲]，没伴的各种心酸[委屈]，不过没关系！今年的2月14不仅是情人节，它还是元宵节，不仅是元宵节，它还是星期五！[哈哈]回家一边想着男神女神一边吃元宵吧[耶]祝单身的马上有对象！[马上有对象]	1
[嘻嘻]听泉小苑，洞天福地！ //@丐帮执行官:楼主和张总是一人儿吗[哈哈] //@窝窝头的围脖:太羡慕您那小苑了！听涛观古品茶闲聊，好不惬意吖！[哈哈][哈哈] @船长魏盟 @丐帮执行官	1
@其实我是CZ磊 今晚我们有点膨胀啊[哈哈]	1
俺只想要其中一张[哈哈] //@走遍欧洲:先睹为快啊。。。	1
最亲爱的“八女”们，@老焦爱民 焦总盛情邀请大家参加新片《亲密敌人》于18日的首映。请能出席的姐妹儿们回复我，以便我统计最终人数。@白杨白小杨 @恺恺就姓乐 @西啦啦1 @秋阳硕硕 @年画真豆 @钢蛋元元  @橘ju @Lillian风之花 还有没有@到的几位… C组O恺总受累组织下了！[爱你]	1
记得关注@京城美食探店 @青年餐厅 ,转发并@ 3位好友哦！祝好运哈！[江南style]//@一粒沙中的观点: 好活动[哈哈] 请我去吧	1
浪漫#情人节#的颁奖时间终于到啦！感谢加粉们的热情参与~恭喜@钢铁侠安东尼997 获得情人节大奖----加州限量版情侣卫衣一套！请将你的联系方式私信过来，我们将尽快寄礼物给你。期待你们穿上情侣装，一起来加州享受甜蜜时光！[爱你]	1
想要书的童鞋有福气咯??[围观]?[可爱] //@酷讯旅游:酷讯旅游首席体验师郝娜：活好每一天，就是活好一辈子。小酷将近期限量馈赠粉丝30本，喜欢旅游的小伙伴们，可要关注我们哦。	1
[赞] 细腻！//@宏爱餐饮咨询骆颖颖:好吧，古有千利休枯枝扮茶席，今有蔡生美花点刺身。[哈哈]//@蔡?: 刺身。//@免费糖糖:好美呀，用来配什么？	1
“他在丛中笑！”[太开心][威武]  @五哥曹进 收图勒！[耶]	1
@司新颖 [哈哈]	1
T可以[嘻嘻] 不过大姨妈你还得自己来// @?-灰色?? :换换试试// @盘石微博Lab : 同意的转	1
儿子负责养的鱼和花，孩子非常爱惜。这是培养孩子爱心性价比较高的方式。[鼓掌]	1
@Foscafe陈智勇  //@canicoo: 孝心不只重阳节，每天关爱多一些 适合爷爷的健康糖~[太开心]	1
@??  //@高清电影收录:哈哈哈，好萌！[哈哈][哈哈][哈哈][哈哈][哈哈]	1
@大董意境菜研发徐勃 [鼓掌]	1
#高级定制# Cartier定制手镯系列...今日立秋超级凉快！！眼前一抹红金搭配怎么样啊？嘻嘻...超级亮眼...[调皮][鼓掌][鼓掌][鼓掌]	1
华的菜！[偷笑][花心] //@hua爱美食:太馋人了，还好晚饭吃好了[哈哈]	1
MAMA们也很多[偷笑] //@尹方鸣: MM那么多，单身的要多抓住机会啊[哈哈]//@蛋卷儿爱抹茶:看来大家都木有抱够[偷笑] @尹方鸣 //@耗子是中国超人: 抱抱^_^//@蛋卷儿爱抹茶:求抱抱[偷笑] //@黄小小钰: 开心欢乐，抱抱，有你们，我就没有烦恼，有你们，我就能跨过难关。加油…	1
回复@大山西瓜子:[威武] //@大山西瓜子:是哒[可爱] //@小车慢开:泰国？	1
@??兔拉拉 @?氏?? 我们祝大家中秋节快乐[鼓掌]（这个月饼可视为珍馐[花心]，因为它在今天之前和今天之后都叫韭菜盒子。[流汗]就只有今天它身份显赫。）	1
啊哈哈哈哈，笑屎乐！ //@夜千night:一样不差都学到手了[阴险]@兔拉拉810  //@杰哥5286: @夜千night @鼓手余伟民 [哈哈][哈哈][哈哈][哈哈] //@蘑菇0_0多多:学会了	1
大家的提问好多呦[嘻嘻]	1
这地方在哪呀，叫什么名 //@璇宝宝Elaine:豹纹控支持！ //@胃怀天下:朋友们走着吧@璇宝宝Elaine @K哥爱美食 @魏鹏_君为红颜坠 @陈玉霞博斐秀禾 @伤心铁丝-行者老谭 @彭涌_爱美食 @我是梅干啊 @Daniel风的来世 @0o晨_晨o0 //@戴晨达: 看[鼓掌]	1
[花心] //@新鲜旅厦门:【征旅游摄影达人免费游天台山】赏花、品茶、悟禅，免费游浙江天台山，快转发微博报名吧！[爱你]	1
回复@传承人-黄文海:是的！[嘻嘻] //@传承人-黄文海:搜索掌上优惠就行？ //@我是情商:嗯，我想去！	1
还特别好吃！//@天涯钟律师:品像很好啊//@李会革:必须可以！@天涯钟律师 @天涯我在 //@网络写手天佑:@海南梁山 试试吃了能不能让身材更伟岸[偷笑]//@李会革:老爸种的木瓜长势喜人。[爱你]@姚俊宇jiafei @网络写手天佑 @海南浪子文 //@海南土鸡蛋:一样的品质，为城市生活提供绿色食品。[爱你]@海南梁山	1
[鼓掌]我要感谢@Valen_袁已丁 的邀请，也感谢@BJRY-刘洋 邀请丁丁~~哈哈哈	1
再不旅行就老了。//@玛格非: 90后的户外时代开始了[嘻嘻]	1
[嘻嘻]亲，祝您生日快乐！永远年轻漂亮，永远happy哦~	1
[鼓掌]汪星人真牛X	1
哎呀我去、绝对练过 //@李牧霏:太悍了！[吃惊] //@任山: 强悍加勇敢[给力][威武][鼓掌] //@黄海冰:真爷们????????? //@王雨:绝对纯的，鼓掌。。。	1
都说意大利人是天生的卖萌高手，本来主页君还不信，当看到这张图时，我信了，我真的信了！[哈哈]这是去打仗还是去卖萌？图为二战时期意大利卡普罗尼试验机，这要飞出去打仗，让敌军大叔们情何以堪。[偷笑][偷笑][偷笑]	1
常吃黄记煌,青春永荡漾[鼓掌]//@血色罂粟vs魅惑人间:回复@华洋堂百货官方微博: [害羞][害羞][害羞] 伦家也是~~~ //@华洋堂百货官方微博:爱你们哦！[爱你]	1
好酷的别摸我[鼓掌]	1
网上有朋友不是说了：看微博发评论有一种皇帝批阅奏折的感角吗，我天天熬夜怎么愣是没找到感觉呢？奇了怪了，@韩雪knight 要不今天你陪我找找，你比我神吗不是。谢谢啦！[哈哈] //@韩雪knight: @潘雪Ocean @鱼缸58 @Ella--GA //@水云轩727:很地道！ //@zivzhang:真的好吃，[赞]！最右边的几位？	1
#早安西江#【怎么吃早餐最养胃】1.吃热：早晨摄入冰冷饮食会影响微循环，导致血流不畅。2.合理搭配：牛奶、豆浆任选其一，谷类食品能纠正低血糖现象，鸡蛋、豆制品、瘦肉让人不易饥饿，果蔬提供丰富维生素和膳食纤维。3.多摄取碱性食物。小西[抱抱]提醒各位亲们，要注意早餐饮食哟[亲亲]	1
圣诞礼物驾到：情侣香水[爱你]很应景有木有？[xkl转圈]蓝色清泉---男士；粉色娇之真我--女士[心]感谢@新浪女性	1
[鼓掌]家门口的新地标，必须去看看[照相机]@白木-建筑摄影师 有空过来拍吧[嘻嘻]	1
回复@庾云彰:哦 北京也是雾好大 //@庾云彰:[哈哈]雾大。。。 //@山水嘉禾媒介总监:回复@庾云彰: 您过来吧！肯定报！ //@庾云彰:回复@山水嘉禾媒介总监:灰机票报么[偷笑]	1
大家一起???????????????找不同[抱抱]	1
[哈哈] //@原创搞笑大本营:男人就是这么屈服的，好搞笑！	1
@稍微-泰国佛牌平价 看看有没有好看的九尾狐，给我留一块！[过年啦][亲亲]	1
我想知道当事犬是什么心情。。。。。//@叶姊yezi:哈哈哈哈笑不行了@赶狗拉雪橇的人儿 @Wen小dy @张与墨 @拔根韭菜当令箭 @陈小桃er  //@杨婷ET:[哈哈]	1
原来我老硬盘里这么多MP3呢？我真佩服以前我那股执着的劲儿！[嘻嘻]	1
哇哦[爱你]这么漂亮得快递员，来了就留下当压寨夫人啦[哈哈]	1
@moonandox 这个好像也可以进点货[鼓掌] //@丽小徐Su小ki酱_酱酱酱: 要对症下药，哈哈哈	1
我明天一早去山西，一个星期后回来，回头去喝指定啤酒！//@Daniel风的来世:那劳烦师父给两张照片了[阴险]//@K哥爱美食: 照片也指定！[嘻嘻] //@Daniel风的来世:只是三里屯店么？	1
[围观]//@好人老周: 石述思这五样全都有！ //@有福社长:罪够大的！编导算反人类教唆犯吗[笑哈哈] //@江力北大著名文化青年: 回复@沁沐然:此类电视节目，几乎反人类[哈哈] //@沁沐然:回复@江力北大著名文化青年:说得好，极是！ //@有福社长:老石又上相亲节目接受新事物了[笑哈哈]	1
卖萌才是终极归宿~~~@Gal白 //@雷狗童: 桌面都是各种你，这个封面用了很久//@新周猫: 回复@fourbrain:俺可以请哇，你确定要吃？ //@fourbrain:[哈哈]恭喜哟~~请吃猫粮哟~~~ //@新周猫:请热烈、紧张、肉紧滴围观！感谢国家，感谢CCAV，感谢围脖儿，感谢俺滴所有粉丝，感谢所有同事，俺，上封面鸟！	1
嗨森嗨森[爱你] //@CC视频员工微博:再来一瓶都没中过的人表示被巧克力的甜美融化了~~~[发礼物]	1
我靠！不好意思啊，一不小心写大发了，不过这能让主任对你印象深刻哈[嘻嘻]@然非然也	1
回味??的一?[鼓掌][鼓掌][鼓掌]	1
萌橙！[亲亲]	1
#小西驾到#一日吃货，终身吃货...啥也不说了！你想@ 谁？[哈哈]	1
早餐现在才发都是早午餐的节奏了吧？昨天爹买的一块萝卜糕切块微煎，加鸡蛋，高丽菜炒了一下，用韩国辣椒酱调味，其实韩国辣酱不辣，反而是有点甜，因为辣椒粉里加了很多糖稀，我挺喜欢吃的。饮品是自己煮的花生麦奶浆，水果好多，草莓，猕猴桃和脐橙都是当际，好好吃[哈哈]很无聊的摆造型好搞笑。	1
?谢谢 //@东??:必须必须的。哈哈。生意兴隆。[哈哈] //@菊儿小枣:谢谢抬爱，要常来[哈哈]	1
转起转起，不方便看电视的小伙伴们这里可以看哦~~[嘻嘻]	1
[嘻嘻] //@刘晓寒寒:没落下我就行[嘻嘻]//@小德文玩-顽主:你忘了圈我大哥了@?儿她爹 //@文玩天下官方微博:我觉得这个就够镇住你们的了@小德文玩-顽主 @佰汇古玩城 @于察哈尔灿 @刘晓寒寒 @砖头锅锅 @陈大爷要练成肌肉男 @歌手含笑 @超人胖大叔 @Bobo的五味旅记 @鼓楼老谢文玩 @文道-乾龙	1
有些人可能困惑，为什么家里做的牛肉就算是根据最靠谱配方也没高档餐厅的效果呢？原因在于选肉！我说高端餐厅，因为很多餐厅用在肉类里头的苏打粉等物能够让靴底皮堪一食[偷笑]恰恰中国一般超市要买点好牛肉是不容易的，偶尔外国超市看到不错的，一看价格您会有疑问到底是割肉还是吃肉呀？[嘻嘻]	1
天鹅开会！[哈哈]	1
@行摄红米粒 生日快乐，我的爱[爱你][蛋糕][干杯][心]	1
#朱亚文#锅，喜欢你这么率真，不羁。。。亚麻会期待你释放出更多正能量的。加油！！[爱你]	1
#jingjing在乌镇# @乌镇步步莲花 这年头叉烧都有假期了，在桥上只有大龙在职守[哈哈]孤独的守着美景 我在这里:http://t.cn/zHex0vC	1
回复@逐梦苑:成都不只有麻将、不只有火锅、也有高档次的音乐[哈哈][哈哈] //@逐梦苑:[赞]	1
在陌生的浪漫城市，邂逅一位帅哥，这就是维也纳的魅力所在，也是@格桑花- 的意外收获[嘻嘻]	1
#新浪山东旅游给您拜年啦#马年到了，新浪山东旅游全体小编祝大家马到成功一马当先龙马精神万马奔腾快马加鞭兵强马壮，马年行大运！祝您在人欢马叫的车水马龙中，有你的香车宝马！新年新气象，新浪山东旅游，感谢您的支持，期待您的加入！[抱抱] [红包]	1
You raise me up //@Sam亚森: 好基友[酷] //@猫扑:这太给力了！[哈哈]	1
憨豆的新节目[嘻嘻]	1
[哈哈]嘘~用你的表现说话[偷笑] //@跑者安德鲁: 几年前看过，仍然觉得有趣。come on England! //@AnJs-R: For three lions//@冰茶de吧: 太搞了，给最近看欧洲杯的童鞋欢乐一下	1
学习了//@上海徐芳:努力 中，有容乃大 //@?地?生:[帅]朱主?的”容器”?很雅?啊@方方:[哈哈]说得很文艺。但也转给长江文艺的编辑们看看。@长江文艺，@长江文艺选刊版-好小说 。新老编辑都听听，这是人家主编说的哦。我就不多讲了，免得大家嫌我唠叨@三联书店李昕:	1
[可爱] “请问你以前到底从事什么工作？”“转发微博~	1
来小情儿，啵一个[亲亲][亲亲][亲亲][偷笑][偷笑][偷笑][偷笑][偷笑][偷笑][偷笑][偷笑][偷笑][偷笑][偷笑][偷笑][偷笑]@聿萧fei	1
我不是女?丝[嘻嘻]	1
谢谢边老师的赞扬！一定继续努力～ //@边疆边吃边说:回复@光头陈庆:那牛排绝了！ //@光头陈庆:到位漂亮国际范[赞][赞]牛 //@边疆边吃边说:不像大不列颠风格了。[嘻嘻]	1
吃得真够全啊[嘻嘻]，就是图片弱了点，转起！	1
美轮美奂//@NSR-JUDY: @开心地游走 六一快乐[爱你]	1
"才念叨就来了，@iamdearpig 猪总的明信片，今年一定做这个""陈皮""蛋糕[亲亲]"	1
美衣[嘻嘻]照片有点太迟咯！跟着苏苏总有美衣穿咯！大爱！大爱！[花心]@MissKorea苏苏	1
感谢支持！[太开心]一花一叶咖餐厅在期盼你超级非常异常珍贵的一票哦！[鼓掌]同时可获得餐厅点心一份！一花一叶就在这里―― http://t.cn/zQGXfgb 赶快去投票咯！[good]	1
传说中的5D3呀[偷笑]//@光影蔓延影像机构:快来体验一下今日的婚礼5D3视频截图吧[鼓掌]看看能不能媲美婚礼跟拍[委屈]	1
呃，你弃番了么，虽然现在制作组的原创令人发指，但我还是觉得它的剧本相当不错//@魅力的:好久没看青驱了，最近都只顾三国杀了[嘻嘻]	1
先睹为快！苏州花间堂?探花府11月23日即将开业，如今小伙伴们的开荒工作正在火热进行中……想知道清代军机大臣潘祖荫的老宅是什么样子吗？快跟小花来探一探吧[可爱]	1
@merlinsher [嘻嘻][音乐]	1
淡淡的声音~喜欢//@XMAN_宗介: [鼓掌]太好了	1
那就长话短说[嘻嘻]//@TOPYOUNG摄影:说来话长//@上海HY小曼婚礼: 应该让杨老师说说这张照片是怎么来滴~@TOPYOUNG摄影 //@兔小狸Junie: 浦江饭店这个位置哈嗲@狸了个焕	1
#维景荣誉#近日，酒店受邀参加三亚市旅游协会举办的“三亚市旅游协会2013年年会暨2014年新春联谊会”，并一举连续荣获“三亚市旅游协会优秀会员单位”、“三亚市旅游协会执行会长单位”、“三亚十佳旅游公关”三项荣誉。[鼓掌][鼓掌]	1
暑天游泳完毕，开始大餐补体力。我在这里： #权金城 燕莎奥莱店#[太开心] http://t.cn/zOgjpN5	1
老师威武[good]//@杨立新: //@杨立新: 好说明剧情的剧照[哈哈]@演员张小磊	1
撒花！！！ //@?3?木兆木兆一车仑:第4章更新。[爱你][爱你]	1
[鼓掌][鼓掌][鼓掌]创意真不错，合理利用社会资源。	1
自己动手，丰衣足食[嘻嘻]	1
嗯嗯~回头把俺喜欢的几个电影和几本书跟姐分享[亲亲]	1
底线裁判纠正了边线裁判的错误，你犯的错，我来弥补。好有基情[哈哈]//@豪门盛宴: 场上5名裁判，却又一次制造了门线悬案，谈谈你的想法吧	1
＃小编传送门＃今天必须要转的！[爱你]	1
真好//@宁波华侨豪生大酒店：[可爱] [害羞]	1
北京站?[鼓掌]久?了	1
回复@?京臭:[哈哈][哈哈][哈哈]没办法！只能自己调节了[抓狂][抓狂][抓狂] //@?京臭:这太郁闷了 //@马剑是谁:回复@蜡笔将军:每天十二小时上班，路上2个小时，一周休一天。休息还要补觉。留给自己的时间不多呀  //@蜡笔将军:工作可不是生活的全部啊。	1
#漫游厦门#鼓浪屿的私密花园――菽庄花园，独自一人躺在老藤椅上，看夕阳西沉，涛声依旧，迎面而来的海风，拂动身心，生活，本该如此惬意。[爱你]	1
哇哇好棒啊~[鼓掌] //@上海小南国:今天的获奖名单：@小可疼 恭喜恭喜！将获得由小南国提供的300元体验券一张。说出你最喜欢的小南国招牌菜及理由即有机会获得，我们将每天抽取一名获奖者。	1
回复@这样个情深女子:[吃惊]三十个光棍节。。是该脱光的时候啦！就这次吧！[抱抱] //@这样个情深女子:可能还是得自己过，都第三十个光棍节了，让我情何以堪@twitter被墙 @那些花儿--flowers	1
[哈哈][哈哈][给力]早安！@武夷山红骏茶业 @上海红骏茶业	1
这种创意害死人[衰] //@正一萧寒:太牛了吧！不过确实很吓人啊，尤其是在晚上……@卖火柴的小空哥:[哈哈]	1
漂亮啊，可惜了在深圳看不到这些美景。[嘻嘻]	1
//@新西兰旅游局: 这样开阔的流动的美景是哪儿呢？[思考][疑问]感谢@七号情报员 分享，给正自算新西兰自驾的朋友提供个参考路线呗！[嘻嘻]	1
粑粑爱滴新发明[给力][嘻嘻] 我在:http://t.cn/zW3bJaU	1
【#超级笑星# 开心一刻】多年后的那个你，一定会感谢现在拼命努力的你。[爱你]工作日的上午给大家来点儿正能量~[嘻嘻]（via.郭斯特）	1
[抱抱][抱抱][抱抱]	1
哎哟！在直播间收到发图哪？[花心]一会在电台节目中顺便介绍咱们的书么？[嘻嘻]同赞速度！感谢@雨枫书馆 @博集天卷 各位同事的配合――亲们，你们还等神马？转发抢书过端午喽[心]http://weibo.com/1865314733/zAmKM7Ks4 @黑暗之刺@DJ若尘@还有超@很多人的咖啡逗@小缱@范坡坡就地掩埋王勇平@小雪-Joanna	1
[亲亲][亲亲]//@也度假网: 在苏州平江路不久也会有小花的出现了[鼓掌] //@翩若惊鸿3993: 很美，很舒?，非常贴心的地方！还要再来[?你] //@花间堂官方微博:花间堂，仿如婉约的江南女子，亭亭玉立，轻轻唱着小曲儿，深深凝望......[兔子]	1
早安，六点准时醒了[酷]意外[发红包]恭喜，这个比黑莓好[鼓掌] //@小齐名:@咸鱼的行摄生活	1
青岛的教堂去过几个，都非常喜欢。老师拍得真棒！[给力][围观][鼓掌][good]	1
#加班真欢乐# 从第一次见到@叶怡兰 老师的时刻起，就开始默默地觉得自己跟她有点像，嘻嘻嘻……这次我终于得逞啦[xkl转圈][太开心][转发]	1
哈哈哈每晚9：00哈尔滨都市资讯 //@五月五月五月五月五月:@相声演员刘骥 @演员李言路 大家都可爱[爱你]	1
"相当有范儿，尤其是亲吻""女神""的那个动作，风采不亚于奥运冠军！[鼓掌]"	1
北京，深圳，上海都有CJW![爱你]	1
没有关系，下次再来 //@旅游时报徐小俊: [嘻嘻][?]可惜输了	1
[威武]雕爷牛腩“爱琴海店”明天正式开业！从18号开始，“新店狂欢周”拉开帷幕！[馋嘴]我们每天都为雕粉准备了无数惊喜，官微将于每晚8点公布次日活动。[鼓掌]来新店用餐前，千万别忘了关注一下牛腩君的微博哦～	1
我在办签证！下一站，马来西亚。准备办一个多次往返签！[爱你]	1
@天堂卧底[嘻嘻] 春哥！	1
[哈哈]第一张趴着的狗狗是小黄，游客中心游荡的小吃货。[挤眼]	1
借你吉言！我大福来了！[鼓掌][鼓掌][鼓掌] //@天津相声俱乐部:你大福来了[嘻嘻] //@王善勇-火龙果儿: [汗]怎么选这张啊！  //@香槟冰叶:这抓拍的，嘴型 //@谦祥益: 娓娓道来。[赞]	1
[嘻嘻] 今晚玩的很high，好久没碰过琴，手生了，回头找时间练练，明年山顶开办个户外音乐会[话筒][话筒][音乐]	1
@我系朱骚年 老板的[哈哈][哈哈][哈哈]	1
今天，准确地说是昨天，和我亲爱的@Valen_袁已丁  观看了由人艺@BJRY-刘洋  制作的＜第一次亲密接触＞ @话剧第一次的亲密接触  ，不论是演员的表演还是台词都很棒！[赞]我最喜欢痞子蔡的扮演者刘鑫的表演，用句歌词表达我的喜爱：说不出哪里好，就是谁都替代不了。呵呵。[嘻嘻]	1
一起剥蒜的日子[爱你]	1
[哈哈][哈哈]//@和菜头: 帆船、射击、抢了就走原来不是一个项目啊。//@宁财神: [哈哈]	1
幸亏是扔无铜声纳，若是扔下美元黄金呢？猜猜看，全国凭空将产生多少渔民？ //@曹刚2010:这叫用人民的力量逼你招供，人民的力量是强大的 //@Wazza伟: 这个好玩！// @宁财神 :[哈哈] [哈哈] [哈哈]	1
回复@urong667:恩，应该是中年萌叔三伏天慰问百姓服务@连长[偷笑] //@urong667:啥情况 星巴克速递？ //@HelenLee_冰点酒店控:好滴，请速速递送一杯奥尔良烤翅口味的卡布基诺！[得意地笑] //@连长: 连咖啡北京站开通第一天，我本人，连咖啡老哥，将为各界女青年们亲自上门递送！哈哈～ //@连咖啡:[鼓掌]	1
吃起来！//@__木景紫__: //@郝?京华时报: 吃过4家[哈哈]	1
黄山今年活动一定会很多，[嘻嘻]我要去黄山啦~	1
#豆果2013中国年度美食盛典# 挑战你的味蕾，邀你一起选出2013年你最喜爱的达人，投票更有百万大奖 等你拿，中奖率100%！[花心]即日起关注@豆果网 转发并@ 三位好友，即有机会亲临现场，更有万元神秘大奖锁定你！[太开心]  抽奖戳这里http://t.cn/8kyIInR [心]	1
起床啦，今日下午继续环湖。阿里八爪，牛小酿们，准备准备！[哈哈] #力波的地理行走#之2013川滇穿越公益凉山彝族D10	1
[嘻嘻][哈哈]@Asuka酱Yokohama	1
#聚点精品推荐# 鲜香无比的聚点羊肉串儿～[太开心] 喜欢就来吧～	1
[哈哈]品味私房茶！ @上海成功会所 @求放心斋主人 @吴向九 @上海红骏茶业 @武夷山红骏茶业 @陈烟旧雨	1
[哈哈]裤带到胸部 //@MRLiiiiiiii://@阿土伯伯伯伯伯伯伯伯伯:哈哈哈哈哈哈哈哈哈笑死我了	1
吃完中饭晃荡来@远洋未来广场_北京 刚好赶上两点的福袋放送[哈哈]排了好多人，还担心拿不到呢[爱你]	1
快乐旅行！等你回京时的美丽图片！ //@另一支火柴:在飞机上和帅哥空乘聊天时说起海鲜就要流口水了啦啦 //@爱小澈:老棒了，确实便宜啊。[鼓掌][害羞]中午吃了盒饭又干掉一桌海鲜的lady伤不起啊，哈哈。	1
同时欢迎各公司年会都请你去听！//@科尔沁夫: 各公司歌王歌后们，年会上唱歌不时髦啦，要去给我唱才牛逼！[嘻嘻] //@勇敢的马:公司歌神大会战，看看谁能成为CBD办公室麦霸大明星! @优酷网 播出赛事，评委@科尔沁夫 @吴向飞 @贺冰新国际教学法 把关，12月-1月，欢迎去 @麦乐迪KTV朝外店 现场观战！	1
有机会咱一定要去最美马拉松赛道-厦门环岛路跑一把呀@明月畅想 [嘻嘻][嘻嘻]BTW，今年的马拉松何时开始？@北京马拉松 很期待~[疑问][疑问]	1
前几个礼拜去了能看见意大利西西里岛的地方，[可爱]支持一下！ //@全球家居汇: 型男队[笑哈哈] @全球时尚最前线	1
mark //@相机猫咪_OnTheRoad:mark！//@XlSheen: [鼓掌]	1
这神情。[哈哈]	1
今天猜中比分的朋友众多 且原本第一名的@魏鹏_君为红颜坠 和第三名的张老板 这两位评委不参与获奖 所以名额顺延 我们特此公布中奖的朋友~第一名 @姜月乐悠悠 大比萨属于你[馋嘴] 第二名 @戴晨达 戴老板快来喝鸡尾酒吧[哈哈] 第三名 @?Mick先生 苏老师151对你也不是问题吧[阴险] 都是老朋友 恭喜大家！	1
[心]//@尚雯婕全国歌迷会: #尚雯婕1222生日快乐#  爱你们！[爱你][爱你][爱你]	1
在昆明吃过桥米线和汽锅鸡 我在这里：http://t.cn/zW4V7wJ [嘻嘻]	1
顺从内心[心] //@彭永强YDX:follow your heart  //@广州妈妈种菜团-老姜:广州有这样的才子，想去卖菜吗？老姜可以做您的坚强后盾！ //@很多人的咖啡馆: [吃惊]神速啊  //@启冲莫等闲:今日裸辞 /@Aleen阿沁:现在就有一种想去流浪的想法  //@小丑鱼向前冲:当保姆  //@很多人的咖啡馆: 供应馆君[爱你]	1
又一天过去了，明天开始好好工作，今晚唱歌去！！！[哈哈]	1
[可爱] 图拍得真好！还配合了介绍手册上的海报！	1
回复@卡纸宝宝:在属于妈妈的节日里，回报的方式最好莫过于自己动手送上一片心意！[爱你]我们餐厅也特设了自制PIZZA环节，让大家为母亲们制造特别回忆~[嘻嘻] //@卡纸宝宝:羡慕啊~没有自助餐可以吃 那只能自己给妈妈做一顿了哈哈 //@苏州万豪酒店:晚上可以和母亲享受花园自助烧烤啦.	1
回复@honey有你就是晴天:谢你这么认可！感动！ 我会，我们会更加努力！做好炉子们！//@honey有你就是晴天:漂亮的炉子[鼓掌][鼓掌]	1
... //@veggieg:矮油~ 蒜姐遭到严厉表扬~ 没办法 郭老师就是喜欢蒜 嘻嘻~~[馋嘴] //@郭德纲:总结的一针见屎。  //@veggieg:哈哈?  //@夏林菲 :打屁眼里痛快 [亲亲]	1
这是什么牛逼软件啊？求分享！[嘻嘻][嘻嘻][嘻嘻]	1
[鼓掌]我们平时多为他人着想一些，可能会获得意想不到的创造力。	1
[鼓掌][鼓掌] //@王?瑜:[鼓掌]@傅希如 @京剧演员蓝天 @穿Prada的诸葛小乔	1
啊哟喂~~~太萌了//@辣椒炒肉蟹: 你能别这样萌嘛？[哈哈] //@可爱宠物中心:来，卖个萌！	1
//@嘉佳:那天还蛮逗的，大家可以看看我们早晚间节目混搭的效果，顺便投票，谢谢！[哈哈][爱你]	1
中国大多数古村落，未来年将全部消失??? //@懂点心计学:还没去过的童鞋要抓紧时间去咯！[鼓掌]	1
推荐活动，支持一下，也祝愿大家都能中大奖肥家过年！[嘻嘻]	1
【[话筒]#头条人物#|郝云：#钱是王八蛋 可长得真好看#】#郝云#2007年走上唱作人的道路，音乐被定义为#城市民谣#和#京味摇滚#，他对周遭社会矛盾有一种天生的敏感，冯小刚选择他的原因――接地气。他歌词写得赤裸裸，用自我调侃的方式帮现代人聪明地释放了压力....[可爱]详细戳↓→http://t.cn/8sblheL	1
回复@颦颦有礼:呜，实在懒得出去了[酷] //@颦颦有礼:大周末的~这么委屈自己 //@陈雨星-精品购物指南:还真没什么汁，毛主席保证[泪] //@小拍子COOLER410: [哈哈]大概就是汁儿多	1
妈妈在做年夜饭~[嘻嘻]	1
我是初一时离家寄宿，下面文字可以完全一样[亲亲]//@杨澜。	1
[哈哈]//@李臻Gracey: 转发微博	1
黑龙江站的孩子们太有创意了！[哈哈] //@隋毅的妈妈: @李峥嵘 @蔡幼林 @黄村  @EVA巍 @偷蜜的大熊 这个小浪[威武]吧。。 //@侠之大者:有点意思 //@隋毅的妈妈:[威武]	1
回复@力儿的妈2010:不热那叫吐鲁番？玩儿的就是热！[酷] //@力儿的妈2010:回复@俺叫老鬼:[嘻嘻]太热了！ //@俺叫老鬼:回复@拍客老李:再去高昌故城徒步呗！[嘻嘻][lxhx走] //@拍客老李:我和老爷子一样热爱吐鲁番	1
//@魅惑小龙虾专卖: 这个好 赶快说 魅惑龙虾 热送到家[嘻嘻]馋它 //@讯音:@?食丶? //@颜文字君:转需！( ? ?ω?? )?//@风魔无下限: 我擦！还有这好东西！	1
#两只蜈蚣谈恋爱# 然后决定去吃石磨脱骨凤爪，服务员帮我拿双筷子筷子筷子筷子筷子筷子筷子筷子筷子筷子筷子筷子筷子筷子筷子筷子筷子筷子筷子筷子筷子筷子筷子筷子筷子筷子筷子筷子筷子筷子筷子筷子筷子筷子筷子筷子筷子筷子筷子筷子筷子筷子筷子筷...ps:各种神评论，你们感受下~停不下来了[哈哈]	1
这老头儿[哈哈]@冬至同学 @黄大	1
在宫城人偶体验店画小娃娃，算是三八礼物吧[哈哈] 老爷爷50对岁了，从父辈开始就在和木头打交道，喜欢木头的味道	1
#百名达人游津城# 今天一队人来到@天津海昌极地海洋世界 好多极地动物，企鹅、北极熊等等，对里小朋友玩的很开心，大朋友纷纷卖萌和企鹅较劲，看看谁更萌 [哈哈] @新浪天津 @新浪天津旅游	1
不是看，是写！谋生。//@憨豆趣逗: 哈哈，你们还看电视啊，傻瓜[嘻嘻][嘻嘻][嘻嘻][嘻嘻]	1
快学画画吧！//@怪诞心理行为学: 创造与生活并存，充满乐趣。[爱你]	1
春天在哪里[嘻嘻]	1
我也要参与[哈哈]@谢元春子 @菜花caulicai @大鹏董成鹏	1
海南热带植物(三)[鼓掌]	1
来园博会吧。逛三天都逛不完。@移动电视悠悠团 @可爱多多饭一锅 @璇宝宝Elaine 三人行还是我脸最小。。。[哈哈]	1
祝贺英迪格酒店品牌在大中华地区开设的第三家酒店@天津海河英迪格酒店Indigo [太开心]	1
心情不好时来一串[嘻嘻]	1
这个饺子记账了啊！[嘻嘻]	1
带路的不会是牛头马面吧???[偷笑]//@开贝: 该啊！[哈哈][哈哈][哈哈]//@关海伦:哈哈哈 //@大白400:。。。。。。//@太原国宏: //@徐莉_优品:带路的是雷锋 //@梅莉莎小蝎女Melissa夭夭:[哈哈][哈哈]	1
王老师，做好人好事要留名哦[嘻嘻]//@传媒老王: 回复@刘旗辉:《家人》杂志每期卷首语是我喜欢必看的，但一直不知道是谁的手笔，没有署作者名，是刘哥忙里偷闲写的吧？ //@刘旗辉:哈哈，被老王关注了	1
[亲亲][亲亲]//@CA彤彤-: 上次就是和几个川航的朋友去吃的麒麟，后来发现真心赞[哈哈] //@麒麟锦庭火锅道:小编最爱国航，真的。 //@CA彤彤-: 国航西南公司 //@麒麟锦庭火锅道:亲爱的是哪个航空的，我们北京门店的菜品每天是做川航的过来滴 //@CA彤彤-: 飞航班呢，祝你们麒麟越做越大，越做越火	1
//@一句心情签名: 就是舒坦！[嘻嘻][嘻嘻]	1
超级可爱的@潘?柏 [爱你][爱你][爱你]	1
回复@陈帆-凌晨:细腻柔软的春天//@陈帆-凌晨:@诺小娜nona@李一毛虫@摄影旅游杂志 老师，江南的春天。[可爱]	1
妞，什么都不要怕，我们一直在[爱你]	1
http://t.cn/zQioeVf #意大利# #普利亚# 昨天在 Gallipoli 的老街道散散步，挂在一家店门口有这么一件厨师围裙... Il ristorante migliore ... è la mamma! (最棒的餐厅是我妈妈) [哈哈] 同意的快转发吧！	1
又在你的诗里看到我曾用过的另一个网名，好嘛，我也转一个[嘻嘻]。 //@李元胜:好嘛，我也转一个。	1
感??秀?，??特效保??惠套?很好用?算！！[哈哈][哈哈][爱你]	1
如何擦嘴又不弄脏餐巾：用袖子。如何剥橙子而手指不会触碰到它：用脚。用牛排刀叉如何避免扎到旁人：扎自己。这些培训都很简单嘛，我只收3万块，附送主持人发音技巧课程一堂，名额有限先到先得。[嘻嘻][嘻嘻]	1
城市的韵律美[good]  //@懿???:[威武][威武][威武] //@世界球:[鼓掌]	1
记得吃汤圆呦！各位，元宵节快乐！哈哈[嘻嘻]	1
你赶紧润笔准备签名[哈哈] //@昂可-杨:恭喜喜获。	1
[嘻嘻][嘻嘻][嘻嘻]//@和风棉花田:我勒个去…	1
这可是@花神小姐Flora 用Contax645胶片机拍摄的肖像处女作啊！我的还是很满意的！[嘻嘻][嘻嘻][鼓掌][鼓掌][鼓掌]	1
@胡聪都有人抢 [嘻嘻] //@张晨初艺术空间:[嘻嘻]//@梦真Cherry: 学小语种微笑转→_→//@福小清:学广告的压力略大@x@//@晋江香小陌:哈哈哈笑死了！//@吴沉水: 哈哈哈//@张晨初艺术空间: 学艺术专业的真是千军万马过独木桥![嘻嘻]一笑！//@后来我困了: //@的哥中的战斗哥:[嘻嘻]	1
[鼓掌] 秒杀啊！太给力了！[心] //@爱佑-奥迪上海宝贝之家:[威武] 20个包包征集完毕！谢谢爱心人士的慷慨捐助！[心][太阳]	1
在今天灿烂的阳光下，我愉快的进行了光合作用，可晚上的小聚又让我被动的积纳了负面情绪。。。这人，生。[可爱]	1
＂龙涎香膏＂是历朝历代的皇亲国戚，文人雅士极力推崇的一款高雅香膏，今天这款名香由傅老师@傅京亮 遵循古方选用道地药材，亲自配制而成，龙涎香膏制作非常不易，能品到的朋友们有福啦！[太开心] @随心玫 @岱山归来 @小乔大姐 @爱榴莲的妞	1
[花心][花心] //@--IAmWhatIAm: 上海桔子水晶出品――女王的盛宴[嘻嘻]	1
是地二张嘛？//@房?YOYO: 有些好眼熟 貌似我的相簿里也有同样的造型[哈哈][哈哈][哈哈][哈哈]	1
再来~[酷][鼓掌]	1
@Halona陆宝 从新疆来的礼物收到了哦，严重脚的那钱包像藏宝图，@子午千秋 的小茶壶是要每天灌一两酒带公司来么？么么哒，祝你和你的小帅哥早生贵子啊！越来越荡漾！[嘻嘻][嘻嘻][嘻嘻] 我在:http://t.cn/zl2rYgc	1
在新加坡也可以看到崔老师@京城文人 写的书＜京味＞[嘻嘻][威武][鼓掌] 我在这里:http://t.cn/zllKEzy	1
想向杨政老师取经的朋友们，赶紧加入吧！[鼓掌]//@荔枝鱿鱼:爸妈不要错过哦！直接和杨老师对话！@谷声图书echook @南国黑蚂蚁	1
谢谢关注！等我们回来，一定和大家分享更多相片、视频、故事！[可爱]	1
广2告之[哈哈]//@鱼儿blanda-孙敬媛:转起！希望更多高手加入，壮大巨亿天华[心][来]	1
雨后彩虹，拨开阴霾，一切都会好的！[哈哈][哈哈][给力]	1
红陪绿[哈哈]	1
回复 @设计创意工场:心旷神怡[哈哈] //@设计创意工场:好灿烂的阳光 //@胡同印-TripOnWay:我，真的是。	1
大师之作 嘿嘿[可爱]	1
#Loli厨房出品#今日早餐，菜肉大馄饨+小紫薯+橙子。上学的时候，常在店里吃大馄饨。汤底必须是紫菜虾皮，若是再来点蛋皮更好[馋嘴]考究点的用高汤做汤头，想想就美阿[嘻嘻]冬天，再来点辣酱，红油飘飘，颜色诱人。总觉得以前的食物好好吃，现在都没有了[汗]牛肉拉面，蛋饼，辣肉面，咸菜面，遗憾呐！	1
不管是猪油捞饭还是鹅油捞饭，我都能吃到光盘！//@一家一饭堂:快到我碗里来！[爱你][爱你]@王硕surewonder @董克平 @李小妮 @叶军啊 @食尚小米	1
#夏日花园# [微风][微风]绿茵、喷泉、鲜花环绕穿梭[微风][微风]宛若世外桃源的CBD核心区专属私密花园，是您消夏休闲的首选清凉之地[太开心]#T-酒吧#邀您畅饮纯正【德国教士黑啤酒】【比利时福佳白啤酒】【时代啤酒】传统配方和独特发酵工艺结合，带给您独一无二的味觉享受[干杯]伴您度过清凉一夏[干杯]	1
回复@-大乾-:这么晚我打 不和谐~还是你来！ //@-大乾-:回复@奔ing品番:哈哈，我打他不接的，还是表姐打吧，表姐魅力大[嘻嘻] //@奔ing品番:进球时勒夫的小动作太多了 默克尔也很Q~	1
回复@圣雪雪狐:嘻嘻~我们会针对不同的粉丝，给于不同的惊喜，粉丝乘机即成为#昆航微IP# ,您点击一下井号里的内容，会有很多相关报道哦~[可爱] //@圣雪雪狐:回复@昆明航空公司:呵呵怎么加入你们的微IP，有什么优惠啊	1
哈哈哈 //@马小磨:[哈哈][哈哈]@晴天下小雨 @抹茶latte-佳 @Fiona布 @小雯-碎碎念	1
回复@田朝晖:本期没难度！不算考你！[嘻嘻] //@田朝晖:上面！上面！上面！[偷笑] //@中国之翼扣子:回复@余兵67:[ok] //@余兵67:喜欢上面第一幅	1
[鼓掌]//@Dannis0826: 哈哈哈2013快来吧! //@索筱霏: @Dannis0826 @于老乐个没够儿 [抱抱]//@郭_小_逸: 我们No.1耶[鼓掌]@索筱霏 @angel_x-u	1
#早安# 没有所谓玩笑，所有的玩笑都有认真的成分。――by弗洛伊德 [可爱]	1
亲们：你们到底经历了怎样的风车故事呢？[做鬼脸] //@艾暖暖-艾?娜: [哈哈]风车后遗症！ //@在路上--康志: 风车是我们尾队伤心的地儿，走了一小时回头一看只过了一个风车。已是晚上六点 //@Jill-李洁:让我最难忘的就是六工城和风车营地的晨曦和傍晚//@董狼的世界:永远的记忆 //@小镇俊峰: //@戈壁之眼	1
更正一下：?疯狂的石头?全国首映是2006年6月19日，偶记成17日了，年纪大了脑子不好使了！17日是片子的全国公映许可证拿到手的时间[嘻嘻]	1
第一排第三个，第三排第二个//@北京富力万丽酒店官方微博: @叶军啊 @施小强 @诗韵梦寻 @suresure @luna秋月 @SunnieBJ @小兔vina @小树妖Ivy @小张老师vv @武越明 @维他命羊 @王玮Andy @夏柠儿 @尤洋 @杨雯yaa @朱自一 @张书新 @猪小春- 亲们，加油！只能猜一次哟！[抱抱]	1
我去 //@胡大治:[嘻嘻] //@火凤凰V:找个周末去重庆火辣辣@黄村 @胡大治	1
//@董克平:出实力最具备表演天赋的，拍电视的人里厨艺最高的，那一定是陈庆大师了！[哈哈] //@光头陈庆:别啊，哥看您说的[哈哈]	1
矮油，帅锅什么时候啊[哈哈]要不再来一次[哈哈]	1
我儿纸长得像我吧~[嘻嘻][爱你]鼻息肉是遗传么，为啥我有他也有？[思考][疑问]	1
多逛逛哦。相信会有更多的惊喜！[爱你][爱你]	1
我先要两瓶//@海洋国旅-毛里求斯吧:回复@何小票:[嘻嘻][嘻嘻]组织代购[偷笑][偷笑] //@何小票:只可惜我买朗姆酒买太少了，后悔啊，，，，好好喝，特别是对可乐	1
朝思暮想的墨西哥玉米片和蘸酱顺着风儿到啦！[江南style][得意地笑]谢谢婶儿~[爱你][心]@敢吃网	1
好文章 //@穿梭苏沪:[哈哈][哈哈][哈哈][哈哈] //@全球热门伤不起:很给力的作文[哈哈]	1
夏至之日，白昼最长，阳气最盛。借此阳气，冬天手脚冰凉的宜服热物汤羹，鸡汤面。怕热干燥则服地黄粥，银耳莲子汤。寒性体质痛经则用艾叶水煮鸡蛋，干姜15克与鸡蛋两个文火同煮至熟，去壳再加入艾叶10克煮10分钟，最后调入红糖即可，能暖气血温经脉。总之所有人今天都早睡觉，勿折腾。[嘻嘻]	1
@Shengwei_Geekette 你没去围观一下吗[哈哈]	1
@玫瑰禁? @VIVA_巍 @梦猫猫-蓝点 看看，我是比你们强多了//@肖丹: @俞泉_鱼众不同 [哈哈][哈哈][哈哈]	1
开会的尺度。。。。//@折腾的一年2011: 现在像我们这样又开会又办事的还真不多了！[嘻嘻] //@李兴宾:// @万涛名不见经传 :// @韩志国 : 开会的人基本不干事,干事的人基本不开会。	1
[嘻嘻]//@江南警哥: 肯德基老爷爷都看不过去了→_→//@肯德基: 肯德基的鸡腿肯定不会清零[偷笑]。吃不完可以打包、外带、与他人分享，还可以回家炖汤、烧菜，总之是你的，想咋用咋用！[嘻嘻]	1
这天气你们都是战士 //@北京老五四季涮肉:[嘻嘻]又到了涮肉的好时机啦。。。	1
#八天终结#连上八天的班，终于要在今天跟大家说再见了~这是一个举国欢腾的好消息哦~[鼓掌][鼓掌]~预祝各位周末愉快，吃喝开心哦~[鼓掌][鼓掌]~http://t.cn/zjcVaSt	1
回复 @Apple:晕，那不用，我不急哈哈 //@Apple:哈哈，一?我熬夜?你P一下啊～嘻嘻 //@任蕾-噶松卓嘎:哇，好漂亮[偷笑][可爱] 我的我的 //@Apple:哈哈，你明天一定会好起来的！再冷也不怕~	1
哪?搞的？原?你真在推牛。[鼓掌]	1
[得意地笑] 掌柜的小娜，处女航哦，不知道从掌柜这里拿到船票的情侣现在是不是也在船上！[爱你]	1
好一个秋！//@绿杨哥: 醉人的秋色！//@扬州范梦娇: 回复@舫主周星星:手机[嘻嘻] //@舫主周星星:丫头用电脑上网的？	1
[嘻嘻] //@曾李青:照片太老了，现在应该帅点哈哈。	1
#京东票务#演出票终于到了，带老妈去完成心愿，感激@BenZhao- 的亲情赞助[爱你]！@京东票务频道 很给力！	1
回复@香洲义工:据悉陶吉吉明年珠海开演唱会[哈哈][哈哈][哈哈][哈哈][哈哈] //@香洲义工:[江南style]	1
多谢推荐！希望这本书能帮助更多爱西藏的朋友们！[爱你]	1
[嘻嘻] //@Charles_PiRO:oscar 越来越可爱了	1
这个绝对不是富强粉~ //@汪云志行之:[哈哈] //@北京厨子:禽兽，放开那袋面粉！[抓狂]	1
小学里都是自己做的，现在哪里可以买材料？ //@M麦麦呈祥:[哈哈]爱手工活爱传统兔子灯//@smilelemon: @M麦麦呈祥	1
风儿吹向我们！啊哈哈[哈哈]	1
宝宝开心，您放心[嘻嘻] //@嘉乐会月嫂:感谢您对阿姨和我们的认可，我们会继续努力的！[爱你]	1
9月9日是愚人? //@摄影师王麒: 让@新华网 赔你妹子！[哈哈]	1
//@王以超: 下次我请楼主，[嘻嘻]	1
拍累了就去村里泡温泉！[嘻嘻]//@腾冲悦椿温泉村: ：银杏村金黄的季节即将到来，提醒各位安排好行程，带足摄影和拍照装备，按时粗发！把美好景色带回家！[酷] //@中国腾冲___天下和顺: 美丽腾冲，如诗如画~	1
今天早晨的空气好清新，好舒服！[嘻嘻]	1
各位有识请青年速关注，浮云勿扰。 //@MisssssNothing:偶们公司的小萝莉，现单身，有意者速去联络[话筒]  // @初小7 :[可爱]  求围观，求关注，求偶???// @王可 :中国最美娱乐策划人。齐放快安排包装一下。 // @齐放 :小loli。。。	1
#特别感谢#@Kidul妖性归-残善泯 鞋已穿上，各种帅气[鼓掌][鼓掌][鼓掌]	1
@16nv  [汗]//@詹妮弗牛:真凭实据说明金毛是大众情人儿啊~~~[偷笑]@最爱猪样儿 //@诸葛猫妖肆月: 金毛好忙啊[哈哈][哈哈][哈哈]	1
北京小伙伴紧随其后，这个冬天熊孩子倍感温暖，谢谢大家对歌诗达熊孩子的厚爱！[太开心]	1
俺名字就是证明 //@德国馆_?莓_Cherry: [给力]//@溟子Q: 欢姐就是给大家带来欢乐的～[嘻嘻][鼓掌][偷笑]	1
可以看到韩国当地的美食，在北京可以尝到韩国正宗的味道。亲爱的贵客 如果有兴趣与SSAM 零距离沟通[心] @韩食财团 //@Andrew爱美食: @ssam北京 @拜金小豆 @我想说真话- @Style-Cafe 终于开播了！大家别忘记看噢！[嘻嘻][嘻嘻][嘻嘻][嘻嘻]	1
跟一资深经纪人聊了仨小时，最大的感触是，演艺圈艺人人品很重要，看来攀帅还是做的很好的[嘻嘻][嘻嘻]（图为青涩时的帅攀）	1
回复@大名叫周颖:记住别用手打，那样你的手会疼！找个酒瓶子或者棍子砖头之类的[哈哈][哈哈]@陈耘康康 //@大名叫周颖:回复@我是徐峥:哈哈.. 明白！他要是臭美半天才出门我一定揍他.. //@大名叫周颖:终于要吃鱼去了！咱们这个约已经延期一个月啦... 晚上见唷！	1
@PieHouse派悦坊 的老板也在~人和甜品一样sweet~[爱你]派很好吃~	1
我开车，谁坐谁知道――平稳！[哈哈]	1
我朋友老公给拍的，据说有四十多张，还没看到呢。 //@南半球的雪:帅气！[爱你]	1
感恩好友[爱你]  //@末末未未锦:转发微博。	1
回复@ontheroad999: 昨天评论的 涨了可以无耻的贴回来了[哈哈] //@ontheroad999:前面做空的肯定有 一路持有到现在的不说不可能 至少不会多 这礼拜如果开新的空仓的 那跟6000点做多的也一样无畏了	1
大博真君子[鼓掌][good][赞] //@?仔老师:[good]@潘晓婷 @付小芳	1
#欢乐结婚季# 我小学同学 在 我大学同学的婚礼上 碰上 我大学同学(&我当初的伴娘2号)……℃?^???^#$%%……这是什么状况[亲亲][亲亲][亲亲]@miomiowang  @糖--衣 [喜][喜][喜] @小西梅的天空 happywedding[蛋糕][蛋糕][蛋糕] 我在:http://t.cn/zYZTbKv	1
[嘻嘻]啤酒 //@秦平安:到了？	1
#马上有情报#冬天去东北，可以天天看雪吗？[哈哈]//@墨小盒_: 春节不来东北都弱爆了，这里各种年俗可是其它地方没法体验到的呢，二十三祭灶天，二十四写联对，二十五做豆腐，二十六割年肉，初一初二磕头儿，初三初四耍球儿，初五初六跳猴儿，吼吼，更多猛戳吧： http://t.cn/8FLJ8Gz	1
回复@雅鲁藏布大峡谷:[gst耐你]回礼三年前的大峡谷之游至今记忆犹新[lt切克闹] //@雅鲁藏布大峡谷:雅雅这厢有礼啦，欢迎到雅雅这里来玩[偷乐]~给你个大大的南迦巴瓦式的拥抱[嘻嘻]	1
前两天去@李静 家，看见沐尔正在姥姥“监督”下弹琴。姥姥出门买菜，李静跑过去跟沐尔说“歇会儿，咱俩玩儿会~”。玩了快1小时，忽然听见门响，沐尔“噌”地一下从沙发跳到琴凳上。李静愣了一秒，反应过来鄙视的说了一句[抠鼻]：“黄沐尔！你能不能做自己啊~”这妈分明是要教孩子造她姥姥的反呀[哈哈]	1
#读老舍#终于快到周末了[泪]多么美好的两个字啊！不知道有没有在为年会节目等苦恼的观众？分享一篇《科学救命》，安慰一下。[嘻嘻]	1
教主就是爱抓小辫子，A型血的教主就是乐此不疲的爱纠错[抱抱]	1
这下不胖了[嘻嘻]~	1
【红点设计概念奖冠军】哦[花心] 前天，刚去了世界唯一两家之一的位于【新加坡的红点设计博物馆】参观呢[太开心] #新加坡微攻略# @爱狗的猫菲	1
某问答社区上收到一大学生发给我的私信：“偶喜欢阿姨！偶是阿姨控！”我回他：“阿姨稀饭小盆友！偶是小盆友控！” [哈哈]	1
[鼓掌][good][good] //@交警李岩:（上联：亭上垂下千丝柳），（[鲜花]地下洒落万缕光[鲜花]） //@斯蒂马赛2222:回复@快乐小猪乐开怀:呵、、、明珠！清相，正黄旗！[偷乐] //@快乐小猪乐开怀:回复@斯蒂马赛2222:空泥气娃！黄猪是水[偷笑]	1
天使[鼓掌]//@pearl-yang: 净！静！	1
周六的上午与@季昭--艺彩昭和 互喷中[哈哈]	1
家有喵星人滴看过来[熊猫] //@苜序:[哈哈]	1
[哈哈] //@俞永福：太有才了! //@吕文生: //@宁财神：[哈哈] [哈哈] [哈哈]	1
明天，相信值得纪念！[哈哈]	1
咱们大家都天天有喜[爱你][爱你][爱你]	1
//@相声演员刘骥:哈哈哈每晚9：00哈尔滨都市资讯 //@五月五月五月五月五月:@相声演员刘骥 @演员李言路 大家都可爱[爱你]	1
//@梦想家Mr薛: //@小编阿东:@叶开sa [哈哈]	1
现实中真有腹黑闷骚叔么？大叔各种魅力了[偷笑] //@林敏UX:今天还聊到的话题[哈哈]	1
没有开瓶器，照样可以打开葡萄酒~#升级版#。以后再也不用担心忘记带上开瓶器了。[哈哈]http://t.cn/zWoY5IC	1
同志们，我的宝贝衣服到了[哈哈]	1
这次上海之行好happy[太开心]认识了说起美食来就口若悬河的super公关王@DJpeter 在久光百货意外发现了好可爱滴@帕丽扎提Parissa  刚才安检哥哥被@丹增白姆 你的羽毛笔强烈吸引[晕][晕]@mina-小米蓉 下次见面一定要定时刚我走的太匆匆背影一定好[?][?][?]	1
[哈哈][哈哈]//@梁阁亭:#相约银川―温暖人心的地方#银川是个好地方：沙湖、沙坡头，都非常好玩。【看到美丽，心生温暖】@六合老黄的微博 @bn几度沉浮 @水晶小草	1
#南锣鼓巷深度游#艾师傅，辛勤的劳动者，有了他们，才有南锣鼓巷的清洁美丽。他看了我拍的照片，害羞地说：我太胖了。[哈哈][嘻嘻]	1
我们的侯司令，人气很旺呀！ //@侯宁:回复@去看大海微博:有人气就是王！[嘻嘻] //@去看大海微博:史泰龙、施瓦辛格也是拳王？他们是演员好么	1
?想到是肯德?坐得?翁利。。。[哈哈]	1
职场如商场，诱饵陷阱遍布，倘若步入陷阱，只能怪自己不小心~还好，咱部门较单纯~[嘻嘻]	1
#悲惨世界#在香港被译成#孤星泪#，今晚抢先看！！还未进场我已激动不已[太开心][太开心][太开心]	1
土耳其的花花草草好香啊！谢谢[爱你]@海淀猪宝宝	1
http://t.cn/8kvN5cT @haollee烘焙课堂 与 @爱奇艺 悦活汇联手推出：美食课堂系列视频第一季之 #如何烤芝士蛋糕# ，分享给大家~[玫瑰] 希望与同样喜欢烘焙的你，一起感受西点和艺术[爱你]	1
嘿嘿 小棒槌....[可爱]	1
有看了一遍。I am fine, thank you and you? [哈哈]//@杜子建: 忍你丫好多天了。我必须转发！	1
翠翠姐的吃相可不怎么淑女@殷翠韩 [哈哈][哈哈][哈哈]	1
还是大聚餐，关键还是火?。。。冬天火锅P0[嘻嘻]	1
回复@超级笑星官博:悲惨的葫芦肥娃后传[神马][浮云][偷笑] //@超级笑星官博:是长大之后的葫芦娃~[哈哈]所以这其实是《葫芦娃后传》么~[偷笑]	1
//@丁香姑娘W:[哈哈]  //@玫瑰夫人v:[微风]  //@痴呆老年:打喷嚏最牛叉	1
好啊，老鬼没白写！[嘻嘻]//@自由鸟zxh: 回复@俺叫老鬼:慢慢的对吐鲁番有了新的认识。	1
回复@楚人怀玉:[汗] //@楚人怀玉:[嘻嘻]下个月初在MAO的演出求转发，第一次求人这么干，额.....谢谢啦：http://weibo.com/1666719371/z6kXHBOmU	1
我的亲们，我爱你们！[嘻嘻]我就是自信的恐龙！	1
@高宁nn 西藏的感觉有女有[嘻嘻]	1
白叔叔您是我们年轻厨师的楷模[威武][给力] //@京城豆腐白:快二岁了//@0o晨_晨o0: 白舅舅，我妈说您的外孙子真可耐，她问小外孙多大了？//@京城豆腐白:回复@中华小当家--:传承随园菜咱是责任[哈哈] //@中华小当家--:真不错，拍的很有意境，白爷任重道远 //@京城豆腐白:转发微博	1
回复@中国视频皇帝:明天试拍[酷] //@中国视频皇帝:嘿嘿 我拍别人要捕捉到最美的瞬间，所以换个角度，也就知道自己该怎么摆美了！[哈哈]	1
#如果不干现在这个行当，你想做什么？#节目一开始，@孟非 就提到最近有人问他，如果不干现在这个行当，你想做什么？孟爷爷就坦言自己想去给旅游杂志写文章，@郭德纲 也想当个作家，而@柳岩 则想去做个全职太太，@微反应-姜振宇 却希望做国际顶级格斗赛事拳手的助理和陪练。 [嘻嘻]	1
#2013年.洋.暑假##第二站 海口#姐有钱吧![嘻嘻][哈哈]	1
水面叠起千层浪[哈哈][给力][神马][浮云] //@主播潇潇:这个男人的长相还蛮应景儿的嘛~	1
回复@可以泡脚的电饭锅: [哈哈][可爱] //@可以泡脚的电饭锅:我喜欢这双眼睛！	1
儿子太有才了[哈哈][哈哈][哈哈]	1
啊? //@张嘉荣Reason:[嘻嘻] // @李嘉炜 :啊，这样也可以？	1
[哈哈][哈哈][哈哈][哈哈][哈哈] //@Maple-Maple73: [偷笑]	1
好快活！[鼓掌][鼓掌]…@德宏王楠 @曲翔宇微语 @烂衣裳 @reborn朱 @蕊蕊灵精 @空无之虚 @德宏角落 …你们也在现场吧	1
绳命是儒慈的净菜，绳命是儒慈的有爱[抱抱]	1
照片中这些家具是传说中只有古代皇家才能用的珍贵木材做的，叫金丝楠木。本来已经绝迹了，为什么我们又能得以见到？照片中这位穿西服的颜先生因为很偶然的特殊机缘，很多沉睡在河床、山川的这些楠木辗转到了他手里，得以呈现在眼前。俺们也坐那儿?瑟一下[嘻嘻] 我在这里:http://t.cn/z8GyFwn	1
恭喜昨日参加#有奖转发美图show#获奖的童鞋们@时髦猫妈 @?人 @卓小隽-Jun @动物园里等雨停 @粥粥爱喝小米粥 ！！[鼓掌] 请大家私信小编姓名、电话及邮寄地址吧！[礼物]  奖品来喽！！	1
七夕将至，亲们，还Hold得住嘛？！[太开心]//@Calvin_Zhu的Style: [围观]	1
@夏天李-姗姗 [嘻嘻]支持原创品牌[爱心传递]	1
被花仙子看穿了[汗]，当时我心里想的估计是伊面吧[晕]，不过这本漫画确实跟伊面有关，年代太久远了//@教主Sophie:[鼓掌][帅] //@神游花仙子:画得太靓了！点解唔考美院啊！我一直觉得你真是个才女！那个不是伊面吗？	1
@yan-X2011 @yan_纯：澳门的夜景更繁华一点，灯火辉煌[嘻嘻]可惜咱们连小赌怡情都不会[汗]	1
我会把妈妈接来我家过年[花心] //@seven笑:@二子王鹏 @天平座下的密斯李 @SMG李勇 @Winny妖妖 @猪小菜 你们最想念家的味道，是什么呢[鼓掌]	1
[哈哈]真特么像！//@金臣方: [偷笑]笑后就想起了@白色marlboro	1
【女人和男人的三种关系】第一种：平行关系：无论走多近，离多远，人生总是默默对看的过客；第二种：相交关系：越接近的时候，越兴奋；其实，相交过后却越走越远；第三种：心电图关系：有时离你很远，有时离你很近，但是你不用担心，他的心和根永远在你身边，不曾走远。[微风][爱你]@我是周晓光@张志安	1
[哈哈][哈哈][哈哈]//@全球精彩电影院:[怒]	1
[汗]  //@Ariel_Chi:快乘点儿 今晚小米粥 //@必须叫我姐姐:俩恶心人[哼]全身掉小米。 // @鱼嘉的 :回复  @窦宇辉 :我信你[亲亲]  // @窦宇辉 :别听她们的我是好人[害羞]  // @鱼嘉的 :下一站的人未必比我好	1
怎么办抗拒不了的牛排[嘻嘻][抓狂]	1
就叫“无限正确”头，如何？ //@陈华睿:求为这发型取名！双飞燕还是一匹瓦？  //@老鲁1:图片收藏，就它了，寻了千百度的发型[哈哈][哈哈][哈哈][哈哈]  //@其叶小美:羡慕不？@忘尘莫急 @老鲁1	1
哈！我拍过不知道是啥，原来是茴香呀[嘻嘻]	1
咱家新屋子[可爱]欢迎来捧场	1
请各位亲关注12月13日精品乐活志，看一不谙厨事小编操作面包机DIY面包寸实况转播[鼓掌] //@颦颦有礼:能吃吗	1
嚯嚯这架势?江湖啊?偶也变身女侠了?[哈哈][哈哈] 我在这里:http://t.cn/zj5fej2	1
//@刘主饪: 秦岭到处都是风景。 [酷]//@赵大胜:欢迎@刘主饪 [哈哈]//@刘主饪: [赞]//@赵大胜: 黑河森林公园、太平峪。其实这个时间邀三五好友，秦岭72峪就近找个峪口进去，游山赏花戏水都很美，累了农家饭?着，小酒喝着，神仙也羡慕。[哈哈][哈哈]//@秦岭听溪:	1
两人来相会~[哈哈]	1
好消息，好消息，封闭了许久的东线高速公路海棠湾路段通车了哦，现在来#海棠湾#再也不用从旧路上慢慢过来了~但领略不到乡村旧路的曼妙风情确实有点可惜呢~[太开心]	1
小怪兽，哈哈哈[哈哈][哈哈] //@卫华的世界:支持怪兽的转！	1
品味泰国[可爱][可爱]	1
苹果从来没有开发新的产品。如果非要说他开发了什么的话，开发的是体验创新。作为用户，你给苹果准备好银子就是了，苹果是上天派来帮助你花银子的，因为他永远为了你的体验着想。@刘兴亮[哈哈]	1
这盘菜够几星级别吧？！呵呵！丰富的菜品，营养爽口哦。[鼓掌]	1
哇哇哇，我有使用好几种~~~~[嘻嘻]	1
我还有棉被的作用[[哈哈]	1
真心说，你老公选角比你的那个强太多了。//@赵赵: 看来大哥家想白头偕老就只能指着小狼火了。。。[鼓掌]	1
一张pizza的哲理哦?说的真好真好！[爱你] @impasto泥庐餐厅	1
审片中。@王福重 从政治学、经济学、生物学、心理学等多角度跨学科分析了传奇女性丁书苗，王小胖和王小胖的小伙伴们全笑喷了。欲知详情，请收看明晚22：05「财经郎眼」之「落马的高官」。[哈哈][哈哈][哈哈]	1
长身体了！ //@北京5号线:胸器[哈哈]	1
咱家的确是拍CCTV的好地方儿！[嘻嘻]	1
回复@李晓军-城市与乡村观察:有眼力哦！[嘻嘻] 谢谢关注！ //@李晓军-城市与乡村观察:小灯泡设计挺好！！！赞一个！！！[赞][威武][话筒] @卜潢信河 @冰凌8023 @尔东凯	1
北京康源瑞廷酒店2012年员工新春联欢会开始啦，开场舞?开门红?，由酒店舞蹈队表演[鼓掌]	1
回复@裴小墨:[嘻嘻][呵呵][哈哈][爱你][噢耶][得意地笑][好喜欢][求关注][笑哈哈]各种喜欢！各种支持！各种转发！@白木-建筑摄影师 @邯郸-老山羊 //@裴小墨:各种好处！转了就知道，哈哈 //@花盆儿1986: 带走了给什么好处？[哈哈]	1
我们是“夫妇”，等老了唱不动那就一起玩京剧。#封面人物第40期羽泉专访#欢迎围观，戳：http://t.cn/zYnc4XY @胡海泉 @陈羽凡 [心][爱你]	1
每天都有惊喜！[嘻嘻]	1
唱的人很认真，但我三秒就喷了。。。 [哈哈]//@最疯狂的视频: 完全听一次吐血一次	1
[可爱][可爱]耍开心哦，小伙伴们	1
回复@董克平:哈哈哈哈哈哈，我们太嫉妒了//@董克平:这事到现在还没完呀？你们倒是有多嫉妒人家呀？[哈哈]	1
此刻黄山[可爱]美丽云海，可遇不可求！图片来自黄山导游。	1
祝内外滴同学们都能过个快乐的中秋佳节[哈哈]	1
[哈哈]//@这个字读劬: 伐晓得收费项目是啥@血色的回忆 @毛煮席 @薇薇安927 //@Hugh_Zhang_lqbz: [奥特曼]//@thinchicken: @这个字读劬 //@xinyi_pie:不错//@不二之奇: 生不逢时啊!!!	1
都是牛人[哈哈]11号青啤王总也来三亚考察我们三亚机场[威武]@王凯545 @杨浪	1
[哈哈][哈哈] //@寒冬274186:强哥说：触动利益，比触动灵魂还难。 //@好人老周: 等我把这期收益拿回来再批余额宝好不好[许愿]	1
必须的必呀[鼓掌][鼓掌]	1
[鼓掌]晚上有大餐，吼吼	1
打水战，很刺激，堪比泼水节[哈哈] //@快乐的武夷山:大家快来漂 //@周末正装: //@陈万众:[围观]#华东第一漂#[给力]~@周末正装 @中国泛户外第一人李辉 @新浪福建南平频道 @武夷风云 @WYS蓝冰鱼儿 @麻粟1号@新浪福建旅游   @茶红天下 @我是熟透了的栗子 @老古商河 @旅途直播网	1
#5min笔记#这个如果是图中App跟『泰?』风做宣传推广的话， 我得说它做的还不错[哈哈] @火星小丫丫	1
[赞][鼓掌]//@阜阳热线波哥://@阜阳热线荷风:我们#带着微博去旅行 #@阜阳热线传媒 @丹致2012 @阜阳热线走得更近 欣赏婺源的油菜花！	1
@薛小米327 是麻是麻[偷笑][偷笑][爱你][爱你][亲亲][亲亲] //@所??妹妹:转发微博	1
[哈哈][哈哈]，衰男！ //@海淀翔哥:回复@张剑的自由世界:绝句！  //@张剑的自由世界:人从此后羞治波，丫到墓前愧姓林！	1
#美的gogo购#谁说科技不能时尚？美的欧式烟灶套装，快热内旋火，猛火省气，加热均匀。却不失欧式简约时尚设计！春节前扫货每天前十名还能获得烤箱一个！！[太开心]~http://t.cn/zHuzBLK	1
看完我是歌手，换台American Idol，继续high[哈哈]	1
阿哈今天我们中午吃的舅妈包的海螺馅儿的大饺纸我张大口一口一个吃光光[鼓掌] 舅妈太能干了！@吉吉看天下	1
这是神马小生物？火星独有吗？好萌~~！[哈哈]	1
美女与美景的晚宴！[鼓掌]	1
嗯，拍得真心好！谢谢大家都喜欢这段“奇途”[太开心]//@占夏CurlyQ:拍得真好，书摘也好_(:з」∠)_ 旅行书太多了，但是?那件疯狂的小事叫旅行?还是比较特别的。	1
右边同学应该考虑给每个警察蜀黍装上高德地图和高德导航[嘻嘻]//@高德地图: 警察蜀黍你试试小德的“快捷导航版”呦，秒杀一切迅雷不及掩耳盗铃儿响叮铛之势。（这条14：44发，不是广告，木有赞助）	1
回复@歌子lisa:爱解梦、测字，但要看心情。 //@歌子lisa:回复@阿秀秀:好有研究啊秀秀姐！[鼓掌]愿拖你吉言！[偷笑]	1
[哈哈] //@喻院长:这坚毅的眼神，绝对是以雷书记为原型的!!!	1
叫：国家媒体与文化管制总局，如何？ //@章鱼哥八条腿儿: //@长盛:[哈哈][哈哈] //@眠琴山房:让我想起八十年代的一个产品“洁花牌田七人参当归高级药物洗发精” //@草莽商人kent: [哈哈]	1
哪个说这个是假唱我跟他急！！我的女神声音又回来了[泪][鼓掌][赞]	1
#我为快乐代言#[鼓掌]~来自好梦成真的快乐~ 这段小视频拍自巴黎老佛爷的橱窗~ 孩子们正兴奋的笑着，那稚嫩的小手快速地拨动着屏幕上的玫瑰花，一番努力过后，住在心中的关于城堡的变得真实起来--> 【视频：ROSE WALL @LAFAYETTE 】@泸小二 @Sugar芒果小奶昔 @卓玛曲措 http://t.cn/8syXkDG	1
从乐苑归来刚到家！腰有些痛啊！想想明天上午婚礼下午到晚上4场演出的节目，，，，，，辛苦啊！我抗了！[嘻嘻][嘻嘻][嘻嘻]	1
中央巡视组成果显著！[给力]//@新罗居士: 江苏官场热闹了！[哈哈][哈哈][哈哈]//@民建钟锦祥:关注进展。。。	1
飙泪推荐，又有当年的感觉了！@破逼名字真他妈难起 @快乐的小八Nancy @公关策划姜中强 //@神威: [太开心]期待一年的广播剧第三季终于出来了，戴上耳朵去聆听80后孤单的小时光吧@不乖的洋娃娃 @出版人沈晓辉 @亲爱的你一直很孤单吧	1
@姹紫嫣??? 买给你的好吃不?[馋嘴]告诉你个秘密:最好吃的猪手全给科啃光了,所以你就没有吃到了[嘻嘻]	1
你去不去就知道吸引力大不大喽！[嘻嘻][加油啊]//@云游四海keke0606: 永远吸引吐鲁番[哈哈]//@俺叫老鬼:魅力火热吐鲁番！ //@声声入耳761:散发魅力的吐鲁番[推荐] //@云游四海keke0606:永远的吐鲁番[哈哈][带着微博去旅行] //@俺叫老鬼:近四年前的文章喽！	1
最近大家都迷恋上了邮轮上的帅哥/美女船员！还有爆照的吗？[哈哈]	1
[爱你][太开心]//@Stevenzhu64: 转发微博	1
[哈哈][哈哈]明天当然不是末日，大家都来九江吧！ //@老?在路上: 如果明天不是末日，那么你一定要来美丽的九江哦	1
太有才了！[哈哈]//@i宠物: 很有爱有木有！！[偷笑]	1
答案只有一个→_→美女//@滇剧传习馆张雄:你懂呢[哈哈][哈哈][哈哈]//@云南夏嘉伟:两个?//@滇剧传习馆张雄:[阴险]都可！	1
你们俩何止亲密啊，能不含蓄嘛[哈哈]???? //@常静:鉴于咱俩的亲密关系，我顶你！	1
回复@胡传雨:不是我啊！我没留脚印！[泪] //@胡传雨:帆姐火爆…… //@张帆DORA:回复@我才是镇长:你未婚啊！[哈哈]  //@我才是镇长:帆姐 这是什么节奏  //@张帆DORA:我是用手的！[思考][思考]  //@杜子建:单身的这么多？10分钟100多人！[吃惊]	1
Neals Yard, London。尼尔的院子，多彩的小巷。位在英国伦敦柯芬园Covent Garden附近，由两条街交叉的三角状小胡同，地点是Neals Yard Remedies纯净天然有机保养品牌於1981年的创始总店，繁荣热闹的大街里，转个弯，却藏着七彩缤纷的秘密基地，入口是幽暗的小巷，各种有特色的商家……[爱你]（转）	1
你又花痴了[偷笑][心]//@ajoin: [爱你]	1
?恭喜??恭喜[鼓掌] //@彝人制造:[馋嘴]今夜来醉醉@张清源 @阿侯MM @俄地依则 @阿佳卓嘎GG @Irena艾瑞娜	1
原来是邻居呀，[gst耐你]看着这洋洋洒洒的喷泉美景，您的家庭聚会真不赖，而且就在咱家门口！[亲亲][给力][威武]	1
[good]//@麦田捕捕: 重口味的小伙伴有口福啦[哈哈][哈哈][哈哈][围观][围观][威武][威武]@贝贝打怪兽 @宁静致远_峰 @顾晨Mister_Dream @千夜中 @黄浩俊Howard	1
#营销中国#中国股市有句老词叫“两桶油”，而这里要说的此“油”非彼“油”。邓小平在“黄山讲话”中提出的两大具有前瞻性的永恒战略：“旅游”和“石油”。旅游是每座城市的活力体现，也是每个人的精神滋养；石油是保证社会正常运行的“黑色血液”，人类生产、生活中无处不在的动力源泉。[哈哈]	1
我们是一家人，相亲相爱的一家人。有福就该同享有活就应同干[干杯][心]一起加油，共创辉煌[耶][爱你]@CUC文法家园 @CUC文法学生会 我还宣传了@文法编辑部 哦，加速加油哦[拳头][爱心传递]PS：某些同学变化好大，速速汇报各方面进展[偷笑][嘻嘻]@CUC文学院学生会 #欣爱的工作##和学生在一起的大学时光#	1
好可爱的浴棉 @王小帆很累 代我谢谢二姨妈哦[哈哈] http://t.cn/zWUsyYB	1
回复@海?日?:不好意思当时太忙了。下回一定。六本木是?老师家食堂，他经常来的。[哈哈][哈哈][哈哈] //@海?日?:黄老师也在？马哥也不介绍一下， //@马剑是谁:同乐同乐	1
走了个T3，回来绕T1进城，省十块，我是有多会过@主持人国鹏 [偷笑][偷笑][偷笑][偷笑][可爱]	1
哈哈，这个真是笑死了。艺人自己都盗版[嘻嘻] //@JQQ家_的果酱-期待武艺新专辑:滚滚，你还捐那个盗版阿狸啊。。 //@武艺:请大家一起跟我传递爱心..[心]	1
冬天的美食，咱俩一起吃[哈哈]	1
白富美，很高兴和你做朋友～[哈哈][爱你]	1
恭喜，祝贺！为你而高兴！[鼓掌][心]	1
[哈哈] [哈哈] [哈哈] 还是送吃的好,其他神马都是浮云[神马] [浮云] //@浩淇不二家:这么说黄先生有不送花的理由了？ //@丁小岚:生物系。。。	1
好民国风！[鼓掌][鼓掌][鼓掌]@Jenny_Whale	1
大姐！您这是上哪儿赶集去啊？集市上可有偶遇啊？[爱你]	1
地球一小时！！！！！[嘻嘻]蜡烛点起来！！！！@马不苦shine @早安兔子 你们呢？你们呢？？[挖鼻屎]	1
让产品告诉你[馋嘴][馋嘴][馋嘴]我就在这里[哈哈][哈哈][哈哈]	1
@大龙火锅 确实辣得过瘾，再加上和这几个好朋友在一起，又喝得过瘾，用四川话形容，就是“爽呆了、巴适惨了”。祝@大龙火锅 开业大吉、生意兴隆！[鼓掌][鼓掌]	1
遥祝小法童鞋生日快乐，健康窈窕！[偷笑][爱你]	1
//@郭小懒:[可爱]@李小妮 @懒6-- @李小楠	1
@马艳丽 [鼓掌]	1
同感[太开心][握手]刚刚也排了半小时	1
生个闺女爸爸下午陪着午睡同事来电问你做啥啦？陪别人的老婆睡觉呢@霍霍要加油 [可爱] //@小树妖Ivy:恩 对的 我在我爸眼里就一个字：完美 //@高跟世家:世界上最爱你的那个人，已经娶了你妈妈~	1
[哈哈][赞] //@?大?:乖！	1
晋善晋美[嘻嘻]	1
[亲亲][亲亲]放心，不会过头的，明天就有好吃的面包了，期待呀～～	1
在山上，发现野猪夹没抓住野猪，偷了鸟蛋，结果小鸟就愤怒的追出去了。[哈哈]	1
惭愧。我除了中小学上过写字课临过帖，以后就没有临帖。我的钢笔字楷书照印刷楷体练，行草练的是黄若舟《汉字快写法》。//@十万旌旗8: 骨里谨严，笔力沉着，端庄刚劲，清卓疏朗，确实下过苦功的好字！[鼓掌]	1
@九儿酒儿 生日快乐[蛋糕][蛋糕] @TONY? 结婚纪念日哦，祝你们永远幸福！[心][礼物][鼓掌]	1
给您拆门开窗，请出深山[笑哈哈][江南style]//@湘夫人: 回复@老聂:窗都被你们开坏了哈[笑哈哈] //@老聂:回覆@湘夫人:狂开窗 //@湘夫人:回复@有福社长:昨晚喝了点茶 莫非有尼古丁？[哈哈] //@有福社长:[笑哈哈]昨晚种么了这是，诗兴大发啊[赞]	1
"【#超级笑星#微直播】@-大新- 和@刘金霏 是同门师兄弟，而他们的PK却引发了传统与创新的纷争。最终，两位主裁判都选择了""金霏曦比“组合。恭喜@刘金霏 @嘻哈包袱铺陈曦 成功晋级！[鼓掌]而@-大新- 哥从始至终，脸上都带着自信的笑容！也希望观众看了你今晚的表演后，会更加喜欢和关注传统艺术！[爱你]"	1
Abby给大家拜年啦~调皮的祥龙摆尾，扫除烦恼，振我龙威，祝大伙2012生龙活虎@美图GIF大赛   #美图GIF#[爱你][威武]	1
带盐哥……[哈哈]//@Starringringring:我是陈欧，我为自己带盐@聚美陈欧	1
小白入手，明天骑车上班去?周末求活动?[嘻嘻][嘻嘻][嘻嘻]	1
恭喜恭喜！到时捧场去[嘻嘻]	1
[笑哈哈]保命四字诀揭晓！【大哥饶命！】[笑哈哈]//@超级笑星官博: [偷笑][偷笑][偷笑]欲知保命四字诀为何~半个小时后~锁定@安徽卫视 #超级笑星#哦！[哈哈]	1
谢谢@新浪旅游 [爱你]	1
三八妇女节快乐。中文[嘻嘻]	1
周末或者小长假，约上三五好友或家人，只要简单收拾，就能在杭州的青山绿水间，享受悠闲的小资生活啦[嘻嘻]//@Sleeping_陌生人： 这种地方呆一个星期那该多好~	1
#万圣节#祝大家万圣节快乐，我们马上就要出门讨糖喽 ，不给糖就捣蛋哦！[馋嘴][嘻嘻][嘻嘻]  @父母世界Parents杂志	1
#温泉水公园盛大开业#我们正式开业啦！欢迎大家来温泉水公园游玩！[威武][太开心]	1
看完冰灯烧烤，其实我是想拍隔壁间的女孩，穿了一条无袖裙[生病][嘻嘻]	1
风景如画！祝大家十一节日快乐![鼓掌][鼓掌][鼓掌]	1
支持真话，K哥来了，哈哈[嘻嘻]	1
//@晶茂电影传媒: 小黄人又来了！[嘻嘻]//@新浪娱乐视频: 可爱的小黄人[亲亲][抱抱]	1
品好牛肉，就到赤坂亭 //@懿???:用担架会好点[哈哈][哈哈][哈哈] //@赤坂亭餐饮:[兔子]扶墙进扶墙出	1
欢迎啊[爱你]	1
我家小清新。。。[鼓掌] //@王皓Ryan:呀，这是啥时候的照片呀	1
//@文怡:这个好玩儿，我都玩儿一早晨了[鼓掌]	1
[鼓掌] //@人参爽:这是一个轻度傻逼的国度	1
哈哈，感谢亲转发[爱你]	1
回复@济南百丽宫影城: 说的比我还实在 //@济南百丽宫影城:东莞扫黄之所以被这么多网友黑，是因为它并没有找源头：应该去抓嫖娼的公职人员。这样，东莞的99%的造黄行业都将消失。 //@风雷麦子:我是不是说实话了？ //@登托福: 回复@风雷麦子:经典[可爱]	1
都吃次半碗[哈哈]	1
老领导的超级无敌360度全湖景办公室啊！[威武][酷][嘻嘻]	1
//@条形码陈婷: @浪穹人 老板，带我们去！[嘻嘻]//@昆明吃喝玩乐风向标: [亲亲]	1
《活着》果然是大师级作品噢，开篇第一句话就是大师级的，越看越棒。佩服佩服。[哈哈]	1
年根底下，幽默一把，哈哈哈哈[嘻嘻]	1
托您的福[嘻嘻]我也少吃不少颗粒~	1
力量虽小，也能发波[爱你]	1
争取今年先去糟蹋一把//@PPS轮子: 好地方，又要被糟蹋了。。。 //@上海芮斌: 绝对稀缺资源，搞个买手机赢三沙游[哈哈] //@马旗戟:@老沉 @王高飞 @苗颖 2013年别卖小米了，做＂微博旅游＂这个电商产品吧，旅游是典型的社会化产品。	1
过年咯[发红包][发红包][马到成功][马到成功]老妈的巧手年夜饭，久违了家的味道[嘻嘻][嘻嘻]娜娜给大家拜年啦～祝大家大吉大利！马上有一切！[马上有对象][马上有对象][发红包][发红包][鼓掌][鼓掌]	1
这样子啊？！ //@哆啦美_go:这个图我们还专门放到群里讨论过。[哈哈] //@张敦实:卫生间排风 供暖 空调 看着倒是看着没难度。//@西城老北京: 应该不需要配照明吧，床边上放个插座[飞机]	1
[哈哈]看来我也越来越有故事了//@丁辰灵: // @记者李志刚 : 日本战国时代三杰的不同性格，曾有个形象的比喻，如何让一朵花儿开花，织田信长：不开就砍掉它；丰臣秀吉：想方设法让它开；德川家康：慢慢等它开。	1
回复@北京双子:C罗的逆袭，让你对葡萄牙信心高涨[嘻嘻] //@北京双子:：#途易在线竞猜欧洲杯#葡萄牙、法国、德国、意大利 冠军：葡萄牙 理由：今年C罗开始逆袭一切了 支持 ， 与人为善，与物为春 @jiabulin @边走边唱边围脖 @小跑儿2010 @洛宾王 @小张小布	1
标准由会员大会选举出?并经省民政厅社团管理局批准、省旅游主管部门认可的合法副会长。不过该会七年不换届，我也早该下台了。下台也是首届副会长。[哈哈] //@伟哥嘛:有?????？[嘻嘻][哈哈][兔子]	1
[哈哈]@游走的胖纸 你懂的！	1
我也稀罕~//@等等ivy: 风格亦深得我心[哈哈]//@苹果Princess: 手绘~~ 大爱~~	1
今天最后一次试菜，lets pasta 的首轮菜单快要出台了！[鼓掌][馋嘴][花心][爱你][嘻嘻] 我在这里:http://t.cn/zHeV1rt	1
回复@不以物挫志:喜欢吃早餐的孩纸收藏了：） //@不以物挫志:@Nana环游世界 今天滴早餐是虾米呐~[可爱]	1
咱家的香酥鸭是一特色。[嘻嘻]	1
回复@??童鞋:[嘻嘻]明天微博的幸运儿开奖，下周五微信的幸运儿们开奖[爱你] //@??童鞋:奥迪君  听你这么说不止5张照片咯[晕] 小编是坏银 [泪][泪][泪]明天开奖吗	1
﻿更博了，爆照了，帅的呀，就是越来越爱你！生快傻缺[爱你][爱你][爱你]	1
@benylan 天冷多保重啦[爱心传递][爱你]	1
#昆仑饭店玻璃屋# 即将竣工开业的14个KTV包间[鼓掌][酷]	1
@Hsiang_Chieh 真乃歌神也；@华茜_fendy 最抢镜了 @elya妞 @Sapphire哀 MUX的MM们舞跳的巨给力 [笑哈哈] @私语轩琵琶私塾 //@刘忙: 还是文斌老师拍的清楚，还是两根腿，再转一次~[哈哈]	1
【腾讯客服APP发布了】专为寻求客服帮助的android用户打造。快速解决手机短信开通业务过程中遇到的问题，如服务冻结、开通绑定、业务限制等，还可以使用密码找回、号码申诉等安全类问题以及查询腾讯相关业务的常见问题，随时随地的帮助您解决腾讯产品疑惑。 [可爱] @Colin詹成林 http://t.cn/zWJX1Bi	1
天涯滴活动必须推荐啊，而且这期间去江南我的大爱啊。活活，求加我同行。还有想去的没？转发并评论跟进吧。[哈哈]	1
#青春相约 唱响明天##以歌为缘 圆梦鹭岛#让我们围住青春吧～//@厦门卫视:#第九届两岸校园歌手邀请赛#总决赛，厦门卫视正在直播！两岸大学生轮番登场大展歌喉，以歌会友唱响明天。[爱你][鼓掌] 快预测今晚冠军@娱乐加油赞 跟我们互动哦?	1
回复@T一瓢江湖我沉浮T:[鼓掌]欢迎哦，苏州也成，哈哈云南德钦也可以，御庭期待您的到来~ //@T一瓢江湖我沉浮T:回复@御庭酒店集团:好嘞~有机会去南京的话 //@T一瓢江湖我沉浮T:打算去北戴河 那有御庭吗？	1
[哈哈]怂 直接买个带键盘的套子 不就好了	1
果然同是喵星人爱好者，今天收到@潘潘猫 同学的新书“幸福，私厨定制”时碰巧也穿着猫咪衣服。一本书都是暖暖的家常味道，简简单单，清新美味，我想女生们要是都有如此好手艺，肯定会特别幸福吧[爱你]	1
感谢光临！[bm可爱]千叶豆腐烧排骨&剁椒鱼头 都是经典菜品哦[可爱]	1
快乐的车！快乐的的哥！快乐的乘客~~~让大家摇到开心与快乐[哈哈]	1
"@淡紫的梦境:转发：""风尘依依柳絮沾，寂寞无端；巴山夜雨话心事，再添云雨巫山""[可爱]http://t.cn/h4y0Xp"	1
[威武][威武][威武] 员工明明白白知道一年后、三年后在做什么或晋升到什么岗位...//@wuxiyingzi: 真心希望大家能在金陵的大平台上蒸蒸日上[鼓掌][鼓掌][鼓掌]	1
M 半夜不睡的还有俺们[嘻嘻] //@何以文潇默:再一条：半夜不睡得基本都是公关公司得。。。比如转发得这位，比如我身边一起吃夜宵得爷们～//@Hannibalism:过来人！	1
那我就放心了[爱你]	1
尤其是你那件羽绒服长了个降落伞的样子，你小心被风吹得飞起来。[哈哈]	1
小东西太馋了，有肉就不菜[嘻嘻][嘻嘻][嘻嘻][嘻嘻]	1
//@北京出版人沙龙：//@香炉夜染衣：[哈哈] //@80后大男生：见一次转一次！//@都市时报：转发微博。	1
今天早餐从简[偷笑][嘻嘻]	1
#可可物语#笑不露齿，嘻嘻，吼吼，哈哈，我压根就没长牙[哈哈]麻麻谎报军情，大夫说我木有出牙迹象[偷笑]	1
回复@O2O头条:收获颇多吧，有时间唠唠[嘻嘻] //@O2O头条:回来咯~	1
塑料膜。神马情况啊//@Ucco爱谁谁: 所罗门…我好文艺范儿啊[可爱] //@隼是一只大鸟:傻了么。。。//@西风_哈雷守望者: 睡了吗，我果然是?丝一枚[偷笑]	1
[爱你]//@龙熙瓦德拉玛庄园: 太美了，祝福两位新人，场地选的真好。@龙熙温泉度假酒店[呵呵]	1
我成背景了，还是背景的背景[嘻嘻]	1
[太开心]鼓励大家环保出行，既有助改善环境又有益于身体健康。天气渐暖，可以开展健身运动啦，骑车、步行都是很不错的选择哦[耶]//@卡不冷等卡: 在有公共交通的时候，尽量不开车使用环保的交通工具，若路途不太远就骑自行车或步行出行。每年的9月22日也被定为“世界无车日”，大家一起为环保而努力吧！	1
又一位收到材料的同学[鼓掌]	1
跟着一起来的美女@古彩尼 练得很不错，已经会被坡落叶飘了，而且还上了@怀北国际滑雪场 的五号高级道，并且顺利的下来了，很牛呢[good]  [鼓掌][鼓掌]	1
听说爱笑的女生一般智商比较低？？我不同意[哈哈][哈哈]	1
#午间一乐呵#一人，一猪，一次说走就走的骑行，天地一色，浪迹天涯。[哈哈]	1
重口味，真开胃！[哈哈] //@马德里豪尔赫:老瓦也来重口味了，哈哈。	1
//@乐翻婆罗洲: [鼓掌][鼓掌] 和 @网际飞侠 欣赏世界上最美的日落。	1
回复@动力VS火锅:[哈哈]回去给你捎俩儿！ //@动力VS火锅:面馅的[转发]	1
//@糖水蓝：我是瞎的，我看到这图好几次了都没点大图！！！@傻傻包包 看到亮点了么？？？//@碧痕红泪：哈哈坚决举手的说！ //@来一份姜葱粉： //@微博搞笑排行榜：哈哈 我就是这么潮！[哈哈]	1
还是真事？[偷笑][偷笑][偷笑] //@航旅纵横:#清早打机血#事后记者打电话到机场，澳洲航空对此事件拒绝评价[哈哈][哈哈]戳中笑点啊！	1
看完太极后终于明白飞机是怎么发明的，泥马，世界是韩国的，韩国是我们的！[哈哈]@十三锦缎之勤奋Nissa @流浪缇子	1
//@oh句?: 第三季大爱爱这首歌  《A drop in the ocean》--Ron Pope [爱你] - 原文地址：http://t.cn/ad68aT	1
亏本的买卖不能做//@juanjuan98802: 估计你得倒贴钱 //@王三石王三石:举报你！能得多少？// @juanjuan98802 : 比买彩票胜率大多了 // @yiazz :[鼓掌] // @豆8豆 :// @演员吕丽萍 : [黑8]	1
没有认出是谁，但两个大男人的眼神很，那个什么的....//@海的故事0秋岛渔人:认得出弹吉他的人是谁吗[嘻嘻]//@天涯赵瑜:小镇生活。//@海的故事0秋岛渔人:早安，博鳌。@海南梁山 @夏子帆-酒店职业人 @康定康巴 @丽江贱公子 @李会革 @天涯赵瑜 @天涯棋子 @裸奔的大象 @天涯社区	1
回复@无所畏_我还在:这两天从文殊院去锦里、去博物院、去金沙，路都宽绰！除了出租，也没见谁风风火火地开车，公交上人也不多！巴适的很噢！[亲亲] //@无所畏_我还在:马路宽么？额，我对成都很熟的。[抱抱]在我标准里，我觉得路挺窄，电动车多，有点乱。最近不是还在修地铁么	1
据说：双鱼和巨蟹是我最配的星座[爱你][可爱][馋嘴] //@-小暖暖:太对了	1
快自曝吧，满足一下大家的愿望//@见习背包客: 哈哈，低调低调，哥一般不轻易露脸的[偷笑][偷笑] //@Blueonline:粉丝神马的最喜欢了[爱你] @TianciHuang 出来走两步 [嘻嘻] @见习背包客	1
嘻嘻不错的餐厅超喜欢[哈哈][哈哈]	1
___呐。吃自助餐呢，最重要的是生鱼片和生蚝吃到饱。[哈哈]可素怎么木有看到生鱼片，因为都在敏崽的肚子里啦。[害羞]	1
[哈哈][哈哈][哈哈] //@南宫天翰的围脖:算了 你还是出去喝酒吧 留本菜谱让毛豆自己烧// @麦田的果子kiki ：木有啊，我犯错了啊，毛豆吃了我做的猫饭第二天全吐掉了，我对不起我家毛豆啊！[泪] // @阎娜也叫小annie :同问  @麦田的果子kiki  //  @南宫天翰的围脖	1
回复@杨迪的甜筒乐园:和微信相比，哪个更有效？ //@杨迪的甜筒乐园:你抄我我抄你[哈哈][哈哈][哈哈]	1
[爱你][吐]//@安然的蓝: [吐]//@向雷锋学习的向雷: [爱你][吐]//@出版人七七未央: //@同学你该吃药了: [爱你][吐] //@我的朋友是个呆B:[爱你][吐]//@萌了个包:[爱你][吐]//@你方便时方不方便吃方便面: [爱你][吐]//@一枚可爱的小瓶钙:[爱你][吐] //@女孩子闭起眼睛来就是要你亲她嘛:[爱你][吐]	1
的确有旅行运[嘻嘻]//@私享家:你呢？	1
有幸参加腾龙活动，才得以经历如此难忘的记忆[爱你][给力] //@镜头里的中国-腾龙行:小编最爱咖啡与藏民四处分享快乐时候的笑脸，真美[呵呵]//@北京-橙色咖啡: 摄影最大的快乐就是分享的快感[心]能跟镜头里的藏民一起分享他们的笑脸，才是最幸福的时刻！ //@TAMRON腾龙镜头:爱与分享，无国界[爱你]	1
还是我妈包的粽子好吃，超级好吃，大家都抢着吃[哈哈]	1
//@张婷婷微话:回复@法号布衣:一口闷也要依据个体差异而定 //@法号布衣:[哈哈]东北喝酒脸红的，是朋友 //@张婷婷微话:那就告诉身边的人你也做点科普  //@法号布衣:报告，我不喝酒[哈哈]  //@张婷婷微话:@法号布衣 @泥泞的鞋 @代军哥哥 @金牌厨师磊磊 @皇家瀛台酒庄何志方 @淑之子墨 @达播林 @郗老师	1
恭喜恭喜！苏永康＂那谁＂[鼓掌][鼓掌][给力]好歌齐齐分享[鼓掌]	1
超??句子：放下就是解?。早就??到?道理但?在修法中。[哈哈][哈哈][哈哈]	1
看看俺们滴孩纸。。@叶怀阳 啦啦啦。。静候佳音！进决赛的话。。哼哼，请客～！！[哈哈]//@徐二丫头是Candy: @沈秋昊崇拜小王子 @CUC艾欣 @高石洛Rococo @泰迪懒侬 @昨日少年歌- 好样的！	1
回复 @青青大白兔:直升机是通用航空的重要组成部分，但直升机的数量在通航飞机里的比例是不高的。 //@青青大白兔:回复 @通用航空李晨:我好像印像中是的 航展航演都很漂亮 问问[可爱] //@通用航空李晨:我也在！ //@周莹Maggie: HI.........byebye	1
啊哦哦现在开始吧，理想丰满[哼][哼][哈哈][爱你]	1
#海螺沟天气#海螺沟今日气温16°-6°，多云，虽然依旧很冷但总算暂别了连雨天，游玩出行的小伙伴们可以暂时不用再担心路面湿滑了，也可以小期待下沟里的美丽日光呢，周末有个好心情哦！[太开心][可爱]	1
哪个贼人胆虚？[哈哈] //@江西老表哥:欢迎李土豪辟谣！ //@山高路远N: [围观]真有那么多邋遢事？我是电姐的话一定上法院告他。但有人说我做贼心虚、不敢声张！[吐]	1
即将上演的泰食节将进一步丰富您的味蕾，就在明天！[亲亲]	1
//@老马修:美的没道理了~~！！[鼓掌]@轻雪飘然 @小名松狮-慧	1
我要！我要！[嘻嘻]	1
都算是的。 //@i-Rena:飞机餐？！//@KC?味??: 哈哈，好大的?房呢！[哈哈]	1
@DFuse 品牌所赞助【创意星空】栏目组所举办的节目杀青酒会，我的整体Look，红配绿，挖哈哈[嘻嘻][嘻嘻][嘻嘻]	1
@林家小妹 明晚带你吃冻豆腐鸡…[围观]包你满意啊！绝对越吃越吃越苗条呢…放心吧！[嘻嘻][哈哈] http://t.cn/zOboW2o	1
回复@吉时来船长:[嘻嘻][给力] //@吉时来船长:有空聚聚聊聊	1
?! ???老?!! 春晚又?一??悟空? 期待你的表演喔!//@龚琳娜:祖蓝太有戏了，等春晚之后，他能否再演一次孙悟空呢？好期待！[哈哈]	1
对于你来说挺多的了[偷笑][鼓掌]	1
素食--健康密码！[鼓掌]	1
想把丹霞山那块石头带走，韶关人民不答应~[哈哈] //@珠比特:[耶]我也是//@泡鱼儿:石头~[酷]	1
今晚#圣诞星缘# 的?幕嘉?之一：CHILAM！(高清版[嘻嘻])	1
欢迎”好色”之徒[嘻嘻]@搜狐焦点海南站	1
[呵呵]//@关太家的关兜兜: [哈哈] 走你！//@董芳0000:[偷笑] //@奥迪英杰汇:[嘻嘻] @汇英杰 @果粒橙_cyx @董芳0000 //@右手的黑键: 走起！ //@可爱多钱多多:走你[哈哈][哈哈][哈哈][哈哈][哈哈]	1
我爱上了-----[偷笑][偷笑]来看看你生日那天发生了什么[嘻嘻][嘻嘻]	1
好玩D工作需要扎实D技术，同意不？[嘻嘻]尚涛造型咨询电话：010__64172702／64163673[握手]	1
[赞][哈哈]//@Jane_洁: 粗略估计了一下去婺源的费用，瞬间又想去实习了[泪][泪]，现在只要出个省就要1000+，钱不值钱了啊= =。真佩服暑假跟大家去海南1000块钱怎么能挨得过半个多月。[可怜] 婺源这么诗情画意的地方，很适合一个人的旅行。但有时也会厌倦一个人，把那份自由留给云南好了[心]	1
面壁三天三夜，辟谷七天七夜。 //@5A嵩县阳天池:为赎罪，明早罚自已跟@5A嵩县周松才 跑五圈 //@5A嵩县张相正:揍你  //@5A嵩县阳天池:为了@好脾气的漂亮乖乖女 能开心，俺把好友全得罪了  //@5A嵩县向前:大师[嘻嘻]  //@好脾气的漂亮乖乖女:[哈哈]真经典，幽默的@5A嵩县阳天池 太[赞啊][赞啊][赞啊]	1
@杰克糖就是唐甜甜 从西藏带回来的“大辣椒”，猜猜是什么吧~[哈哈]	1
神一样的中国农村信用社//@刘进: 回复@Daniel-汉堡他爹:严肃点！告诉我你的经纬度！崔哥@平壤崔成浩 的大埔洞导弹！随时让你受不了！ //@Daniel-汉堡他爹:哈哈哈 笑死我了[哈哈]	1
三刀流。。可惜没拿到路飞，，娜美，乔巴[嘻嘻]海王套餐 我在这里:http://t.cn/zQ2Oikf	1
再见啦！有点意思的停泊岛[嘻嘻]	1
吼吼，这个东东叫做艾米果，是江西有名滴特产呢，亲们有木有吃过呀？[嘻嘻]	1
[不要]//@知性山水: 不应过于苛责李、梦！孩子涉罪，此刻父母最揪心――可怜天下父母心――将心比心吧！//@行者老丁: 回复@凤不是凰:[嘻嘻] //@凤不是凰:坑爹的儿子	1
公司的一角，喜欢的举手[可爱] @酷讯旅游	1
@杜小哥很帅 [鼓掌] //@艾微的灵儿:儿童专用出租车,还免费 [鼓掌] //@哈哈织围脖:不仅是免费的，而且还有奖品送哦！看见路上有这辆车，赶紧拦下吧！[嘻嘻]	1
我和马姐同冒泡…[委屈][嘻嘻] //@菲比不能太物质: @俭小鱼  满嘴冒才华泡泡呀~~~	1
[哈哈][晕][泪][睡觉][耶][月亮]	1
#晚安好好睡觉贴#又到了道晚安的时间了，祝愿大家今夜好梦，可以舒舒服服的迎接明日灿烂的清晨哦~同时期待明日某重量级人物来我们酒店游泳~[嘻嘻][月亮]	1
//@呼伦贝尔老崔: [哈哈]	1
[围观][围观][围观]//@孙文松:规模可以再大 祝福[鼓掌]	1
总算到家了，又研究了半天抽奖平台，恭喜@Jessica尹惜希T @静鑫生活 获得300元做鞋券一张，请尽快私信联系方式哦！ （本活动有效转发共计445次）//@柳絮同学: 【有奖转发】开奖倒计时三天哦！亲转起来哦~~五月一日中午12点，转发系统平台开奖，两张三百元的做鞋?送给大家！么么嗒！~[爱你]	1
大家来期待[哈哈][威武][围观]	1
#代友求租# 二、四、六号线沿线单间，四月初入住，请朋友帮忙。[亲亲]	1
今天的2次18米下潜完成啦，我最怕的在海下摘除面镜再带上再排水的项目，很丢人的等了几秒稳定情绪才敢开始，所幸一次成功[鼓掌]克服心里恐惧的奖励就是看到了各种无法形容美丽的鱼、珊瑚、像含羞草一般手靠近会收起的不知名海底植物等等[鼓掌] 我在:http://t.cn/zTY1ibb	1
男体女体自己挑，听好听坏自己聊[哈哈]	1
//@RubyWu的想瘦人生:经不起坎坷的感情，不要也罢，晚安[月亮] //@猫奴白手手:真正的情必须一同经历好多坎坷~[哈哈]	1
[呵呵]//@Michaelking_CJW: 回复@町安扣:绝对上位[哈哈]//@町安扣:看???位子很吃香	1
辞去凤凰中文执行台长来搜狐视频 [鼓掌] [酷] //@Nekor：#Nekor转推#	1
有蒙奇奇的吗 //@怪诞心理行为学:kitty控们赶紧住进去吧！[爱你]@快乐淘萌物	1
我在这里[哈哈]…很久没有吃了…阿姨下海蛎超级狠…很多料噢…现在一个三块钱[爱你]	1
@蒋笑笑大爷 //@一起来旅游: [哈哈]	1
[呵呵]亲爱滴粉粉们，一花一叶咖餐厅爱琴海店会员7折优惠活动仍在继续，开卡更有好礼相送，快邀请好友一起来体验吧！[鼓掌]开卡即赠价值41元下午茶套餐券（卡布奇诺一杯+提拉米苏甜点一份）。[礼物]数量有限，先到先得！地址：北三环太阳宫爱琴海购物中心5层f5002；订餐电话：84240098	1
@海南神州半岛福朋酒店 大堂的福朋好朋友海报终于做好啦！[鼓掌][鼓掌][鼓掌]	1
莫名滴我就想起Sophie[哈哈][哈哈][哈哈][哈哈]@coaching旅人	1
[亲亲]可爱死了！[花心]	1
蛋疼得厉害，cha，郭 。。。//@hi_liuyang: 讨厌方的这种作风。让人怎么支持你啊 //@天蓝蓝的飞:[哈哈] //@EveryBodyHatesChris:是真的么。。//@老榕: [偷笑] //@北京兵人:现在你们还不相信爱情么？[泪] //@泥泞的鞋: 。。。 // //@郭敬明: 禽兽！！快放过韩少！有本事算我的身高呀！	1
【#超级笑星#精彩剧照】老师们在看什么呢？[偷笑]是今晚的菜单么？[哈哈]	1
[哈哈][哈哈]好欢乐//@产小品: [lb味]	1
[哈哈][嘻嘻]//@桃瑞丝小飞猪: [哈哈][哈哈]@思婷蚊子	1
[哈哈][哈哈][哈哈][哈哈][哈哈][哈哈]戳中笑点。[偷笑][偷笑][偷笑]	1
我的马大哈级别又升了！今晚，拿着停车卡反复在出入口刷，听着提示音：此卡无授权。我还执着的以为是不小心消磁了，后面的车主看不过眼了，下车跑过来对我说，别着急了，我帮你刷吧。在热心车主的协助下，我顺利进入车库停车入位。猛然发现：我。。进错车库出入口了，我的卡在这儿确实无授权。[哈哈]	1
一个只有闭上眼才看不见海的地方[心]//@三亚爱琴海岸康年酒店: 欢迎[爱你] //@JessieNoka:@歪Y刘 怀念//@Lydia慕容优: 回复@我是安吉拉吕:是呀，推荐这个酒店给你，二人世界 //@我是安吉拉吕:渡假去啦？[嘻嘻]	1
下次微信打个招呼，让小控帮你提前把敏子备好再过来[嘻嘻]@零食控	1
@安定医院郝医生 萌萌哒～深井冰们快来关注[哈哈] //@八卦_我实在是太CJ了:北影门卫的对手出现了 //@白娘娘:我觉得也抑郁，月底就坐立不安，发工资就痊愈了。哈哈哈哈哈//@大懒糖: 萌//@夏目家的小诗哥: 密集恐惧症患者请去坐北京地铁 往返一个疗程痊愈 哈哈	1
[鼓掌] //@丑得轰动地方:这个必须顶，服务业最大的杀手是等待，如何减少等待或者缓解等待过程中的焦躁，他就赢了。美丽的腾冲，机场是城市的窗口，感受从心开始。	1
图书馆前的阿波罗与雅典娜雕像！当时路过看到兴奋不已[哈哈]『cd83409518a5469d99b67e108e6c038f.jpg 1,024×685 像素』http://t.cn/zTXksna	1
超级赞[亲亲]	1
一品蛋酥算是甜品，喜欢干煸四季豆，家里是没法用这么多油煸出来这个效果啦，水煮牛肉比较奇特，跟川味有区别带点酸，还有辣子鸡丁，还是重庆歌乐山本地的比较赞拉，最后是菌类粥品，很香的药材味喜欢这种味道~[爱你]	1
期待，我已替郭伟老师收了几个学员了@DJ桐桐991  下次一起。//@后花园-青色:希望木有令大家失望~！反正我是尽力了的~~[太开心]感谢今天到场捧场的朋友们~[爱你]这会都应该平安到家了？[din推撞]下次有机会我把@华泰明爵郭伟肚皮舞 请到家里作客，你们又来耍哈~@家家超超 @悦雨粤语 @绮琪-S @Lee-sofa	1
//@恩施旅游集团: #春暖花开?情漫恩施#国酒小组standby，民族服饰好好看[爱你]@恩施市旅游局 @恩施旅游集团林凯	1
噶哈哈哈哈 全部是我的最爱！！！[哈哈][哈哈][哈哈]	1
俺家装修要返工了，才反应过来，居然是申远噢?[做鬼脸]工人大哥们铺地垫、穿鞋套、有礼貌，@申远空间设计王正军 你的队伍不错哟?[鼓掌]希望能尽快解决问题，辛苦了[呵呵]	1
期待你的作品！！！[太开心]//@蔡丸子: 天哪天哪！我要模仿！我要试一试！！太油创意了！//	1
[给力]//@张尹的尹: 祝贺周年！ //@长安伊沙:届时我在上海遥祝！ //@吕叶:自发参加不邀请！[哈哈][哈哈] //@-王西平-:被圈的是邀请的吗。[偷笑] //@吕叶: 湘诗会周年了！感恩众诗歌兄弟姐妹成就！[蛋糕]@长安伊沙 @赵卡1024 @?? @臧棣 @云经立 @中年阿舟 @周瑟瑟 @张尹的尹 @张执浩	1
[哈哈][哈哈][哈哈]//@天使投资人叶飞:转发微博	1
@张麒yoyo 你要的[可爱] //@大麦戏剧: @北京国际青年戏剧节  再po一次~2011北京青戏节已出票列表： http://t.cn/auvsf6	1
[哈哈]//@大藏布:[哈哈]	1
第二张图真带劲！！[哈哈]//@数据挖掘与数据分析: 宅男哭着跑去腾讯应用宝下载微信5.0准备打飞机了！	1
饭后麻将起来啊[哈哈]	1
同志们，下班打球去喽！！！萌死人啊//@微博搞笑排行榜: 萌翻了[亲亲]//@倒吸一口凉气君: 小可爱又来了！[哈哈]	1
哇塞！支持支持！我第一个发图发吃哈！[围观][威武][哈哈][馋嘴]	1
[鼓掌]@也度假网 //@江苏steven-lu: 祝贺！	1
有奖品吗？有的话我每次都去[哈哈]！	1
那都是10后的了吧[哈哈] //@郑泽峰:哈哈，以后都带小孩去泡吧啦……//@刘永Younger:?吧的逆袭――纪念2006-2008年那段青春友情岁月，@郑泽峰 @天拓黄挺 @高翔 @久久晶 @topku @布棉	1
亲们，现在已经可以购买到了哦[抱抱]~，其它网站正在上货,耐心哦~http://t.cn/zlZNZhr @佛罗里达州旅游局 @美国驻华大使馆 @美国海洋世界 @Travelzoo旅游族 @新浪旅游 @到到网 @Sammi_东辉 @Jimmy赵锐 @NBA @张锐清system @欲飞的尉菲 @Superpign @v玲珑	1
跨年夜，大家都辛苦了，首次24小时营业[哈哈][哈哈]	1
这夸赞，看得我都酥了~~~[花心][亲亲][爱你]唯以热吻相报！[嘻嘻]//@上海美食-咕嘟妈咪: 好美[花心]心都融化了！	1
没有掌声，五次哭点，现场沉闷//这部片子几易其名，从最初的“我的兄弟连”，到”山虎敢死队”，最后落版《生死连》，一段25年前的战斗，一段25年的生死情谊，也是最好的诠释吧。是兄弟就让我们生死相连吧//@莉gloria:支持纪录片《生死连》[威武][威武][威武][鼓掌][鼓掌][鼓掌]	1
得不得奖都要支持新浪博客[鼓掌][鼓掌]@花在羽翼中 @新承爱妮	1
男人可以负责挣钱养家，但女人却不会永远美貌如花。[哈哈]//@贾海红:@nienie的美好时代	1
小潘在吗[哈哈]	1
明天的你一定会感谢今天的自己[爱你]	1
多么美好的画面～～动物也有各自的命啊～～ //@全勇先:遇到一个好人，比什么都重要 //@卢ss:欢迎常来玩它~哈哈 [爱你]	1
向日葵发芽了[太开心]	1
[哈哈][哈哈] //@黎洛iSad:[哈哈][哈哈][哈哈][哈哈][哈哈][哈哈][哈哈]	1
去成都咯～ 走起 [熊猫][鼓掌]	1
北京再一次欢迎您回来[嘻嘻]	1
矮油，地铁一号线换乘四号线的通道上全是他的笑容啊。@主持人国鹏 你俩要比比谁的笑容更甜蜜哈！beat him[哈哈] 好像还真有那么点像 @Andy887 呢？说不出来是哪儿[偷笑]	1
这话题好玩，方总改天请我去夜店喝酒吧，我介绍下10年泡夜店的经验?[哈哈] //@米途赖洪波:转发微博	1
下雨了，喝一杯@流星下的舞 [爱你][爱你][爱你] 我在#悠唐广场# http://t.cn/zOginsL	1
[哈哈]//@Fred_Sun:[哈哈]//@王天定:转发微博	1
[哈哈]//@文怡: 大哥大姐啊，你们的心太大了，那个带媳妇儿去俄罗斯买苏35战斗机，焊潜艇的主儿，对着媒体也不敢说自己不是完完全全的老百姓啊[汗]，你们可长点儿心吧。	1
旅程，从彩色开始[可爱]	1
#龙门镖局# 酒窝很一致，介是糊哥的“正牌亲爹”的节奏么 [嘻嘻][哈哈][偷笑]	1
回复@钟丽缇Christy:[?你][?你][嘻嘻][太?心][鼓掌] //@钟丽缇Christy:Hey Beautiful [花心] well done [做鬼脸] hope to see you soon ! Take care [爱你]	1
阿胶浆[赞]适合男生[哈哈]尤其是海龙胶 //@木卡西小姐:那必须的，也不看谁给的。复方阿胶浆好东东呢。@莫氏情歌__ @sixLian @倔强的坚强天使	1
图片配的绝了~[哈哈][哈哈][哈哈]	1
@李新宇0216 @Jessica睿 @白晓萌_小布 今天就是该去游乐园玩的嘛[嘻嘻][嘻嘻]祝@子夜lisa  小盆友生快[蛋糕][蛋糕][蛋糕][萌][萌][萌][兔子]	1
【关注元宵 有天有礼】现在除了湖南卫视之外，全国所有高铁站也可以看到元宵宣传片了[鼓掌]作为唯一在元宵夜直播的晚会，我们欢迎大家和你身边的元宵宣传片合影（电视或高铁出现时合影）[耶][照相机]上传并#2013元宵喜乐会#@快乐大本营 [得意地笑]我们将抽选幸运者送出#朴有天#亲笔签名礼品哦[hold住]	1
准备好了吗？提醒大家快去找电视机?沙发?零食?遥控器?@杜汶泽 @电影快乐到家 [哈哈]	1
哈哈哈，小黑盒入手，又有新东西玩了。谢谢@qinqin0415 还带了那么多吃的玩的。噢耶[嘻嘻][嘻嘻]	1
俺是高手…… //@糖坦坦:我玩过这个！！！[鼓掌]  //@张岩sundance:我操回忆啊...  //@高腾斌_Mr熊轻松: 我开出来过超人。。  //@张子建在工体:  //@王世博GUOAN：全是回忆  //@流氓--北北他爹：有年头了[鼓掌]  //@李昂蓝帆：哈哈 火箭车！	1
早晚还是挺凉快滴，白天虽然暴晒，湿度没那么大//@老隋: 回复@天气预报:好！这条要转老板[嘻嘻] //@天气预报: 特别提醒:北京9日最高36℃，冰镇西瓜走起来；10日最高35℃，找老板要防暑降温补贴哦；11日比10日降温5℃哦；11日有大到暴雨，伞不离身。 详细:http://t.cn/zOgARsQ 好高兴和你聊天[呵呵]	1
[哈哈]@向尚看齐畅哥 唱歌好帅…high起来	1
一个女生的摇滚[鼓掌][鼓掌][鼓掌][鼓掌] //@南京的冬天:你问我要去向何方，我指着大海的方向。?	1
带着葡萄酒去蹭饭，[哈哈]。	1
#美国旅游#渔人码头久负盛名的老牌餐厅Fishermens，守着无敌海景环境菜品可圈可点。其实我推荐的是另外一家[偷乐]，但到达时被告知等位需1小时迅速转站到这家，除了龙虾牛排还要朵颐海蟹，绝对要让第一次来旧金山的朋友不留遗憾[好爱哦]玩美吃美[爱你]@加州旅游局 @深玩美利坚	1
都是千年的狐狸你跟我玩什么聊斋啊！[哈哈]	1
笑源，你很棒！[爱你]	1
用橄榄油多刷很重要，几个夏天即可[哈哈] //@胖肥斌斌:怎么盘的啊？求教~~~[赞]	1
#早安御庭#早安周日！#带着家人去御庭#评照片、拿大奖开始啦！欢迎各位参加评选哦，第一波：最温馨奖，下面的几张照片有亲情父子兵，有四世同堂大家庭，还有可爱表兄妹三人[爱你]温馨不是一点点，谁将拿走我们的大奖呢？由你决定哦[给力]@也度假网@旅行家杂志@姚晨@何炅@苏州电台春晓@周青海-南京大学	1
排队闲的，起了想剪头发的念头[哈哈]	1
[哈哈]也感谢对小俏活动的热情参与！	1
回复@布鞋沾到泥:[哈哈] //@布鞋沾到泥:用的是念力	1
＂学亮雇你来的？＂ //@爱旅游爱生活的小童鞋: 梦想成真了！[哈哈]//@崔学亮:@王晟daisy//@散蝶_Sabrina_傻纸_:我在做梦！！	1
回复@ID93879:[耶][干杯] //@ID93879:二月初二[蛋糕] //@潘晓婷:我们有随行摄影师，转图都够我忙活的~[可爱]	1
今天三里屯吃的happy[爱你]	1
情人节快乐！//@安安爱蛋糕:这个情人节跟闺蜜一起过的，看了#在一起#，觉得很温馨很感动，突然就好想找个人谈恋爱了[可爱] 虽然这次@柯震?Kai 和@陈妍希 还是没有在一起 不过胜男和阿仔也挺搭的~@电影在一起 感谢带给我们这么多感动，情人节快乐哦~希望能成为幸运儿~	1
找山东人借钱去[哈哈] //@望岳归:法师都为我大鲁能祈福了，新赛季有期待。//@廉洁简朴萨科齐: 万万没想到还是我大鲁能球迷。。。 //@延参法师:山东的足球啊，成绩越来越好.	1
在网上聊的很疯的人，见了面通常不怎么说话。而在生活中经常一起疯的人，在网上基本不说话[可爱]@巨蟹座的小呆妈妈@容RR 【people?剪影】	1
HOLD不住这个世界了//@miffy雅洁//@Annita赫赫: 转起来啊//@mollymiley: [太开心][鼓掌]好吧 快联系吧 靓女 一起呀//@miffy雅洁: 赶紧把超给收了 要不去@非诚勿扰 啦//@mollymiley: [偷笑]征婚呢//@ChrisandHL: 哪位帅哥行行好，把这妞收了吧~~//@Annita赫赫: 这妞真俊啊！	1
再过几分钟，2012就要过去。过去的一年，有失，也有得。失去了什么，我都不在意，因为我收获了最值得我一生珍爱的至宝，那就是你。新的一年即将来临，愿你，我，和我们的亲人，都平安健康，事事如意，天天开心，所有的烦恼都离我们远去。最重要的，是我们相扶相伴，幸福快乐地在一起。我爱你[爱你]	1
//@张新民: 回复@火狐狸819:现在才知道大洋对渔业来产简直是荒漠。[哈哈]印度洋也有一些好的品种，像中国鲳、大青蟹等。 //@张新民:回复@厦门萧春雷:关于敲罟和大黄鱼，大家可与萧兄为《国家地理杂志》所写的“从大黄鱼到巴浪鱼――我国海洋经济鱼类半个世纪来的变迁”一起阅读，：http://t.cn/hgnLPc	1
#北纬66度 格陵兰岛# 格陵兰岛的土著，是什么？当然是我北极熊了，今天天气真好，去巡视一下我的格陵兰岛。[哈哈]	1
怕怕爆奶茶，哇咔咔[嘻嘻]@鼓浪屿怕怕 我在:http://t.cn/zlu012e	1
酱紫[熊猫]//@快乐的武夷山:我和小伙伴们都惊呆了！方言果然博大精深啊[太开心]	1
[鄙视]//@懒骆驼: 基情澎湃啊，可惜距离太远，只能撸了。 //@叁魂不见柒魄:一打?，居然是?情?，?屎我了。 //@风惹尘埃: 是够吵的，爱特来爱特去，好累的[哈哈][哈哈][哈哈][哈哈] //@87年柿子:?…私聊一边去[衰]欧洲杯将是中国队问鼎	1
开始吧！！！[哈哈][哈哈][哈哈]	1
[鼓掌][鼓掌][鼓掌] //@优品杂志:少年的我们都是热烈而坚持的，那是一种光芒，引人入胜。你可还记得，你年轻时的梦？	1
新刊火热上市咯~~[鼓掌]//@名汇: 本期目录导读可以在此先睹为妙哟~~详情请点击：http://t.cn/zOdh8Jm 如果有感兴趣的请赶紧去购买本期#名汇FAMOUS# 杂志~~[偷笑][鼓掌]	1
有收获！[嘻嘻]	1
好主意@大?星??人 @caipirinha小?巴佬 [嘻嘻][嘻嘻][嘻嘻]	1
哎呦~~看到这个超级想笑~~哈哈[哈哈]	1
丰富多彩的英语培训，既让大家学习了英文，又娱乐了身心，大家学起来就更起劲了！~[鼓掌]	1
[哈哈] //@newID: 对不起看一次笑一次[哈哈]//@水月清影_moonchina: [偷笑]//@tomatobeans: 这个太合适了,一定要搞一个......	1
[偷笑]//@CI宝宝: [偷笑]这事不能细说//@小猪妹精灵: 笑抽了！//@lonely余生:[嘻嘻]//@小糨糊妍妍: 所以韩书记面带微笑[哈哈]//@小郭变老郭:这个，我真的笑了。。。[鼓掌] //@萝卜卿卿:阿拉懂额[偷笑]//@第N次格式化:[偷笑] //@夜访西血鬼:[偷笑] //@肉肉001:[哈哈]好含蓄	1
看到你这条微博我表示很开心，看到苦逼的你我内心得到极大平衡[哈哈]谁叫你那观山湖豪宅不住搬个狗屁家，瞎折腾。	1
签名必须有[嘻嘻]你的这本不在十本之中，呵 //@缎苏:恭喜叮当！不知道赠书是不是签名本？快到碗里来吧[嘻嘻]	1
必须的~[嘻嘻]	1
保险一点的话，头天晚上车子就不要开回来了~~~//@徐州同城会: [哈哈]	1
@密赛斯颖新 @Joseph_Shu @小鬼MrPP 完美计划[哈哈][爱你]	1
饭点儿快到了，大家动身来觅食吧！[可爱][馋嘴]	1
分享欢欣！昙花也是maias的品牌元素之一[爱你][太开心] //@ruby可欣:我的开心与亲爱的们分享@科比教母 @黑玛亚迷 @黑玛亚花园 @爱夕月人 @Schen213 @秀xiu若同 @sonia莲花池 @苏果SZ @连芳菲 @星越A @理性的水儿 @乔乔的幸福其实很简单 @游走的Leo @?羽? @港湾瑜伽 @蓝鸟姐姐 @惠华sz	1
哼,知道你们自驾去了。苦行死你们![嘻嘻]我在文艺青年挚爱之地。	1
[鼓掌]感谢对小金的给力支持哦~	1
昨天去老水锥子淘到的新玩意儿[哈哈]就这么点爱好[嘻嘻]自己小得意一下[呵呵] 我在这里:http://t.cn/zHeVe9h	1
报告，植物园这边虽然刮风但感觉不到什么沙尘啊！不想呛，多种树[嘻嘻]	1
#我为Onecup命名#九阳?易煮豆 怎么样？@milkis珊珊 @Pollycs @那敢情好了 [哈哈]	1
[嘻嘻] //@Fenng:回复@百度手机助手:居然来卖萌… //@百度手机助手:我厂大人交代了，用户的反馈和需求必须在最快的时间内解决。[害羞] 速度太慢，容易被人捷足先登。[偷笑]//@Fenng: 我了个嚓，百度手机助手团队执行力好牛，不知道什么时候问题已经解决鸟。你们执行力这么狼性，李厂长知道吗?	1
突然发现，毛豆、青豆、小豌豆同时亮相缸，配菜失误[哈哈]	1
温习一下那些美好的回忆，再次走在两个人走过的路上，想想就很美好！[呵呵]//@L-雅榕: 想重新去以前与你度过情人节的地方走一遍[太开心]	1
明天某人生日诶！不如去次这个庆祝一下拉！@moonandox @winnymummy @Cherry05house @随意控  //@炸猪排女皇: [爱你][爱你][爱你]拉拉拉拉 //@哈刚少侠:我恨你	1
热烈的祝贺下吧[鼓掌] 付出总有收获 昨天三小时钱江潮直播拿下全国收视率第一[威武][嘻嘻] @super筱婕:正午12点直播2011钱江潮 //@super筱婕:席老师：明天什么时候直播	1
#开心一刻#【一大波“马上”来袭】有网友说，马上有钱、有房、有车、有工作算什么，马上有对象才是王道。[太开心]愿望太多，马儿恐怕都有意见了[可怜][偷笑] @三亚日报	1
乍一看，我想这是不是男的反串的？细看，不是~！//@黄玺赫: 回复@什刹海旅游官网:闭月、羞花、沉鱼、落雁 //@什刹海旅游官网:回复@黄玺赫:小编是哪个啊？[偷笑] //@黄玺赫:春夏秋冬啊？[鼓掌]	1
拉长虹赞助，买小米抽奖送60寸长虹[爱你] //@52Land王宇:是转发送电视么？[哈哈]//@巫魅: 怎么跟我一样！我家也没有电视，正打算找谁买一个 //@AndyPan童鞋:我也想买一个玩,但是我家没电视.....送电视不?//@巫魅: 一定买个玩	1
录完咱俩@嘻哈当家主持小宝 演的《嗜血》就分手了? 那我算不算解救了一个唐僧啊? [鼓掌]	1
#秦淮河御庭#美食的诱惑，正宗泰餐，优雅环境，异国风情，尽在南京秦淮河御庭[爱你]	1
小飞象。。。恒友。。。还有粥。。。。其他的问小Q，她比我在行[嘻嘻]	1
上个月从德国定的eisenmann排气等了一个多月了，还没到货，真起急。今天过来西国贸这边只能换成AMG原厂的了。我等的花儿也谢了...[汗][晕] 我是在哪都不忘臭美，[偷笑][偷笑][可爱] 我拍拍拍~ La pargay的鞋子和短tee，black and white。[心][心] http://t.cn/zOdNuK9	1
必须二。 //@韩雪:让二飞一会儿吧！只是北京今天沙尘太大，飞...飞...看不清路呀！[兔子][飞机][浮云][晕][沙尘暴][汽车][话筒][照相机][围观][ok][太开心]	1
#新鲜旅人看海南# 【轻纱曼雾 写意白沙】白沙的清晨就像一位裹着轻纱的少女，面色红润，还带着一丝初醒时的娇嗔。“白沙这个淳朴又迷人的地方，深藏着很多小众美景。白沙没有被破坏的自然美景和淳朴的黎族风情，正是吸引我来到这的最大诱惑。”――摄影by：南海道人[爱你]更多>>http://t.cn/8s7HcSh	1
cheers！我们拉勾上线4天，已经连续两天投递简历超过100份！欢迎更多互联网人来拉勾，寻找属于你自己的职业机会。[爱你]http://t.cn/zQVDrKO	1
看来吃高兴了，这笑的 [偷笑]穿浴服也那么帅[爱你][爱你][爱你]@史俊Robert	1
爱她，就给她开一个咖啡馆，让她做老板娘。[嘻嘻]	1
蛤蜊民谣[嘻嘻] //@学徒王自健:越南民谣教父… //@第二班--徐强:还港式民谣呢！ //@顶马苏勇:泰式民谣[嘻嘻]//@第二班--徐强: 京式民谣？谁给起的这名词？能换换不。。。	1
对于旅游总是兴趣那么大~~左边这张图最美了~~[偷笑][鼓掌]	1
I love this woman!![爱你]	1
回复@阿东管理思想:[赞][心][得意地笑] //@阿东管理思想:有时间带着媳妇儿去[哈哈]	1
童鞋们！本周日父亲节哦！[亲亲]	1
有个姐姐真好！ [爱你] @小于老师的围脖	1
[呵呵] //@魏慧章:[嘻嘻] //@张晨初艺术空间:[哈哈]//@ly7110: 黑夜总会......过去//@-helen-z: 文字狱[哈哈]//@厦门夏炜: [哈哈][哈哈]	1
你对谁的演技最看好？现场告诉他们吧[嘻嘻] //@都市频道都市007:想当演员，想拿奖品，想见主持人就快来吧！[哈哈][哈哈][给力]	1
太酷了[哈哈][爱你]	1
抽着玩儿[哈哈][哈哈][哈哈]	1
我的神~//@陆蓉之Viki_Lulu: 他连白纸都敢签，有些版画的争议，由此而生。[害羞] //@whereto哪边:达利还会在画布上签个名就买[笑哈哈] //@陆蓉之Viki_Lulu: 达利，特别是他的爱妻Gala都嗜财如命，贪得无厌。[哈哈]	1
啊???我真来不了 //@啊啦蕾_Wong:回复@嘻哈包袱铺王惟:惟子锅锅谦虚了噻~哪天演绎一下吧，还没亲眼看过性感的你呢[嘻嘻]  //@嘻哈包袱铺王惟:回复@啊啦蕾_Wong:哈哈，别性感了，我这块性感不到哪去，哈哈  //@嘻哈包袱铺王惟:没啊  //@颜小色-Nora小围脖:我感觉王老师露点了	1
[哈哈] //@星座宝典：里面是猪肉的么？	1
谢谢您分享用餐感受，对我们专业细致服务的肯定是对我们最大的奖励。[嘻嘻]@苏州洲际阿一鲍鱼	1
没吃羊肉串呀？3块一串呗香。。[哈哈]	1
回复@原非而已:我自己也最喜欢这几张[干杯] //@原非而已:太美了！！！第3、5、6尤爱[xkl转圈] //@小虎同学tiger:回复@手边巴黎urruolan:想到了神马？[嘻嘻]  //@手边巴黎urruolan:我喜欢这云 让我浮想翩翩	1
漫画大神的书必须买[嘻嘻]	1
天气降温，注意保暖哇[可爱]	1
[赞]//@5yue武悦: 感谢大伙儿对我们@TimeOut北京 出品《北京秘境》一书的如此厚爱和大力支持！[嘻嘻]	1
回复@王小样_:呀呀~~~有啥活动想着俺们点，哈哈[爱你] @奕文同学 和我都爱你~~ //@王小样_:亲爱的小朋友，生日快乐！ //@雨娟儿:现在比那时候瘦点了，哈哈~~谢谢各位~~ //@我是阳光天气晴:翻出这张有爱的照片来~祝今天的主角@雨娟儿 生日快乐~祝你天天笑的都这么甜~	1
越住越爱的酒店啊//@marscarlo-me: [哈哈][哈哈][哈哈]	1
这广告很有力量！[哈哈] //@向文波:继续＂深挖＂！	1
回复@日照旅游局官方微博 ：那盘就是贼美味的皮皮虾[哈哈] //@日照市旅游局官方微博:编编特别想知道，你们抢的那盘到底是什么海鲜。。。	1
回复@投行建国:谢谢[可爱] //@投行建国:支持你！日中友好不再战！	1
基本没用[哈哈]	1
“首传”就这样给了我们！激动ing[鼓掌] 前辈送来的祝福沉甸甸~歌词让人很动容。让我想起了@边境大LUCKY @是我雷蕾 这对爱情典范[太开心]	1
#旅行好去处# 过了年，春天就来了！[微风] 来四川嘉阳坐小火车吧！一辆运行在四川南部小县城－－犍为县城北15公里远的、一条只有19.84千米的古老蒸汽小火车。“呜---呜----”的汽笛声，在窄窄的铁轨上，以每小时20公里的速度前行，慢慢欣赏窗外的大片油菜花。每年的4月份，是这里最美的时候！[爱你]	1
回复@大胃肚夫:来吧，各种美食管够，一定要让您扶墙出去[偷笑] //@大胃肚夫:回复@都太海鲜自助:下周去[鼓掌] //@大胃肚夫:还有这好事？是驾驶证配套的那个牡丹卡吗？ //@都太海鲜自助:[偷笑]牡丹交通卡也可以的哦~ //@爱新觉罗课代表: @大丹爱小黑 您那个是白金的吗	1
[偷笑]这个绝对可以有~ //@生长在夏天的橙子: 河南同学推荐的开封夜市小吃[爱你]听说700米长的街上全是摊位。。从蚌埠去开封火车只要60多元[嘻嘻]下次一起去吧	1
谢谢[鼓掌] 再好的设计也离不开你们的支持呀！咱们继续努力！	1
“米饭杀手--绝对下饭菜”终于到手了 @艾米厨房 啥时给俺签个名[哈哈][哈哈]	1
回复@carman的幸福生活:[嘻嘻] //@carman的幸福生活:又咋了？	1
“温嘟嘟的椰子味”[兔子]好可爱的描述，[哈哈]谢谢推荐！	1
//@日本中部: 萌死不偿命啊！[爱你]	1
「反正他煮好味就是了！」同意[嘻嘻] //@FoodCraver:之前小店他也是自己煮，反正他煮好味就是了！// @香港美食-伊比 :??傅不?食客自己煮的哈哈, 信不?他人呀！[哈哈] [困] [偷笑] // @FoodCraver ：他之前在??到做，有?食?？	1
香港电视节马上开始啦!拉风展位[鼓掌][鼓掌][鼓掌]	1
#张译#一组拍摄花絮照，休闲活泼的小太爷，你好[可爱]谢谢摄影：李小猫混在cuc http://t.cn/8scM929	1
[good][赞]//@老头夜话: [鼓掌]	1
[爱你][给力][熊猫][织]爱国歌曲大家传唱	1
房东儿子带我们采购今晚美食[太开心] 我在:http://t.cn/zW98t8j	1
什么也不说，只是看，只是看，神性大显！[嘻嘻]	1
好吧....分不清楚@懒人业余餐厅郎园店 和@懒人业余餐厅安贞店 的@大众点评网-北京美食 不是好@饭本 [哈哈][哈哈][哈哈]@懒人业余餐厅厦门店 @懒人业余餐厅南京店	1
[鼓掌]共同期待！//@新闻人艾君: 新京报十年丛书。封面挺大气。期待看到书。	1
[汗] //@精彩电影:小手一抖，立马转走[嘻嘻]	1
[太开心]@京城文人 @大酒缸1898 @食尚小米 @美食VJ孙为	1
已经办了离婚的咋整？//@樊德安: 但愿是真的，我得烧柱香[蜡烛]//@侯宁: 华容道。//@余英: 多小的道？羊肠小道！[哈哈]	1
呵呵，圣诞老人也风流。[din癫当圣诞树][ppb叮叮当]//@幸福影像-付豪威: 左边那个是驴MM//@钟晨-样片规划专家: 驴MM[哈哈][哈哈]//@郑玉-样片规划造型师:[偷笑][偷笑]//@王利Rebecca:[怒][怒][怒]玉jj，猪gg，梁仔，威叔大家一起快乐无极限[哈哈][哈哈][哈哈] [din癫当圣诞树]	1
肿么办肿么办//@Jang_Hongwi: 不光是今儿，从今儿开始的几天都不能，超不适应的说//@CNR小东: 今儿不能评论，转发火了~~~~[鼓掌]//@袁木溪: //@CNR小东: 快说来听听	1
捕鼠英雄桑胆大@四根不净的桑大师 [哈哈][哈哈]为民除害，鼓掌！！	1
昨天安装了发现改进巨大啊，作为系统来说对我这样有信息焦虑偏商务应用的人已经相当让人满意了，不谈应用弱的问题对我已经比安卓和iOS都好用了。@微软中国 该集中精力搞定主流应用开发商了[爱你]	1
回复@四瓣馨香:晕啦 //@四瓣馨香:姐姐  喝晕了吧  回错了  不是这一条哦[嘻嘻][嘻嘻][嘻嘻]	1
回复@晕晕和豆豆:宵夜也不错[嘻嘻][嘻嘻] //@晕晕和豆豆: @不靠谱的Barista-Randy_小侗 整点来做早餐吧！哈哈	1
宝贝，姐姐真是爱死你了！[爱你][亲亲]	1
我在这里: #朝阳区#@一家一饭堂，皮皮虾刺身很霸道[太开心]@tutucai @飞翔的-熊猫 @带着虔诚的心去遥远的地方 @女人新开始 @4X4硬派机器 @隐形门的世界 http://t.cn/zO3PQxr	1
回覆@蔡志耀:拍下来了吗朋友？ //@蔡志耀:石家庄的天空也晴朗呀！感兴趣的可以一观[哈哈]	1
回复@董存存:洞次洞次[嘻嘻]	1
这真的是太不故意，太不小心了！哈！[嘻嘻][可怜] //@途秀:相信我，我真的不是故意转的 #深夜发吃报复社会#	1
我有主了，哈哈@徐炜英-小怪兽 //@我想变成蝴蝶: [哼]第一排倒数第二个男生，求交往[哈哈]	1
小弟在短期内不能喝酒。。。转发给哪些爱喝酒的吧@AndrewDu 你喝酒我喝果汁。@鱼飞xm 你的酒量我知道很好的。@那些薄荷 @kaceyguo 两个酒娘姐妹，好久送到。@志远天下行 @杨枫 //@clover鹏鹏: @小酒窝客栈 @羽de觞 @Oliver_6 [嘻嘻]	1
回复@猛刚丝:热烈欢迎！是不是我失散多年的兄弟！ //@猛刚丝:像我一哥们，哪天叫他一起去看你[哈哈] //@演员金钊:我差点也吐了！自己都觉得难看！	1
昨天晚上11点收到客服的电话，确认了我@张艺谋 指导《BMW奥运之悦嘉年华》门票事宜。在此深表感谢！虽有插曲，结局完美。感谢主办方赠票@iClub7七悦网 一如既往支持。今夜的鸟巢一定很美！[爱你]	1
新办公室，明亮宽敞，8错[鼓掌][鼓掌][鼓掌][心][心][心]	1
我要当蜀黍脑残粉//@天涯_小在在: 字太好看了，星星眼 //@春水伊人: 蜀黍~~~~MUA~~~~//@你能不那?????: 字好漂酿[花心] //@盈盈一水间0831: 赵蜀黍的字简直就是印刷体啊！字好的人最内秀了[哈哈]	1
嘿~各位亲爱的小蜜蜂：大家忙碌了一天！是不是都在偷偷算着自己手中赚取的积分呢？[哈哈]再准备个小本子！[江南style]明天继续守在电脑旁吧！还有活动会陆续登场哦！[得意地笑]今晚睡个好觉吧！晚安~[偷乐]	1
加完班，有歌唱，有某位同学赶到国贸拿回的Godiva吃，有@amor27 给每个女生拿来的玫瑰花，我们的七夕很幸福。[爱你]	1
倒计时20分钟开球！顶住那么多意大利球迷的压力，微微的呐喊:西班牙必胜！[鼓掌][鼓掌][鼓掌] 我在#8号苑秘制火锅主题餐厅# http://t.cn/zOehBwG	1
[嘻嘻]我的神评，想必是，独一无二的。 //@茶人张赢天:风飞沙不用买，俺让张姐买10本签名版，送你一本。  //@风飞沙居士:去买本看看 //@侯宁: 乒乓冠军的书评想必高大上！[江南style] //@唐人默客: 阎姐：我们读完要写读后感哦！您也得准备！/@侯宁: 阎大姐辛苦了，亏得您眼神好[嘻嘻]	1
有美食，鲜花，悠扬的背景音乐，美女，好心情的CJW下午茶[可爱][加油]	1
宵夜??到~[亲亲][亲亲]	1
今天是爸妈结婚27周年纪念日……祝两老工作顺利，身体健康，多孙多福~[嘻嘻]	1
//@互联网的那点事: [哈哈]	1
//@有?:[哈哈] 劲搞笑！【王祖蓝模仿腾格尔！ [哈哈]】	1
基本白说，基本做不到[哈哈]	1
现在在参观奥迪博物馆，由于刚才奥迪工厂里面不能带相机，各位媒体老师都攒着劲儿呢，您看这拍的 [嘻嘻] @奥迪汇 #奥迪科技日#	1
希望亲可以住的开心～期待您的光临哦～[可爱]//@到到网: [兔子]哇 亲收到上一期#免费住酒店#活动的房券啦~@长峰假日酒店 行政楼层呢~期待亲入住后来到到网写点评哈~再次恭喜！羡慕的亲要持续关注到到网的给力活动哦~	1
//@奥迪中心深圳新奥:[赞]//@文龙驾车去旅行: [嘻嘻][鼓掌][干杯] //@laoAbro: 完美	1
#内观禅修#@内观禅修Vipassana 课程圆满结束，我被放粗来了哈，大家都好开心[哈哈][可爱]保持觉知。保持平等心。生活中继续修行。。。@?有朋 @童小?的幸福絮语 快来，今天的天空好美啊[心][微风]	1
还是你了解我[亲亲][亲亲][亲亲][亲亲] //@诗懿_默默:哥也不总是坏脾气阿，也有温柔的时候啦！ //@Jasmine陈曦:我觉得我是第三种… //@薛蛮子:转发微博	1
可说的是啊！！ //@景旁庐:这就是音乐节啊，居然还有性手枪 //@朱光宇zhuguangyu: 今天早点睡，明天早点起[哈哈] //@elvita威生活便签-威: 朋克THE Clash也上啊，真是自由资本主义世界啊。呵呵！ //@郭晓松:	1
南极看企鹅。[嘻嘻]	1
很荣幸和@艺术界LEAP 合作拍摄这次的封面专题  //@艺术界LEAP:隆重介绍，本期封面专题摄影师： @柴利增  ，感谢他为我们拍摄了四位艺术家的拉轰大片！[鼓掌]	1
#早安# 我渴望能见你一面，但请你记得，我不会开口要求见你。这不是因为骄傲，你知道我在你面前毫无骄傲可言，而是因为，唯有你也想见我的时候，我们的见面才有意义。――西蒙娜?德?波伏娃 [可爱]	1
呵呵，浪漫的音乐剧，喜欢就太好啦[爱你]	1
@魔术师周舫-火娃幻手 你有同感不？[嘻嘻]	1
匈牙利美食你最爱哪个？[偷笑]大家下次去这家餐厅可得打扮打扮，为拍照的童鞋们服务[亲亲]	1
[嘻嘻]//@芈氏春秋:围观~~揍他揍她~~//@作家陈岚:右边，知道什么是风味么？好像理科生肯定都是些毫无情趣的糙人，绝对不适合恋爱，但总有好这一口的MM把你们收回家去的。[嘻嘻] /@烧伤超人阿宝: 右边傻到什么程度才会相信这种小手工作坊生产的肥皂比现代化大企业好。 //@作家陈岚:来10块。	1
[鼓掌][鼓掌][鼓掌] //@33你个圈圈:[哈哈][威武]//@游走的胖纸: 好消息[哈哈]	1
芝士蛋糕。一天好心情。[哈哈][威武]	1
你没用对食物，我向来觉得螃蟹麻烦，没馋到我，在努把力啊！[打哈欠]//@Phil_Emma-AJF: @杨烁想北京和狐朋狗友 每逢秋季 倍思蟹[哈哈]	1
天黑咯！[可爱]	1
亲爱滴，有点像手表广告，不过脸很美。。@赵薇 [偷笑][鼓掌]	1
[鼓掌] 感谢您选择金陵观园国际酒店！[围观]	1
超美的鞋，走过路过不要错过[哈哈]//@宋云华:[给力]家粉也有好福利	1
必须的！ //@张萌cacy:兄弟姐妹们到时来捧场呀嘻嘻嘻！[亲亲] //@关小悦joy:有活?？ // @李博的水面 ://  @美好家园杂志  :全场最专业Pose 姑娘 她要发新专辑啦大家期待「潘多拉的月光宝盒」  @爱佑华夏王晓丁     @非乐不忆     @PonnyHSU     @easeland汪莎    @智慧的小石头	1
有时会突然觉得，天天发这些小诗，声音挺没劲的。[bed凌乱] 突然看到于丹老师书上的一句话：我一直深深地相信，每一个中国人生命的深处都蛰伏着诗意，也许人的年岁越长越需要这样一种温暖，需要我们生命年华中的浪漫，让我们从现实的纠葛中拥有一种挣脱地心引力的力量。[可爱]	1
长沙是今年夏天中国最热的火炉，据说这里高温天气持续了46天。刚才拿手表测量，三分钟时间，39.1℃。相比之下，广州算是避暑剩地了。[嘻嘻][嘻嘻]	1
自贡仔姜蛙！鲜辣十足！温暖你的整个冬天 [可爱]//@老街兔:兔爷家掌门亲自传授@老街兔 特色招牌盐帮菜#自贡仔姜蛙#！[威武]朋友们快来围观呐~[围观]//@三样菜帮主:呵呵！感受老街兔盐帮菜的火辣与激情！和大家分享美食的快乐！让美味＂食全食美＂！！[嘻嘻]	1
好美的大蓝鸟[嘻嘻] //@哈瑞同学: @Hellen申慧	1
我转一下[鼓掌]支持	1
品牌的力量真是惊人，今天上线一月整，数字足以吓人和骄人。。//@Mars任鑫: [威武][威武][威武] 创业后最常住经济型酒店，以后预订锦江之星更方便了[嘻嘻][嘻嘻][嘻嘻]	1
#早安#他要像一棵树，栽在溪水旁，按时候结果子，叶子也不枯干，凡他所做的尽都顺利。――BY圣经[可爱]	1
与大家相处时日也不短了，[害羞]想想至今没跟大家正式见过面，择日不如撞日！今天，决定爆一张照片大家互相认识下。此图左为多看君，右为阅姐，中间就是我们幽默的微信姐啦。[太开心]以后见面可以打招呼了呢~	1
[可爱] 冰激凌的，吃时没化掉吧。意大利冰激凌，很健康的，放心吃哈[嘻嘻]	1
[哈哈] 经过测试，标题确实有问题~	1
恩，艾艾，我记着，等我电！ //@李艾:回复 @韩火火:有其他朋友陪你冲刺，摩羯座的我淡定的表示，你若累了，倦了，我陪你闲庭信步...//@韩火火:哈哈！周杰伦表示很自豪！谢谢亲艾的：）一起加油！未来等着我们呢，我们一点儿都不能慢！必须快走追着梦！爱你！[爱你]	1
[嘻嘻]//@王方怡的微博: 太壮烈了！ //@乐儿_newbee://@木子-婷儿://@赵路人:支持陆明同学义举！转起来！为了早日送冷气！走起！[哈哈][给力]@爱伶0826 @京华管奎 @青牛蝴蝶剑 @阿蒙2009 @王方怡的微博 @胡毅铭 @京华_小原儿 @京华-平原 @乐儿_newbee @2加2加5 @木子-婷儿 @飘飘香_ @邢邢飞 @桂瑰	1
夸的话让主页君来说嘛[偷笑]被你说完了我就没的说了[嘻嘻]  //@青岛鲁商凯悦酒店：[得意地笑]酒店优越的地理位置，坐落在绵延三公里长的著名自然风景区石老人海滩上。无论是商务旅行还是休闲度假，都为您享受生活提供绝佳的环境哦。	1
@K_紫汐 [哈哈]	1
马上开业的太原店，有点小资情调吧。。[鼓掌][太开心]	1
牡丹花下不死也风流[哈哈]	1
感谢@xuhaiyang00 的支持！幻听蓝牙音响T4，可与玻璃、桌子、等发成共振，在不同的介质可产生不同的音效，是不是很酷，你也想要？快快关注@奥迪邦 更多惊喜等着你~[可爱]	1
[鼓掌][鼓掌][good][赞]	1
我也?一?！除了?高了很多，其他?有?！[哈哈][哈哈][哈哈]	1
[偷笑] //@蔡卓妍:哈哈哈哈..[哈哈]	1
看到这条消息,第一感受就是:时代出版走在了时代的前面!但愿有更多的技术融入出版,让出版焕发出勃勃生机![嘻嘻] //@编辑陈晓峰:科技厅支持数字出版成立工程中心，湖北完全也可以借鉴参考嘛	1
回复@昆哥Q: 那我可转了啊~~【征婚】有意者私信昆哥~~[可爱][偷笑] //@昆哥Q:回复@曙光ruirui:赶紧散播出去，帮哥寻觅起来。	1
疯狂吧！尖叫吧！[哈哈][哈哈][哈哈] @leosctv @老灰_	1
//@199IT-互联网数据中心:再加上一双鸡也养不好土豆也种不好的乌龙之手……//@但斌: //@邱国鹭: 这是个很深刻的段子，在接下来的市场中将再次得到证明[嘻嘻]	1
难道我在大家的心目中，就是这个形象吗[挖鼻屎]//@朱-彦: 欠叔应该上传@树呼吸 //@陈斯Sissi:大晚上的实在没绷住……哈哈哈哈[哈哈][哈哈]	1
//@星座爱情001: 请原谅我不够爱你，因为我还要留点爱自己 [可爱] @美文插画集	1
喜迎中国联通官方旗舰店周年庆，中国联通携手淘宝开展让利大优惠：预存话费送手机最高优惠1100元，存一得三单卡合约全面五折！速度点击tmall.10010.com~~~~[可爱]Iphone5优惠900、三星9300优惠1100[花心][钱].....	1
回复@谁在那世约了你:[哈哈][害羞]//@谁在那世约了你:回复@张帆DORA:[哈哈]感谢新浪吧，生日是他提醒的，蛋糕[蛋糕]也是他提供的//@张帆DORA:[吃惊][吃惊]	1
#Lumia 1020# 原本是来成都参加车展开幕式的！好家伙这一天被4家知名餐厅请来品尝特色美食！吃的我啊！[偷笑] 总结：最好吃的还要属道地的 @水碾河刘老大串串香 27年的味道不是盖的！太好吃了！[鼓掌][赞]	1
[哈哈]真能得瑟！	1
[可爱]我真的是无比荣欣看到您对酒店的赞美。您的满意是对我们莫大的鼓励。祝您天天开心。	1
原来是私人趴，据说lady gaga暖场[吃惊] //@肉肉肉爷:哦哦哦！原来咱们这趟活儿是国际穴啊！[哈哈][哈哈] //@大宋-sTaGe易恒:咱这团队里多了位外国友人[偷笑][偷笑]	1
[爱你][爱你][爱你] //@?沙???康:我?一起搞一套吧哈哈	1
回复@陈树桐说相声的:没问题，有时间我也跟您一块出去玩[嘻嘻][嘻嘻] //@陈树桐说相声的:[哈哈]有机会来这里玩玩吧挺好的。 //@陈树桐说相声的:转发微博	1
谢谢芳芳！这张图片好美好喜欢，谢谢你！[爱你][可爱][心]	1
哈哈... //@MR乐乐就是我:哈哈哈，过了七点半就好了 // @活??人吉卜力 :新闻联播最牛B的地方在于无论你怎么换台都能看完一条新闻//  @山?城市之音洪妞  ：[哈哈]//  @叶色聊人  :我家的电视机也坏了[哈哈]	1
我昨天光?著看收?妹?的眼影?，竟忘了拿面膜，幸好今天取回了。[偷笑][偷笑][哈哈]	1
这书叫我读的都散架了，是我最喜爱的美食书籍之一，之二是下册，没有之三之四之n[哈哈]推荐大家关注@?? //@穷游网: 吃货必备的一本好书~~~~你读过了么？	1
住的是哪家酒店呀？客房里，换酒店的鞋吧。[哈哈]//@海湾国家森林公园: 忽然发现穿凉拖爬山有一个好处，可以直接踩进 小溪里。[太开心]	1
亲也来啦？哈哈，怀念找机会再和我们走一个！[哈哈] //@Ainas杂治:怀念172号绝美sunset Jacuzzi Water Villa????	1
超丰盛的@海底捞火锅 ，[爱你]@摄影师颉颉 @程诗然 @程哥MT @天高云淡路长	1
这就是回家的意义~有碗面等你[爱你]	1
厉害 我看了三遍才看懂 [哈哈]	1
回复@小特务1203:哎呀，你没看过更幸福的，C罗当年加盟皇马的仪式上，他从主席台上下去后就冲着一个熟悉的女记者走过去，然后很自然地拥抱接吻之类的，我更希望我是那个女记者哈[嘻嘻] //@小特务1203:转发此微博:你不希望递水的是你吗？? //@小丽贝尔:无 //@小丽贝尔:转发微博。	1
看看这么有聪明智慧得纪总?送得礼物！！[哈哈]@Cancersmile	1
《Gravity》我是特意挑了IMAX 3D第二排正中看的……幸福的眩晕感~[哈哈]	1
[哈哈][哈哈]//@琪柒七爱东团五只笑颜最高: @茜茜茜是茜嘻嘻 @少年曦兮子且行且停 妈的乐死我了、、、//@女王乃藏花阁老鸨: 这就是大名鼎鼎的汤姆猫！！！[哈哈]//@teriHannn: 救命[哇哈哈][哇哈哈][哇哈哈][哇哈哈][哇哈哈]//@_富生若梦CatchMe_: 这是什么东西啊!!!!![哇哈哈] //	1
[哈哈]//@奇迹之钟傲娇受: 哈哈哈哈哈哈哈//@关爱智障儿童成长: 你认错人了我不是你找的那个。。 ！！//@边走边射:………你伤害了我	1
10：30！碧沙岗公园见[嘻嘻]	1
[哈哈]//@庄雅婷: //@曾焱冰: [哈哈] //@健崔: 。。。	1
你的信心来源于幻觉[嘻嘻][嘻嘻][嘻嘻] //@东方风行夏骄阳:回复@岳?山:再一想到我比岳?山 老师还大好几岁呢。马上就信心十足更加释然了。 //@岳?山:[哈哈][哈哈][哈哈][哈哈][哈哈][哈哈][哈哈][哈哈][哈哈][哈哈][哈哈][哈哈][哈哈][哈哈][哈哈][哈哈]	1
坚持！加油！//@朵朵开素食: 常来，哈哈！ //@怂的载体:回复@黑茶女王:济南新收获[嘻嘻] //@黑茶女王:[爱你][爱你][爱你][爱你]	1
何必牵强那，该戒烟了[哈哈]	1
谢谢，这次没时间了，下次一定[嘻嘻] //@贵阳晚报黔生活:#黔食秀秀#董老师，应该去贵阳大街小巷逛一逛，感受更加地道的黔味，欢迎来贵阳[嘻嘻]	1
#东亚文化之都――泉州# 【南安金淘艺林村油菜花来啦~】看油菜花，不用跑婺源那么远哦[太开心]，南安金淘艺林村就有哦，一起来去看花吧！@福建省旅游局 @V游福建	1
【#超级笑星#倒计时】距离3月6日晚21:30《超级笑星》全国总决赛~只有1天啦！[鼓掌]明晚~亲们就可以享受到最豪华的欢乐大餐，最爆笑的喜剧盛宴！锁定@安徽卫视 一起笑到嗨不停哦！[偷笑]现在转发指定微博~还能赢取Ipad mini呢~详情点击http://t.cn/8Feks1c	1
上班的朋友们,.起床啦!!!!![太开心]	1
上海人民 颤抖吧！我们都回来了！[嘻嘻]	1
耍开心了吧？[哈哈][哈哈] 接着玩。年轻的损色在一起，比什么都快乐。	1
【[推荐]最新潮海南伴手礼：椰子脆片+椰奶酥卷】你听说了吗？李克强总理在海南一家便利店花了19元买了一盒椰子脆片和一盒椰奶酥卷后...#总理套餐#就秒火了！分分钟被抢购一空[哈哈]壮哉我大吃货的节奏！http://t.cn/8sCP0IS	1
你看你看，想学舞蹈的找我哈[哈哈]//@我是常青: @崇崇队长 @ //@精彩语录:终于有人开通“跳舞教学”微博了，强烈推荐关注@8090跳舞学堂	1
今天美国关岛蜜月大奖被杨小姐抽中！！台下一片羡慕之声啊[哈哈]期待明天的夏威夷大奖咯[馋嘴]#皆喜婚礼节#	1
[嘻嘻][握手][微风]//@啸咏林泉:[转发]	1
【网友留言】当你为外国的一些事件发表看法时，他们会说你“自己国家那么多事，没见你关心，却去关心外国，汉奸”；当你为自己国家的一些事大声疾呼时，他们会说你“老是赞M国，诋毁自己国家，中国怎么了，中国很好，你个汉奸”。对于这样的同志，我们要以教育为主，放弃为辅。[哈哈]	1
华丽丽闪瞎眼啊！[爱你]	1
[鼓掌]//@wuxiyingzi:回复@宁静致远_峰:你不要那么激动哎 //@宁静致远_峰:热也热死烈！[汗][汗][汗] //@wuxiyingzi:真露脸！归归！	1
[哈哈][哈哈] @郭燕娃	1
谢谢!欢迎常来哈![鼓掌]	1
早晨五点多啦 窗外黑呼呼 真适合睡大觉 二点多就睡不着起来转了一小圈 黑巴巴 怕碰着色狼 跑回来了[哈哈]	1
Dont let the shadows of yesterday spoil the sunshine of tomorrow.Live for today!别让昨天的阴影挡住明天的阳光，重要的是活在当下！[爱你] 和《超级笑星》一起，乐享每天的欢笑和好心情吧！[阳光] 早安~	1
昨晚竟然说梦话了，还是英语，今早听到@MensaoMale 说起，甚是兴奋啊！记得高中那会，英语老师就和我说过，啥时候你做梦都说英语了，你就喜欢上英语了，水平也基本上去了，难道我现在已经达到传说中的较高英语水平啦？[可爱]	1
好像比我之前发的那个要简单一下，@阿飞飞 继续来做起[哈哈] //@央央央皮:手臂力量要求好高啊。。。  //@周香岑:现在我经常做其中的几个动作。@央央央皮	1
好想法！//@angrybird100: [鼓掌][花心]好美哇！姐姐们，要不要去拍甄?传？@天声一队包旭 @北京小壮壮 @真爱之吻-小普 @PEng_pk	1
谢谢哈哈！//@lei0329:高中同班好同学，加油加油，大家都看看吧！！！[鼓掌][鼓掌][鼓掌] @恒星20038 @北漂mww @晚?huang @mengbb930 @文_筱楠是骆夫人 @婷婷0707	1
搅拌好的猪肉丸不能泻身，就是说肉末须有劲并成一团。如图所示，用拇指与食指之间把肉丸子挤成一个个圆粒。美味的冬菜猪肉丸就做成啦！ 爱吃火锅的友友做起来吧！[馋嘴][嘻嘻][可爱][ok][握手]	1
你看这个[嘻嘻]@小船儿推开波浪alethea	1
[哈哈]//@北京吉版图书: //@过行客: //@雨枫书馆:须叔[威武][心]//@须叔: 哇！为石田衣良《掌心迷路》 写的书评出版了[给力]《迷失掌心――享受生活之外的吉光片羽（图）》作者：须叔 [爱你]@七曜教主_私家侦探 @康慨 @空心乱晃//@熊紫新: 好样的！！[赞]品味盈实//@小编刘颖: @须叔	1
回复@推理世界莫莫酱:你不在推理世界供职啊。。。。 //@推理世界莫莫酱:回复@周飞0:就在底楼怎么破 //@周飞0:妹纸的生活怎么能离得开这三样东西呢，打底裤，超短裙和――镜子……[哈哈] //@真-河狸: 抬头一看，发现是自己在照镜子	1
我们到了[嘻嘻]天气超好[哈哈]@ilovemint @Events成浩 @孤独根号3的快乐生活	1
Marseille[嘻嘻][嘻嘻]	1
杭州楼盘价格大全，这个不错[可爱]http://t.cn/zWZwH0p	1
法律出版社因违法被封？！这个太幽默讽刺了。 //@叶匡政:这是现代文明的笑话！[哈哈] //@黎学文的微博: 简直是流氓！ //@土家野夫: 可见没有法律……呵呵 //@何兵: 情何以堪？ //@法律图书馆:转发微博	1
回复@comfortable:你可以直接到我们学校购买，或者来北京农展馆@北京国际咖啡博览会 C29，CBC的展位上有卖哦！明后两天来还可以围观@CSCW-世界虹吸壶中国赛区 北京赛！[来][嘻嘻] //@comfortable:喜问：欢杯子怎么办？	1
没错，品牌满足渴望！ //@陈大钢:回复@俞文辉:大多数人渴望被认同（所以在乎自己的粉丝数量），渴望被找到（所以热衷于自我标签），品牌恰恰是帮助满足这些渴望的。 //@俞文辉:回复@陈大钢:难得引起陈导思考人生啊[嘻嘻] //@俞文辉:高论，有同感，必须转！	1
真的特别好吃～不信哪天再做给你们吃～[哈哈] //@郑忠阳v:[偷笑]但愿不苦！	1
回复@老箭摄影:[握手] //@老箭摄影://@zivzhang: [照相机]//@宋小渝: 回复@赌石:[鼓掌] //@赌石:蝶恋花。 //@宋小渝:[赞] //@瑞龟吉祥: //@一品九醉: 转发微博 //@zivzhang:[照相机] //@宋小渝: 回复@赌石:[鼓掌] //@赌石:蝶恋花。 //@宋小渝:[赞] //@瑞龟吉祥: //@一品九醉: 转发微博	1
期待亲的到来哦[嘻嘻][嘻嘻]//@小小小女王ss: 好想去[花心]	1
继续有奖竞猜！还是这位小盆友，竟然出现在比赛现场了?猜猜这位年龄最小的选手的年龄，有机会获得骑行服或骑行水壶噢?[哈哈][哈哈][哈哈]	1
#票选最有型STYLE# 可爱小正太[爱你][爱你][爱你]	1
我想知道，最后24位女嘉宾打起来没有？[可爱]	1
淘宝又把我们旗下的酒店推荐了哦！小伙伴可以看一下，我们是第一个，点击就可以预定了哦！还是要告诉大家一下，现在空房不多了，如果想预定就尽早确定吧！[围观][围观]别让心爱的妹子或者偶吧失望哦！[太开心][太开心]淘宝链接http://t.cn/8F0XOxr	1
#吃桃子削不削皮#中部出生的人有时削皮，有时不削皮！[哈哈] http://t.cn/zQMY91D	1
你等的人在厦门等你[爱你] //@v杨过v:回复@容儿5203:美丽的厦门欢迎你[围观] //@容儿5203:厦门欢迎你[鼓掌]	1
一定要拍照留念[太开心] //@一麻一辣:[嘻嘻][嘻嘻]是情侣呀。。。	1
回复@bg7msm:多谢捧场！不好意思，很快会上标识系统了，那时就不会miss了！[嘻嘻][嘻嘻] //@bg7msm:感谢赏脸，多谢老板@糖哥-咖啡大佬老冯 用心经营，感谢@美食达人TATA 推介	1
#R美食控#摄影大赛正在如火如荼地进行中，距我们的截稿日还有8天哟！还木有投稿的童鞋们，赶快将你们的作品发送至:2013wanli@sina.com 吧，普吉岛双人游、佳能7D相机和千元餐饮礼券等你来拿！小编和大家分享几幅参赛选手的作品吧[鼓掌]评委们觉得如何？@董克平 @BTV火旺 @陆地食色 @谭欣ricky @吕岩哲	1
不敢当喔[可爱][可爱]	1
[思考][委屈]//@张檬官方影迷会:【檬动天下】啊[吃惊]浓浓剧透的味道[哈哈][哈哈][哈哈] @天珏珏 大人帮你抓了个坏小孩 抓起来 怎么办好呢你说[偷笑][偷笑][偷笑] #张檬# #陆小凤与花满楼# #阿信# 乖乖拍戏 乖乖记得有空注意休息[爱你][爱你][爱你]	1
//@刚峰看世界: 转@三亚大象 阅[嘻嘻]//@惠州酒店网:回复@唐伟良William:[围观] //@唐伟良William:各位要加油，你职务比他以前还高哩！	1
来吧来吧~身随心动~ //@万玲: 回复 @花间堂官方微博:他一个PPT的美图介绍，让大家身未动，心已远[呵呵]结伴去花间堂吧？[抱抱] //@花间堂官方微博: 点到过来回应一声^_^	1
晚餐给峰哥准备的奶香肉末土豆泥，味道不错，三下五除二峰哥就消灭了，好有成就感啊。[哈哈][哈哈]	1
图一图二款Selma耳朵包打完折只要200刀，绝对是历史新低啊！[鼓掌] http://t.cn/8sKiuJI	1
呵呵 欢迎美女光临[爱你][鼓掌][鼓掌][鼓掌]	1
//@微博搞笑排行榜: 好牛X，果然是大艺术家[哈哈]	1
回复 @李殷斌:是的，太糟糕了，完全没有效率。当然，也不能以偏概全。[嘻嘻] //@李殷斌:线下服务不入线上服务, 是吗?	1
怎么着也得在欧洲找吧？韩国恐怕连小三小四的资格都木有//@月亮毒娃娃: 我就想知道美国的大老婆是谁？？南朝鲜么//@图书策划人红嵋: [哈哈]美国这枚二奶包的……真敞亮～	1
[哈哈]//@张辉forestsong: 对于网易，我一直比较敬重	1
//@北京首都国际机场宾馆:少年PI[哈哈]//@中国酒店官微运营交流联盟: @梁起27 //@ziyixuan0321:少年派的奇幻漂流，哈哈 //@酒店精品杂志: 起飞吧[哈哈]	1
这年头谁怕翻脸啊，不要脸的人都排成长队了，鹏总。[嘻嘻]//@李海鹏: 做媒体的朋友不转发翻脸。	1
感谢亲对酒店一直的支持和厚爱。为了满足不同客人的就餐口味，将中西餐的食材进行组搭，既丰盛又满足了营养的需求，希望您能喜欢哦！亲的图片拍的好棒哦，希望您能在酒店度过一个愉快的假期！[太开心][爱你]	1
这几张照片说明一个道理，吹葫芦是有前途的。[哈哈]	1
回复@塑料树黄勇:啊呀，忘了???忘了！[酷] //@塑料树黄勇:没戴墨镜？ //@歌手含笑:[哈哈]  //@小德文玩-顽主:到位	1
/[嘻嘻][嘻嘻][嘻嘻]	1
//@微博经典语录: [哈哈][哈哈][哈哈]	1
这个比@新浪吉林旅游 转的专业~[哈哈] //@auv张君雅小妹妹:存~太详细了！	1
[哈哈]//@财经女记者部落: 男混子、女汉子、男骗子、男土豪[嘻嘻]	1
支持！为了我的新疆朋友们//@曾_捷: [good]亚克西！ //@闫名柔要减肥:[鼓掌][鼓掌][鼓掌] //@m小?达:正能量 //@无余家:[good][good][good] //@胡吃海喝的小胖妞:正能量，这个必须转[good][good][good][good]，那些么脑子，以偏概全的人，麻烦睁大眼看看，不要说话不过脑子[奥特曼][奥特曼][奥特曼]	1
回复@肖向荣:yes sir //@肖向荣:回复@常静:三月或四月?我留一??三下午，??孩子?做??座[哈哈] //@肖向荣:?道是?千的法?[哈哈][哈哈][哈哈] //@常静:我昨天夜里发的都塞在车外了阿，您这个怎么在车里呢？！让我们怎么能不往邪恶处想尼[懒得理你]	1
在上海的最后一晚，竟然破天荒的刮发票中奖，是未来好兆头么[哈哈][嘻嘻]	1
亚航传奇故事，实现每个人都能飞的梦！[爱你]@tonyfernandes //@魅力雪兰莪: 回复@自由主妇:感谢你们踏上#亚航-魅力雪兰莪#传奇之旅！@亚航之家 //@自由主妇:这是一个传奇的航空公司[可爱]	1
回复@央吉择一:看起来天气确定很凉爽，还很写意的感觉。。比上张好看一百倍。。[偷笑]@后海-时光 //@央吉择一:回复@天堂尘爱:肯定的，外加我的技术和手机还都不错[哈哈][哈哈]	1
明天活?的制服 [哈哈] 我在:http://t.cn/zlix3jG	1
[馋嘴][馋嘴][馋嘴][馋嘴]//@法国人朱力安:每次带中国朋友在巴黎各种吃，这是最受欢迎的一顿…今晚我在，可以跟感兴趣的朋友讲讲这个源自北非的文化…[来][太开心]	1
欢迎！[鼓掌] //@刘伟民2011: @果粒橙 _cyx 欢迎「鼓掌? // @奥迪汇 :  @奥迪英杰汇   大家庭又有新成员了！  #翟默#  ，多次自驾帆船访问南太平洋诸岛国，进行文化、艺术考察，并举办个人画展，被誉为“单人无动力帆船环球航海中国第一人”。  #Audi Q5五岳之旅#  西岳华山的旅程中也有他的身影！	1
欢迎你[爱你]	1
只有你最美。[爱你] 我在:http://t.cn/zRSkEa5	1
回复@冉朵朵巴黎:[可爱][挤眼][亲亲] //@冉朵朵巴黎:唱得太好啦！[威武][给力][亲亲][耶][鼓掌][鼓掌][鼓掌][鼓掌][鼓掌][鼓掌][鼓掌][鼓掌][鼓掌][鼓掌][鼓掌]	1
[哈哈]买年票，必须的~	1
有朋自远方来，不亦乐乎！周末来个好朋友，应该带她去哪儿玩儿呢？！亲们帮忙支个招儿吧，先谢啦！[亲亲]	1
大美妞#泰勒#穿Wildfox卫衣配nike短裤运动范儿出街~这是为了迎合马年才选择白马图案的吗？[爱你]【私享穿衣顾问微信：FashionTalent33 】	1
守护爱琴海――雅典：  三面徒壁，一面斜坡的山岳上，是雅典卫城帕尔特侬神庙，普罗皮莱大门和雅典胜利神庙……在仅存15根残柱的奥林匹亚宙斯神庙眺望爱琴海，如同依偎在一名雅典勇士的胸膛。心随风动。。。随时间流逝，愿化做一支爱奥尼女神柱，生生世世守护爱琴海。XQ[鼓掌]	1
精致美食 At 北京昆仑饭店#顶峰俱乐部# 出品 感谢照片@刘小懒 [嘻嘻]	1
明天08：35 CCTV1，我们再相见[可爱][可爱]	1
[哈哈]//@三宅一生咖啡:# 让队员养成对结果负责的习惯# 这话喜欢	1
外焦里嫩，口感完全不同，@枪炮玫瑰-小靴哥 [嘻嘻][哈哈]有入口即化的感觉吗//@爱上昌平: 还要等三周啊，臣妾等不及了啦[可怜][可怜][可怜]	1
赞[嘻嘻]	1
[哈哈] //@发布哥:[哈哈]//@心已围城:[哈哈] //@娜娜_xinyu:[哈哈]//@马少帅: [哈哈]//@来去之间: 幸好劳资今天发红包，不然都跑光了~~百度不发，现在你家地图还是闪退呢@岳国峰 //@周俊_微博: 幸好都还在。。。	1
[good]//@王小柔: 独立书店，需要有人用心坚守。[鼓掌]	1
太给力了！[哈哈][哈哈][哈哈] //@唐心宏: 成精了，它会自己擦pp么？ //@梓璇ely: //@猫女仆宠物饰品定制: 求??@喵咪晶晶 @杰克就是杰克 @@极品老泡	1
唯一不同的就是从来不羡慕对方 而是祝福对方~~~[心]有很赞的盆友 幸福[太开心]	1
[鼓掌] //@王超irwin:摘录到《吃什么很重要》 http://t.cn/zYDz56F	1
觉得时间好少，事情好多[泪][泪]@追着耗子的猫 连静下来看会儿书的时间都要用挤的[生病]不过好在还有你们的陪伴与支持[爱你][爱你]@追着耗子的猫 @飞的三色堇 @洪姐姐的围脖 @Essie_McGregor @兔小严 @cindy-di @You-Niki小昊子 加油[奥特曼]	1
[哈哈]别计算，一切都是浮云[浮云] //@赤兔儿:恩。。缘份天注定。。。 // @YANKEE2010 :  @正音声   //  @手机圈  :归根结底:云计算！	1
海底捞你真学不会[哈哈]//@袁伟-: 在海底捞，跟同事边吃边聊，同事说公司这个月销售不行啊，我说是啊，吃不下饭了都，没想到被旁边的服务员听到了，过了一会儿过来跟我说：哥，我们行政部让我通知您让你明做个报价过来，我们店要组织员工旅游[偷笑]	1
四爷很忙啊[嘻嘻]	1
哈哈，这个应该当事人出面澄清一下哈。 //@clickstone:惊闻本书的某位作者写着写着就加入了豆瓣，难道是去卧底啦？！[哈哈] //@clickstone: 这本书写完了豆瓣要杯具啊。。。技术门槛被大幅度拉低了！@wentrue	1
回复@山色空蒙羽亦琦:哈哈，这个叫法与河鱼类同 //@山色空蒙羽亦琦:是叫幽灵午休吗？ //@孙伟业_京华:以前车友出去玩，抬过最轻的车是云雀[哈哈] //@昙花非落: 哈哈，四大汉能抬起奥拓，能抬起奥迪吗	1
回复@模特张一彤:我倒是希望厂商能给你换一套衣服，我拍出来的都是一个颜色。。。[泪] //@模特张一彤:还不知道。。到那造型师弄。。不过说还是清新点为主[睡觉]那天那个不做了。。 //@K哥爱美食:不胖啊，估计是镜头变焦太大的原因，哈哈，你今天有什么新变化么？[嘻嘻]~~	1
芝士大餐[嘻嘻][嘻嘻][馋嘴][馋嘴]	1
[嘻嘻] //@杜蕾斯官方微博:七个白雪公主和一个小矮人，太需要更多保护了！	1
?一局，我也期待！ //@winnienelson:是我非常期待的?心?局[鼓掌][鼓掌][鼓掌][给力]//@Isaac的?局?味:是的,我??包?晚???行?局,品??道水?的海??和??薄?!	1
@养熊猫的李桑 ?我想起了@压路机小提琴 骚扰@奔放的小土豆s 的情景?[哈哈][哈哈]	1
[嘻嘻]形象拟人//@贺若惠儿:自黑高手[笑哈哈]//@宅宋喵:神COS 23333//@帝企鹅不是鹅: 2333333飞飞别闹//@水墨江湖-手作人生: ……这么冷的笑点我居然笑了，给自己点个蜡//@-丫丫不是YY-: [偷笑][偷笑][偷笑] //@???波:哈哈哈哈哈哈哈	1
我刚更新了#微盘iOS客户端#2.3.7版，微博用户现在可以一键登录微盘，切换账号更方便，微博控们速速来升级吧！[鼓掌] 更新地址：http://t.cn/S6bv0V[蛋糕]#微盘2岁啦#活动正在火热进行中，万元好礼等你来拿 http://t.cn/zjMEy9F	1
看谁的小熊最可爱[嘻嘻]	1
道理牧羊人。半夜两点被我抽风的妹妹@薄哈妮 talkbox放葫芦娃弄醒后又被这个刺激睡不着了 [泪][抓狂]  //@M_M米儿:你这个羊腿在哪烤的 我回去尝尝 我家楼下有家 但是脏乱差 我要发展新的[哈哈]	1
马刚杀完鸡，舒坦。。。俺的脚成香足啦～～[偷笑] @喜琳 你杀得如何？薄荷真8赖哈～～[哈哈] @宿务太平洋航空 http://t.cn/zOZqtLJ	1
麦丽素救活了多少古装剧里那些即将死去的人们。。。[哈哈]	1
#旅行攻略# 给假期打算去青城山旅游的朋友！补充#青城后山徒步路线#：从泰安古镇沿着右路上山，走飞泉沟，到翠映湖，不去登顶，向左走，到又一村下行，走龙隐峡栈道，五龙沟，这样，青城后山的美景基本上都囊括了。上去4公里，下来6公里，还不错哦！[抱抱]	1
你家香辣蟹中午能半价吗[花心]//@戴晨达: 5折了@胃怀天下 @Daniel风的来世 @K哥爱美食 @璇宝宝Elaine @?猫 谢谢哦[可爱][可爱][可爱]	1
谢谢哈~话说这封面的作者，是你的老熟人，猜一猜吧[哈哈] //@曼竹鱼:恭喜恭喜！[鼓掌]厦门的朋友们@DJ梁晓文 @厌旧 @鼓浪屿糖猫 @周21cbh斌 也要支持起来哦！	1
现在正好，晚了就等下一年了~[可爱] //@Sugar芒果小奶昔:身为湖北媳妇得要走一趟。大约什么时间银杏最好？@我是宁俊 @小熊猫爱吃鱼 @我本暂离 @koolcc @PollyLulu @Rickyruan @泡鱼儿	1
哈哈，这么晚了还发美食分享，感谢感谢，欢迎常来小店坐坐！[嘻嘻]	1
明显是文艺范儿的性情中人嘛[哈哈]	1
我承认我们已经不年轻了[哈哈][酷]@Angela_miss @caticer	1
大家好，最近我参加了一次尖端科学实验，在土耳其，我和几个实验者一同证明了冷冻再解冻复活的可行性，人类或将跑步进入长寿时代。[鼓掌]	1
远在阿斯塔纳，和哈国的友人们分享了这份喜悦！[话筒][太开心] 宝贝加油！[耶][赞]//@中国梦之声_阿来:就是一次很舒适的聊天，很自然！天山网的网友们，十一长假祝大家都能有，最快乐，美满，充实，幸福的假期！@杰尼妈妈JanarSlanbek @艾斯卡尔灰狼 @CCTVcom哈萨克语台 @哈宝530 @虎鱼哈萨克语	1
回复@?孑:极为同意，综合实力才是强大根基。 //@?孑:转发此微博:我认为百强旅游景区的销售量是表象，实质是旅游资源，景区管理体制和服务质量综合比较。[嘻嘻]	1
蜡烛做的灯泡、梨子都出动了……谨以此敬仰献给那些为了科学实验献身的灯泡蜡烛梨子们！//@艾米张三月儿: 笑喷了[哈哈] //@赵子琪: [哈哈][哈哈][哈哈]我是流着眼泪看完的。。。一定要看看，对人生很重要！ //@曾焱冰:好想试试哈哈哈 //@ellabee:笑死[哈哈]	1
好的，喝起来吧，，[鼓掌][鼓掌][鼓掌][鼓掌][干杯]	1
中午吃了苏稽镇最有名的一家跳脚牛肉，都是重口味，不过肝脏神马都干干净净，味道辣中带香，牛骨髓最喜欢，@i角角 ，我和@karen老邱 @口味重-_-老江 替你吃了好多，你好好在HK喔。[嘻嘻]	1
中午与#汤镇业# 在南海渔村进行明星饭堂的采访，与这位新晋皇帝专业，为大家带来无数难忘角色的大哥品尝粤式小菜。晚上继续岭南盛宴与新书发布会，今天是值得开心的一天。[哈哈][馋嘴][馋嘴]	1
今年这天太特么的反常了，我都过乱套了，不知道春夏秋冬了，来碗小面几个虾饺当午餐吧，天儿一不好，人心情也跟着不好，不知道吃饱了管用不，好歹不出门，待会就是拍菜，拍菜听心经，心乱的时候听听，就平静了，另外菜拍完全进我肚子！[偷笑][爱你]你们都吃什么呢	1
[鼓掌]明年预定183枚樱桃	1
Same as @李秋千 ，我还是不行，没有暂住证，没有社保证明，我想我是来旅游的.... //@贱栗宝Sandra: @爱唱歌的小火柴 @李秋千 异地可以办理入台证了…[晕] //@这个绝对有意思:[太开心]这个可以有！	1
每逢佳节倍思亲啊！[哈哈]//@爽米豆mm: 还有一堆自称哀家的。太后不一定是寡妇，哀家那绝对是寡妇啊！//@老佛爷_J: 亲，皇上升到太上皇，母后大人自然就是太后，不是所有太后都是寡妇//@齐大福: 我勒个去，没想到啊！这帮人，成天太后太后的叫着，直接就让我未嫁先丧夫了[衰]难怪了	1
[抱抱] //@我们爱讲冷笑话:	1
[嘻嘻]//@中国户外网: [哈哈]贝爷真性情哪！	1
第一次见，真心分辨不出是谁是谁，更别提真假了[嘻嘻]	1
期待与大家一同度过今晚这个美妙的音乐之夜[哈哈]//@Betty_China2001: 准备就绪。。。 //@Betty_China2001:Another Show tonight !	1
[可爱]//@围脖经典语录: [心]	1
绝对是秘籍!//@最销魂的电影:下次英语测试来试试。[哈哈] [哈哈]	1
额娘好想她呀！！美子~~[哈哈][赞]	1
吃着早餐、看着蛮子大叔翘着腿发微博[嘻嘻][嘻嘻]@薛蛮子 我在#上海龙之梦丽晶大酒店# http://t.cn/zOgSROS	1
[哈哈]//@张向东:有个胆小鬼路过墓地，忽然听到叮叮当当响，吓了一跳。过去一看一个人在凿墓碑的字。问：大半夜您干什么？我还以为见鬼了。那人说：都怪我孙子，把我名字都给写错了。//@来去之间: #睡一张床的兄弟#[给力] /	1
开心时刻，与你同行！[爱你][爱你][爱你]	1
父亲从来没有在我哭的时候抱过我 //@谢黄堡:有啊，就在身边。自己的父亲[鼓掌] //@第一房产美佳: 需要这种爱。  //@经典心理学:希望有这样一个人~~~~ @几米童话集	1
@贾巍Kelly  //@舒心舒畅:这个太方便啦...[哈哈][爱心传递] //@人傻傻福多多:[good]//@古月清风的微博://@全球经典音乐:去台湾的游客们注意啦~	1
这真的是一个人吗？这么看，我要扎个小辫儿，也能挺美[哈哈]	1
看来#易舍餐厅#的百合酱肉包又再次迷倒众生啊[嘻嘻]	1
很明?，??爹?我的那?可?[嘻嘻]	1
[哈哈] //@KFCC：欢乐极了！	1
哇，美女拍的照片好棒哦！[爱你]谢谢亲对酒店的喜爱，希望亲喜欢酒店的静谧舒适[礼物]在这儿度过一个美好难忘的假期咯！[给力]	1
尝了味道，外皮香脆，内心松软香甜，有嚼劲。混着葡萄干和蔓越梅干的每一口都完全超越＂面包新语＂之类。以后终于可以吃上＂vivien 工坊＂的主厨面包了！[哈哈][帅]	1
[害羞][呵呵][嘻嘻][哈哈]//@刘金文ChristopherLau: 很神气的	1
回复@永不停歇的牛牛:[晕][晕][晕][晕][晕][晕][晕][晕][晕][晕][晕]补那么大干嘛？那只是蛋呀？不是JJ //@永不停歇的牛牛:[嘻嘻]吃蛋补蛋 //@马剑是谁:回复@永不停歇的牛牛:没有，还没买到[衰]  //@永不停歇的牛牛:没有羊蛋蛋啊  //@马剑是谁:回复@美食重庆人:靠，没有。[衰][衰][衰]	1
//@秋之落叶and冬之雪:漂亮的姑娘//@图书策划人红嵋: 介闺女真俊呐！//@老败: 天赋啊！//@慕古chen钟:妹纸好棒，哦耶//@浓甜亲: [嘻嘻]太棒了，起来看得太值了。叶诗文好样的！！！！！！	1
回复@奇妙安静:哈哈，可怜兮，你饿着没关系，别饿着语潼妹！@奇妙安静 [晕][爱你] //@奇妙安静:好饿，想吃！肚子饿了什么都能接受！	1
对于巧克力的爱早已无需言语，你们懂的！！[爱你]	1
刚睡醒，起来一看电脑。国安赢了！嘻哈的918专场很成功！真的很高兴！[鼓掌] 哈哈  真想出去喝点去！可是……明天还有课，唉~~还是老老实实的呆在宿舍吧！	1
忙得没时间分享最近享受的美食，手机了存了太多的照片，午饭前偷个闲回忆一下，姐姐哪天见面呐，还有东西要给你呢[可爱] @菁制美食	1
#电影在一起#电影中@柯震?Kai为了讨@angelababy的欢心那可是每天亲自下厨制作爱心便当呀，今天现场东东就来了个亲身示范，献上了一道充满爱心又美味的咖喱饭饭！东东手法熟练，还坏心眼[偷笑]的把全部咖喱都放进去了呢[可爱]!!	1
你真的进步很大[good]。做娘的为了娃都沦陷了[鼓掌]	1
#带着微博去旅行#沼津港海鲜大餐走起，这地方是东京人周末吃海鲜的地方，海鲜馆子一条街，还有个类似筑地市场的批发市场，都是刚打上来的鱼虾，直接刺身了，那条金钼鱼的做法很中国，再加点醋就是糖醋鱼了[嘻嘻]。 我在:http://t.cn/z8xL9xR	1
#小西驾到#作为一个胖纸，多希望有天突然就这样瘦了。。。[哈哈]	1
红色的小熊[爱你]	1
5d2有调跑焦功能。不行就找适马上海代理。跑焦大王。 //@50定焦摄影师-裤衩君:最后一张对焦距离我根本想都不用想。试了2,3张，统统跑焦。s50+5d2伤不起啊~[泪]  我们都出完了，期待下@样样都追不上的涛声依旧 的作品[嘻嘻]	1
回复@狐狸猫amei:超可耐[爱你] //@狐狸猫amei:这不是我吗[偷笑]	1
中文语义分析伤不起啊[哈哈]//@创意工坊:siri伤不起呀	1
#昆航动态#2010年11月6日，在昆明市创业投资引导基金推介暨颁奖晚宴上，昆明航空有限公司董事长王清民（图中左五）从昆明市委常委、副市长刘光溪手上接过#2010泛亚地区最具投资潜质十强企业#证书和奖杯。[鼓掌] 昆明航空成为500多家报名企业中唯一一家获奖的航空企业。[礼花] http://sinaurl.cn/h4QFmF	1
放心下次去告诉我，怎么也得意思意思[哈哈]	1
花粉们，可以试一下哦~[嘻嘻]	1
半夜三更夸环球时报，这是怎样一种境界啊。 //@Maiestas:@窗窗的热奶茶  air marshal 爱环球时报 //@罗永浩可爱多:[哈哈]	1
这串粉珊瑚的链子跟你真是绝配！[太开心]替你高兴	1
1937年，一个叫斯诺的美国小伙出版了《红星照耀中国》，70多年后，一个叫斯诺登的美国小伙曝光了《棱镜下的美国》，叫斯诺的都是中国的贵人鸟么？[哈哈] #斯诺登#	1
[爱你]谢谢您的理解与支持，我们一定加油做得更好	1
#高级定制#  vca定制系列 ...黑玛瑙10花项链+5花手链+单花耳钉+单花单钻戒指...[爱你][爱你]童鞋们有木想凑齐一套的哦[哈哈][哈哈][哈哈]想的话就先预定哦...也可预定其它材质的...[酷][酷][太开心][太开心][太开心]	1
英雄，就是这样炼成的。[鼓掌]	1
回复@小元三之助:美版我还真没看过！maroon5要来了！神马时候我的火星哥能来开唱ya[爱你]//@lydia_鹅:就是，我就喜欢小嗓子	1
通少爷的新发型[偷笑]，眼睛也开始消肿了[鼓掌]，这下满足你们要求了，观后感观后感哦[哈哈]	1
这么凉快的周末真应该散步逛街，或户外吃饭。[嘻嘻]大家有这样的感觉吗？	1
回复@牛奶小姐vera:[可爱]谢谢 //@牛奶小姐vera:回复 @凌一凡:所以啊，何必纠结，看清真相就好，日子还要继续，开心点！[太开心] //@凌一凡:回复@春天的大西瓜:你说对啦。我很受伤！ //@春天的大西瓜:说到底还不是因为你自己在乎 往心里去了么 //@凌一凡:回复@彭钰涵XCAR:谢谢啦~	1
好想去读书//@刘旗辉:[鼓掌]真是难以置信//@Miss胥胥: 哈利波特的魔法学院~[哈哈] //@?剑?啦啦啦:[鼓掌][花心]	1
[哈哈][哈哈]笑死我了，我现在还在蜗牛后面	1
[鼓掌] //@身-尘心空:传统文化亡，人性也许会因此亡，[疑问]人像-----肉身！[疑问]这些年，中国出现了多少贪官----？出现几个雷锋，出现的雷锋有几是官员。。。。？传统文化亡了，变成动物世界，并且，口是心非，人面兽心！ //@江南樵夫56: 此乃痛心疾首之言！！！ [蜡烛][泪][泪][蜡烛]	1
政法大学的小咖啡馆，喝喝茶看看书上上网，旁边一对对的聊天内容都好好玩[哈哈]#如果我哪天消失了你会疯了一样找我吗##十年后我们再在这见面吧##同学们果真是各种清新天真无邪啊# 我在这里:http://t.cn/zj5vk4P	1
哈哈哈哈，这二货叫巧克力[亲亲]	1
回复 @世鳌刘天飚:打球加偶，球技一般但绝对骨灰级钢丝[嘻嘻] //@世鳌刘天飚:回复 @联播天下-董智举:董大哥何时也来夏威夷，还要一起打球呢！	1
主人们～一定要【关注】+【转发】+【@ 5名好友】才能获得以上优惠哟！！不去漫展的小伙伴记得?要加微信【wu-gen-li】，并戳一下，才能获得本店美食88折优惠[馋嘴][馋嘴][爱你]@屋根里汤经理桑	1
[爱你]//@热烈的拥戴: 晚安[可爱]	1
帮转一下，帅哥们来解救她吧[鼓掌]  //@kitty_熊小姐:回复 @山民主义7seeds:不要造谣啊 //@山民主义7seeds:不都嫁人了么	1
重金之下，必有勇夫~ [嘻嘻]	1
[呵呵] //@厨缘觅友:[good][good][good][赞][赞][赞][鼓掌][鼓掌][鼓掌] //@顾明-厨二代:O(∩_∩)O哈哈~，客气了兄弟，有时间到我的沙龙来做客 //@阿誉菜品设计总监:原来是一家！师兄好！[握手] //@顾明-厨二代:[呵呵] //@庵埠涛大厨:国际厨皇会[花心]	1
so cool！[嘻嘻]	1
谢谢帮俺做广告[哈哈]	1
Merry Christmas[鼓掌]	1
有沟必火[哈哈][哈哈][哈哈][哈哈][爱你][爱你][爱你]//@沫小豆攒人品跟雅思分手:回复@茉莉仙草:这张拍完我顺着小推车就冲出去了。。。。。 //@茉莉仙草:好可爱哦...	1
好我来拜神//@包包_澜：我速速关注了~~神爷[威武] @神神999 //@Desmond张：神爷惊现真身啊~大家快来关注啊~//@神神999：都是@Desmond张 和@Ss_C 惹的祸[嘻嘻]	1
双子和处女就该死啊！！！//@下雨的天堂313:[鼓掌]// @丁丁张 : 有人问我为什么没有双子和处女啊？嗯。。。在末日前，他们已经被其他恨他们的星座干掉了。啪啪~	1
忙碌的一天开始了，也是2012的最后一天 ，把所有的不愉快都留下，带着好运迎接新年........[哈哈] 我在:http://t.cn/zjHXguk	1
这个只有戴在袖子上才牛逼 //@创意工坊:[哈哈]	1
恭喜啊！就凭 @滕爱华 @苗倩Levin 两位美女献身跳热舞，也必须第一，BTW：话说短片里我也出镜了呢[偷笑] //@滕爱华:[哈哈] 第一！ //@子语zoe:[鼓掌]	1
@为嘛那么多人叫叮当 ，看了你烤的布朗尼，我想起一篇古文，＂　明有奇巧人曰王叔远，能以径寸之木。。。＂想着今儿这天儿，焚香、抚琴、念诗、喝茶，是件多美好的事啊！我越来越不懂自己了，怎么联想的呢[哈哈]	1
[哈哈]//@作者陈肯: [哈哈]//@姜小白3: [哈哈]//@职业围观业余清醒专业糊涂: 金德纲[哈哈] //@宁财神:[哈哈][哈哈][哈哈][哈哈][哈哈][哈哈][哈哈]	1
#美食推精品专辑#回想一下已经好久没有见到太阳公公的笑脸了，雾霾当前，护肺保健最重要，快来跟小编一起学习一下，哪些食物可以抗击雾霾吧。http://t.cn/8FbDyXf[抱抱]	1
每天都加班 一天工作十小时不完 还有要带回家做的 但我似乎做的瞒开心的[嘻嘻]每天无数个会导致我QQ都不怎么用更没时间淘宝了  生活无趣但体会到了工作的快乐  [哈哈]	1
@布波麦杆 童鞋上海附近三天左右有哪里好玩的？如果有短途出去玩的计划也可以@我是_老李 ，李童鞋也爱玩并会玩[哈哈]	1
@赵伟宁 祝和我同月同日生日的你happy birthday!~虽然很少见面及交流，但谢谢你每次关键时刻都肯帮我~来年彼此都要进步多多赚钱多多哈哈哈~[嘻嘻][蛋糕][偷乐]	1
太欢乐了 //@E-magazine: [哈哈][哈哈][哈哈]	1
[鼓掌][鼓掌][鼓掌]@无穷小姐_1891 @旺崽小?? @一点玲犀 @Limilai 太赞啦~	1
陪看，有三陪嫌疑，[哈哈]	1
中就麻木了 换成美笑瘫了 //@从我眼里看世界: //@丁治业: //@胡撸的娃: //@江南梅: [哈哈] //@青水坞: //@徐则臣: 挪个地方，荒诞就出来了 //@何美婧: [耶] //@李洱: 这个美国新闻联播，真是一绝！ //@老格: //@贺老憨: 转发微博	1
三罚三中！杰克逊，你是加勒比海盗附体！[鼓掌]	1
[哈哈]那就卖了吧，再来我们这儿买辆房车，就有房有车了，再加上这个营位，生活条件绝对是很好滴[哈哈]//@没有船票的妞: 看得我想把房子卖了[哈哈][哈哈]	1
[哈哈]提出要求让老公保持旺盛动力吧！ //@梁珊SuSan:动力源都差不多。	1
小样吧！！[哈哈][哈哈][哈哈][哈哈]	1
[鼓掌] //@澳洲乌鲁鲁中文旅游:骑骆驼是欣赏全方位欣赏乌鲁鲁的最佳途径之一！欢迎@夏雨 @袁泉 //@澳大利亚旅游局:红土中心配上夕阳暮色，色彩上更显绚烂极致。骑着骆驼缓缓行于其中，用心感受这片土地的神秘和精彩。	1
我坚决支持复兴，反对SOHO[嘻嘻][嘻嘻][嘻嘻][给力] 有关外滩项目的争斗不断升级！	1
和男神过招的既视感。[太开心][太开心][太开心]@凌乱姐	1
[哈哈]//@太空闪光: 南方的同胞联合起来，提案：我要暖气！起床靠毅力，洗澡靠勇气的转！	1
气质美女尹峰！听您说话似乎有湖南口音？不敢确认。但如果我年轻二十岁，可能会加盟您的公司。知性美的老板，工作环境和氛围应该不错，[嘻嘻]赞一个！	1
这伞倒更衬托出了首相童鞋的绅士风度，国母则依旧那么优雅淡定，喜欢这样的画面[嘻嘻]//@金歌UK:要是卡梅伦为昂山素季撑一把细花儿阳伞，岂不更诗意，哈哈 //@英国驻重庆总领事馆:绵绵雨丝一牵长，庭中草木略芬芳，近旁绅士撑破伞，婷婷一人立在旁。忽略左边打油诗不计，来猜猜她是谁？	1
很多朋友以为这是一家烘焙店，但事实上大家可能会很失望的哦！[偷笑] 确切的来说这是我的一个私人实验室，涉及各种烘焙和法式西点的研究制作，但是不会在店销售的，哈哈！[挤眼] 当然，我觉得粉丝们最感兴趣的“烘焙教室”是一定会有的啦，拭目以待哦！[哈哈]	1
很洋气。收藏喇… //@演员王蔚:一凡游泳的地方用的就是这款洗头帽 我淘宝上查了一下 品牌：袋鼠宝宝 价格：20元 //@Crystal---Zhao:[哈哈][哈哈]@演员王蔚 @Maybe0532 @制片人胡楠 给咱家宝宝这样洗头	1
[哈哈] [跳舞花] [风] 十一假期回来的第一个星期一！大家有没有从工作中恢复回来啊！加油啊！假期综合症恢复中！！[礼花] ！	1
【来岘港做百万富翁】1人民币≈3000；1美元≈20000越南盾。来岘港人人都做百万富翁！[嘻嘻][哈哈][太开心][鼓掌]	1
[哈哈][耶]//@法边余墨:精品以前只卖一元，超值！那个年代的办公室文化就是午饭后围在一起看精品和北青，还有扫雷！	1
#CNNGo# TGIF! 感谢苍天终于周五啦！[太开心] 中国人出国订酒店，哪些国家的酒店最贵？一项根据Hotels.com发布的2011年度酒店价格指数表明，以下10个目的地的酒店中国人去订死贵！它们分别是 1英国；2瑞士；3印尼；4法国；5意大利；6新加坡；7斐济；8丹麦；9荷兰；10俄罗斯 http://t.cn/zOM9joE	1
#带着家人去御庭#追蝴蝶，采桂花，小伙伴们都开心极啦[鼓掌][鼓掌]这里没有拥堵的人群，这里只有悠闲的心情，这里没有吵杂的声音，这里可以聆听自己的声音！苏州李公堤御庭，小伙伴们等你来喔@我爱苏州@map杂志苏州版@苏州李公堤	1
大哥，请我们吃冰棍吧…[嘻嘻]@败家de小妞子 @凉筱? @大棉脑二棉裤	1
@盘龙崔捷 这算摊上大事了吗[偷笑][偷笑]//@追星老妈:怕是暗恋[偷笑]//@小小喔: 小奴[疑问][疑问][疑问]你卖身我们方妹妹了[书呆子][书呆子][书呆子]//@方澜静的??奴灬:[抓狂] //@羊子手稿:握爪小小渥[嘻嘻][太?心][?你][握手] //@小小喔:这个太支持了[哈哈] //@羊子手稿:想看小奴倒起走[哈哈]	1
我又中了[嘻嘻]幸运奖:@BULABULa_CY@青木和龙一@白日梦也是梦@李仪同学@温柔的虾米616@ZYQ-Taurus@Angela丶晨呆呆@hello蘑菇@其鹤@在别处的完美生活@婷婷爱维尼@鹿茶茶@真的王小贱@吃货走江湖@我就是何云飞@薇乐Lohas@杨?先生_@瓶子?邪咪@前?的小骨?@?一不二 稍后发私信给你们哦！	1
最喜欢嘉里滴泳池！[亲亲]	1
前晚大董在玉渊潭开张新店，首次进驻京西[威武][威武][威武]没做大规模庆典活动，开业当天就已客满，估计又会羡煞很多同行[偷笑]喜欢新店的灯饰，美轮美奂。漂流木雕也大气脱俗[爱你]@大董大懂 @红与黑经典之美	1
//@长城艺术: [good] //@松荫品茗:风情万种买春酒[鼓掌] //@凤凰涅?1969:转发微博	1
隆重出场啊！[哈哈] //@霍雪岭:@梅华周 @快乐鸿宇2011 @劲松侯老师 @胡滨微博 @韩姐教你下厨房 @陈倩冰 @德才兼废的牧民 @冯雪cindy @马姐的马姐 @琴颐 @派奢的围脖 @勤劳的工作狂 @食全食美老倪 @西贝白丽 @夏柠儿 @现代可汗 @闫先生one @中移刘洋	1
请市场部联系加V吧 //@中国经济型连锁酒店://@锦江之星北京国际展览中心店: //@锦江北京西直门刘娜: @锦江之星北方分公司 [鼓掌]厉害。。。	1
楚小姐：?自己的信。很相信能成就大?…… //@何?楚:已?忘?了自己那篇《?十年後的我》?了什?！忍著不去??找?寄? @王击凡  的稿子, 期待收到 Rice#11期?, 重?自己的白?黑字。[抱抱]	1
如此可奈滴小带里猜猜装的是啥？[偷笑]   @热雪80厚  这个小kitty太有嫦娥风了。。[哈哈]	1
叫板批萨在自然大学的垃圾减量分享记录新鲜出炉了！[太开心] http://t.cn/zTq44S0	1
江青？ //@孟禄丁:[嘻嘻]潜规则的典范。。。//@北京李迪: //@伊德尔-小炉匠:	1
鳗鱼手卷鳗鱼寿司加冷豆腐。吃完散步，人少真好！盛夏！[爱你]	1
[哈哈][哈哈][哈哈] 我在#江边城外巫山烤全鱼(酒仙桥店)# http://t.cn/zOg6N3c	1
#桂林美食周# 来#东方餐厅#用餐的同学们不难发现，桂林美食周的展台上有着一盘特殊的东西[偷笑] 它与桂林也是息息相关呢，为何说跟桂林有着特殊的联系呢[思考] 大家不妨猜猜看哦[想一想] 用餐时记得拍桂林美食发微博哦，@ 我们就有机会得奖品呢[礼物][太开心]	1
#新青年##朱亚文# 杀青了[鼓掌] 哥三又集体亮相，期待新青年们精彩的表演……顺便说声：@朱亚文yawen 现在开始算应该是三部电视剧加一部电影（3+1）待上映[威武]，赶脚有盼头[嘻嘻]	1
矮妈，太可爱了[嘻嘻]权大嫂子节日快乐！	1
春雨，冰冷但细细润润地。友聚，茶足饭饱后完美归家途中，惊愕路灯的反射弧都这样迷人[害羞][害羞]停好车，坐院里，听草长，闻花开，活着，真心好！又是一年春来到，今年的目标，明确再明确吧，亲爱的们，加油吧[爱你][爱你][爱你][爱你]	1
如果世界末日，所有的水果只有一种幸存，请芒果留下来。[鼓掌]//@巫昂: 米食摄影示范，这样，就容易米...	1
[鼓掌]不错，回家我也给你亲笔签个名。。。	1
#手机拍摄#芒果芒果里到处都是小兵人，这只是冰山一角！[太开心][鼓掌]	1
[鼓掌]好看又好吃～	1
回复 @Winnnnnn:菲林？芝麻卷？ //@Winnnnnn:透明既甜品?我就??... 菲林   [偷笑] //@人地女朋友:我??都好?意食架，成日目及住透明甜品?心?[嘻嘻]	1
[哈哈]确实没想到，看来广东天使的土壤很好，只是没有好组织，希望我们不辜负大家的期望！@孙政权_互联网_投资 @赵春雷BLOG @玛都 ，找机会到 @全曼午 的  @BetaCafe 搞活动 //@广东天使会:感谢各位投资界朋友关注，希望我们尽心服务，能为广东天使和创业者打造真正的家。//@爱家优活网CEO: [good]	1
EmmaWatson.最一个侧颜都美丽至极！[爱你]	1
#张译#获奖？“幸福偶像”？[鼓掌][鼓掌]不知我爷获奖是啥感想，反正团团jiao着吧，作为张译的粉丝，团团很幸福！！！！！！	1
[嘻嘻]我是创业的	1
so cooooooooooooool[爱你]//@海疯: @冰Bingo @八戒如来神掌 @旱懒熊	1
回复 @套娃们的快乐生活:是呀[嘻嘻] //@套娃们的快乐生活:海底捞！同学聚会吗？你们都在北京工作吗？	1
哈哈 //@Chill_大豹纹儿宅小旭:看来我得请你们五虎吃饭 @刘曦KM 负责发妞 去@刘海斌强强 家吃饭 @我是宇宙无敌小水 送瓶红酒 然后@姜川JimmyJiang 开房 一条龙啊[哈哈][哈哈][哈哈] //@萌娜丽莎-GoddeSS:给我发妞不合适吧老鸨子[围观][围观][围观] //@刘曦KM:我负责发妞！！[兔子][兔子][兔子][兔子]	1
回复@Shirley岩岩:#咖啡好书大集合#其实星巴克很多书写的过于浅显和表面化，参考价值不大，建议如下组合：@参差咖啡 的梦+《就想来家咖啡馆》的现实+@齐鸣BCC 的专业技能书+多去泡咖啡馆+多和咖啡师聊聊天，就是最佳的咖啡馆创业途径！[哈哈][馋嘴]	1
对对，沉香护手霜，这个好用。//@浴见知己: 秦老师提到的是沉香护手霜吗？[笑哈哈] 小伙伴们，浴见知己已经给你准备好了别样的暖冬，要不要也来试试？趁着双十一，果断走起吧！[鼓掌][鼓掌][鼓掌]浴见知己―老姜黄糖身体磨砂膏 身体全身去角质美白去鸡皮肤浴糖	1
欢迎您光临我们的健身中心! 希望您在这里度过了一段愉快的时光~[可爱]	1
瓜哥，啥时候忙完了我们聚聚哈//@雁南飞BASS: //@章??AKA南瓜:身?台?省人民表示同意 [嘻嘻]老师，我同意。就怎么干	1
两只柯基犬挺逗的~[哈哈]	1
青春与活力，真实与感动，诚挚质朴的本色，带着梦想上路，这就是华工人[赞] 能做群众演员吗[哈哈]//@华南理工大学校友会:庆华工60周年宣传片之《梦想在路上》演员大招募//@华工研会南校区执委会: 这是今年执委会为母校60周年校庆准备的最大礼物，最用心的礼物，请大家积极参与，在华园留下自己的靓颖！	1
真不希望在苏州看到这样的东西[衰] //@遨游知道:回复:@俞白眉 别乱讲，毁了你的美腿不说，还摧毁了人家levis的冠名欲望。[哈哈] 您真不愧是“编剧”:-D有故事 //@道士海江: //@李蕾:回复 @俞白眉:@俞白眉 别乱讲，毁了你的美腿不说，还摧毁了人家levis的冠名欲望。	1
家有仙妻。。。。。//@布塔-?一信博: [嘻嘻]	1
小胖子一岁生日的照片[哈哈]	1
@乐嘉 读者见面会暨新书《本色》签售会，我已经到了，我在这里  @乐嘉 老师您还不来？[爱你] 我在:http://t.cn/8kwyWdL	1
家里这一盆芦荟买回来的时候记得只有20公分高的样子，现在已经大有撑破阳台的趋势了。隔段时间，我就发现，根部四周又窜出嫩绿色的小苗来。上半年曾经分过一次小苗，大概10几颗，送给朋友一些，自己种的一棵如今也长得很高了。周日又分出一些小苗来，话说，该芦荟童鞋的生命力也忒强啦~！[哈哈]	1
比去年头伏凉快。今年没热几天。btw，今天吃上饺子了，我们去年太没运气[嘻嘻] //@杨劲桦:北京现在很热吗？ //@居家老虎:热在三伏呢 //@睿臭臭的妈妈:今天头伏啊，搞错了。。那才刚开始热啊？？	1
边打边问：还疼吗？还疼吗？？？？？[哈哈]	1
《中国国家旅游》杂志的某位幕后终于露脸了~~~哈哈哈~~~[鼓掌]	1
我们都做媒体了，还有什么前途？[哈哈] //@曾宪勇:【我们都做媒体了，还有什么前途？】这句话太狠了！[哈哈]	1
翘首以盼啊[嘻嘻][馋嘴][花心][鼓掌][鼓掌][鼓掌] //@Padmesun:[鼓掌][鼓掌][鼓掌][鼓掌]开业快点来吧@王玮Andy @二狗 @amor27 @爱新觉罗启笛 @大春子 @贡贡love @刘朔硕 @路痴路痴 @慕春彦 @苹果小妖 @?小北	1
【#超级笑星#预告】@安徽卫视 正在重播#超级笑星#经典晋级赛的节目哦！在家过年的小伙伴快呼唤身边的亲朋好友一起感受爆笑热浪吧~[哈哈]明晚19:30~《超级笑星大拜年》给大家拜大年咯！[挤眼]最爆笑的舞台~最诱人的美食~就在明晚等着大家~[给力]	1
以前我也一直纳闷//@神通广大: 学习了@穷游网:不同航空联盟飞机座位排序的规则不同。例如星空联盟按ABC DEF的顺序，而天合联盟以最大的飞机一排11个位子编号，ABC DEFGH JKL这样来排序。如果是单通道飞机，就去掉中间5个字母。关注@穷游问答，长知识！[嘻嘻]更多专业解答：http://t.cn/zjWhnPK	1
刚刚和母校的老师通了电话，其实还没最后确定，但请原谅哥的不淡定，因为哥太想，太爱北外了，如果不出意外，六月初，<杨晨说话>回母校，阔别15年，惊回千里梦。（应该是免票的。[嘻嘻]）@北京外国语大学校友会 http://t.cn/a9wYDt	1
皆さん、おはようございます[呵呵]今天名古屋下雨[下雨]，下午2点后会转晴，最高气温14度，最低气温9度！明天天气放晴，气温也会回升，正是出游赏红叶的好时机哦[阳光]明天就是周末了，一起加油吧[太开心]	1
[鼓掌] //@舒淇：//@赵薇：转发微博。	1
[爱你]//@黄浦友人:返沪时爸爸并没像往常那样送我出门。我猜想着他肯定是为我的终身大事而生气。但当我沿着坑坑洼洼的街道走出家门很远之后，忽听身后传来一阵噼里啪啦的鞭炮声。那一刻，我的心被狠狠撞击着，眼眶瞬间湿润了 如果我没记错的话，这应是多年以来他亲自放的第一串鞭炮。爸爸、我爱您！	1
每次来外摊都是晚上。这次终于看到阳光下的外摊了。 [鼓掌]	1
法国普罗旺斯，紫色餐厅[爱你]	1
#W影评#《笔仙》观后感：与其说观后感，不如说听后感。我胆儿小，全程闭眼听下来的。之前看过一点儿影评，有的给吓哭了，有的说不可怕，我采取保守态度，是正确的。音效震撼很多很棒。闭眼都很吓人。情结类似孤堡惊情，但没有那个灵异，要是再神秘一些，不是实际就好了@万达电影生活@电影-笔仙 [爱你]	1
回复@小杨妹妹Angela:[嘻嘻]谢谢支持，你不用飘洋过海，不久，我会回国演出。。 //@小杨妹妹Angela:这场去看了，还买了最好的票呢。吸取了看《鹊桥》时买了倒数第三便宜票的经验。看天鹅湖时还带了两个好友捧场里。努力存钱去旧金山看你，元元姐姐，您可千万要坚持啊	1
回复@肚肚9520:[哈哈][哈哈][太开心][太开心]谢谢您的鼓励~ //@肚肚9520:回复@马尔代夫美佳航空:恩美佳航空很棒服务很好[鼓掌][鼓掌][鼓掌]很喜欢马代	1
亲，用“走起”更合适，呵呵[嘻嘻]//@带着背包去旅行2013: 转起！//@玉林烤鸭官微: [呵呵]玉林烤鸭店的烩乌鱼蛋汤被中国饭店协会评为“中国特色名菜”！[威武]烩乌鱼蛋汤酸辣开胃，入口微酸，回口微辣，营养丰富，值得品尝哈[花心]~	1
早上好！！跟我们早起去看海啊～～亲爱的星期一！！[爱你][爱你]	1
回复@Chef_Rosemary:哈哈哈.中西方文化差异叫法不同而已！ //@Chef_Rosemary:西班牙的小何塞肘子，哈哈[可爱] //@中国味道_余梅胜:哇靠，肘子[嘻嘻][嘻嘻][嘻嘻][嘻嘻]太幸福了吧！	1
#三清驴友#能量型MM！~Mark一下~~[鼓掌][赞]	1
是的呀[可爱]	1
[哈哈]太像了太像了~	1
爱尔兰独立报(IrishIndependent)把希腊群岛列入了“2014年10大最值得去旅行的地方”[可爱] 希腊已经成为旅游业中最炙手可热的目的地，热爱旅行的你，如果还没有来过希腊，会不会太遗憾了[挤眼] @途秀 http://t.cn/zTqK9wF	1
今天的主角――南极舞者[哈哈][哈哈][哈哈]	1
说实话，我还挺喜欢星尚频道的《爱我生活》这首歌的...尤其是彦池的“我爱狗狗”和路易的“我爱读书”，顺带也喜欢这俩主持人了吧~[嘻嘻]	1
祝老爸父亲节快乐！！平时错气来西，通个电话倒觉得老爸异常可爱，哎，还是有爱的我。[可爱] 朋友说我老爸像那美人阿凡达来[神马] [哈哈]	1
//@庐山旅游陈海明:#我滴家乡#四座名山，交相辉映，风格迥异，相得益彰。亲们，您还等什么？背上您的行装来我们江西就够您感慨的啦[哈哈]。//@大鹏背包走天下 @艳阳度假网 @江西旅游 @九江旅游杜少华 @庐山旅游	1
我关注到了，虽然说“得到了全世界人民的坚决拥护”，却只有中国媒体在“争先恐后地转载”“铿锵有力、义愤填膺地朗读”，立刻想起那句唐僧唱出的Only you... 朝鲜军民的中国成语用得很熟练，要赞一个。 //@夏芒:[哈哈] #狂人日记# //@今日朝鲜:请注意你的言语。	1
cool！期待影片上映！[鼓掌] //@野树林花: @ZhaiXuming @奥迪汇	1
【舌尖上的雕塑[嘻嘻]】仔细看了3张照片，似乎不是一个人在战斗啊//@秦仰之:爱幻想，有情调……他大概是以为遇到了睡美人，吻一下就会苏醒过来……原谅他吧!	1
我在小米[嘻嘻]	1
嚯，瞧这小样！[哈哈]	1
是为了博出位么[偷笑][偷笑][偷笑][偷笑] //@杨小西_Kristen:还不都是认识我以后大大增加了他的曝光率~~~~//@小白LilWhite---我黑么: [哈哈][哈哈][哈哈]edison马上蹿红 你可以当他经纪人了亲[威武][威武][威武]	1
[爱你] //@钻出兔子的猫: 灰常好吃！@GungHoPizza	1
Oh,cant you see it,baby,Youve got me going crazy?哦，宝贝，难道你不懂，你已使我发疯？------ Right Here Waiting 此情可待~[爱你]【私享穿衣顾问微信：FashionTalent33 】	1
收到的礼物，漂漂的蛋糕?[嘻嘻]非常好吃，受到一致好评，谢谢@经纪人BOBO	1
右边[给力] ！//@牡丹开四季: 美哉！雾茫茫中那白墙灰瓦下一抹抹淡绿。眼中是清新淡雅，心里却已是春意盎然。//@猴子衡: [鼓掌]	1
大牛[哈哈]	1
哈哈 //@微博搞笑排行榜:哎呦妈呀，笑shi我了~[哈哈]	1
欢迎来玩啊 祝您在丽江玩的愉快[爱你][鼓掌][鼓掌][鼓掌]	1
@风间小卒 嗯，一起吃法餐去[哈哈]	1
[鼓掌]沈阳这座活力和美丽的城市，总是有惊喜带给你[微风]	1
男同胞们！给我一个灿烂的笑脸！哈哈！好多单身哟！有意向私信我！[哈哈][哈哈][哈哈]你能猜出哪些是单身么？猜对又奖！[嘻嘻][嘻嘻]@吉松mirror @肖星-水井 @汪吉星丨evan @徐同民 @love妃100	1
早安，澳门[哈哈]	1
北京商报 隆重介绍 - 京城高端商务消费新地标 [太开心]	1
不谢不谢O(∩_∩)O哈哈~3[嘻嘻]//@Flamme牛排餐厅: 谢谢祝福！[爱你][蛋糕]	1
[哈哈]//@热门搞笑图片: 转发微博	1
回复@85年加密绿茶:恭喜你，写对了，格式正确[嘻嘻] //@85年加密绿茶:#途易在线竞猜欧洲杯# 4强为德国、法国、英格兰，班牙，冠军为英格兰。	1
[哈哈][good]妹妹要不要找人帮你谱个曲儿？准火！[威武] //@海拉特-苹果之父:[嘻嘻]//@俺叫老鬼:哎，谱上曲子，明天唱给老鬼爷爷听，啊！[泪][泪][泪][泪]小小姑娘 心伤坏了 躺在地上不起来 别人问我 为何这样 我说你去问老爷 老爷老爷 不疼我了 我心痛呀 我悲伤 请把我呀 放在美美 我一个人 独自伤	1
腰！腰！check闹！半边腰子没有料！[哈哈]//@雪宝大维: 转发微博	1
出门儿约会去咯? [嘻嘻][嘻嘻][嘻嘻] @Benny徐班妮 等我哦亲！	1
#吃货Abby#上海我最爱美食--振鼎鸡，走起![嘻嘻][嘻嘻][嘻嘻][嘻嘻] 我在:http://t.cn/zlK7I7Y	1
#北京美食#叫板披萨，我很饿！办公室加班叫了外卖，大家吃的很海皮 [鼓掌]	1
环保从我做起，我已经一年洗一次车了！[嘻嘻] //@Chen小花花:晚上省点水,不要洗澡and刷牙了//@包包包小筱: [阳光][微风][心] 环保！义不容辞！@ula思 @乔曙光-Johnny	1
大家好，我是同城君[嘻嘻]	1
[哈哈]//@祝志军: 去年12月某西亿欧到办公室来，玩手机，下应用，扯产品，三个小时后临走前，实在憋不住了问我们：你们没看出来是iPhone 4S吗？	1
[哈哈] //@厚黑心计学:[加油]	1
今年3月份去海豚岛喂的也是Bella[亲亲] //@澳大利亚天阁露玛海豚岛:昨天小编带着旅行者传媒和@昆士兰旅游局官方微博 @晓宸Violet 亲手给50岁高龄的Bella喂鱼，牙齿全部脱落的她吃鱼起来还是还性感的。要是我老了也能那么利索就好了[哈哈]	1
回复 @叶静:[哈哈][哈哈][哈哈][哈哈][哈哈][哈哈][哈哈][哈哈]@隋兰 正在和@成晖 密谋！说每个同学必须演！为了保留隐私，我建议自己的事儿让别的同学演！[围观] //@叶静:大学那点儿事儿！咱们班的故事要拍成电视剧 那绝对??????????????????得给毙了！?	1
我抢到一个，耶！[爱你][爱你][爱你]	1
@桔猪 又与朋友约，我选了蜀签[嘻嘻]	1
能认识大家开心极了，特别是李爽[嘻嘻] //@天生异狐nana:难忘之旅	1
[鼓掌][鼓掌][鼓掌][鼓掌][鼓掌][good]	1
#江西首席旅游体验师#多多宣传江西旅游风景那是必须滴，印象深刻的景点太多了，但我还是更喜欢三清山和武功山。好吃的菜实在太多了，我喜欢这里的竹荪和四星望月。[爱你]	1
//@直面人生传奇://@一笑而过王春微: @醉影老王 @直面人生传奇 @大又-BIG @天一6677  //@婺源风的微博:[哈哈][给力]婺源不会让您失望！ //@水墨婺源:[给力][礼物] //@今一少校:[赞]上午好 //@婺源篁岭景区 @CCTV-央视微博 @CCTV发现最美城镇栏目组	1
今晚直播，我们一起来听#改变的歌#。#贵州旅游广播#欢迎收听。欢迎为爱改变。[爱你]	1
//@米原康正real:[嘻嘻] 。。。。。。	1
#沃阁分享#和和美美，快快乐乐！感谢各位参加我们的情人节papa活动！同时也恭喜@ming2cherry 童鞋！沃阁哥不经意间见证了你们幸福的爱情时光~特此奖励@沃阁恋馆-私密浪漫汽车旅馆 精美礼品一份！请留下联系电话与地址，沃阁哥要发奖品咯！！[太开心][太开心][太开心]	1
张学友刘德华同时在唱，赶快换到了东方台，黎明没出现[汗][哈哈]	1
期待！[哈哈]	1
@小肉卷 发福利啦！亲手制作的蛋糕和可爱的小熊包装 人家都不舍得拆开吃啦！[太开心][亲亲]   #美图秀秀随手拍#	1
喵个哩个咚！[爱你][鲜花][good] //@琢磨先生:这家伙1977年离家出走的，只为了一个简单的理由，去看一眼未知的世界。有些人一辈子卷缩在一个小角落里，连窗外都不敢望一眼。	1
//@触碰心灵的台词: 萌翻了！[抱抱]	1
要有孙子的背景吗？ //@佩刀书生007:回复@赵春雷:如果有背景，你也可以当将军。[哈哈] //@赵春雷:公安出身管经济？	1
看这个视频真的要注意生命安全！[哈哈][哈哈][哈哈]//@音乐剧女王影子: 救命啊[吐]，笑的从跑步机上翻滚了下来。	1
//@盘石微博Lab：一种静态美，终于找到这个声音的源头了！[抱抱]	1
那你只能邀请他姥爷去喝豆汁吃卤煮了 //@一瓶啤酒喝一天:要不怎么郁闷呢 //@吊儿郎当刘大少爷: 我说的呢[哈哈] //@一瓶啤酒喝一天:一直都没见过，都是他姥爷姥姥送[挖鼻屎] //@吊儿郎当刘大少爷: 小男孩儿他妈呢[嘻嘻]	1
我们和总领事[哈哈][哈哈][哈哈][哈哈]@梁秋暖 @VG_小圈 @影相佬李添	1
快开始咯！[嘻嘻][嘻嘻][嘻嘻]	1
[哈哈]//@台湾老街: 哦哦 连零食都要成双成对！知道了 为了不让人说偏心 小p以后买张君雅小妹妹的时候也会记得张君宝小弟弟的	1
哈哈哈 //@??于: 该！哈哈哈[哈哈][围观]	1
#我的美食我的回忆# 美味烤串加北冰洋汽水，满足了[哈哈]@Style-Cafe	1
#温暖冬季 精彩琼南#避寒就来三亚！[嘻嘻][嘻嘻]	1
//@清溪-红叶: 老大看花眼红。。。[偷笑][爱你] //@Rachel小沛沛:你又怎?啦你？[汗]存心?小兔子?心疼死啊？[悲伤]我看?部?跟你犯?啊！你一拍?一下感冒一下扭?脖子一下皮??炎的，?在又眼睛?炎了你！！[泪]晚上睡得不好睡得太少了?吧？下了?回?店好好休息，算我求你拜?你了！！??…...	1
又被发现啦[呵呵] //@弗洛伊竹:@亚里士多轶  军哥的礼物 抢来吧[哈哈]	1
哈哈明天等我靓照 //@汽车导购杂志_罗旋:等我的?照![嘻嘻]  @Corrine0412 @吴坤-汽车旅行杂志 //@车驰:哦耶//@汽车导购杂志_任强:@汽车导购杂志_罗旋 ！！！	1
//@英语围脖: [嘻嘻]	1
[哈哈] //@高晓攀:小超肿了....	1
"童鞋们，晚安[爱你][爱你]第一次玩""杀人游戏""到这么晚，人多好欢乐[嘻嘻]祈祷明天能看到@太姥山风景名胜区 的曙光吧，相信#奇迹会有的#对吧?@新鲜旅厦门"	1
#愈罪恶愈快乐#有了@蒲公英农社 的五花肉,再买点生菜和辣椒,家庭烤肉三剑客就集齐啦!五花肉肥而不腻,从颜色就能看出它有多新鲜啦,烤出来的油也无比清透哦,据说是吃着酒糟长大的猪哦,果然不一样哈[哈哈]另外,送的蔬菜还没吃,明天用来做汤好了[酷] 嗯，我是会过日子的小驴纸！	1
久违了！孟爷爷版的片头介绍，为了避嫌，小编就不说是什么的广告介绍啦！你们懂的！[抱抱] [抱抱]@孟非	1
周末加班的我。邪恶了……[哈哈][哈哈][哈哈]	1
[嘻嘻]叔这称呼还真不敢当，哈哈，看来得多抹点友谊雪花膏了。//@陶陶笃信佛法: 叔儿，您这片儿真棒！	1
5月30日！？有名古屋童鞋见到吗？这消息应该早报道的，还能跟着萌一下[嘻嘻]	1
??[吃元宵]、巧克力[冰棍]、玫瑰花[玫瑰]，一?都不能少[做鬼脸]，祝大家??快?、幸福甜蜜！[哈哈]	1
#2013湖北微博之夜#   隆中美酒郁金香，玉盏盛来鸿运光！ 微博之夜庆功宴，举杯乐聚福共享！ 有情有才人圣诞同快乐[哈哈]@爱开车的牛牛哥 @我爱大米鱼 @飚?	1
挑战主持人~木兰辞[耶] //@CCTV-1吉尼斯中国之夜:“挑战主持人”即将开始[嘻嘻]//@陈欢: 我们一起坐等！[太开心][太开心][太开心]	1
太幸运了，我的机票快到碗里来[爱你]//@英剧-英剧: ！！！人家收货红包，我们收货仇恨！//@英国航空: #英航好礼 惊喜不断# 终！于！出！现！了！第一位机票大奖获奖人！！！机长可以稍微安心一点了[酷]搭英航，马年马上飞英国！[飞机][飞机][飞机]	1
[鼓掌]鼓掌、献花、加油、支持！	1
高大厨忙乎中[嘻嘻]	1
平生第一次玩麻将，广式打法，感觉还挺有意思的[嘻嘻]	1
//@王路璐Lulu: ＂嘛玩意儿，一斤多？二斤还高高的呢！＂木哈哈。。。[哈哈] @陈超Allen //@刘春:二他妈，快拿大个儿腰盆出来，好家伙嘛，介你妈发了，捞这么多鱼！ //@王跃文:可以开开心嘛。//@TV哇哇: 能不搞笑吗？我喜欢天津人。[哈哈]	1
[亲亲][亲亲][亲亲]可爱吗	1
回复@忽而如今:你也不理我。我还想去你店里拜访呢！ //@忽而如今:矮油 我去。我们赶上了非常悲催的时代啊 //@凌一凡:回复@妃的小跟班:这你也炫耀！！！ //@妃的小跟班:回复@凌一凡:[哈哈] 不过我们还赶上了有电扇的日子~~你没赶上~~哈哈哈哈~~	1
那就努力做个非人才吧[哈哈] //@snowerhyx:我本来是人才的！可惜创意在上学的时候被传统教育磨掉一半，工作之后被生活磨掉一半。现在啥也没有了，还是努点力吧…… //@和谐之旅范兆霞：不是人才，也转一下	1
里士满（列治文 Richmond）美食系列，夜市美食[偷乐]+夜市美女[哈哈]！	1
女人好厉害！//@全球创意搜罗：[哈哈] 好主意！	1
[哈哈][哈哈]走一个 让我们一起回味在香港的日子 //@Amelie-wong: @旅行摄影的美食人_JC咖  //@林小小肉:@曹小美的美丽人生 @AmoreEMusica //@大众点评网-玩转上海: 香港超火的茶点#稻香#要来上海啦！！	1
回复@付国冬CID:“重要的不是目的地，而是心情”，“重要的不是目的地，而是跟谁一起去”，“重要的不是目的地，而是用爱去寻找”，好吧，把做目的地的同行们台全拆了。。。[哈哈] //@付国冬CID:让心灵去旅行[嘻嘻]	1
第一次发现@喜马拉雅好声音 的个人电台，感觉很新奇。广播电台在我们的概念当中都是只有“听”的份，没有说的份，昨晚冲着好奇心，试着自言自语了一番[嘻嘻]	1
穿外面还是套头上的//@阿札大黄:那个穿红色内裤的帅小伙会出现的[哈哈]	1
[鼓掌] @外交学院吾心社 [威武] [给力]	1
夏日。[可爱]	1
我在这里[嘻嘻]	1
哇[泪]谢谢性感的泰国美妞给我的祝福[爱你][爱你][爱你][爱你]珍藏??????	1
谢谢哈! 欢迎常来![鼓掌]	1
这绝对是霸气外漏[哈哈]，这得给丈母娘多少彩礼才可以达到这种地位呀[汗]	1
祝贺 //@星夜相声会馆:[鼓掌]	1
哈哈哈，太逗乐了~！//@宋凯Roland: 强力减震！[哈哈] //@金飞豹走天涯:自带气囊[哈哈] //@赵氏孤魂:估计车带的气囊没有她自带的好	1
在哈巴雪山过了几天不洗澡不刷牙的日子，回来还真不习惯[哈哈]	1
[鼓掌][鼓掌][鼓掌] //@LonelyPlanet:[鼓掌]//@CRI_斯里兰卡:此航线采用空客A330-200执行每周一、三、五、六科伦坡至北京及每周一、三、四、五科伦坡至上海航班。其中两班分别从汉班托塔起飞。 北京时间00：50 起飞 科伦坡时间0550到达 北京时间01：10起飞 科伦坡时间0555到达	1
[心][心]//@小妖Jamie微心情: 陪伴了多年的枕边书~[亲亲]//@黑玛亚花园: 《亲爱的你要更美好》和《有一条裙子叫天鹅湖》是北岳文艺出版社2007年编辑出版的，现在出版社的合同已到期，不能再加印，所以市场上几乎没有这两本书了，我们工作室想买也买不到。	1
雨后上海闲逛到8号桥，街区旁的小小创意园区，却格外精致，品位，各有特点；相比帝都的艺术园区更爱这种设计！不得不赞！改天背相机去凹[嘻嘻][嘻嘻]今晚最幸福是一根香蕉味的宾格瑞[馋嘴] 我在:http://t.cn/zYgwueK	1
哇咔咔 男童鞋也要护肤哦~ 要是有真人兽就更好啦~[嘻嘻]	1
[哈哈][哈哈] //@滴水琉璃---林琳: 一定要看看!	1
[围观][给力][鼓掌]//@龙啸七天: 满目沧桑一荷塘，莲蓬皆垂倍凄凉，相忆往日繁华季，今非昔比败清池。[泪]@兵心永恒 @胡萝卜的姐姐 @阿掖山布衣 @伶牙小雪@女王兔兔 [围观]	1
卫衣&背带裙~[爱你]	1
超萌的说[嘻嘻]	1
哈哈，菊家小熊[爱你]	1
回复@悦于奋斗:[哈哈][哈哈] //@悦于奋斗:给我来两斤发动机尝尝。。。	1
中秋节9月19日至9月21放假[鼓掌]普通公司中秋放假3天，文艺公司放假4天，还有的公司从今天开始进入放假状态5天。不管放几天，开心就好，小侨祝大家开心满满，欢乐满满，祝福多多，月饼多多[嘻嘻]	1
大家好呀＇今晚八点三十分生活频道＇有我做的神仙大排[馋嘴][馋嘴]请大家多多支持[围观][鼓掌]@中俊崔春婷 @营养师陈治锟 @郗老师 @BASELZHENG @大班家政 @BTV快乐生活一点通 @热点红姨 @孔张瑜 @阚荣光的微博 @神舟国际酒店 @七天_丹丹 @孙珊珊_Shannon @BTV梦遥 @BTV美食地图 @熊丽电台 [鼓掌][鼓掌]	1
//@水煮吴先生: [哈哈]诸葛在世也不能算到这茬	1
@Lynn0821 我要跟Alan在上海碰面!!兴?吧~~[哈哈] 弟弟我?了!!!	1
刚看到大学同学和妈妈吵起来了，哈哈。其实她和麻麻关系一直很好，也很疼爱妈妈。想起今天出门时老妈生病没精打采的样子，突然发现现在父母如果还有力气和我们吵，和我们掰扯，那就都让着顺着他们吧，祝他们都身体棒棒儿的，能跟咱们较劲都是福份阿！ [泪][爱你][可怜][心][心]	1
哦，卖糕的@筱古  @丸子78 @iamdearpig //@断翅的魔鬼:又推我的谱子，必须得转啊[哈哈]	1
[圣诞老人]GO嘻嘻！这回终于? 肥成功了,分享下我的方法：http://t.cn/zWkiN31 #天猫出游季#[神马][神马][给力][给力][哈哈][哈哈][哈哈][哈哈]k[挤眼]jk[挤眼]j[抱抱]y[抱抱]6[怒骂][心][心]	1
回复@游走世间一?丝:[哈哈][哈哈]周末搞笑，轻松一刻！ //@游走世间一?丝:哈哈哈 创意无限啊 //@武夷山红骏茶业: [给力][礼物]金骏眉，茶中珍，中外美女都爱它！ //@红袍加身私房茶:回复@紫鑫坊:[爱你]大爱无界！  //@紫鑫坊:[哈哈][赞]	1
[哈哈]//@笑料百科: 简直了！//@鞭鞭少将: 哈哈哈我妈就是这样！ //@谁允许你直视本蜀黍:回复@白大顺:哈哈哈哈//@白大顺:大妈们在家边看边嗑着瓜子说：噌，你看你看，就是这个眼神，就这动作，嘿，铁定就这时候走心的！	1
第三太有才了！//@ImCola: 干第三条的兄弟乃人才[哈哈]	1
[鼓掌][鼓掌]@神舟国际酒店	1
//@冷笑话搞笑幽默: 看着天气，你是不是又发福了啊！[嘻嘻]	1
中秋国庆合二为一，8天超长假期[太开心]，各位亲们都计划去那呢？[带感]是否买到票了呢.[xb招手] 小编先吐槽下，准备十一回家过节，太悲了呢，因为小编木抢到票票[泪]，各位亲们呢，有什么计划，大家都分享分享下[xb小花]	1
别人周末懒觉，我周末早起出门，又刚好在@URadio 听到@星辰在路上 美女主播在介绍自己的美食[哈哈][爱你]一天的好心情啊。正听着朋友也打电话说听到我。顺便说：星美女，爱国路与东门北路交叉口交通灯坏了，也没有交警执勤。	1
[嘻嘻] //@王小磊_Sean海外婚纱蜜月摄影:欢乐小讲堂 呵呵 //@活着活着就明白了: @猜火车的Jake @拆火车的Cherry @deartom @春天的双鱼789 @DJ雷娃娃 @dongfoto @DZ_DESONZ @到阳光下面来 @电影人晶晶贾 @董小慧Demi @崔小嘴 @多肉森活馆 @多肉植物控 欢迎大家来！帮忙转发哦?[嘻嘻]	1
有一种「走人」叫 拔嚼目；有一种「水桶」叫喂得?；有一种空间叫小孬目[哈哈][哈哈][哈哈]//@花时间FNT: @EmingSt @妞妞与哈哈  说曹操曹操到 有人总结了 赶快复习	1
[哈哈]//@赵波-赵桉: //@诗人贺老憨: 好玩。//@徐唯辛: 逗得我半夜大笑！	1
稍作品尝嘛！可以控制！ //@JamieCao: 一边是甜食一边是体重， 此事古难全[抓狂]//@达晓呆Daphne:我也喜欢，太可爱了！ //@优雅小裤衩:我喜欢！哪天买一个！[鼓掌] //@小?Barista:一磅140大元，超值吧！	1
天，是你自己开的呀？怎么不告诉我？姐姐必须顶起噻！[拳头][拳头][拳头]在观音桥哪里？ //@慕斯lee:给亲妈来个强吻！你性或者不性，都是我们的“家人”[亲亲][亲亲]	1
这个我有 //@辣妈教室:欧舒丹手霜一直最信赖[兔子]，吸收快又滋润，MM速度围观[太开心]	1
有生之年一定要玩一回姑娘追。[偷笑] //@阿依不爱吃汤饭:骑马！骑马！[偷笑]帅哥骑马前面奔 姑娘甩鞭后面追！[嘻嘻] //@西域阿藤:骑牛吗？ //@新疆雷将:建议乌市搞一个城市“姑娘追”活动，路段选在中山路，保证比西班牙斗牛还热闹，万人空巷，国际新闻@乌鲁木齐政务/@Zhanara: 我们哈萨克人真浪漫	1
酷豆！[嘻嘻]	1
“福寿康宁”摩崖四字诞生于明朝。在武当山南岩宫皇经堂下的峭壁之上，雕刻着“福寿康宁”四个醒目的朱红大字，每字高均为230厘米，宽160厘米。速速的去拍照去，福寿康宁哦！[可爱][兔子][moc转发]	1
#朝鲜少年神演唱# 治疗假期综合症良方来了~[鼓掌] 详情:http://t.cn/zYa4k38	1
恭喜呀，亲！[鼓掌] //@春蔚: 亲，谢谢推荐	1
回复@Simon_Cham_TVBI_:多?支持！ //@Simon_Cham_TVBI_:睇?啦！[嘻嘻] //@王祖?:翡翠台?正播放？	1
古城纳西喜宴，我和宣萱大宇三人一大桌，不解释[哈哈]	1
[哈哈]//@zero言儿: 太爽了！下次快点来呀 //@孜孜-lynn: @青岛啤酒啦啦队-杨雪 @zero言儿 @韩旭QYC 下次姐几个可以一边吃水果一边上网啦[嘻嘻]	1
@崔浩波 昨晚说好的下载[嘻嘻]	1
//@柴京瑞:这年头鱼龙混杂，拜啥神的都有！// @云海雪原 : [赞]// @特许连锁李维华  ：支持老梁 // @云海雪原 :[good]// @孙一鸣SUNNY : 非常犀利又非常到位的点评，这期节目我有看[哈哈]	1
//@星力少儿公益基金: 会长很给力呢！一起来吧！[鼓掌][鼓掌][鼓掌][鼓掌][鼓掌][鼓掌] //@蔡远律师:支持我们贵州大学青年志愿者协会第一任理事长[嘻嘻] //@moe王莹:支持支持[爱心传递][爱心传递][爱心传递][爱心传递][爱心传递]	1
回复@不如酒:[哈哈]我是要坚持亲自授课，不过等您那才两岁的女儿来典雅静界学习形象顾问课程，我的女儿也领衔主讲了。您既然对女儿最大的期许是知美懂美，为什么您不来呢？	1
[哈哈][哈哈]//@晓雨闻铃:[哈哈]//@童华安: [哈哈]//@杜芝富: [cai开心][哈哈]	1
//@贺录帮:#2013中关村国际美食节# 奖品有限，情谊无限，学会感恩，祝福小编还有粉丝们冬天有颗热忱的心，开心度过每一天[嘻嘻]  地址：http://t.cn/zT1HzEg	1
回复@ClaireJun:[嘻嘻] //@ClaireJun:[赞]	1
//@吴志强-众强国际餐饮联盟:有道理，美女们切身体会一下！[酷][鼓掌]	1
[嘻嘻] //@微博搞笑排行榜：[哈哈] [哈哈]	1
太贴心了[嘻嘻] //@WETTING99:可可昨天说，你老公出差了，我做你老公吧，我会对你好的。[哈哈][嘻嘻]@大风乱吹	1
#韩国美食#哈哈，吃起！中午跑楼下吃的拌面，还有泡菜饼。hiahia，大婶夸我说话好听，人漂亮，临走还送了我饮料噢[害羞][害羞][害羞][可爱][可爱][偷笑]	1
一条爱扮演忧伤的狗狗[偷笑]小可怜见儿的～～[爱你]	1
这个是找的俩位长得像的演员。不明真相的围观群众们 //@小四合院小姐:Obama Gangnam Style! 这对夫妻真是豁出去了[偷笑]//@SCC可乐: 人类已经不能阻止江南style了！ //@SCC宽宽:[衰]擦 //@小羊MRY:奥巴马真赢了！ //@Stephanie小幻:[哈哈] //@三共日辰:国外领导人确实开放！！//@麦兜爱钓鱼: [哈哈]	1
送礼体面过人！[爱你]	1
通俗易懂犀利异常的回答 [嘻嘻]//@稻糠: 带帅哥去自然遗产，带小清新去文化遗产，带不男不女去自然文化双遗产，你会事半功倍。	1
回复@佛前的那只妖:呵呵 长安城没有春天，当然 也不会有秋天 秋老虎37度，阳光下的车里41 秋天的留坝，会留给你的 不仅仅是温度～ //@佛前的那只妖:哈哈，去年都秋天了，对外的广告还是寻找22度夏天，被骂美了[哈哈]	1
@郑州公交 只是转发一下而且~//@南京同城会: 南京继6路和34路公交车覆盖4G信号后，5月17日前后覆盖市区155条公交线路、1500辆公交车，乘客可体验高达4.3MB/秒的下载速率。如此霸气外露的速度！[太开心][太开心][太开心]	1
韩风徽韵[哈哈]//@史学田: 微风韩韵!	1
?d?展你版?啊[嘻嘻], ?你推一推先 //@Frazchan：朕要?民啊!	1
谁说过节哪里都是人啊？[哈哈]体检中心就木有人。老妈进去做移民体检了，我无聊的想找人说个话都木有人。	1
#比如唠叨与琐碎#拉着窗帘在床上待了二十个小时后 世界变成了介样……[吃惊]好吧 起床准备打鼓[太开心] 话说本周又买不了鼓了 他们不送货不安装这件事让我买鼓的计划一再得不到实现[怒]总也找不到合适的时间和方法把那么多大件带回家然后找个合适的人来安装~[抓狂]	1
不就根儿烟嘛，抠门 //@高晓攀:你俩就是豁子吃肉，肥也别说肥！ // @百变连旭 :我擦！！有我嘛事儿//  @嘻哈包袱铺陈曦  :我就想问问   @高晓攀    我这照片你那来的？我都没有！还有，就是谁爱曾人烟抽了啊？那是老连！ //   @happy微笑心   :[嘻嘻]	1
[太开心] //@神自无自_5566:转发微博	1
明显的闽南古厝有人说成土楼[嘻嘻] ，去过土楼没？差距好远呢~//@微笑总会再现:是闽南古厝风格 //@这里是厦门:别具一格土楼风情的肯德基餐厅，只有在咱们厦门才有哦~	1
精辟[鼓掌]爱她就要珍惜她和她的一切	1
[哈哈]//@芙蓉馆馆主: 那就搞曲艺吧！让曲艺搞搞你！	1
便民啊，不错不错[哈哈]	1
突然的，好想吃北京稻香村的糖火烧[泪]，想当初从北京拎回一大袋稻香村的点心，吃得爽死了，真是太美味了！！不过老字号也不一定都对我胃口，广州的莲香楼就是[可怜]。我还是和北京有缘呐[馋嘴]（PS：图片不是稻香村，是北京白魁老号饭庄拍滴[太开心]）	1
Michelle Dockery穿Oscar de la Renta亮片刺绣裙亮相第71届金球奖。高雅的美人儿和精细的裙子真是绝配。[爱你]【私享穿衣顾问微信：FashionTalent33 】	1
@佟大为 @魔王1987 @赵哥是?喵喵咪 @_Baby哨小赖_ [鼓掌]	1
哈哈！谢谢亲哦！祝小孩一周岁生日快乐！[嘻嘻][哈哈][鼓掌]	1
2012.12.18 工业化的今天，更加痴迷于各种纯粹的手工制品，我总觉得那不仅仅是一件物品，而是一个活生生的人，用手心的温度将自己的爱溶于其中……认识了一个热爱自然，注重细节，追求完美的老板，一个同样的水瓶座[可爱]	1
钓上的鱼游过 //@张晨初艺术空间:[嘻嘻] //@独狼8518: 转发微博	1
真是一个特别的情人节前夜聚会！把美好的祝愿送给每一个心中有爱的女子！爱你们！[爱你]	1
十六年，弹指一挥间！//@触碰心灵的台词: 元芳，你怎么看？[哈哈]	1
梅花盛开，春暖花开[嘻嘻]	1
谢谢大家支持捧场[可爱][抱抱][good]	1
年轻的时候，我们放弃的，以为只是＂一个人＂或＂一段感情＂。后来，才知道，那是我们的一生。@benbenvsyebing @懒懒de小狮子@m_cheung86 虽然我知道你不懂的[偷笑]@窦薇Dorit  [爱你]各种想你们！	1
前阵子活动上，回味到那英的歌，那些快遗落的歌单。今中午长长的听那英的歌，深深触动了我，莫名的，这样的歌者才是有位置的！[爱你][爱你]	1
@米妮的小妞 @蜜蜜嘎儿 还有谁啊，我围脖上好友不多，今晚一起吃饭呗？接下来接待任务有点忙。米妮联系下小T呗，@-苑硕- 葫芦娃貌似告诉我25号才能从三亚回来。Vivian叫几个人呗？[哈哈][哈哈][哈哈]	1
[笑哈哈]//@李淼在微博: 终于成功打入女性时尚杂志，真是高端大气上档次啊[嘻嘻]	1
回复@行摄三戒:哈哈，吃完了就进来买单 //@行摄三戒:把买单的拒之门外，这生意做的……另，小份菜有现成模式，粤式茶餐厅就是小份菜的。 //@重庆人在北京:回复@畅春园食街:[嘻嘻]还是男女朋友一起，那样装绅士的才会多  //@畅春园食街:那你先开个女子餐厅试试[哈哈]	1
//@靓图美文精选: 大理[可爱] //@力儿的妈2010: //@靓图美文精选: [给力][可爱] //@大理人网:转发微博	1
神奇的一天[威武][鼓掌][爱你][ok][心][太阳][萌][礼物]	1
最后条太好笑了，况且况且况且[哈哈] //@我家的MONKEY:哈哈	1
洗了个澡好舒服啊，在做个面膜，最近脸太干保养一下[哈哈]	1
明天要上班，感觉刚聚齐来就散场了，今天发现一个好东西，手卷烟丝，很香很淡，抽起来很舒服，准备收一套，等财政危机以后吧[哈哈]	1
我们的微博有奖活动很多，只要你积极关注和参与，总有一天，大奖就属于你[嘻嘻]	1
心动不如行动[哈哈] //@上海女孩儿:伤不起呀，多么想现在就能吃到呀[泪][泪][泪]都是我爱的[汗][汗]	1
我胡汉三会回来的！[酷] //@张水晶:滚吧，不混出个人样，不要回来。[哈哈]	1
哈哈 //@新东方英语杂志:这就是传说中的死洋洋？[哈哈]	1
[哈哈] //@查立: //@袁莉wsj: //@任志强:都变成政府能力的笑话了。 //@阎克文再世: 估计未来的历史书会有这样的评价：到了中共统治末期,意识形态从表述方法到操作规程都已经毫无价值关切,只是变成了上好的相声素材。//@庄海洋:为了党的事业性交。//@吴稼祥: 下一步,重庆市民晚上做爱,先要报上级批准。	1
我这身影让画面更生动![哈哈]	1
啥时候也来张张裕的明信片呢？[思考]//@张裕葡萄酒:寄自张裕酒文化博物馆的明信片[嘻嘻]酒逢知已千杯少！	1
//@竹?大?梓焱: //@愿成和他有?的止痛药被随身携带:[哈哈]	1
[鼓掌]如果方向没有走错的话 //@郭启煜: 有耐心的人，看到更美的风景。	1
回复@江康勇:早上好！我喜欢你的头像。哈哈 //@江康勇:和我打招呼吗？金姐，早啊。[嘻嘻] //@金星:回复 @听李宗盛的歌:用李宗盛的名字作微博的名称，你都尴尬死了！早上好，各位用自己名字的博友。  //@听李宗盛的歌: 在刘翔的新闻上面谈你的戏，不尴尬吗？	1
呵呵谢谢，希望以后经常来参加我们的活动[爱你]//@毛蓉-Seacy公主游世界: [哈哈]喜来登的圣诞点灯仪式，很温馨，很感动......	1
没参加表示遗憾。我要这胸章，keep one for me[可爱]  //@瘦胡_sOULkITCHEN:这次活动很好，特别是下午的安排。	1
#让眼泪再飞一会儿！#[笑哈哈]这个眼泪飞舞的画面来自于台湾电视剧《#光环之后#》，剧中女主角怀着悲愤心情戴着假睫毛淋浴寻求宽慰，#坚挺的假睫毛#让洗澡水汇集成两股水柱往外喷，本是哭泣的画面也立刻能够变得喜感满满，酷炫至极！[哈哈] http://t.cn/8s5iwgj	1
转起，我看到吉之岛有卖这种小煎锅了，最主要是我爱吃这种蛋，日本的玉子烧是不是就这个呀？///@胖星儿: 哈哈~~~是的，是的，需要这样一只锅才可以[哈哈][偷笑]//@一夫食堂: 回复@玖伍贰七9527:我就等着有人来问呢：http://t.cn/zOPZacC[偷笑]	1
[爱你]世间还是爱多，有你们的存在，世界更美好。	1
我们的呢？我们的呢？[嘻嘻][嘻嘻][嘻嘻]	1
今天把昨亏肚子的都补回来了！吃了大餐了！[哈哈]	1
好漂亮[鼓掌][鼓掌]	1
[话筒]驻马店市第二部原创旅游微电影《仙湖魅影》昨日正式发布。[鼓掌]@郑州旅游局 @开封市旅游局 @南阳_旅游 @三门峡旅游微博 @洛阳市旅游局 @焦作市旅游局 @信阳市旅游局 @商丘市旅游局 @新乡旅游微博 @平顶山旅游局 @山阳英雄 @5A嵩县 @多彩栾川 @秦时蝶衣 @云台野人	1
欢迎常来，希望您满意[嘻嘻]	1
[哈哈]//@何大叶:看来是Brief 下得不明确。。。 //@奶猪:真不能怪何润东 //@黄药水:最后一句。[哈哈]	1
我好凌乱啊！观看要有一定的心理承受能力！Ps：右边的那个兄弟，我越看越像@vera5x ,不是说舞姿，仅仅是那“没大脑”的表情。哈哈，你们说呢？@安妮annetea @_方方土_ @弓长氵羊 @Ocean铭洋 @Jason-A-Liu ……[嘻嘻]	1
蒙古人民共和国咋没这勇气回国呢？朝鲜？韩国？日本？越南？马来西亚？新加坡？[哈哈][哈哈][哈哈]印度？等等！[哈哈][哈哈][哈哈]我胡扯啦！	1
您先送我一本亲笔签名书吧~~[哈哈]全力支持朱先生，希望有更多机会请朱先生来我的节目做客，为旅行爱好者提供更多有价值的参考信息！再次表示祝贺！！[干杯][给力]	1
小时候@赵雅芝 是我心中的女神，我觉得她就是传说的天仙//@美莹C: 百看不厌的经典！记得初中那会儿整日都在幻想自己变成蛇精，为了搜集两张白娘子的画片节衣缩食长途跋涉视为珍宝。那时还非常喜欢表演片中的剧情，我演小青[哈哈][哈哈][哈哈]	1
夏天才吃火锅哪 //@苏瑾年l:大夏天的、您这是干嘛呢//@刘海斌强强: 快点参与进来[鼓掌][鼓掌] //@苏瑾年l:什么情况、//@刘海斌强强: 求姻缘来这里！你们懂得！	1
[哈哈]//@毛十八:“精英教育敢为常人不敢为之事”所以就要重度污染天出操对吗常人也不敢吃大便的怎么办啊深井冰就是这种人在搞教育哦呵呵呵。	1
自拍很high[心][抱抱][酷]（and 真心觉得mac air特别烂[鄙视] 用了这几年 糟心的体会[伤心]）	1
[围观] //@个人游台湾:云 海 美人 [嘻嘻]//@小虎同学tiger: 回复@大鼻涕将军:[浮云][浮云]浮云和神马的搭配[嘻嘻] //@大鼻涕将军:云彩也能拍出故事？[吃惊][嘻嘻]	1
早，蒙城今早酷似冰场，出行前请先热身[哈哈]	1
俺都没有签名本。。。//@花间坊图书: [鼓掌]//@朝华出版社:[围观]//@姚璎-欢喜若如菩提:小说书友会的活动预告[可爱]@朝华出版社 @花间坊图书 @出版人王三石	1
感谢各位积极参与#“新”旅程#的直播转发活动，恭喜@我要做努力好孩子 @榛诗涵 @Lydia-V-Wen 获得新西兰明信片，请于12月27日前私信邮寄地址，再次恭喜[鼓掌]！未获奖的童鞋敬请关注下期活动[哈哈]	1
。。。设计很超前//@费昱: 哈哈哈哈//@猫少爷本尊: 笑shi了。。。//@夏天不远_Cici: 。。。//@天使_公主: [挖鼻屎]//@Jue_珏: [哈哈]//@叔大奥尼: 哈哈哈哈哈哈//@使徒子: 不厚道地笑了……	1
分享图片 铁道游击队---茶卡盐湖的回忆 [哈哈][哈哈][酷][酷]@小婷自驾 @流星Lzx @新鲜旅厦门	1
到郑州了！赶紧先找吃滴！[哈哈]	1
回复@三十-33:建材市场找了两工人，进度大增，今日完工只小时可待[鼓掌][鼓掌][挖鼻屎] //@三十-33:给钱都不去的工人表示：不去！[嘻嘻]	1
回复@湖北黄陂大余湾:春天来了，小伙伴没们去大余湾踏青看油菜花玩穿越正当时哈[哈哈][马到成功] //@湖北黄陂大余湾:百闻不如一见，到大余湾来看现场更精彩！ //@简安然: //@黄陂旅游: 看过《还珠格格》的小伙伴应该会记得[偷笑]	1
哈哈哈，山东同学，这角度拍的，冒佛光了不是？[哈哈][兔子][偷笑][太开心][干杯]	1
一起看。[哈哈] //@李智勇:回复@周喜悦:看！ //@周喜悦:如果无意听到男朋友跟自己认识前与别的女人录的AV怎么办	1
感谢 //@_小sa同?oO:转发转发，愿你总是好运[偷笑][偷笑]  //@kobeyu8:转俾距！ [嘻嘻][酷]@_小sa同?oO @张瑜启程 @JoliePan @鸾之涅? @女丑女丑330 @黄珏JJ @开心小栗子	1
回复@李泽清:[害羞][可爱] //@李泽清:张总这是你的开门大吉的作品么？恭喜恭喜！哈哈[哈哈]//@张帆DORA: 回复@由立平:张导作品一直很好！[鲜花][鲜花] //@由立平:张晓光导演，这几年作品很火！ //@张帆DORA:回复@由立平:张导作品一直很好！[鲜花][鲜花] //@由立平:张晓光导演，这几年作品很火！	1
吃饱了撑的，与爷从Westin一路摇晃到五帆广场，夜色阑珊，风景如画，关键是空气清新得不得了不得了！[嘻嘻]1个多小时后回酒店，小爷丢下手中的游戏机抬头问：怎么样？爷回：灰常灰常好！矮油，这是逛美了，难得的爷也会说潮语了！ 我在:http://t.cn/8F9bzj1	1
现在过来，时间刚好啊！[嘻嘻] //@Jefflo_LetsBurger:周末愉快，就在今天，欢迎大家参与！[嘻嘻]	1
#果果爱美味#晚餐香蕉蓝莓饼加烤土豆。推荐亲耐滴们也自己做点蓝莓酱，超级简单(新鲜蓝莓洗净捣碎加入蜂蜜即可)，早餐涂在切片面包上超级美味哦[哈哈][哈哈]	1
#洗之朗马上有温暖#2013最温暖的财从天降[抱抱]求温暖请点击 http://t.cn/8F4Kx0y	1
这么便宜！！！！有没有亲心动了想走一个？[哈哈] [哈哈]	1
走你~[爱你]	1
#vivo xplay3s#2k级别的vivo xplay3s屏幕，一年期的免费迅雷看看vip会员……32G内存，这就是个移动电影院啊~@vivo智能手机 对了，@耳机林sir 在卖萌这件事上，你完胜@殷破败 [哈哈][哈哈][哈哈]	1
回复@胡享波:[哈哈] //@胡享波:男左女右	1
瞧这两位[嘻嘻] 我在:http://t.cn/zRPEWFt	1
太搞了[哈哈]//@Carol优活女人:哈哈	1
#万丽美食课堂#甜心们的甜品[爱你][爱你][爱你] 我在这里:http://t.cn/zHeaet3	1
回复@zhangyue4687:今晚有个脱口秀活动 明晚是拉丁爵士party 周六有个外国朋友的乐队 周日是相声和爵士乐队[可爱] //@zhangyue4687:最近每天晚上的演出都是怎么安排的啊？喜欢乐儿的就餐氛围。@乐儿餐厅 //@乐儿餐厅:我们都在期待	1
[衰] 700多封邮件，密密麻麻，删都删到手酸，回复，归档，下班前还有80多封未读 [衰] 小长假的代价！现在要倒过来说：play hard, work harder!!! 节前节后辛苦亲爱的@李秋千 [爱你] 红枣咋也不来吃[委屈]	1
[哈哈]AC米兰的球迷估计也要备一个……//@合肥潘思强律师: 还能再损点儿么？都是球迷，都不容易!//@项石石石: @无V无畏 @方昌林	1
只有大王小王有价拍，其他都是送给学堂和俺的粉丝啦//@龙辉全: 支持！弱弱的问天哥一句：最小的是方块3么？拍多少起拍[害羞]//@魔方铺:转//@杨亚天: 有机无价啊。。。//@雍容大度我心飞扬: //@外贸餐具: [鼓掌][鼓掌][鼓掌]//@杨亚天:拍吧，非同寻常的扑克 //@五粮酒姐高英华:拍	1
选择正确,何来忧虑![鼓掌]	1
官段儿比民间段子笑点高，后劲儿足。[嘻嘻]//@赵路律师:日子过的像段子似的。	1
终于拿到了公主的签名版新专辑，特别适合晚上写稿时听，超级耐听！[爱你]@arale @和气音乐	1
@非凡精选xGallery 预定就有噢[嘻嘻][嘻嘻][嘻嘻] //@springerdudu:同求 //@麦韬旅游:求一个 贴箱子~~	1
你去成都了撒？ 明年我就又心动丽江啦[嘻嘻]。 不是，就是我说的厦门环岛～ //@CheRieXiXiSucre:妞儿 我成都都还没蹦达完回家呢 就又想诱我去厦门了呀 等你回来 明年咱约起来哈[爱你] ps：pic1是厦大附近？	1
[哈哈][哈哈]//@丰乳肥臀v:[哈哈]	1
小小吉?[哈哈] //@汤吉吉小姐和老任的幸福生活:可爱的溜溜姐@嘻哈当家主持小宝	1
中国的媒体如果不为中国的设计师说话，那不就成…… [偷笑]//@邱卢克:有种同呼吸共命运的感角了都！//@贝贝9603:[哈哈] //@宋喜岷mitzy:说的好！[爱你][赞][赞]@贝贝9603	1
//@Sarah-Basetex: [哈哈][哈哈][哈哈]	1
意思是我今年该有动静了? //@菜小灿:不得，我陪你一起[爱你]，不过还是要加紧步伐找???  //@戴晓雅:我只能目送你们走向幸福自己才可以安心的找幸福对不？@菜小灿 @呆呆的练小宝 @皮皮小J @?凌 @San_Y   //@创意精选:12星座单身率：1.水瓶（单身到31）	1
moko大模特们辛苦了！在club suzie wong拍摄了一天[爱你]期待你们的大片儿@诗梓佳Kitty	1
在公交站看到一帮淡妆正装的女孩，我并没有像往常一样上车找位置，而是让他们先上。每年这个时候对正装女都充满好感，不是因为她们美，而是他们奋斗的心态美。各位找工作一线的童鞋们，你们要加油哇[爱你]	1
哇！这不是为80哥量身定制的吗？传递爱心，咱们走起来！[给力] //@麦客北北:[嘻嘻]@舞计划 @80公升 @沙枣花助学铁匠 深度合作，共享平台咯	1
想看到这一幕，我承认我是唯恐天下不乱，呵呵//@大仙: 希望莫言像萨特那样，拒绝领奖！//@静娅: [哈哈]	1
@蕾女心经 你为什么总欺负我呢？是因为我太疼你太宠你太迁就你了吗？没办法，遇到你我就变很贱，因为我爱你[爱你]	1
拍的那么好，不获奖都难[鼓掌]	1
//@其实我喝拿铁:靠，太TM重口味 //@36C-cup:这才是「飞翔从此大不同」！[哈哈]	1
经典就是经典[嘻嘻] 想起彼时一家人看西游，其乐也融融。	1
向艺术和奉献致敬。 //@jamyangs:公益项目，微笑阳光?雅安乡村幼儿园项目组，坂茂建筑事务所设计的纸管系统房屋，当地居民和来自世界各地的志愿者共同搭建。 //@私旅行:哪家公司做的？材料不错！  //@郑艳琼:[鼓掌]	1
刚刚结束了7天的假期，不少人出现了肠胃不适的症状，这可能是因为假期中生活作息和饮食习惯改变引起的。小编建议大家：节后要以清淡、简单的饮食为主，不宜吃的过多过杂，饮食八分饱。坚持大概一周，就可起到帮助清肠胃的作用了。[嘻嘻]	1
[馋嘴][馋嘴][馋嘴][哈哈][哈哈][哈哈]吃饭，吃饭……[围观]	1
哈哈[哈哈] //@心情阳光: ??微博	1
可以选三个吗？236[爱你]	1
我家MAX的衣服有着落了哦，还有小妖，元宝，猪猪和阿贝 @枫叶荻花0306 @茶杯里的猫 @阿贝的妈 [鼓掌][耶][心] //@刺猬猬: 我和@销魂的马克斯斯 一起开的小店，一个服装专业+一个服装爱好者搭挡的专业+热情！我们提供专业之内的公司外单样品和备检品（所谓尾货）	1
[鼓掌] 打渔啦，一网不捞鱼二网不捞鱼三网捞个大尾巴鱼，快来都太海鲜自助吃鱼啦，三文鱼、金枪鱼、希鲮鱼...[花心]	1
[鼓掌]谢谢节目组的贴心，《演员#张译#的阅读人生》高清视频，还没看的同学千万不要错过了！	1
[good][good][赞][赞] //@达晓呆Daphne:[鼓掌][鼓掌][鼓掌][耶][耶]	1
谢谢分会伙伴们的提前祝福，我们是相亲相爱的一家人[爱你][爱你][爱你][爱你]	1
拍了拍了 [雪][雪][嘻嘻]//@微博iPhone客户端: 【一场大雪点燃帝都热情】你那里有没有下雪呢？[江南style]拍个雪景、发条微博，一起来享受冬天的冻~之美吧！	1
30岁买套房，还30年房贷，再换给政府用来养老，这就是套利。[嘻嘻] //@丁丁-北京:这里也存在套利机会。[嘻嘻] //@李智强v:[思考] //@摩尔陈大卫: 再抢一次骨灰	1
宜家买的Stranne珊瑚台灯刚刚被我装好啦，随便凹造型就很好看啦，开心哦[爱你]	1
重点在于心态。[可爱]	1
回复@象风一样自由呵:再版改？ //@象风一样自由呵:俞总您说呢？ //@俞晓群:[吃惊]  //@蔡渊迪:《性?五章》的?名，封面?是一?裸女子。可?男?????不在。??世界根本上?是男人的。激烈的女?主?者?估?要去砸@俞晓群 老?的?了[哈哈]	1
回复 @guitar龟龟:很多，不知你想吃什么－？[嘻嘻] //@guitar龟龟:?便??在中???有什麽好吃的呀~  kame	1
与时具进嘛[鼓掌][鼓掌]	1
永泰还是阳光，到小尤溪已经是晨雾，又一次半环省开始[爱你]	1
//@劳毅波广州大波波:回复 @闲农 :[哈哈] 早晨 // @闲农 :中国人不怕死就怕没自己一份	1
姥爷大笑[嘻嘻][哈哈][呵呵][嘻嘻][哈哈][呵呵]	1
#晒曼谷杂志# //@ManGu曼谷杂志:[太开心]昆明！ //@郭蕊: 感谢粉丝们的现场报道[爱你]  //@张?Sunny:随时更新泰国信息，别out咯[嘻嘻]	1
今天天气不错，太阳都为我送上生日礼物?[太阳]，还有久违的蓝天白云。[哈哈]	1
回复 @契尔年科-:因为搭档@盛博 的一句话，让我得到了更多朋友的祝福，每句生日快乐都让我感动不已。谢谢让我快乐的工作，让我骄傲的朋友，让我幸福的家庭，谢谢你们让我拥有的一切 //@契尔年科-:生日快乐！熊大美女！ //@熊丽电台: 我很荣幸被@盛博 挤兑，这样能让我变得聪明。[太开心]	1
乡下的户外野炊 我最爱的是菜糊糊 来自莴笋叶的无敌美味[嘻嘻] @新浪江西 #水墨中国 新浪名博江西行# @中国最美的乡村婺源 @一汽-大众南昌欧亚 @新浪江西城市频道	1
回复@壹荷独秀:[生病]不要哪 //@壹荷独秀:回复@挚爱净土golden故乡:[嘻嘻]还想等着众人齐呼“万岁”啊？ //@挚爱净土golden故乡:我想说，对我身边的人来说，那个朋友其实就是我。[悲伤] //@航旅纵横: [偷笑]爆笑耶！你们身边是否有那么一个朋友，总是让你为他/她的智商捉急？	1
目前为止听到的最好的声音[good]//@啾啾PlusOne: 太感动了T-T宇宙好声音[泪]...//@姚晨: 亲，我在你的歌声里哭了...[din白旗]//@俞白眉: 正宗好凉茶正宗好声音。加油，你是最棒的！！//@赵赵: 好听[爱你]//@乔小?: 太好?了，想起了太多往事。//@白洱: 听哭了	1
//@胸口有颗痣:@xiaooooo @乐宇略 [爱你][爱你]	1
有娃之后吃饭都要提前问店里是否无烟，餐桌边是否能放下童车。去年今天知道有了可可，今天已经123天大了，而且不是外出就睡，而是全程欢乐的各种感兴趣，真幸福[爱你]	1
[鼓掌] //@Natalie优家画报:恭喜！ // @郭小一 :哈哈 //  @胖虎Aaron  : 祝贺祝贺，niku给力啊，哈哈	1
回复@九江生活播报:这项政策我们已经执行到第5年来了。 //@九江生活播报:@聚九江 @九江网 @ 九职信工学院记者团 @九江旅游杜少华 你们都知道不？[嘻嘻]	1
回复@华凝的围脖:薄荷??超级好养的，浇足水，它自己就可以长得生机勃勃的? //@华凝的围脖:nicole,你那盆植物叫什么啊，很养眼，好养吗？ //@Nicole的生活书:嗯?清晨来一杯，补水清肠胃?  //@巴塞罗那的小狐狸:每天喝一杯，健康又美白！[嘻嘻]	1
@脸Max //@性论: 这个微 博里都是美食创意，超心水[good] 学做美食的都来看看啦。真心不错。[鼓掌]	1
我赞@小乔Rococo 老师今晚的服装超拉风滴，小乔老师自嘲不仅拉风还透风嘞好幽默好可爱[兔子][亲亲][亲亲]老师本人超瘦不说皮肤还好到爆[思考]完全没被北京的干冷天琪击败果然是美容天后[威武][威武]话说我今天的搭配小伙伴们还满意吗[亲亲]给个赞吧[鼓掌]	1
走着美妞//@野千寻: 心动不如行动哈，大家通通动起来[爱你][爱你][爱你]@酒窝果果AK @北京-橙色咖啡 @六零先生	1
这一碗小小的米粉，牵动着多少游子的胃。@蓝天下的荞麦 @蓝蓝红花朵 @彭啦啦 @珠宝杨宇辉 @摩迈 馋了没？[嘻嘻]	1
[太开心][微风][微风][微风] 真美，你拍的真好~	1
//@梁?琪:?得天天要??情保?喔[爱你]	1
现在去小区25米游泳池，一定煮饺子了！[围观]想去个大池子！郊区住着伤不起！[嘻嘻]	1
为了尊重非吸烟者的身体，我已戒烟到第四天了！吃饭时看到朋友@杭州丑丑 @天禄车队军锋 吸烟特纠结[可?]晚饭后特难受时泡壶好茶加锻炼腿部既然就舒畅了！大家谈谈戒烟的感受吧！[酷][?嘴][嘻嘻]	1
我证实，此女靠谱滴！ //@董其峰:此女再次微博相亲[哈哈]	1
@豌豆荚 即将发布新版本，果子们以后下载#豆果美食#  和#美食日记# 更方便了哦~[鼓掌] [鼓掌] [鼓掌]	1
[嘻嘻]//@马伯庸: 为啥你们突然挖这个坟呀？[抓狂]	1
支持！南区操场上的爱心。[爱你]//@馨悦的大公主: 贵州大学也即将会在新浪微博上成立“关注黔金丝猴小队”，最后获胜的小分队还会获得环保证书并且免费游梵净山的机会哦，同学们快快参与吧！@贵州省旅游局//@贵州大学学生之家: 关爱世界独生子，黔金丝猴	1
看来大家和我们的天使玩儿的很High啊[爱你][爱你] 今晚一定会做个美梦咯[做鬼脸][做鬼脸]	1
@悠悠陌上桑 [爱你]	1
一夜之间，小达粉丝就过万了[哈哈] 达粉们给力啊~谁是第10000个？自己出来认领吧	1
这条路线不错！有机会体验一下[太开心]@艾狸狸-艾影像 @JUE的咖啡时间 @请叫我小S //@陈栩乐道:拜托传播！谢谢@刁蛮猫仔 @linda赵8008 @行者无疆8668 @资深旅游体验师 @国旅总社资深专家 @非洲行-王娣 @大静静Renjing @lisa诸葛 @逸游网甄浩 @陶永亮Alan @easytour_wxb @happy大-猫 @小欣的花园 @静水	1
【粉丝福利第10弹】维C之王沙棘藏蜜！10月14日-10月20日，关注@悦活堂养生 和@Nicole的生活书 评论并转发此微博，一句话表明对沙棘藏蜜的认知或见解，同时@ 三位好友。本次活动将选取10位幸运粉丝，每人送出无糖沙棘藏蜜1瓶，活动介绍详见海报，感兴趣的小伙伴们，都来尝尝吧[亲亲]	1
做为实现四个现代化，德智体美劳全面发展的好孩子！坚持就是胜利[威武][嘻嘻]	1
哇！得奖啦！看来我做早饭的手艺还是可以的吧[哈哈][嘻嘻][给力]再接再励，继续参加！	1
【#超级笑星# 精彩剧照】[太开心]萌萌的大山老师和杨议老师向大家问好啦[哈哈]~还有两天新一期的《超级笑星》就要和大家见面了哦~想要《超级笑星》定制签名照的小伙伴们记得积极参加我们的转发抽奖活动哟~传送门在这里~【http://t.cn/8FLH57n】[鼓掌]积极参与机会多多~[嘻嘻]	1
18点2吃春饼 //@新浪财经:亲们，“春捂秋冻”，注意保暖，穿得可别太少！[嘻嘻]	1
艺术人文频道5月17日21：00新青年“A-LIN沪上搜店”，猜猜看是新元素哪家店噢，视频链接http://t.cn/SZgfPj 3分24秒开始亮点~[可爱]	1
有朋友说，来了@文怡美食生活馆 后，总觉得自家厨房变小了[哈哈]	1
[哈哈][哈哈][哈哈]希望不要被夸张准了，还是支持民族产业者！	1
乌镇的雪正在堆积中！这是乌镇台客栈望出去的角度！有一点白白的积起来了[嘻嘻][嘻嘻]	1
#高级定制# VCA定制系列    18k黄金红玉髓5花手链出现货啦...[哈哈][哈哈]之前一直问红玉髓手链的童鞋们赶紧啦...现货只有两条哦...[偷笑][偷笑][话筒][话筒][话筒]	1
还第二呢！幸福在哪儿呢？ //@零度飞跃-北京:处女座大赢家啊！[哈哈] //@华蜜--曼歌:[鼓掌][耶][耶]	1
说谁哪？吃喝玩乐大搜索第一淑女，在下祝所有看到此微博的朋友们、同学们、同志们（就是单纯的革命关系的那种），吃嘛嘛香，身体倍儿棒！[鼓掌][鼓掌][鼓掌]	1
【女人的20种瘦身圣品 你知道吗？】：1、绿茶；2、丝瓜；3、冬瓜；4、黄瓜；5、紫菜；6、韭菜；7、海带；8、绿豆芽；9、辣椒；10、苹果；11、柠檬；12、白萝卜；13、醋；14、兔肉；15、赤小豆；16、大蒜；17、鸡胸肉；18、鹌鹑肉；19、荷叶茶；20、木耳。[爱你]	1
行动派啊，太给力了。 //@艳子Jane:海带[哈哈]，馋得我的哈喇子啊	1
逛超市ing，哎嘛，我咋感觉我被憋了好久好久，一进超市就疯了的感觉[鼓掌][鼓掌][鼓掌]	1
"这""小别野""看上去好巴适呦！[嘻嘻][嘻嘻]"	1
[哈哈] 太Cute了	1
[亲亲]继续传播 //@杨2婕娜姆: 感动，谢谢[呵呵]把好运分享给更多知心的友@于靖_ @EJ杨桔 @YvonneYue // @优品雷公 :虽然家里也有一个，还是要转给@杨2婕娜姆 。	1
//@另一种生活Iris：[哈哈] //@云泉微博：//@91wan：[汗]	1
快马加鞭到站，路边的叔叔看了我一眼，没言语…[哈哈]  来自诺基亚地图 我在:http://t.cn/zW125qJ	1
信用卡不设置密码[嘻嘻]//@lazycai:解决方法呢？不刷卡么？	1
香啊！真香！哈。蓝山在手，快乐我有啊！~@热点红姨: [得意地笑]@热点美食天天在 @谭育君77 //@金梅央: @黄记煌-黄耕 @雅座白昱 @创业天使_燕金成 @少宇adman @边疆边吃边说 @濠上儒哲 @茶-禅-道 @热点红姨 @创业天使BONa波娜 @创业天使_燕金成 @佛法悟边 @微美食 [鼓掌]@胡滨微博	1
一窝兔子的头顶还有一颗嘎嘣脆的巧克力的树~树上还开着几朵艳丽的花儿，枝头也悠闲的停落着几只可爱的鸟~多么俏皮的一幅画面哦~吃起来果真是心情倍儿棒~[嘻嘻]//@中国日报网手机动漫: 糯米的么……外面是椰蓉么……里面的馅儿不会正好还是红豆沙吧……苍天~~[好喜欢]	1
各种甜 //@任芸丽: 甜豆花、驴打滚、杏仁茶、花生露、豌豆黄、萨其马…总有一款适合你[爱你]	1
三亚丰富的热带水果[鼓掌]	1
欧吧，我来了[哈哈]各种泡菜，各种思密达 我在:http://t.cn/8krzfp2	1
//@郭晏平:谁故意这么干的？一定是阶级敌人搞破坏[哈哈] //@鬼谷子刀具:转发微博	1
回复@波光粼麟:谢谢[嘻嘻] //@波光粼麟:生日，升日哦!愿你福气，运气，一直升,一直升,一直一直旺到老:-))生日快乐!!!天天快乐! //@马剑是谁:回复@东京留学:同乐同乐，[哈哈][哈哈][哈哈]  //@东京留学:快乐咯[男孩儿]  //@马剑是谁:回复@糖奇玛朵Sakura:谢谢[嘻嘻]   //@糖奇玛朵Sakura:生日快乐呀	1
[嘻嘻]//@牛明昱:吕抒扬，这十年来你在支付宝花了11万花天酒地，而你从2007年起就欠我钱一直欠到现在都不还，你好意思吗？你现在还欠我1600，我一毛利息不要，你当初写的字据我也不按那上面说的利息要，你把本金还我也就罢了。别以为躲沈阳做缩头乌龟就好了，这钱你不还我这事完不了。	1
只有全新的财经天下才能超越财经新闻[嘻嘻]	1
没赶上今年的10.10.10“十全十美”；那就等明年的11.11.11“一心一意”；还不行的话那就后年的12.12.12“一辈子一爱”；要再不行还有大后年的13.1.4“一生一世”；要实在再不行就等大大后年的14.5.20“一世我爱你”；要再找不着结婚的对象，我就打算剩着！[嘻嘻] [嘻嘻] [嘻嘻] ……	1
抢到了10月5日昆明回北京的4.5折机票，超级开心[抱抱]。。可惜只有1张[鄙视]。。nnd @张熙	1
你去想一想,你去看一看,月亮代表我的心![哈哈] //@新鲜旅:#最好的月亮#带着微博去宜春，你将感受到的不只是明月澄明，灼灼其华，还有更多……	1
天高任鸟儿飞，牛皮拣大的吹！ //@杨承平://@鬼谷传人://@成都资本之鹰许量: //@但斌://@简直: 亮剑[嘻嘻]	1
#高级定制#  B家定制系列  陶瓷吊坠项链  有黑 白颜色...[爱你]男女都适合的一款非常帅气有个性的项链哦...[鼓掌][鼓掌][鼓掌]中意的帅哥美女找我哦...[做鬼脸][做鬼脸][做鬼脸]	1
其它都好，就是??????????????颜色稍暗[嘻嘻]	1
你的脚气吧 [哈哈]  //@小龙哥king:赞，欢迎胡总来我们组多踩踩，这里有浓郁的地气。。。	1
//@婚礼策划师李欣芸：大爱 //@罗懵懵://@徐瑞36plan:这张太有感觉了！ // @??婚纱织造馆Lyra : #每日海报# 的意思就是一天都不能落[嘻嘻] @婚礼策划师李欣芸 @柴利增 @徐瑞36plan	1
出门14个小时之后终于到家了，没想到今天最后还有两个惊喜~@昏花的贼眼 竟然送我家庭星河投影仪，你是要浪漫死我呀？@七喜宝贝儿 送的ukelele太可爱了~还有Jackie从洛杉矶带来Kerri做的birthday cookie，再加上@碧朱 的小熊蛋糕跟今天@CAA创新精英 每个同事的祝福短信... Thank u, I love u all![爱你]	1
尽管高温炙热，但依旧觉得家乡的天空都蓝一些...快到咯..[嘻嘻] 我在:http://t.cn/zQ0Svc1	1
8月18日#账号迁移晒截图中奖名单#[哈哈]恭喜以下10位中奖童鞋@第七自由 @撒伊 @绿豆and沙冰 @黑面典V @Ma-鑫 @MissQuIn @白菜米虫 @Counting康丁 @萌小为是不晚睡会死星人 @STU-广京京 每人获得“小米记事本”1个，请私信小编领取奖品哦！	1
你想和机灵可爱的CoCo做什么呢？ [可爱] @amor27 @小潇儿被抢注 @王强scott @Daniel的豚骨拉面 @杨雯yaa @美莹C @王玮Andy @叶小贝 @天线tian的信号站 @顾商游 @葛绿克 @郭小懒	1
其实是看手相的[嘻嘻]  //@修侃:功夫大?@高晓攀 ～～	1
近日天天客满！[哈哈] //@12593诗蕊://@胡同印_Doris: 来体验一下正宗的白族文化吧	1
回复@琳琳狂爱乌镇还狂掉头发:必须鼓掌！[鼓掌] //@琳琳狂爱乌镇还狂掉头发:哇，原来刀哥要换新店了耶，好激动噢[鼓掌][鼓掌][鼓掌]	1
哎呀~ 可别得罪偶呦~[哈哈]	1
准备好啦！@Luna熊猫爱旅行 @mia327 @吹吹吹喇叭 //@携程客服:准备好了吗！！！[嘻嘻]转发关注即有机会赢取价值438元的上卧炫彩浪漫四件套一套。携程会员也可使用积分进行兑换哦http://t.cn/zYQmFbj	1
哇！#年夜饭#已经晒起来的节奏～[花心]我和我的小伙伴都惊呆啦！[哈哈]快来说说今晚餐桌上有神马好菜～放马过来！尽情的诱惑我吧～[太开心]	1
欢迎入住#Dusit Thani Pattaya#[爱你][爱你]	1
老实说，MAC作为开发机有点浪费呀 //@murj:要给大家趁手的武器[嘻嘻]  @美团	1
#苏州美食周# 关注@北京国贸饭店 在#三江咖啡厅# 用餐并拍摄任何与苏州美食相关的照片，分享到新浪微博[心] @ 我们和您的两位好友，就有机会获得纯手工苏绣精美挂件哦[礼物][好喜欢]活动截止日期3月24日[太开心] 话说纯手工的很精美[花心] 大家积极参与哦[带感][群体围观]	1
遥祝成功！[鼓掌]	1
够用一阵子的了[哈哈]//@DJ一丁: 这消息能在节目里说么？[睡觉]	1
回复@霍恩布洛尔:大姐啥风格？[嘻嘻] //@霍恩布洛尔:冯总，这期杂志，序言写的有点意思，看着挺过瘾的，应该是大姐的风格 //@中国之翼扣子:在神奇的日月潭相遇，是怎么修来的缘分？	1
//@维他命羊: Pie House已经有货了，为了避免草莓大黄派的译名吓到粉丝，还起了个中国名儿[偷笑] //@ToniMa:竟然是“大黄”？ 每年夏天在波士顿朋友的妈妈架总要吃到 Rhubarb Strawberry Pie, 总要纠结一番国内是否有这个红色的大菜竿子，没想到竟然是大黄[哈哈] @一土人京	1
//@我的同事是个极品: 女人就像一列火车。。。。。逛吃逛吃~~~~555555[哈哈]	1
滨州妮子转走[嘻嘻] //@马强美国移民律师:@美国华人杂志 //@卢志浩:[lt切克闹]	1
回复@刘京京顺子:l礼物可以转赠吗[抱抱] //@刘京京顺子:回复@怂的载体:礼物	1
执子之手，与子皆老，是一种信念，不是梦～[心]//@琪琪kikiflowerart: 学生时羡慕的一对[鼓掌][鼓掌][鼓掌][鼓掌]	1
这位可能是因为下令停止供暖受到良心谴责而凌晨裸奔赎罪的! //@票爷:多有素质的人啊，大半夜裸奔还知道要走人行线。//@狐二?: 多好啊。幸福的男人[哈哈] //@jacky麦兜: 看上去好欢乐的样子//@狐二?:看到这个才笑了。[哈哈]	1
//@皓伦王明川: [哈哈][good]	1
悲了个摧啊，喵了个咪啊～国内的外语培训班赚疯了，环球雅思和新东方都相继上市了，老外却开始学中文了嘿～[哈哈]	1
[嘻嘻][嘻嘻] //@Sky无处告别:@StevieBoy //@全球经典音乐:史上最豪华巨星阵容香港版《江南stlye》出炉！！[江南style] 场面超搞，不可不看！！	1
活动详情http://t.cn/zHrjCXU 深夜，最温暖你心的食物[心]――每个忙碌的都市人都希望有这样地方，在最平凡食物里，品尝到最不平凡的百味人生！我们准备好佳片美食，等你来分享美食故事～现场观众还可抽奖浦睿提供《深夜食堂》5~8集新书、笔记本、精美书签…[鼓掌]@朝南阳台@孙晔 //@清泉浅井:[爱你]	1
真是一帮银才，太有特色了[嘻嘻]！@烟台土老冒 @九尾狐818 @爱和自由2011 在片中看到了无染寺、西炮台、滨海广场、栈桥......烟台银们，嫩都看见神么了？[江南style]	1
@国家大剧院票务管家 ＜红玫瑰白玫瑰＞[哈哈]//@龙马社王明辉:@国家大剧院票务管家 <安魂曲>//@国家大剧院票务管家: 各位亲，周五啦，感兴趣的参加这个活动哦，音符水杯很带感哦。。	1
早在一年前的作品因为写到一半感觉失灵被搁浅[哈哈]，今儿突然有灵感把它整理完了，给自己庆祝一下，一会儿下楼给自己奖励一瓶 养乐多[哈哈][太阳]	1
老无所撸 //@斑马歌者_尤文30冠:海角七撸～[可爱][偷笑][雪]//@函数小姐:三傻大撸宝莱坞（喂……	1
三里屯，3.3，4楼，鸿雅依莲，美甲店，放着我一年前，最爱的各种歌曲[泪][泪][泪]@杨子伶 @亮svv 大爱漂亮的水晶[爱你][礼物][围观][威武]38快乐，习惯的，快来噢-@昆哥Q @左小强 @翟艳丽Angela	1
//@中国收藏的微博: //@摄影天空FotoSky: 【再穷也要去旅行】[给力][哈哈]！	1
新生么？去了可不要后悔啊~[嘻嘻] //@LeeTSPEAK:以后就呆这了[泪]最后一张吓屎我这纯南方娃	1
漂亮！我的最爱，秋！2012一定要去[嘻嘻][嘻嘻]	1
房间做了个榻榻米 追求完美的个性表露无疑 ?个小小的细节都考虑到。希望效果不枉费我这番辛苦 [哈哈] 目前只剩厨柜没有敲定了。欧派是真心贵啊 好在我所从事的行业能带来许多资源，让装修省力。边工作边装修，工作仍然是最主要的，不能因小失大，本末倒置呀。95	1
//@simonwangfashion:哈哈，生活大爆炸，成都吃厕所 //@xsl吴刚:凡哥V武了仨，厕所串串么，仅此一家 //@张程程Bridget:大家来成都一定不能错过这么好吃的串串[哈哈] @高珊grace @焦之雯kelly @simonwangfashion @xsl吴刚 @美丽笨女人Danni [威武]//@厕所串串-刘凡:我们的底料是任何人都仿不了的	1
回复@查无此人real:多提宝贵意见 //@查无此人real:老板啊…………[嘻嘻]	1
明晚[鼓掌] //@西子inTK:转发微博。	1
我有点晕船。。。[晕] //@店小2卡门: @杨帆是个形容词 好多人都扬帆，你适合去航海。[哈哈]	1
小心老鼠！[偷笑] //@玩脚丫:半夜变成猫，偷鱼去[偷笑]  //@小柳哥儿:馋猫[哈哈]  //@嗨辣老孙:回复@爱寻美食的胖墩墩:望京广顺南大街望花路口，64743866。太阳宫凯德茂B2，84297096。欢迎！[呵呵]  //@爱寻美食的胖墩墩:求 2个店的地址 HOHO~~必须去	1
//@相二家族?裕太Love_二?小?: @YAYA但求安好 ?於出正式消息啦! 女主是我女神耶[抱抱]//@BADA_小懒担KK拉西最爱51: //@zepheris-凌-: //@sheila_二?大神??我RP吧挖泥:あさみちゃん！	1
请问文火炖的是什麽肉呀？ 这张有那么点强调了[嘻嘻] //@康小莉:[偷笑]	1
太可爱了~~~[赞]//@东北王春江: 呵呵。这是一位热心观众阿姨根据我的乐队名字，特别制作的吉祥物。(小蜜蜂)看看和我像不？[哈哈][哈哈][哈哈]@爱玲_er @初春丶看雪 @二人转宣传社张社长 @歌手-姜泽雨 @关东沙沙 @和风转蕙 @兰楚 @Miss_孙小仙儿 @评剧演员天雨- @文联徐小军 @太荣剑 @心语5200 @张禄525	1
咱们结伴去布达佩斯当土豪吧！[嘻嘻]先备个攻略>>http://t.cn/zRoKlPj	1
回复@杏眼圆睁:扬州的朋友们已经开始行动了，谢谢大家了[给力][鼓掌] //@杏眼圆睁:得！有扬州的吃货们呼应，估计这事很快就能解决了~微博的再次胜利~ //@一麻一辣冯岩:回复@熊猫小姐爱美食:好的，放心，一定。。。  //@熊猫小姐爱美食:回覆@一麻一辣冯岩:老板，速度，扬州的吃货们迫不及待~	1
@杜?2011 @奔三婆 [哈哈]	1
[思考] 里面貌似有我滴声音[哈哈] ”心净自成佛””心中有佛自成佛”  感谢这首歌，让这两句话早早住进了我的心房[心] [太阳]	1
祝贺!//@谷声图书小巷: @蓝鲸旅行 @南国黑蚂蚁 //@谷声图书echook:哇！！！掌声鼓励！登顶了！[鼓掌]	1
照片很美。//@几苇渡: 说明你是长焦，不是广角…[嘻嘻]	1
[威武] [围观]//@赢商教练-Faye: [花心]眼馋中。。。。哥哥的设计最有[爱你]feel//@?燕Ashley: 靓啊！期待Simon哥的更多美服！	1
锦州的宵夜[哈哈]	1
这个盘丝洞，是搞摄影与相关产业 //@暴力大婶郭小苒: 嘿嘿。。。我们这里人称盘丝洞，又称剩女集中营~~大家工作中总是乐呵呵滴[哈哈] //@琴小屁:企业有前途，同事都超nice，适合有想法又踏实的young guys！	1
卧槽。。。不带这么黑自个儿的[哈哈] //@出版人卢俊:  //@连谏:[哈哈][哈哈]完爆人类	1
回复@yang小羊:[委屈][委屈][委屈]想去惠州求带吃带喝@卖珠宝的大姑娘 @Q佳音  你们有木有意向呢？ //@yang小羊:[嘻嘻][爱你]	1
请大家帮忙转！[心]//@我在村里叫小方:欢迎热衷于移动互联网开发的同学加入我们！//@葛永昌Gary: 弹性工作制哦，睡过头不担心！[哈哈] 亲们，这是一家奖励上班时间逛淘宝的公司，还等什么？[爱你] @张冉cindy: 11月10日南大招聘会，在江苏省高校就业指导服务中心 南京市上海路203号等你们[围观]	1
确实很准，祝愿爱我大白羊的人们幸福[爱你] //@Hellena:貌似挺准的耶~  //@裴_裴: 这说的是男双鱼？[挖鼻屎]  //@饭团儿童鞋:原来转星座的微博就是觉得有趣，也不一定和自己相似，也不是很信，凑个热闹罢了，但是这个看完真的颇有感触……只能说，理解的人原来在这里……至少我真心是这样的……	1
哈，熟悉的帅哥。。。还在想清明假期要不要去海南岛。貌似三四天不够//@刚峰看世界: 下次可跟上@行者谭迁 骑惠州绕大亚湾一圈[嘻嘻]@最美惠州	1
[哈哈][哈哈][哈哈][哈哈][哈哈][哈哈]你以为期头那么好吃哇?	1
很高兴收到并感谢@王辉-美屋 寄来的MlNG明日风尚杂志，从中不仅能看到＜不染居士的禅茶生活＞＜漫步台北的记忆＞还有＜杯中的意大利风情＞以及由西班牙大厨Jordi演绎如何将初夏的果实-朝鲜蓟搬到餐桌上???喜欢[鼓掌][鼓掌]	1
#早安海浪# “我相信人生就是一场游戏，相信人生就是一个残酷的笑话，也相信躺下静享人生的生活态度。”――BY 尼尔?盖曼 [可爱]	1
同性！必须滴//@王轶鸣：[哈哈] //@财经网:【你的选择呢？】	1
[爱你]mm	1
#湖南旅游频道#130805下午17点-18点相爱的去哪了？[爱你]【#签到处#嘉宾预告】湖南华天国旅资深领队 刘涛，分享最适合蜜月旅行的 -----【#长滩岛#】旅行攻略 @湖南旅游频道 在线收听：芒果网http://t.cn/hRv2H 微电台 http://t.cn/zldvEI1	1
已喷…！ //@环球时尚旅行:[哈哈] 坑爹啊！	1
明天我去北京，有谁来接机啊？[哈哈][嘻嘻][害羞]呵呵。。。北京的朋友们，好久没见的，最近才见的，你们可想死我啦！@小马发光 @羽毛大海 @LH涛先生 @文雅的小世界 @柳咏 @oolongtea24 @丑鱼尼莫 @XMAN_宗介 @环球旅行雷雷 @Luna熊猫爱旅行 @高鹏VIP @PrincessJane @无为之智 @费戈怕死 @卓玛曲措	1
哎哟，沉寂许久的我，终于要爆发我的小宇宙了！酒店体验师，走起～[哈哈][嘻嘻]//@酷讯酒店:[鼓掌]恭喜@冰沁于心 获得豪华客房（含双早）免费入住的机会，没有中奖的同学们也不要灰心，免费房的福利会持续送出哦，敬请期待更多免费酒店体验吧[拍手][带着微博去旅行]~详情查看:http://t.cn/zQnEwmg	1
[爱你]真乖！//@暗夜宝儿J: 就知道欺负我们小金。。。	1
做事先做人！相信以诚待人就会得到相互尊重哦！[嘻嘻][嘻嘻]	1
[嘻嘻]//@温迪雅微博:听说长得太漂亮不容易中奖，我必须得中个奖，打破这个谣言！	1
谢谢，已经拍摄完毕，在后期制作中。听朋友讲这个慈善晚宴的组织执行机构是中学生，参加这些活动会给孩子们的高考加分，去年的捐款给温哥华医院购买了一台最尖端的乳腺癌检测设备，今年的捐款要购买一台直肠癌检测设备。每年捐款用途极其透明。//@-温佳好:《留守男人》有在那里拍。期待[爱你]	1
美的嘞[鼓掌][鼓掌]	1
#行走天下#【旅游达人必备：157家国家AAAAA级旅游景区】今天是世界旅游日，距离十一长假还有4天。在这个如此适合旅游的季节，快转起收藏，做一个旅游达人！[嘻嘻] 湖北的这几个大家去过没？@宜昌达人会 @恩施达人会 @黄鹤楼景区 @湖北神农旅游投资集团 @武当山旅游局官方微博	1
此乃神物！轻易秒杀＂送石男＂李晨！[哈哈]@灰狼老史 @新浪收藏	1
回复@丛虫时移事往:是，那位海南基督徒说完坏话干完坏事之后就去忏悔，忏悔完再继续说坏话做坏事。 //@丛虫时移事往:[哈哈]好黑色幽默	1
又到了拔根的季节[哈哈][哈哈][哈哈][嘻嘻][嘻嘻][嘻嘻]@什刹海旅游官网 @什刹海胡同爷 @什刹海旅游咨询 @什刹海游船 @什刹海胡同爷	1
刚刚我发邮件报了一个bug，不久收到回复“处理中”，说实话，我都有点儿不好意思了。[哈哈][给力]	1
人类已经不能阻挡我们今天非要上了冰山梁的决心了，扔掉小切，6个人一条狗和所有物资全塞进一辆大切，出发！夜穿！光后排就12条腿！[哈哈]	1
#带着微博去泰宁#突然远离福州连续40°的高温，置身清爽的山间小县城，估计这下25°都不到[爱你]找一个大排档大块朵颐，太舒服了 我在:http://t.cn/zQpYfjT	1
[鼓掌][鼓掌] 这个花絮拍的真精彩！快看~传播！@我是聂导  //@丫头-莎小莎:@于靖_ @剑_走偏锋	1
看来电视剧杀青了，祝贺祝贺[鼓掌]@童小话的幸福絮语 快喊@苏有朋 童靴出来玩啦，懂的哈[偷笑][哈哈]	1
#李公堤御庭#活力苏州，传统苏州，水乡苏州，一边是传统园林的优美与静雅，一边是摩登城市的繁华和光影，不同的视觉，不同的苏州感受?而李公堤上的御庭有异曲同工之效喔，欢迎亲们来苏州喔喔[嘻嘻][鼓掌][鼓掌]	1
彪哥?表?你的[嘻嘻]	1
多练习就不晕啦！[嘻嘻] //@曲向东:俺跟着走一趟，估计就不晕船了。[偷笑]  //@极友阿霞:@曲向东 @韩洵 @阿拉丁儿Oo @莫兆铭 @车手阿B @海洋的戈壁 @极之美-风雪宝贝 @狼狼乾坤 @谈义良 @烫手的太阳 @潇峰AUV @极之美周沫	1
@魏大总 妞儿，这个专门给你，来参加吧，不错的活动，特适合你！[鼓掌]	1
[挖鼻屎][挖鼻屎][挖鼻屎] //@殷然微博:呃。。。北欧基佬卖萌。。[汗]//@瑞典驻华大使馆微博:亲爱的，今天是我的生日[蛋糕]。离开你后，我过得更好，你也要好好照顾你自己?[爱你]	1
此乃尹相杰，哈哈//@浪侠游七洲:七洲网义侠莫教授 //@七洲老字号:[嘻嘻]莫大师，换上了教授形象	1
[爱你]老妹回国带的礼物[礼物]！哈哈！	1
回复 @就叫大妞:[哈哈] 恭喜王哥！！@王劲松wjs  //@就叫大妞: 回复 @关太家的关兜兜:王哥哥第一，第一！周洋第二！@王劲松wjs @奥迪东北区周洋	1
走一个//@水煮吴先生: 果断报名参加啊[哈哈] 有想去的么？	1
@微创业联盟 //@程小乐N:愿意付出，不求回报。 //@新陈东:结合了@杨亚天 说的利Ta，和《影响力》说的互惠原理，不过还是没思考透彻[呵呵]有些经验需要实践，如山药兄弟@企划小哥哥 @快乐的山火 //@山药哥赵作霖:利他，结缘，威力无边[鼓掌]	1
回复@胃怀天下:下周不再北京，19号回来，中秋前哥几个得聚聚@陈玉霞博斐秀禾 //@胃怀天下:应在在，@陈玉霞博斐秀禾 J在您嘞楼下留言啦。现在圈@彭涌_爱美食 [嘻嘻] //@胃怀天下:#屋里厢#名字真雅致，怎么个俺人头收费？都有什么特色菜？[馋嘴]	1
谢谢亲的祝福！美好心事，衍生美好未来――你信，它就在！愿各位亲：2012，正面能量大爆发喔[心][鼓掌][嘻嘻]	1
[兔子][熊猫][嘻嘻]	1
//@夏胜洁:[嘻嘻][哈哈]	1
小情调[鼓掌]	1
回复@语真a:挣出瓶颈之时，必须大大地扬眉，吐一口气[笑哈哈] //@语真a:万事开头难，等思考过去便是一溜儿地顺，祝顺！[爱你]	1
//@唐波谷: @思想聚焦 @止庵 @大鹏董成鹏 @俺叫老鬼 @郭斯特 @第一微闻 @?小明先生 //@新疆师范大学新媒体协会:给女神点赞[花心]//@丁小璐Rachel 姐姐要上央视啦[太开心][鼓掌][花心]	1
看完《白鹿原》来黄土谣吃biangbiang面[太开心]	1
//@王朔有话说:给力！[哈哈]	1
皇后年轻时真心是超级大美女[心][心]与泰皇郎才女貌，神仙眷侣啊。 //@泰国鸣人:新一期来到！[鼓掌]	1
深井冰欢乐多系列连载 [哈哈]每日一弹之第95弹[耶]	1
@张晓蕊rry2 好多记者开客栈[爱你]	1
客气客气，比较专注，过新年了，呵呵呵//@我不是你认识的大大大大羽:谢谢！今天小年啊？哈哈～我都不知道！普天同庆 ！[哈哈][哈哈] //@旅游探路者之追寻:小年快乐，祝快乐啊//@我不是你认识的大大大大羽:去去去！！！[带着微博去旅行]	1
//@百分之十永吉:[哈哈] ，沾光 @HZ-Andy:祝贺学弟 //@梅林腾天:  //@浙大飘渺水云间BBS: 热烈庆祝浙江大学体育系运动训练专业2010级本科生@孙杨 同学在2012伦敦奥运会中勇夺中国男子游泳首金。至于文体优秀奖学金、二课分，不会少你的！关注Olympiad板，畅聊伦敦奥运会 http://t.cn/zWxfpym	1
真的是不上妆更好看[嘻嘻][嘻嘻]@春楠EBI发妆店 别抓狂[嘻嘻][嘻嘻][嘻嘻]	1
哦懂了，心脏是长在右边//@乐淘陈虎:他是认真的// @返利网朱? ：[哈哈]。。。当我傻子啊[打哈气]// @麦包包邱玉栋 :不管你信不信，我反正信了！ //  @张自权  :这真是一个奇迹。。	1
更使洛阳的后花园。[哈哈]	1
昨晚在星爷西游的陪伴下提前过了情人节。虽然片段有点像恐怖片，但“儿歌300首”到佛经的过度蛮自然的；女爱得炽热男依旧闷骚；笑到飙泪却另有回味。为星爷鼓掌！[鼓掌]	1
礼物已收到，很精致也很实用，特别适合我这种经常到处去的人，下次出门就带它了[哈哈]@COMO酒店集团	1
//@迷糊娃娃12366:// @有如神助之 ://  @Blueian  :[嘻嘻]//   @环球时尚家居   : 太真相了！！！！	1
回复@陈玮CW: @张雁彦 果然是心不灵嘴不巧，大家这下都同情地以为是你自己被门夹了，我窃笑之，同时证明，你脑壳确实是被门夹过。[哈哈] //@陈玮CW:回复@范佳丽:O(∩_∩)O哈哈~ 那准确的说她该是脸被门夹了哦……	1
[兔子] //@冷笑话精选:全世界最动听的三句话，别怪冷哥没告诉你啊！[哈哈]	1
回复@一麻一辣冯岩:期待更多的新品带给消费者，让夏季过得跟缤纷一些！[good] //@一麻一辣冯岩:回复@侯莉梅_名厨:[哈哈]谢谢	1
错了，那篇聊天下的名字叫“政治?女人?床”，说的是女性政治的问题，文字幼稚，但主题严肃。网上还有文字链接，http://t.cn/z8vzzXR //@琳琳的故事:战争?女人?床[嘻嘻]	1
@摄影师Pinky @arrcmis @瞧瞧看看想成为菲积斯基  大家都戴口罩了吗？[嘻嘻][哈哈]	1
长的太美了 所以肯定是[嘻嘻]	1
[哈哈]一个配古装，一个配婚纱[鼓掌]	1
回京[嘻嘻]	1
回复@莫高戴胤:[哈哈][哈哈] //@莫高戴胤:原来白石老人也玩手机啊，最后一张 //@韩湛宁: 转发微博 //@韩湛宁:转发微博	1
太帅了！！！！[笑哈哈]//@胡门太极娃: 神马情况？[哈哈]	1
讲卫生一定是好习惯，呵呵。//@新加坡旅游局官方微博：不管是高级餐厅，还是小吃大排档，新加坡都想给大家最洁净健康的用餐体验。谢谢各位认可我们。[可爱]	1
有高度！[鼓掌][赞] //@印岚-edaytown:吃乃人生大事，吃货团吃出一个新世界[嘻嘻]  //@王岩52377-地产:在BVI已经注册个壳公司“天下吃货”，准备在OTCBB挂牌。然后反向收购中国的餐饮业[哈哈] //@杜猛: 比如「百城参谋团」 //@蒋鹏jeason:对的	1
这是昨天的演出照片啊！不错哦！！谢谢猫猫！！我很喜欢！[嘻嘻]	1
一会去菜百，姐姐@久久莫须臾 要送我条项链！哈哈！！[嘻嘻] [嘻嘻] [嘻嘻]先谢谢姐姐了！爱死你了！有姐姐真幸福！姐姐[威武] [给力] [威武] [花心] [花心] [花心]	1
谢谢您对超值午间套餐的评价嘻嘻[爱你] 有时我们的个别活动会有雪莉，不过谢谢您对酒单的建议！[可爱]	1
想玩儿股，反被股玩儿。//@小地喽?子:[哈哈]	1
贱人就是矫情！[哈哈][哈哈][哈哈]	1
美好的中午[爱你]	1
那个恐怖的年代！//@王若皓：[哈哈]	1
我在这里: #林芝县#虽遇车祸，但见到梅里雪山之首卡瓦博格的老婆南枷巴瓦雪山，具说非常难得。傻x帕拉丁一路单行路切车间接造成?族兄弟翻下，万幸仅此段有树，坡缓！司机受伤无碍，祝福他安好！并再次一蹦[哈哈][哈哈][哈哈]@宣毛和他爹的薄小荷 http://t.cn/zO8leOy	1
[哈哈]//@金银岛-阿俊: 鸡油黄，我中毒。这个是不是禽流感[哈哈]	1
[哈哈]//@谢娜: 我准备对管话筒的同事唱：没有一点点防备，也没有一丝顾虑，话筒就这样出现，在我的背包里带给我惊喜[吃惊]，情不自已[泪][爱你] //@曲婉婷Wanting:“对不起，我的失误。话筒在我这儿。Sorry! 我下次注意！” 其实....也没什么难的啊！加油谢娜！	1
回复@禅心茶香:[哈哈][哈哈][给力]早！ //@禅心茶香:太有才了[鼓掌][鼓掌][鼓掌]	1
惯性思维以及无法急拐弯的资源、储备短缺，市场认知盲点…都决定了转型的艰难@maggietang汤汤 @臻言 //@郑景枫:春哥怎么看？[哈哈]@春文福州	1
回复@山谷回音sg:他喝了酒给我剪头发，剪刀掉了三次不说，关键是把头发都给我剪缺了[抓狂]，不过他喝了酒做的菜倒还不错[偷笑] //@山谷回音sg:我记得他给我整的一头鸡窝！还饿到晚上12点才整完。还好中途偷了菜给我吃。  //@若水X: 啷个一下斗升级为“叔”了哟。。。不过标哥的摆盘风格一如从前[嘻嘻]	1
#老照片曝光#  看！这青涩哀怨的眼神 还有微嘟的小脸[哈哈][哈哈] 活动部硬盘里真是太多秘密啊[浮云][浮云]@神勇小白鼠二号	1
谢谢亲的鼓励。好下饭的菜，我也吃点再走吧![嘻嘻]	1
这位朋友，您是打算拿它当矿泉水喝么？[鼓掌]	1
今日发生一起特大车祸，百多辆车翻车！场面十分混乱！竟无一人伤亡！坑爹呀[嘻嘻]	1
看到！[爱你] //@李安安_Ann:回复@猫舍-Annwj:我这样回复，在同时转发到微博，应该有了吧[晕] //@猫舍-Annwj:发微博 @ 了你们不下十次，但是微博就显示不出来，为什么呢这是，评论@ 你们看的到吗，看到回我一个。@Frida_Z @蓝某人曾经也叫蓝天	1
回复@老朱一家子:上海往返，11月是没特价了，12月计划还没出来，北京往返，要星期一答复你。//@老朱一家子:12月有特价吗?[嘻嘻]//@途易在线:特价，是送给有准备的人的，大家要提前办好护照，一般要2周时间，加急1周。//@圆圆是个小狐狸: @善良的秦小风风 @偶系小小小丸纸 @Klee思索中	1
秋~[可爱] //@姜??:秋天的景色 配上娃娃 真迷人	1
刘同还有这么可爱一面[鼓掌]	1
恭喜恭喜，求签名版滴[鼓掌]	1
[嘻嘻] 介样才能够体现出帅锅滴实力嘛~~	1
[鼓掌] //@三样菜:哇，原来是江湖吃货们的小聚哦！[嘻嘻]那偶们三样菜可热闹喽！没关系嘛，来到三样菜就是要大碗喝酒，大口吃肉滴！放开了整啊！难得的周末夜晚！[可爱]	1
#宏村#鸿渐于磐，饮食街街，吉、典雅、高贵、优美、纯洁。[围观][哈哈]	1
//@曾经的水晶泪滴:看看，拉空了吧，这也是一个那什么谈道德的年代[嘻嘻]//@逅然://@i于??: //@蓝天再现:精辟//@阿宝博客: //@草民嘟囔: //@囹眼葙看: //@重庆代平国://@湖旁边人: //@慈面阎王:的确是这个样子的	1
大数据时代全媒体环境中旅游的感验营销。[带着微博去旅行]@山阳英雄 @无意飞扬- [嘻嘻] 我在:http://t.cn/8DFxOyC	1
美丽天水//@国土所长: 避暑的好地方哦！[嘻嘻]//@银川徐刚:好地方，应该很凉快吧？	1
[酷]//@mimi_申: [鼓掌] //@Miss_cynthia_:爱bsd//@二十翼:北师珠，抱一个！//@rainlinna: 哈哈哈哈哈哈 //@方思逸BeaR:我是北师珠，我为自己代言//@晓宜开始心的流浪: [威武] //@爱笑的xiao徐:[给力][威武][good][赞]//@努力加油ing的x??: [good][鼓掌]	1
[哈哈] //@武旭峰:诗三百，节三万，一言以蔽之：让节庆活动回归民间。	1
//@英杰拉姆:明天见！[爱你] //@FINE精制家具宋晃:转发微博	1
小龙浪美甲[嘻嘻]	1
受邀 @美丫妈妈-起司蛋糕 体验北京APM 6层新店，起源于日本，风靡于台湾的起司面包松软绵润，入口即化。推荐：起司蛋糕、小新的最爱，可以挖着吃的蛋糕！难怪每次都要排队等待，值得品鉴！[鼓掌]  我在这里:http://t.cn/z8LvCnk	1
性感的内裤[哈哈]	1
#不要轻易相信网上的图片了#联想的又一旗舰机VIBE Z（K910）据说拥有8级实时美颜，还可以实时预览。据说去油提鼻梁开眼角神马的都可以完成，比去韩国恐怖~以后网上看到的美女还是考虑从一下再搭讪吧~[哈哈]	1
我17年前去过一次。。跟我印象中的完全不一样呢！[吃惊]//@中国国家地理客户端: #每日一图#答案揭晓的时间到啦！！！！[嘻嘻]这里就是――峨眉山。图为峨眉山金顶华藏寺。亲们答对没有？[太开心]	1
@不可比方 你跑不掉啦~！这辈子和我栓在一起。[嘻嘻]	1
#海航微聚会# 美丽空姐现身啦[哈哈]现场顿时火热起来	1
现在就在这么做，等待更严重萧条。//@高玉柱_泰达:做梦呢？ 萧条，国家财政收入不足，必然增税//@朱思行: 萧条好，可以推动zf减税，精简机构，体制改革。//@汪金保:萧条，好哇！[抱抱]//@经纬张颖: 真实的情况是中国经济正在经受一场滑坡，除了这个统计出来的GDP和CPl，我们看到的实体经济数据全都	1
@宝宝赵小猴 //@上层传媒李昀：[哈哈] [哈哈] [哈哈] 我要当仙女	1
#过年#【腊月廿三】回家过小年，晒晒家中传统年画，都说这天灶王爷灶王奶奶要上天去打小报告，赶紧吃块巧克力吧，求灶神给全家美言降平安[可爱]@Moviemao	1
回复@独臂老宋:好活动一定要广而告之 //@独臂老宋:[酷]好活动，我没宣言，但能艾特仨好友[嘻嘻]@华子de围脖@鸢尾@J调de华丽	1
学生手册，怀旧一下[嘻嘻]。你用过这个版本不？	1
#才子晒奖品#谢谢@北京交通广播 #1039年夜饭#礼物，美容养颜红酒哈[太开心][太开心] 我在:http://t.cn/8FqdroT	1
马年去南京品味马文化是件挺有意思的事呀[嘻嘻]	1
瓦晴，到时瓦给你介绍白衣天使彦砚姐，想你们哈[爱你]//@只因有你_lx: 不想你[偷笑]不过咱们可以聚一下，哈哈，想你们[爱你]@爱小鬼的小怪 @小小女人大大梦想 话说可以的话咱们是第一次见面吧，彦砚姐@彦砚2011	1
“你有吸烟的自由，但你不能自由地吸烟”[鼓掌]	1
不搀和，转发????????????????广而告之[鼓掌]	1
谢谢，谢谢！四月还有哥哥的其他经典影片展映，请随时关注！[可爱]	1
头痛欲裂，难不成世界末日真要来临？药片吃下去了，希望一个好觉之后，波涛汹涌的脑海复归平静。。。[亲亲][爱你]@会飞的叶子Eva	1
#我发浴室，你猜酒店#各位酒店控，边泡澡边看海的节奏，你们跟得上吗？[哈哈][嘻嘻][哈哈]P.S.十一月快乐[爱你]	1
#我的午餐# 自制寿司，味道还不错！[可爱]	1
[bm可爱]//@北京黑松白鹿餐饮管理有限公司: 好啊，@延参法师 我们恭候法师大驾光临[鼓掌]//@延参法师:我也爱吃黑松白鹿，松茸汤！	1
李小哥儿见笑了[哈哈]最近组织去哪自驾了？有好地方带上我//@私旅行: @TIM生命?客 你要火啦！	1
#自驾春天#以成都为中转站，向西去金川看梨花，向北去彭州赏牡丹，向东去金堂看油菜花，向南去峨眉山赏杜鹃~花花四川，让人如何不爱。[亲亲]【四川赏花地图】 ↓↓	1
《宽怀人生》[嘻嘻]//@冯兰Bonnie: 嘿嘿，该多准备点的。。。感谢大家支持呀！	1
[哈哈]@童?标 @羊羊羊的洋	1
//@fengqing北京：转发[哈哈]	1
我一直以为它叫麻团[太开心][太开心] //@Stephen大头:欢喜坨[哈哈][哈哈][哈哈]@Nicole的生活书	1
爱旅行，好心情[哈哈]，亲照片拍的不错噢	1
#早安、沃阁#目前全市多云，西南风2～3级，气温27～29℃。预计未来三小时多云，西南风3级左右，气温将上升3～4℃。气温骤升也就算了，还这么闷！出门防晒装置要折腾好哇！[爱你][爱你]	1
姐妹们乡亲们，我的手机今天突然不听话了。第一不能打字了，第二不能用3G上网了[委屈]我这是千辛万苦找到有Wifi的地方发的。各位亲们就不要短信微信了，拜托直接电话吧[害羞]偶明天就去修手机[亲亲]	1
是香港少?的清新泰菜[爱你] //@herbertlui:吃得健康，值得支持[给力]	1
《谁的街区被旅游照亮》以大地风景国际咨询集团近十年在国内数十个知名古城、古镇和古街的旅游开发规划实践为基础，精准剥离出主导历史文化街区旅游开发成功与否的核心要素，并将历史文化街区旅游价值实现过程凝练为八大模式。隆重推荐！//@吴必虎: 这本书已经出版了啊？我还没拿到呢！羡慕博主[哈哈]	1
[鼓掌]好有趣的工作～//@胡起哄: 转发微博	1
食品加工？ //@绿野长工:在喷！户外人爱喷。[哈哈]	1
看来此行挺有收获的[鼓掌]	1
如果今天她要分手，别怕，你还有挽回的机会！[哈哈] cr.net	1
@Pollycs @贝勒orz @MSN_董洪波 @楠心-楠意 @那敢情好了 你们的最爱来了[哈哈] //@小聪明:回复@原麦山丘:[偷笑]好吧，我又相信爱情了~哈哈 //@原麦山丘:回复@小聪明:咱家的新店开幕信息，之所以在愚人节发布，原因是让大家在众多的谣言中，看到一个真实的信息。[哈哈][哈哈][哈哈][哈哈]	1
[抱抱][太开心]//@小曾跳Swing: 今晚！/@乐儿餐厅:美食美味+swing体验课[抱抱]//	1
[鼓掌]//@V龙卡西V: 转发微博	1
回复@低碳朱:谢谢[可爱]You can buy on the internet. http://t.cn/zWlkBua http://t.cn/zWKXhqZ http://t.cn/zWrwV4b[心]	1
我是出版社退休的，当知好书过眼、大赚其?。同行似无人约稿？ //@gtchenwei:[嘻嘻]//@罗志渊: 新古文观止！//@武旭峰: 回复@万庆涛:是！一定妙不可言。 //@万庆涛:按照武老师的意思，集结成书，编为《今文观止》，留给今人学习，给后人留下历史。 //@武旭峰:这样的佳作盼公之于众，供我辈学习，并传于	1
《非常了得》专属APP新鲜出炉啦！[鼓掌]	1
[lb啊]//@HyoWien6002yusootic0101: 李教授//@朴有天是无法或缺的宝:噗。。。//@LittleSummer唯爱LittleDayDay:噗，[哈哈][哈哈][哈哈]	1
[嘻嘻]年终奖―迟到券，亲，恭喜发财呀……	1
午餐做好了，雪菜冬笋，虾皮西葫芦，芽菜肉碎四季豆(以上是我做的)，白菜豆腐汤，笋干红烧肉(这是俺娘做的)，请@三摩地帮主 点评[嘻嘻]	1
[爱你]亲们，我刚刚发表了一篇文章，有图有真相，速来围观！[围观]||#蚂蜂窝游记#《JACK WOLFSKIN狼行天下澳新篇-追寻狼的足迹》，查看更多精彩>>> http://t.cn/z8FbyAw (分享自 @蚂蜂窝旅游攻略)	1
oye！！ //@EVA巍:#中国好假期#现实版吗？@李峥嵘 @胡大治 @黄村 //@新浪福建旅游:[嘻嘻]速度好快噢！	1
[爱你]// @张浅潜: 难为苍水半欲仙	1
[哈哈]//@陈果_George:网络上总是有人爱自证煞笔，没办法。	1
前菜，泰式拼?，看到那?多?料更有味了吧~[哈哈]	1
谢谢美丽的准新娘子！三十号你的婚礼见哦[哈哈]！	1
王二小啊。 //@李伊琳:这大早的，给乐着了[偷笑]//@李俊: 他叫王二小//@苏湘迅: //@孙雪东:也就是这么守规矩的日本人[嘻嘻] 。//@老沉: //@龚晓跃:[哈哈]顿时不困了。//@鹦鹉史航: 这么说，伦敦奥运会的开幕式，还是没留下什么遗憾的。。 // @大松鼠酱 :带路的孩子姓王，叫二小	1
#科比上海行#科比被热情球迷包围，在接受访问时科比甜蜜地表示是你们的爱让我来到中国～～[太开心][害羞][爱你]	1
[哈哈] //@一句心情签名:哥笑抽了 ！[哈哈]	1
祝我自己生日快乐，健康幸福[鼓掌][鼓掌]	1
回复@曾焕光微博:都是因为你，昨晚在晃岩下说:这雨不知下来会淋死多少人呐！ //@曾焕光微博:水漫金山了 //@海_中央:人说水是财，我说水是豺。[怒]  //@瀚堂主人: 市领导刚上任，就发大福利[哈哈] //@张小云:@瀚堂主人 @男人惊慌地老去 @旁观者张云良 @曾焕光微博 @跑滩的菜蟹VV	1
回复@钞票打到卡里:小白，给卡号，我把饭直接打你卡里。哈哈 //@钞票打到卡里:求蹭饭。。。[太开心][太开心][太开心]	1
一张图告诉你，再牛X的品牌也是从傻X的年代走过来的。。。。。。。[哈哈]	1
希望的田野![嘻嘻]	1
#跟着熊猫游迪拜#行李托运完毕，阿联酋航空，希望迪拜行一切顺利[可爱][可爱]我在这里:#广州市-白云区# http://t.cn/z0FpHwb	1
华东师大食堂要逆天了！[嘻嘻][嘻嘻][嘻嘻]	1
韩粉会说，韩寒是天才车手！当时给黑出租司机代开车了！[哈哈]//@微山湖鲤鱼: @为书一生 @三思柯南 @吴兴川 @南云楼- ，这条证据非常重要。	1
哈尼阿塞哟[嘻嘻]	1
我已订了初二家宴，就在新玉林吃功夫鲁菜。//@玉林烤鸭官微: [呵呵]亲爱的吃货朋友们，玉林烤鸭建达新店开业大酬宾，即日起至1月15日，持卡会员到店消费立享六折特惠（酒水除外）！[good]赶紧走起吧[鼓掌]！地址：朝阳区东土城路14号建达大厦二层。订餐电话：66572688	1
@宁夏广电总台新闻广播 #最美宁夏风景#藏兵洞，神奇莫测，巧借地利，曲折辗转于悬壁之内，蜿蜒数千米，并有暗道进出红山堡，堡与洞联为一体。洞内分叉，有如迷宫，洞道左右辟有土室以供藏兵囤粮，墙壁上龛笼供放置兵器和用具。藏兵洞在历史上还是北方草原民族和内地进行边关贸易的集中地[可爱]	1
你们是原生态公司[哈哈] //@小米小宝妈: 没厕纸。。。	1
该干嘛都来干嘛啊 //@经典丶微小说:我是水瓶！我转了！！[哈哈]	1
关于大家关心的耗电问题[兔子]?//@haollee: 回复@畏畏:功率245W，一般36小时，需要耗费8度电，自己在家做的话大概3块钱。[呵呵] //@畏畏:36小时费多少电？ //@haollee:分享烘焙小技巧[爱你][心]	1
[哈哈][哈哈][哈哈]//@阿飞飞:[泪][泪][泪] //@非者名block:[泪][泪][泪]//@性感的钻石老爷爷: [嘻嘻][嘻嘻][嘻嘻]	1
说多了就成真话了！[哈哈] //@闲闻趣事: //@历史沉雾:当新闻是这样获取时，我们还能听到真话吗？	1
还真的耶。。。。那我应该是原创吧？[哈哈][偷笑]	1
[哈哈]//@执子游世界: @七洲老字号 @七洲游侠 @七洲网浪侠 //@dzulin:转//@Dzx2012:饭后百步走[给力]	1
做了小白兔，这是第三碗。。。[偷笑][哈哈][偷笑]~~	1
刚有朋友说放在仙来办事处龙池墅大道的仙来广场最合适。[嘻嘻]	1
[鼓掌]手机发菜谱，各种给力啊～～，功能也更强大了	1
骗纸，肉哪有走的时候[泪] //@哚莱咪小姐:肉来的时候按斤来，走的时候按两走。@YO_伊古比古@深?D皓 //@烫手糖三角:回复@大胃ET:来的时候按斤算，走的时候按两走[偷笑][偷笑] 太经典了[哈哈][哈哈][哈哈]@我不想当死胖子@vinniee@bonjour_洁宝	1
//@桔子水晶陈中: 肯定是魔都啊 //@桔子水晶酒店007:第31家在哪里[太开心] //@桔子水晶袁超:恭喜恭喜 //@桔子水晶俞萍:有那么点儿挑战，加油！	1
谢谢莫莫 //@莫莫6290://@小冷6699:[鼓掌]	1
[嘻嘻]好玩。//@MaggieMXS: 这个真的超叼的~//@咸鱼要翻身_: 这个cool哦~[酷]?哦~@?志祥	1
磊哥雅正！ //@北京首钢陈磊:重温下快乐的啧啧平@Nov28th [哈哈][哈哈][哈哈]	1
感觉像撞过以后[哈哈]//@全球顶尖摄影:好冷艳[心]	1
脸肿胖起来了[嘻嘻]	1
够给力[哈哈][哈哈]//@永?:每周五下午14:30在@谦祥益  演出，订票电话:27053206	1
好吧！能值一块就不错了//@童言趣语录: 只有摇摇[偷笑] //@pantx007:两岁四个月的女儿最爱说的一句话：爸爸上班班，赚钱钱，（茵茵）坐摇摇。爸爸每次一听，脸上都现黑线：原来我在女儿眼中，只值一块钱。[哈哈] @常伴我左右 @甜心橙子BB @无敌小花猪 地址： http://t.cn/SaAQwS	1
回复@菩提树的激情:你懂的[可爱] //@菩提树的激情:现在就是关系社会，是谁包养了这些所谓的的哥！绕路 议价 拒载似乎正在合法化，行业中的害虫！！	1
走起！ //@sameskin: @卡小姐优雅暴躁 @夏斗小姐 @薄荷绿的蘑菇酱  //@贾樟柯:转。//@黄璐lulu: 之后要回成都演话剧啦[嘻嘻]	1
早安！虽然要上班各位也庆祝一下，儿童节快乐[哈哈]	1
一定要看啊 //@海毅dorange:支持！@果粒橙_cyx @奥迪英杰汇 @黄珏JJ @艳子Jane  //@莫慧兰: 请大家多多指教[嘻嘻] //@车手阿B:转起! 看起!	1
走过路过不能错过，多次经过，一定要遇到，哈哈哈！[嘻嘻][嘻嘻][玩去啦]	1
[爱你][爱你][爱你]感谢大家及时为我们转发寻汤圆的微博！感谢你们给我们支招！也抱歉因一只淘气金毛而占用大家宝贵的时间！外面的世界很精彩，找你的时间很无奈！汤圆，以后的日子你要乖！！	1
旗帜就是方向！@镇江发布 //@镇江达人会:[哈哈][马上有对象][马上有对象][马上有对象][马上有对象]	1
[爱你] //@林大朵-?: 萌shi鸟 //@MAMA在线:被萌到了有木有	1
开车犯困，听歌精神，一起哼唱更happy[鼓掌]	1
这次要玩心电感应哦[good] //@离开地球1分钟:[哈哈][哈哈]@I_xiaosu @Annie朱妈 @不二 @黄珏JJ	1
两个处女座女八卦男人：处女男太哆嗦不要,双鱼性格太弱不要,巨蟹太粘不要，双子太跳跃跟不上不要,天秤太花不要，射手太神经质不要,水瓶太多情不要。白羊还凑合，天蝎有一定吸引力，摩羯男最好了，至今没碰上。另一个说噢，我也是，来电一个没碰上，没来电碰一堆。哼，挑死了挑死了，就剩着吧[嘻嘻]	1
[哈哈]美式麦芬蛋糕就这么简单，把干、湿材料分别备好，混一起放烤箱搁一会儿就出来了。不过，黄油神马的可是必须的~当然了，也有很复杂的做法，戚枫蛋糕伤不起啊。。	1
深夜发次！啥时候我们搞个夜游活动 //@winnymummy: 求无logo高清大图！[嘻嘻]	1
媲美#倾世皇妃#刘连城脖子上的那圈啊[哈哈]	1
我爱你不是说说而已，相信@百合网 一直相信真爱，当我第一次听到你说“老公，我爱你”的时候我的心好激动，好激动！自从有了你，我沉睡的心，终于有了活力，黎小杨我爱你[爱你]	1
如果我要养只小狗，一定是金毛啦[爱你]//@摄影图宴: [心]	1
昨天晚上录制的CCTV3综艺盛典和举重奥运冠军张国政搭档游戏两人三足[威武]大概3月8号播出~因为感冒，带着偶那浓浓的大鼻音[汗]还是期待[可爱]	1
我也是上当者[哈哈]//@紫墨轩老崔:回复@塞外黑嘴:已经给数个网友辟谣了，智商是硬伤呀。具备爱心的同时最好先百度下相关信息及手机号码。 //@塞外黑嘴:@紫墨轩老崔 @路灯摄影	1
@饭团子饭团子  很不错嘛[嘻嘻]	1
话说我中奖啦！！[爱你][爱你][爱你]	1
@牙医刘庆丰 在＂牙医百家讲坛＂人才招聘推荐会前介绍瑞尔，作热身准备[哈哈]	1
前几天在济南的这家店吃过[赞]@薰衣如梦 //@陈美环irene:厚切~[馋嘴][馋嘴][馋嘴][馋嘴][爱你]	1
我在老故事餐吧下午茶，有种怀旧的气息，快乐的心情！太喜欢养生乌龙的香味啦！[爱你]单姐说我穿这衣服像老上海的大学生，跟这里的调调太搭啦！[哈哈][哈哈][哈哈][偷笑][偷笑]	1
[衰]//@王佳庆123: [衰] //@精品传媒_美彤:天哪！ //@絮子Grace:我的神仙奶奶呀，太立志啦啦啦，好吧，明天减肥[衰][馋嘴][哈哈] //@姚又琳Cloris:[爱你][爱你] //@夏天的素描:太励志了！！！	1
真的高兴祝贺啊祝贺啊[鼓掌] //@TB卓卓玛：恭喜啦！呵呵//@阿佳组合娜姆:呀[太开心][太开心]酷！[酷]小子终于扛过来了！！！！ // @嘎代才让 :[赞] // @祝棠-冈漾巴姆 ：白玛弟弟出院了!!!!! [心] [心] [心] [哈哈]	1
?孩子吃完?跟我回家和拖肥玩了一?多小?，然後?如果明天也是黑雨警告就好了[哈哈]	1
回复@艺海王宝:[?力][鼓掌]欢迎 //@艺海王宝:这是你们的新品牌吗？改日去捧场啊！	1
过小年啦，就得喝个小哒[可爱][可爱][哈哈][哈哈][熊猫][熊猫][太开心][太开心]	1
卖相老好的[哈哈]	1
三里屯SOHO伊贝莎   庆祝SiSi生日快乐[萌][熊猫][蛋糕][心][礼物][亲亲]	1
感谢您的支持噢！[爱你]	1
今年一定要去玩玩。//@潘秦华:西藏的魅力很大。 // @微博搞笑排行榜 :我要去西藏。[抱抱]	1
欢乐的俩人~[可爱] //@veggieg: 典型缺了助手就不能自理的主儿~   有人建议在他内裤上缝小袋袋装零钱 先不说到哪先掏内裤丢不起这人 这么一个“一心都扑在工作上”的人 内裤也会忘穿哒~~[右哼哼] [左哼哼]  关键人家自己不以为? 反以为能[黑线]	1
。。。//@彭彭_Patty: 风行流弊！！ //@花爷丶: //@风行Tina: 我的妈啊 够狠！[哈哈]@抽屉的钥匙 @王梓阳的爸 //@芋魁: 风行，神一样的男淫[哈哈]//@风行网: [哈哈][哈哈][哈哈]风行网真男人！！！[害羞][害羞]//@关于xxoo那点事: [哈哈]优酷中枪了，风行网男人了！！！	1
[哈哈][哈哈][哈哈]//@北方老编辑: 哈哈哈哈哈哈！	1
去香港，这也是个旅游景点[哈哈]，快点这个链接http://t.cn/zj6tnY7，更多美食套餐，价格实惠啊[鼓掌]	1
去年就讲要上市，到今年还是一概念???//@黑白俩猪: @范范尼 师傅不要手机了，等上海有这个车，你帮他抢一辆吧！他飞过去开回来哈[哈哈][哈哈]	1
//@素年_木子: 额，好吧，应@行者周三 要求，发个报网链接。其实本来就没打算让大家看清楚。。词穷，收广告费我！[哈哈] http://t.cn/zWbOyy9	1
#玩家惠#旅游杂志TRAUELER《玩家惠》2013年第008期36-39P精致假期版，刊发本人图文作品“云水谣-云水深处寻古韵”，感谢@大北京快回归满心期待的大火腿 辛苦编辑[心][哈哈][lt切克闹]	1
50平北欧风红白调公寓 小资女的仙境闺房[爱你]	1
虫子的春天～牛屁了的黑山猪系列[爱你]	1
这是我败的战利品！在泰国就看上的木刻女像，貌似在说：＂撒哇滴卡！＂[呵呵]一对睡着的男女对娃，替我睡觉吧，一进门看见他们你就会顿生安逸感[睡觉]还有我在淘宝喵了很久、总是忘记买的台湾汉方养生壶[咖啡]我已经炖上大枣和枸杞了，哦还有景德镇的荷花香座[可爱]	1
挪鸡鸭[哈哈] //@DCCI互联网数据中心:诺基亚？	1
就要回北京了，吃早餐时想起念@DAZZLINGCAFE玳思琳 的下午茶，蜜糖吐司果然是名媛最爱，还好有朋友帮忙订位吃到上海没有的新款式噢[哈哈]蜜糖快来北京开店吧[害羞]	1
西西里岛。 //@尼克安闲:哪的海湾？//@汉武大帝元年: 植被太少，不算美。//@杨静Lillian: 西西里的美丽传说。//@尼克安闲: [干杯][嘻嘻]//@王珠琼: 尼克兄好！ //@尼克安闲:美![赞]	1
@何岩柯 你们俩老同事见面了没？见面的话应该聊的很开心吧[嘻嘻]――分享柴静的博文：专访剑桥大学校长 推荐给@头条博客 http://t.cn/zW02dFD	1
先问她一句：早干吗去啦？想开啦？那我再考虑考虑。[哈哈]//@关benny:金姐，以前对象回来找我，想复合。我应该同意吗？//@金星:是巧克力。//@-小小阳:天上飞来飞去的是鹰吗@金星	1
回复@宋佳奇612:[挖鼻屎] 、是啊、是啊、谁说不是呢、[哈哈] //@宋佳奇612:其实你就是个吃货?~~	1
回复@余珂:这么久[握手]飘洋过海？[哈哈][哈哈] //@余珂:[握手] //@余珂:1999年1月1日凌晨，我在地铁站台上买了张报纸，看到了那篇文章《总有一种力量让我们泪流满面》。现在还都记得：”让无力者有力，让悲观者前行，让往前走的继续走，让幸福的人儿更幸福；而我们，则不停为你加油“	1
脸胖了，是因为心宽了吗？？[鼓掌]	1
[可爱]//@悟妙法师: 今日六月十九【观音成道日】，南无大慈大悲观世音菩萨！[心] 南无大慈大悲观世音菩萨！【观音大士图】见者得吉祥http://t.cn/hty1h1 【修心祈祷文】http://t.cn/aClufL 消灾免难，如意吉祥！	1
刚才坐在左近的一位美女果然把包包拉在洗手间，被服务员捡到还给她时，才意识到包包已经离开视线许久，最重要的是，这个包包也是价值两万多的香奈儿... 要验证和谐社会，就来新光天地星巴克吧！[鼓掌]	1
做了一个梦，好像真正的进入到了童话世界里，简单单纯的梦，有点依恋，不愿醒来，不愿忘记。一切太美好！[花心][花心][花心][可爱] btw，还梦见喜洋洋灰太郎了[衰][衰][衰][抓狂]	1
齐！//@刘正直:擦，我满了 // @艾英悦 :我ca！?了我[嘻嘻]  // @潮英语 :极品男的十个标准	1
[鼓掌]//@西游乐队: 私人了	1
奥迪的设计永远这么贴心、[鼓掌] @果粒橙_cyx @汇英杰 @奥迪英杰汇	1
[哈哈][哈哈][哈哈]天吖，弟弟，你怎么这么可爱吖！！！笑S我了！//回复@奥黛丽-东冬:终于发现自己是个彻底的果盲老古董二货兼脑残，刚拿到New Ipad，决定发一个神马“来自New Ipad”的围脖，于是迅速#用这机器登录了网页版的新浪#并发出这条信息，刷后，全办公室的人（包括我）都TM[?]了.....	1
笑死了。。。。。 //@veggieg:[可怜][可怜][爱你]//@夏林菲: 我都感动哭了//@画下天籁: 没关系，你开心就好，OMG...[泪]//@YouTube精选:字幕版嗒~	1
舅妈给做的美味豆角焖面@老藤绿萝 [爱你][爱你][爱你]	1
哈哈，果然不是去打酱油的[哈哈]划船的照片呢？[挖鼻屎]	1
一个舒适的夜晚[可爱]	1
终日忙忙叨叨，不知不觉大半年过去了[抓狂]，我的长假终于要要开始啦！[鼓掌][鼓掌][鼓掌]坚持最后一礼拜[委屈][委屈][委屈][委屈]黄小闪加油！[奥特曼][奥特曼][奥特曼]	1
我也这么觉得！哈哈哈 //@婉兮清扬婀娜馨香:亲爱的，你小时候真漂亮![嘻嘻]	1
饭前。。。。简单的吃点儿水果[嘻嘻]	1
回复@贱栗宝Sandra:我应该再去添一双恨天高！ //@贱栗宝Sandra:我回去翻箱倒柜去?你再配双高跟?我来双平地……[哈哈][哈哈] //@Viola_bv:该艾特你吗？[嘻嘻]@贱栗宝Sandra   //@我为嫁衣狂:和姐妹们一起穿出混搭风吧~	1
@pollying_s 放假前，和你妈妈打赌，高速路肯定不好走，她不信，我俩还辩论了一番，事实证明，还是我有远见哪。这个国庆，少有的宅在家。[嘻嘻] 我在:http://t.cn/zlIsA0A	1
大家新年好！[礼物][礼物][鲜花][鲜花]  崭新的日子里? 晒心情 晒伙伴 晒友情 晒快乐 晒回忆 晒希望???2014 珍惜友情 牵手成长 共同收获???[爱你][玫瑰][咖啡][心][带着微博去旅行]「图片为2013岁末 中国明星艺术团赴泰国访问行」	1
[哈哈]@DJ杜小拧 @药一男	1
是的，美的一塌糊涂！[哈哈][哈哈] //@河鱼飞飞:好美！	1
把你们的创业困惑一起带来分享吧，竭尽所能给大家做个分析参考[哈哈]@ivyhu1987:明天还能报名吗？//@中国咖啡馆联盟:大家随时关注我们的微博通知，谢谢！ //@贾文波22: //@假如似间咖啡馆: 下期一定一定去！！！@假如说旅行 @海远兄:免费培训的计划全部和盘托出了，小伙伴们别再墨迹了速来报名！	1
回复@乔庭院:现场图片摄影大师：@火星冉冉 [威武] //@乔庭院:我好想知道您在现场的照片是咋拍的捏？？？？[可爱]	1
照着这样说，全世界的房子都是豪宅了，房子都在世界中，拥有世界这个大元素，什么都有了？[哈哈] @麦兜想看海 @查理理 @蒋智胜 @长沙湘房网	1
这位同学很用心呀，连照片都处理了一下，让这份甜点看起来那么的出色[爱你] @香港朗廷酒店	1
[嘻嘻][嘻嘻][嘻嘻]欢迎欢迎，是不是很有特色呢。。。	1
重庆干溜面，味道太霸道了。好吃！[哈哈][哈哈][哈哈]	1
#快乐鸭粉high游江城# @周黑鸭官方微博 @新浪湖北 @新浪湖北旅游 偶们已经到了?[太开心][太开心] 我在这里:http://t.cn/zHeVAMl	1
[鼓掌][鼓掌][心] //@郭昊伦:[给力][鼓掌][赞] //@颜丹晨:支持赵导！@崔新琴 @陈坤 @郭昊伦 @高敬瑜 @郭晓冬 @国庆bfa @何琳 @黄晓明 @霍璇的小屋 @孔维 @lily赵雅莉 @李佳 @冒dd @史光辉演员 @吴祯和小葡萄 @许还幻 @许云帆 @张恒 @张龄心  //@?姿白云:[鼓掌] //@赵薇: 转发微博	1
坐在电脑前，听到可爸开门进来坐到他的电脑前，然后开始拆吸管插到酸奶杯里。我心想：咋没帮我拿呢？正想发问人家已经插好吸管放到我桌上。[爱你]	1
今天晚上~不见不散~[鼓掌] //@体坛风云会:欢迎各位参与并与嘉宾进行辩论！微信同样开通，官方微信是317996996	1
#梦想小问答#哪位追梦人获得了全票通过呢？[思考]正确回答问题并@水密码 ，就有机会获得@水密码 提供的精美奖品一份喔~[太开心]	1
3月23日，与同城君一起回归春游的时光吧！更有新浪限量礼品赠送哦[嘻嘻]报名地址：http://t.cn/zYr9JBk	1
今天天气不错。晚上看表演去。[嘻嘻][嘻嘻]	1
[哈哈] 权且拿这个当借口搪塞搪塞老妈好啦！//@全球流行风尚：.	1
这是现实版致青春吗[哈哈] //@闫志威了:这个久违的口号啊~//@宋??songtao: 还记得我们的口号，“时风时风，路路畅通”。。。@闫志威了 @天天laughinging	1
[汗] //@收录唯美图片:亮瞎了~~[哈哈]	1
@胡大仙FO @海蓝之自由 你们的沙漠探险之旅怎么样？小镇本迪还不错，今天骑车去看郊区的小村庄了[哈哈]	1
我擦!乐死我了[哈哈][哈哈][哈哈]	1
?24年后的今天总算知道自己的血型了 ??A型 ?咩哈哈[抱抱][鼓掌]	1
可以停放在我们公园啊[嘻嘻]拖挂房车花园营位，百平米阳光花园和休憩木屋，年租仅两万，房车不用的时候可以停放在营地里，还能作为一种投资，委托给我们露营地代租 //@北京power:关键是没有地方存放。价格到还可以。	1
朋友开的客栈，有钱的捧个钱场，没钱的捧个人场，转起来咯[爱你] //@大媛在丽江过于慢生活:[鼓掌][鼓掌][鼓掌][鼓掌]	1
[鼓掌] //@宁波香格里拉大酒店: 小编来答疑，周五晚惊艳全场的树根蛋糕到底有多长？蛋糕全长50米，由300公斤面粉，200公斤鸡蛋及其他配料制成，饼房师傅们为此精心准备3天，当天的树根蛋糕义卖款项将用于支持酒店与四明山镇中心小学的人文关怀计划[心]	1
某人有亮点~[哈哈][哈哈][哈哈][哈哈][哈哈]	1
//@段子之父:医生好坏[哈哈]	1
[哈哈][哈哈][哈哈] //@小睿1985:[哈哈] //@Tuan-Kay三少:[偷笑][哈哈][鼓掌]	1
@xiaxiaofan//@蹲着摘月亮:杨院长是全球第一个拥有全球最后纸质版《新格罗夫音乐与音乐家辞典》的音乐界人士啊[鼓掌]//@湖南文艺出版社孙佳:哈哈，谢谢杨院长！//@Marc_YANG:@湖南文艺出版社孙佳 刚出版的……6980元……	1
回覆@米奥歌:谢谢朋友理解支持[抱抱] //@米奥歌:付出辛苦得一杯清茶，足以。[good]	1
#LEGO*VOLKWAGEN T1 CAMPERVAN#2011年十一，LEGO官网发售的volkswagen t1 tens基于大众原作精髓~~可开合玻璃窗，窗帘壁灯家具齐全的车厢，后备箱水龙喉...巨细无遗，精致的无可挑剔[爱你]长草多时，今日终于收入囊中[鼓掌]可喜可贺哦[可爱]各种零件如芝麻绿豆般散开，准备开工[帅]	1
陆师傅[给力] //@尹亲林:陆总节目。。。1[good] //@东哥粤潮:凤哥节目，节节上升！收视长红！[哈哈][哈哈] //@南京陆少凤: //@南京陆少凤: 前些日子和湖南卫视的何炅老师做的一档美食节目开播了，在http://t.cn/zTGCOKQ可以搜到 //@陈意星@杨顺S @老爷们布衣隐士 @东哥粤潮 @瞬即是永恒 @尹亲林	1
#打开私囊，惊艳全场#K900翻包秀 经常旅行去远方。身边的朋友总是笑话我一个摄影包、一个行李箱，腰上还拴一个大大我腰包。他们看着我随身那么多东西，总是笑话我像搬家一样。也很好奇我的腰包里究竟装了一些什么宝贝？呵呵，现在就打开让你们看看。[害羞]怪难为情的！木有隐私了！[哈哈]	1
一会开始，本季时尚靴款大放送，还有保暖内衣挑选技巧，有空可看看[太开心]	1
[鼓掌]//@上海帝盛酒店浦东: 主厨推荐套餐前菜 汤 主菜牛排加甜品只要188元/人哦！ 服务费另收~ 价格非常诱人呢！//@玩转酒店网: 好的牛排，不知价格，一样诱人否[给力]	1
回复@易拉罐娃娃: 最近我们出团购了，分午餐和晚餐的，亲感兴趣的话去看看哦，期待您的再次光临[呵呵] //@易拉罐娃娃:我怎么感觉好久没见都太发帖了。团购好啊 //@都太海鲜自助:回复@lillianren:呵呵，最近我们出团购了，亲感兴趣的话可以团哦[嘻嘻]	1
鸟哥，你又红了…//@一叶千鸟: 转发量不行啊。[嘻嘻] //@周陟:鸟哥一出手就是上新闻的节奏，这真是要命啊 //@KentZhu: //@AngelaFn:这不是@一叶千鸟 同学么？？！！ //@O-_-Q: 史上第一个从交警手里要回12分的牛逼网友！！！！！！	1
小姐，请尊重下我的工作。[哈哈]	1
菜势长的如此喜人[鼓掌]!竟有如此手艺[赞]!有机会要向您取经了!	1
回复@陈勋奇:谢谢! //@陈勋奇:晚安。 //@love映霓:说的太好了!学习了,与亲们分享!晚安,好梦[可爱]!	1
又一年了，总结趴~[馋嘴][爱你][手套] @1018王晓磊 @1018昊飞	1
是召唤@公一兵 吗？[嘻嘻] //@八零后朋克小四:第三件公司周年庆T恤！是不是集满七件可召唤神龙？？	1
#海南旅游攻略# 【不要拥挤和人群 绿色白沙独享风景游】白沙这个淳朴又迷人的地方，深藏着很多小众美景。最美的风景是不沾染市侩气息的，白沙没有被破坏的自然美景和淳朴的黎族风情，正是最大诱惑。海南不只有大海和沙滩，还有值得细细品味的，类似白沙。[爱你]白沙详细攻略戳：http://t.cn/z8epxCS	1
总算搞定了！唉唉唉唉~~~~~~~吃一亏长一堑 以后做事情还是要考虑周全一点！[衰][衰] 有失必有得！新工作加油吧！[太开心][太开心]	1
幸福的标准和底线在哪里？//@程利国: [哈哈]	1
新的一年！新的开始！让幸福围绕你身旁！[可爱][可爱]	1
阿黄，一直没瘦过耶 //@黄小健_JANE:怎么，又胖了？[偷笑]  //@Hello王小羊:谢谢，届时你会不相信自己的眼睛[嘻嘻]  //@王二媛:哈哈哈，我曾经胖过。。。[偷笑][偷笑]@Hello王小羊 看你的了，我两个月不见你！	1
踏踏实实做事，简简单单做人就好。 //@木子秋群:[笑哈哈][兔子] //@传奇2088:[威武][赞] //@木子秋群:早上好！[笑哈哈][礼物][咖啡] //@大美日月山wen:[好喜欢][赞啊] //@木子秋群:牛牛早！[太开心][礼物][咖啡] //@俺是快乐的牛牛:[赞][耶][爱心传递][咖啡] //@安NY宝贝:[心][鲜花][赞][赞]	1
我就说托妞是枚福将吗！[爱你][爱你][爱你]	1
快给小盒子、糖豆和火锅来几张[爱你]@柳小Q最爱柳小盒 @安波歌儿要练马甲线	1
莫名的笑点。。。[哈哈]	1
跟阴险狡诈外加脸皮厚的人谈话真能学到很多很多的东西。[哈哈][哈哈]要脸的人不成功，成功的人都不要脸。我真得好好学学了，不然怎么在这个社会上混。	1
【#超级笑星# 视频回顾】今晚《超级笑星》复活赛第二场就要来啦~[哈哈]大家还记得老亮和他的漂亮媳妇儿子涵么？[偷笑]今晚他俩也将再次登上《超级笑星》的舞台，争取仅有的两个复活名额！[鼓掌]再来一起回顾一下他们之前的精彩表现吧~http://t.cn/8kBkCT2	1
可??：留不住的，不?是??，咫尺天涯也不?在一念?。看似伸手可及的往往最?不可及，比如。。。某人[偷笑][偷笑][偷笑]好吧，今天真的很?，你要乖乖的哦，不?大半夜不睡?，不?不?惜自己，某人，晚安~！[爱你][爱你][爱你]	1
啊哈哈哈，?啦！[哈哈]	1
回复@月影-星稀:目前没有，我们9月会开，庆祝我们另一家新店的开张，两家店一起，这样可以更方便大家进行选择了 //@月影-星稀:就是没找到你家朝北店的围脖，所以没@ 上，你们有围脖吗 //@马超-悦府:回复@月影-星稀:谢谢捧场 //@月影-星稀:回复@马超-悦府:马总，这就是在朝北大悦城便宜坊吃的[哈哈]	1
最好的时光在路上，最美的自己在锦庭。[哈哈][哈哈][哈哈]	1
收藏了?待会儿睡前看?[嘻嘻] //@chronic老胡://@岳马利:转发微博	1
哈哈[哈哈][哈哈][哈哈]@高小胖930 @AlwaysObsessed @爱生活-爱橙子 @子心--妞儿  //@?事搜一搜:[赞]	1
回复@canmi幽幽:一定的！风景好，其实什么相机都能拍到好照片的，一定与大家分享！[心] //@canmi幽幽:香香姐.你又去冒险了，那个，平安归来讲故事哈[爱你] //@唐香香的香: //@唐香香的香:若真有缘份见到雪豹可牛大了！[做鬼脸]	1
九月下旬正是北疆好时节！[给力]//@迎风也三尺: [赞]//@云山珠水-喜洋洋: 回复@俺叫老鬼:[哈哈][威武] //@俺叫老鬼:回复@云山珠水-喜洋洋:除非蹬腿儿啦！[偷笑] //@云山珠水-喜洋洋:回复@瑞龟吉祥:吉祥老友开心喜洋洋的 //@瑞龟吉祥:回复@云山珠水-喜洋洋:开心老友 //@云山珠水-喜洋洋:[太开心][鼓掌]	1
男人可以老，但不可以孬。能突破害羞，向老婆大方告白，也算是一?勇敢吧[给力][给力][给力]，今晚?收看老男人的真情告白[猪头]//@寇乃馨:害羞“老男人”……吧？[哈哈][嘻嘻]?好，男人，也算一?越?越香的物品……[嘻嘻][哈哈]	1
那还不快来参加[哈哈]//@诺小希w: @Tequila硕 我对这个感兴趣 //@乐儿餐厅: 这叫专业[懒得理你]	1
#非常大调查#亲们，好久没有大调查啦！有一大波调查正在靠近哦，大家伙准备好了[太开心]这期还是以两位主持人@孟非 @郭德纲 为主角。孟非走遍了中国所有省级行政区？郭德纲每年自己在家腌咸菜？聪明的你赶紧投票选出你认为最不靠谱的吧[good]http://t.cn/zW5NqqB	1
#钟爱清迈?小栈之晨#1、泰北家常菜[流泪]2-8、主银你太调皮叻伦家真的好困不是钱的问题好吗[流泪][抓狂][可怜]9、岁月又静好了恁么一丢丢[阴险]期待今天装了镜子的房间[鼓掌]@钟爱清迈小栈  我在:http://t.cn/8FGLpQX	1
此处有掌声[鼓掌][鼓掌][鼓掌] //@刘忻:感谢天娱传媒，音乐风云榜，新浪以及所有的媒体朋友们，这是忻芯回忆中难忘的一夜，感恩 //@天娱传媒:[话筒]芯片们，快快粗现！一起把掌声送给本届@音乐风云榜 “最受欢迎新人”奖得主――@刘忻 ！“女朋友”真心棒哟~[赞]http://t.cn/zTVw5rm	1
回复@ritto-cheung:[握手]感谢理解，我们承诺过朋友的，总会尽全力做到！如果有问题也会实话实说[爱你]亲好好享受哦 //@ritto-cheung:vivi脚受伤了晚上还来接机，太感动了 //@天堂马尔代夫:亲好好享受假期吧[爱你]	1
感谢毛哥（乍都隆卡蓬先生）的大力支持！[爱你][爱你][握手][握手]我们的@ManGu曼谷杂志 马上就要全线入驻曼谷廊曼机场啦！[太开心][太开心]	1
很久没坐摩天轮啦，俯看高雄[嘻嘻]#艺龙带你游台湾#我在这里: #Fengshan City# http://t.cn/zORvk9s	1
#皇家雪兰莪锡?馆与你相约#恭喜@不落的太阳Dylan 获得龙系列24k镀金碗。[鼓掌]龙代表皇权和神圣，它是吉祥的图腾象征。可以为你带来好运、幸福和繁荣哟！	1
[哈哈]//@瓜皮的id酱: 。。。。。。	1
春天就是要裙角飞扬，清新甜美~[爱你]	1
FURY[威武][鼓掌][奥特曼]	1
回复@程诗然:去埃及吗？[嘻嘻] //@程诗然:美哇[鼓掌][鼓掌]	1
回复@凯文阿公:同意！[鼓掌] //@凯文阿公:武夷山三姑度假区完全可以申报！条件已基本符合，有些地方稍加改善，人员素质加以提高，就可以申请了！	1
咱家相机拍出来的效果灰常赞，以后经常过来呀！[爱你]	1
真心谢谢，你说差在哪里那？比如说.......//@寒雪之夜-静: 别谦虚~[偷笑]你家水煮鱼真正是全北京最好吃的…[馋嘴]就是贵店的服务态度差了点……[嘻嘻] //@望京一号餐厅:还可以吧	1
回复@奔跑的大儿童:呵呵，那到时一定要报名啊！[嘻嘻] //@奔跑的大儿童:我想去。。。	1
看到明杰、聪慧，小源还有方平[爱你][爱你][爱你]//@儿童希望张雯:年复一年，真爱永远! 带孩子们致谢我们的真诚的好朋友! 祝福!	1
大理欢迎你![嘻嘻]	1
//@hktraveller: //@田炜华:[鼓掌] //@木尔:[话筒]重磅消息 什邡市委书记李成金被免职	1
回复@诗韵梦寻:我支付宝给你付款，你签个名给我寄过来。成否？我刚到北京不满半年，还真用得着呢[嘻嘻] 感谢感谢 //@诗韵梦寻:回复@刘文杰Byway:谢谢你的认可,我微博内容全部原创,大部分都是我书稿内容,,http://t.cn/he1r76 如果您喜欢,http://t.cn/aoS1HS方便时瞧一下哈,我开通微博才	1
信任你我的怡宝 [嘻嘻][嘻嘻][嘻嘻]	1
[赞]//@笑论天涯: [鼓掌][鼓掌][赞]//@老树兜: [赞]//@泰和翡翠: //@晴?:[蛋糕]	1
[嘻嘻][哈哈] //@岷山阿敏:[握手] //@张泽-:恩，一定多支持我们呀 //@岷山阿敏:期待！共同憧憬，努力！  //@张泽-:谢谢，我们会先活好当下，邹总就能看到美好的future了  //@岷山阿敏:回复@张泽-:我非常关注＂去哪儿＂网的Future。[呵呵]   //@张泽-:粉了邹总很久了，也没关注我，哈哈！	1
挖哈哈，28号，记住鸟。[嘻嘻]谢了。	1
杨总破费了[嘻嘻]日本顶级神户牛肉 太香了	1
张朝阳和我的自拍照[嘻嘻][嘻嘻][嘻嘻]	1
#丝芙兰秋冬媒体开放日# 试用了下丝芙兰11月才上市的小胖盈密睫毛膏，外观让人印象深刻，三重刷头能刷出假睫毛一样的效果，秋冬要备一只先[太开心][太开心][太开心][太开心]@丝芙兰SEPHORA	1
宜家[爱你]	1
[哈哈]//@孙大一:真TMD像//@张欣: 哈哈，太象C罗了！新疆的！！//@新浪体育: C罗这是参加新疆电视台开年大戏《吐鲁番乡村爱情故事》的拍摄吗？[哈哈]//@皇马新闻: 我勒个去！建议召入国足敲山震虎。	1
这个牛！俺关心大刘下一部长篇什么时候能出，能付费催更么？[哈哈]	1
祝贺老哥啊！[鼓掌] //@济南丁阳: 应该是今天	1
"【#束焕#|国民喜剧第一编剧】从大学开始跟着梁左写""我爱我家""，束焕已入行20年，""泰?""、""民兵葛二蛋""，小品""想跳就跳""、""扰民了您""让一直默默无闻的束焕事业全面开花，一跃成为国民喜剧第一编剧。#大器晚成#的束焕连续两年编剧的小品似乎成了春晚金句唯一诞生源[哈哈]...详细戳→http://t.cn/8FSVZI5"	1
『每日一句《娜塔莎》体[闪电]』●我的和平鸽/我的空气,我的永不消失的彩虹/我的高不可攀的山峰,/我爱你/我为你而活● 看剧时发现这些台词挺有意思的[闪电],神马咆哮体、琼瑶体、尔康体跟娜塔莎体比起来简直弱爆了[哈哈][飙泪中]@郭靖宇 @仙人掌你 @演员伊莉莎 @非常剧精彩 @我的娜塔莎粉丝团 @巨满意	1
最爱你的六耳猕猴！[可爱] //@粗线条发声体:西西同?生日快?，[蛋糕。	1
「拆迁办」送的礼物谢谢！@Rick_超 [爱你]	1
我觉得也不错~~~恩?~~不过要是有个女的这么跟我聊天，我会觉得有点儿可怕。PS:有个女的晚上4点半跟你共处一室你还有心情跟她聊台湾问题么？[嘻嘻]	1
回复@王溪说:去南京喝鸭血粉丝汤，幸福[嘻嘻] //@王溪说:嗯？一眼看到臭?鱼，哇找不到那个字。好吃。	1
好久没见老姐了！心情真好！[可爱] //@三样菜:大家都要好好滴哟~[可怜]	1
回复@雪松云泉石:[鼓掌] //@雪松云泉石:[威武]	1
哎哟，看来我还不够招聘条件[呵呵]//@年轻的浩叔: 表捣乱，乖//@Dobby-Kreacher: 我来应聘可以不[嘻嘻]//@Bianca_J: 给浩叔做个广告[嘻嘻]//@小淼的菜：能跟浩二一起，还有华仔歌声陪伴，美差哦[哈哈] //@年轻的浩叔:虚席以待[给力]	1
[赞][赞][赞][爱你][爱你][爱你]	1
买一个试试//@霍彦hy: [鼓掌][鼓掌] //@妖娆波斯猫:[赞][鼓掌][偷笑]//@金陵志勇:该打破苹果垄断的地位了！//@TT可爱陶: 等着入手。。。嘎嘎嘎。。。//@hi我要吃八喜:这个比苹果实用多了，系统决定一切//@南京十八频道:价格？ //@南京周末:价格？	1
[心][做鬼脸][太开心]	1
[哈哈] 受不了//@令照_fiveshine:尼玛偷笑出声了[偷笑] //@想你时你在舔鞭-:这特么就是传说中的“一大波儿僵尸”吧？//@笑笑笑笑菇: 擦，吓尿了好！吗！能不能别这样，直接文字别配图行！不！行！口味太重吃！不！消！	1
起个大早一天儿的事，准备一堆材料，银行打对帐单弄法签。回回弄签证这么麻烦我都想移民[泪][泪] 特意涂了蓝色指甲油，拍张照片纪念下长指甲，因为马上就要剪短了，否则老师会给我脸色看吧[偷笑] 为了我多年未完的钢琴梦? 加油！[哈哈][威武]	1
[鼓掌][鼓掌][鼓掌][鼓掌]好棒好棒！帮我刻个戳哈吧[害羞][害羞][害羞][害羞]	1
经历了长达283组的漫长拍摄，太极三部曲《太极之从零开始》，《太极之英雄崛起》终于在2012年1月19日早上6点杀青了！大家辛苦了！[嘻嘻]	1
好神速啊！功略新鲜出炉了[哈哈][哈哈][威武][围观][给力]	1
不错了。//@凌佳cosmo: 不过了！[哈哈]	1
矮油！石榴晕童鞋描述的好入味！[嘻嘻]	1
要是我就趁机转过头去了。。。[嘻嘻]//@Adam-张: 这就是今天中午公司的活动现场，这个宅男估计今晚要失眠了[偷笑]	1
#台?美食#南??夜市是台北西?的著名夜市，以在地小吃?主，各式小吃???巷弄中。在?以吃?主，也能??在地人的日常生活！[哈哈][哈哈]@台湾自由行 @栗子寒_zita @邹拉波娃 @花子tt @桔猪 我在:http://t.cn/zYkHkGL	1
[哈哈]月圆乌镇，中秋快乐！	1
今天11月12日是我们相识、相恋21年的纪念日、今天我们在深圳听@姜育恒演唱会、当听到「戒烟如你」这首当年我们最爱的歌，无法控制的感动、在今晚听到这首歌、是注定！珍惜有缘人[爱你]，	1
摸着良心说句公道话，这个牌子的产品真的超好用，赠送的粉刺乳业试用品晚上摸在痘痘上，第二天醒来痘痘就瘪掉了[good] //@萧敬腾贴吧: [可爱]	1
惊~这么大个~ //@Dannis0826:你被抓拍了@temmi ，正好儿没拍到我[嘻嘻]	1
[哈哈]//@执子游世界: 生活在这里爽啊！//@七洲游侠:转发微博	1
你以为老妖有胆老婆欢歌不[鼓掌][鼓掌][鼓掌]//@??奴灬:喔顾，曝老妖的节奏，你懂的[嘻嘻] //@小小喔:[哈哈][哈哈][哈哈]	1
对人类又一伟大贡献！ //@玉小说: 一代人的福音呀，哑巴英语有救了[哈哈] //@周星的慢一点吧: 这个太棒啦！	1
那时我还是观众坐在底下学习！ //@天津相声广播:我绝对不泄露答案！[嘻嘻]@DJ裘英俊 @o0幸福像我一样0o @国乐于丹 @200张宸 @DJ王若侨 @尤素夫-康建翊 @沈之骅-孤独行者 @万灵万伶一方 @杨颖的俏俏	1
#中国梦想秀#@熊黛林Lynn 姐姐变身“礼物”帮助一抹金圆梦，送上了迪斯尼乐园的邀请函喔！！[鼓掌]美是无数梦想的起点，恭喜我们Age48的姐姐们获得美丽绽放奖，你们的美丽来自你们正能量的心态，恭喜姐姐们，小伙伴们别忘了听姐姐们的话，永远不要放弃自己的梦想！！[good]	1
[爱你] //@豆瓣电影:第86届奥斯卡【最佳动画短片】得主――《哈布洛先生》（Mr. Hublot）完整全片	1
[鄙视] //@Echo-Headhunter:这表情，嘿嘿  //@北高智AlexLin: 右边！  //@王燕青同志:马云，情何堪呀 //@苍肿-MrCang: 哥们心想，你们加起来不到我一个零头。美啥呢  //@蛇蝎呆呆人:马云穿这么?丝就去芭莎高富帅活动啦？威武啊！ //@互联网的那点事: 旁边那个是马云吗？真是吗？[可爱]	1
[话筒] 英国签证、申根手续简化[鼓掌]	1
//@数据挖掘与数据分析:[哈哈]！通俗易懂	1
Betsey Johnson（贝齐?约翰逊）于纽约时装周发布2014年秋冬成衣系列，一袭橘红与霓虹亮片招摇而来。[爱你]【私享穿衣顾问微信：FashionTalent33 】	1
太阳当空昭，花儿对我笑，小鸟说早早早，你有病啊起得这么早！[哈哈]	1
回复@相声演员康松广:多谢康先生，昨天晚上匆匆写就，自感粗糙的很，受教您的意见。 //@相声演员康松广:[哈哈]不错！大饼创作是快手，建议内容再充实一些，俗语和人物反差再大一些还可以出包袱。	1
你儿的那句＂小猫咪＂，纯纯的台湾调调，着实爱听[哈哈]	1
这样的微博才有创意嘛。。为嘛不是红牛。。。 //@xieyue:[太开心] //@果库:岂止是女汉子...[偷笑] //@低头间我们又走了几十里地: 来个士力架，软妹子瞬变变身女汉子	1
[爱你][爱你] //@触碰心灵的台词:太有爱了[抱抱]	1
喜欢就好昂~下次还搞新玩意儿送乃们！[爱你]	1
@饿狼首申威好 哈，你可以考虑把你那些宠物直接带头上[哈哈]	1
幸福是门课，给嘉美轩的同事们第一次培训幸福的方法，大家听的认真，也分享了好多感人的点滴，其乐融融的氛围真好，第一堂幸福课，成功！[鼓掌]@嘉美轩精细潮州菜	1
回复@iWater:就是！ //@iWater:我觉得 应该没有 godzilla 好吃 //@首都机场朗豪酒店:@苗_条_肥_仔 @iWater @北京土著老孙 @曹小迪抗大包 各位可以开辟新战场了。不过我们的汉堡比赛比较人性化，可以抽烟可以上厕所[嘻嘻] //@keke芥小茉：@首都机场朗豪酒店 ：棋逢对手了[花心]	1
#天颐温泉，温泉特惠来啦~[鼓掌]#一年四季都能泡的好温泉，春天解乏，夏天消暑，秋天祛湿，冬天暖身，就在江南Style的天颐温泉~~现推出天颐温泉 尊享卡，[偷乐]真是一卡在手，温泉我有[爱你]	1
哇~~好多奖品哦[花心]@路灯摄影 @车轮张 @狐狸猫amei @ailf爱老范 亲们快来[鼓掌]	1
//@小八_戒: //@888刘涵:[生病][衰]//@好想当米虫:他忘记说还要兼顾键盘啦！另，上网电脑的诸多页面一个也不能少啊！[嘻嘻]	1
刘备三顾更方便啦![哈哈] //@简白:分享：实拍?【倍受关注的襄阳东站2012年7月1日正式启用】 @泡鱼儿 @襄樊咩咩羊 @李氏重庆 @胖子爱宅 @余秋野-未了的鱼 @三把吉它围脖 @亚鲁藏布 @茶叶的视野 @鹿慧儿 @咪?Micat @越走越远119 @旅人丫丫 @亚鲁藏布 @飘摇 @程诗然 @大海一亮 @树妮小u066	1
@黄珏JJ 好吃好吃?哈哈[嘻嘻]	1
[鼓掌] 小两口终于要修成正果啦~	1
给冬瓜来张特写[嘻嘻]	1
那么晚睡,小心梦想叫不起来你[嘻嘻][嘻嘻][嘻嘻]	1
请二位私信给小编地址~作为活动成功的第一对儿~我们有好礼相送喔~//@婷小敏: [亲亲][亲亲][亲亲][爱你][爱你][爱你][爱你]好吧好吧，我们在一起吧//@榕树下:在一起！//@再看你的狗眼就要瞎了: @榕树下 @婷小敏 [飞个吻] [飞个吻] 我喜欢你啊 你喜欢我吗 你喜欢我的话咱们就在一起吧[飞个吻] [飞个吻]	1
好玩意儿！//@锐子-_-:[鼓掌][鼓掌]@哆啦男 @头猫玉头咪 @如果是你我便爱你	1
哈哈，欢迎[可爱] //@Anita木易:意外得到店家的回复啊！[爱你]这次没吃着卤肉饭，下次第一站就先来吃个饭，然后才去鼓巷溜达溜达！[馋嘴] [亲亲]//@菊儿小枣:谢谢你喜欢[爱你]	1
不如突袭俱乐部上[哈哈] //@突袭俱乐部-高警龙: 一点魄力没有！太窝囊了！ //@中青旅新疆公司郑穗:中国人民解放军是人民子弟兵 ！//@陈业文新大都: 靠！这个鸡巴国家毫无尊严可言！[鄙视][鄙视][鄙视] //@周泽律师:解放军被城管欺负成这样，还怎么保护祖国和人民啊	1
邮箱还管算命，@泉全之心 @梅青木? [嘻嘻]	1
多谢鼎力推荐[可爱]倒履相迎贵宾临门～//@屡屡仔: 强烈推荐大家以后来上海住世茂皇家艾美，什么都方便，包括打车	1
#端午节快乐#Vacer们好好享受这个用连续7个工作日换来的小长假[偷笑][鼓掌]#Club-Vac#祝愿大家阖家欢乐，万事如意[太开心][太开心]	1
#每日一栈# 恐怖客栈集 在西安有家客栈，床是兵马俑抬着的，客厅摆放着大大小小十几个兵马桶，就连厕所厨房也都是兵马桶。有没有种殉葬的赶脚[嘻嘻] 嘻嘻嘻，开玩笑啦，西安兵马俑公寓地处西安市中心西华门八家巷，距离钟鼓楼回民街步行3、4分钟可到。听说外国客人都预定火爆哦 http://t.cn/ShNK6F	1
这程度俺难以企及啊[笑哈哈]//@黄靖源胜利: 有福兄，这已经是俺大脑逻辑的最高程度了，绝无贬损老兄之意，脑子就这愚痴的水平啊。[泪]//@有福社长: 您不能这么贬损老弟啊[哈哈]//@黄靖源胜利: 您才缺一根筋，愚痴程度不均衡，俺要做到缺两根筋，这才是全面发展	1
//@长沙老满哥来哒: 等着！其实，没提也能举报[可爱]//@御史在途:如果工总行机关某个资深部门负责人提任副行长的话，我一定公开举报他在湖南的腐败问题！	1
回复@我系仙华:只可意会不可言传。[哈哈] //@我系仙华:明显是……[偷笑]//@38号美系性能控: 亲，你是夸宝马呢还是黑宝马呢？[偷笑]	1
[互粉]#天天向上#五周年系列：编导@咱家慧慧 这次#天天兄弟游学记#之“香港迪士尼外拍”，记得帮你家@小慧慧爱吃大芒果 找找看哦，也是你喜欢的帅哥类型。帮粉丝完成心愿一定会是一件特别美好的事情！[爱你][爱你]	1
近期，《万物待生――泛华.新星星青年艺术家上海展》在上海豫园万丽酒店2楼开幕。此次活动是由上海泛华艺术中心、上海张江当代艺术馆和新星星艺术节共同举办的一次年度重要展览。“新星星艺术节”旨在努力通过年轻独立艺术家富有激情的探索方式，展现当今商业社会下艺术生态的部分真实面貌[鼓掌]	1
谢谢光顾[爱你]	1
回复@黄山风淡云轻:[鼓掌] //@黄山风淡云轻:可爱了…	1
希望大家喜欢这个封面，喜欢这部作品，喜欢陆帅帅~~//@仲召明: 隆重推荐陆源帅哥长篇新作！//@蜜斯特马: 封面看起来很卡哇伊呢！[可爱]//@陆源: 谢谢大家捧场！多谢@作家社-田小爽 童鞋的策划[笑哈哈]//@坦克手贝吉塔: 啊！！陆兄的新书出啦！！！//@作家社-田小爽: 千呼万唤始出来，祝贺@陆源 ！	1
那不是干净不干净的问题，是你的不锈钢勺子太薄，一烧就会黑。厚不锈钢，材质好些的，基本不会出现这种问题。//@Xinsia:你家勺子好干净！俺家老公也爱用勺子热油，八过俺家勺子都纯变黑的了[哈哈]	1
难得的全家福[嘻嘻][嘻嘻] //@Mus娜娜:@蔡丽娜Vita@周雪梅在远方@小王静的王小静@Elise吴丹or丹丹@王瑶洁@我叫彭祖@谭文颖@李七月2	1
挺有意思的锻炼[可爱]	1
像你的[嘻嘻] //@吴振韬Ludovic:太过分了！怎么没把这个角色给我演？！	1
@戴艺 你喜欢的哦[鼓掌][鼓掌]	1
@索筱霏 @悦榕庄BanyanTree @郑文卿 @Shirley_灵灵 @LuyeeZ @MRW樱 @dIstRictK @乌镇的蹄? @Chen小花花 @俞浮生 [鼓掌][鼓掌][鼓掌]	1
回复@三段锦-勇哥: 看来我的女神瞬间上身了呀！ //@三段锦-勇哥:霸气外漏 瞬间的精神气质，自信，我发现啦，不知道有没有记录下来，[可爱] ，那个瞬间转变的特别快， //@那年那月nina:回复@只爱珍珠不爱茶:拍照时摄影师说过：为什么拍出曼玉姐姐的感觉。难道指侧面照？	1
为了慈善正能量，应该的哦~[嘻嘻]//@董路: 感谢五洲皇冠假日酒店。五星酒店，值！ //@北京五洲皇冠假日酒店:欢迎大家拨打我们友善的预订部来进行预订~这样又方便又快捷~只要说您是来参加@董路 的活动并持有门票即可哦~电话：010-84982288转预订部~	1
[哈哈][哈哈] 太可爱啦！！尤其下一个小朋友都吓傻啦，哈哈 //@神马和xineng:天天开心，告别悲情戏 @撮撮猫	1
[哈哈]//@草根原创精选: 聪明儿子	1
很感谢台湾小S推荐的懒人睡睡瘦， 睡觉前把减肥贴贴在身上就能瘦，根本不是口服0副作用 [嘻嘻]~~靠他我把小肚腩和大象腿都给干掉了，分享给大家试试，夏天不要再为小肚腩发愁啦！[心] 分享我买的正品地址>>（去评论中找链接哦）   。	1
我我...,,,,就不买来当拍摄道具呢 比图片大好多咯 买了只能顶头上哇 换了个小的 [嘻嘻]@Mocha童	1
[鼓掌]I love you too!!!!!	1
#乐在绅公馆#对母亲的敬爱还在持续中，如果母亲节错了陪伴妈妈的机会，不要难过，绅公馆帮助您哦。快来绅公馆参加母亲节的活动吧。#母爱深似海#，5月属于我们的妈妈！更多详细内容可在线咨询，或致电52569977，亦或登录绅公馆官方主页http://t.cn/zOKRM0K[抱抱]	1
凌晨4点半从河南新县?发，沿红五军行进过路线，穿越九女潭，信号显示已经进入湖北大悟地界。早餐?烤ing~[爱你]@湖北旅游 @河南旅游  我在:http://t.cn/8s5O4Ql	1
哈哈哈哈。。。//@搞笑趣图萌主: 这个猫的眼神霸气侧漏啊。。有木有？[哈哈]	1
回复@毛二哥2011:主席说：德质体全面发展…！而且老纸是课余时间[挖鼻屎] //@毛二哥2011:据说富顺二中的娃儿都很爱学习[挖鼻屎][嘻嘻] //@黄天space:[吃惊]没这么高……要不也没那么胆大！[挖鼻屎][挖鼻屎]	1
//@苗炜: 有意思 //@大油门空挡坡起:[哈哈]，需要加装涡轮增压……	1
像我这样常用卿卿如晤写邮件开头的年轻人不多吧[嘻嘻]	1
[偷笑] 笑岔了我//@羊晚骆苹: [哈哈]	1
嗯，提倡素食主义~~[馋嘴]//@蓝楹飞雨: 是，二十年老素菜馆，逢佛教节日有进庙必会去吃它一回[馋嘴] //@苏州朴道水汇:一席素食 //@阿斌博客:晚上就隔壁福大老校区食堂吃吧！[哈哈][哈哈]	1
雅萍说得好啊！[鼓掌]//@大西迁林玉: 回复@央广雅萍:[哈哈][哈哈][嘻嘻][嘻嘻]哈哈！雅萍评论的好到位！必须赞一个！真的期待我们再次相聚呢！//@央广雅萍:阿依如天使般空降鸟市，直接空投于大西迁，引众位大侠尽开颜，这才是重点之亮点！[偷笑]大家的表情与表现真是各有特色、各有千秋！期待再相聚！	1
下一次要来赐教呀[嘻嘻]帮助咱家进步	1
他们在干什么？不知道！那咱也排着吧！好的！[哈哈][哈哈]	1
[哈哈][哈哈][哈哈] //@互联网的那点事:360要做“成人”安全了？？可以预见的结果是，你xxoo完后会收到提示：您的嘿咻时间为34.5分钟，击败了全国85%的男人。还有2个可优化的姿势。@杜蕾斯官方微博	1
[晕][抓狂]换个地儿看。一百元和行长喝啤酒去！[做鬼脸][太开心]	1
生活就像新闻联播，不是换台就能逃避得了的[哈哈][哈哈]	1
哥们，太帅了。膜拜！[哈哈]//@新浪视频: 高手在民间啊！[偷笑]	1
[哈哈]明明是第22下。	1
早安[亲亲]	1
回复@末就是末:[亲亲] //@末就是末:现在女孩都喜欢大叔型?[哈哈]	1
一会儿看~[爱你] //@夜千night: @兔拉拉810 老婆、、看[兔子] //@笑多了会怀孕:丧尸片	1
介么美的路口咋还想走![哈哈]	1
[汗][汗][汗]老板还要你来哪！[怒][怒][爱你] //@无敌小艾宝:老板要求转发。	1
今天香港南华早报访问了澳洲律师行 Norton Rose 的 Shaun McRobert, 其中他提到了世界上他度假时最喜欢的其中一家 #酒店# 是 #瑜舍# 呢！[给力][太开心] #旅游#	1
我听过最有个性的评价。。[好激动]传给@久久妹妹 一个会白眼儿[亲亲]骂别人：我最烦你们这些不能下定决心坚持保养，坚持注重细节，又天天说有多困扰多困扰多困扰的人。不要和我说话！ //@波子汽水: @不败不行的candy 怀着准备“阅”男无数的幻想，但总是会为爱痴狂的“永动机”型不装逼时尚达人！[赞]	1
立刻马上关注[嘻嘻]	1
刚刚买了一个韩式多功能电热锅。以后我就可以做出更多美味的食物啦！哈哈~好兴混！[鼓掌]	1
【#超级笑星#微直播】随着@温碧泉 足球宝贝啦啦队的热舞开场！亲们嗨起来了么？[哈哈]	1
回复@天涯_wish:台湾特有的碳酸饮料[嘻嘻]黑松沙士！可以加盐更有不同的滋味喔 //@天涯_wish:啥玩意儿？啤酒？	1
没看懂？让你一句寄语在@ 上你喜欢的女神，光笑是不管用的。 //@任志强:[哈哈] //@夏华:共同分享！ //@价值创新与评论: //@周忆://@中国企业家杂志:@夏华 @王潮歌 @周忆 @乔建China @李亦非 请女神们转发[太开心]	1
哈哈哈哈[嘻嘻]真的很爱这部片～//@我要养猫猫猫猫猫:哈哈哈贝拉笑的好邪恶?	1
海淀区民政局一日游。[嘻嘻]	1
智慧[鼓掌] //@中国人2005888:婚姻是靠经营的，即便遇到对方很坏，也只当经营黑社会。[嘻嘻]@陈宝存:只考虑自己感受的女人，我躲之不及！//@孙_伟光: 都有年轻的时候。 //@陈宝存:回复@谭育君77:你说的大多女人，是自私至极的！	1
摘草莓[嘻嘻][嘻嘻]看看远方网新出的摘草莓攻略吧	1
#带酒回家#我们的韩国朋友@首尔晴天 推荐说“「百岁酒」也不错！是一种药酒，有长命百岁的意思[哈哈] 我在韩国酒水里选高度就是百岁酒，选低度就是玛克丽[太开心]……”，这款百岁酒就是咱家全智贤在海报上抱着的那款[偷乐] http://t.cn/8FDftLa	1
倒计时...[太开心][太开心][太开心]	1
[可爱]多谢支持！我九月会在你们学校搞首张专辑签赠会，到时一定送你一张哦...[嘻嘻]	1
勾人的广告哈。[哈哈]	1
回复@峨眉山景区:谢谢，MARK一下。暑假见！ //@峨眉山景区:回复@冰雪玲珑Suki:哎呀~路痴啊~~http://t.cn/7vfEm //@峨眉山景区:#行摄峨眉山#这是用手机拍的啊~真美哟！[嘻嘻]	1
回复@爱着海的鱼33:[嘻嘻][可爱][爱你]！希望我们都能快乐的生活! [心] //@爱着海的鱼33:回复@love映霓:呵呵，互粉!你的认真、严谨、正直......很多很多优点都是我所欣赏的，喜欢你!希望我们都能快乐的生活!	1
早晨同事在屋里听歌，放了一首《千里之外》，有一句歌词是“一生有李白”[嘻嘻]。然后我就想，什么情况下能“一生有李白”呢？我分析，应该具备以下条件：⒈跟李白住得很近或是住一起；⒉比李白小或是跟李白同时出生；⒊比李白死得早或是同时去世。具备以上三个条件的人才能“一生有李白”[鼓掌]	1
//@雁鸣湖旅游度假村:[嘻嘻][挤眼]感谢各位的支持，本次新闻发布会才能如此顺利！	1
男朋友长得高的十大好处[哈哈]	1
#婴儿肥啤酒#有些啤酒.不是拿来喝的，而是用来做凉拌菜的[哈哈]上高一第一次花三毛七买了一瓶重庆山城啤酒，第一口就被那浓郁的啤酒花清香和厚重的美味惊呆了！舍不得喝也不会喝.以为像白酒那样一次一小口…夏天啊！结果第二天就长毛了…[衰][衰] 我在:http://t.cn/z8ZADNG	1
绝对的绝对的[嘻嘻]你一定要开心哦 雨中自有雨中的乐趣	1
[鼓掌]//@宁清平律师:[鼓掌] //@宁向尚:[鼓掌]//@红岛渔民: 咱们老宁家的骄傲@宁文彤 @宁广隆律师 @宁国强 @宁海强 @宁稼雨 @宁清平律师 @宁向尚 @宁延明 @宁洋Yang @宁振_Hello宁振宇 @义工宁芝	1
我去~~你们究竟准备了几把？大麦好有钱哇~~~[鼓掌]//@孤岛A: [赞]人品爆发了！@吉他中国 @雅特乐器 @郭志凯 @杜磊有约 @李宏杰akaCheizak	1
好有爱[爱你]//@郭蓉Lotus:平安喜? //@周睿rui:Sawadee Biimai！（新年快乐的泰语）//@王_永康: 2013喜乐圆满 //@夹子JIAZI:@朱哲琴 @王小萼 @子戎杨海 @赵草西zhaocaoxi @王_永康 @莫力Moli @海文_Hellen @常静 @叶滢yeying @锦绣四条 @蒙柯卓兰Zulan @中国传统文化的搬运工 @周睿rui	1
谢谢老姐！！！明天全家一起吃饭，别忘了打电话[爱你]	1
#维他命特派员说#[亲亲]	1
我好像见过咱班的新同学，就是那天咱12级开会的时候，除了有一位13级的旁听，还有一位新面孔。。。我以为是学生家属，啊哈哈哈[哈哈][嘘][嘻嘻]开玩笑啦，话说王同学应该是最后一排的那位男生吧。@JiaNing_君 @王佳-瑜 @些许微 @小绿妮儿 #和学生在一起的大学时光#	1
吃好喝好，养足精神好好听课[嘻嘻]	1
回复@小雨:亲，一花一叶咖餐厅爱琴海店7折仍在继续，五彩城店、西单店王牌烤鸭半价吃起，还有积分返还哦，欢迎继续走起[鼓掌]~ //@小雨:回复@一花一叶咖餐厅:[嘻嘻][嘻嘻][嘻嘻]下次去可以打折不	1
祝福你们[爱你] 我在:http://t.cn/z8YNtae	1
文采可以啊。 //@_黑色的白_:男女交合，必定双峰凸立，犹如碧玉坚挺，色泽光润细腻，其美态，有过之而无不及；方二八成型，得乳汁于幼婴，身心哺育，弃美态而造福后生。乳也，得之幸也，满庭善也！[嘻嘻] //@重口味恐怖:文采了得，赞一个[good]@玮wei盗lai @呆子-苏打	1
@雷小雪 你这是借电视发送和母星联系的信号吗？[哈哈]	1
那都是必吃滴~~//@切慕溪水Mia: 想吃一碗羊肉泡馍 一碗biangbiang面 和一个肉夹馍 外加一碗凉皮 [哈哈]	1
偶赶脚就一帧……第九秒一闪而过[哈哈] //@心泉之家: 我在片花里闪了0.5秒，同闪的是@董克平 @高小包子 @嘎兰 @我想说真话- @后海胡同四十四号厨房 //@BTV梦遥:吃完春饼就看《北京味道》啦！	1
摇摇最近找了不少大号帮推客户端哦 大号转发短期效应不会很大 有营销活动或需要让更多人看到仍然可以采取 就好像追一姑娘 有人觉得送一朵花作用不大 难得的是多送几次 效果或许就有了//@实用小百科:超级赞的软件，有爱疯安卓的亲们一定要装一个！[鼓掌]	1
亮了 亮了[哈哈][哈哈]//@风惹尘埃: @西雅特厦门 亮了！	1
这阵势//@胡滨微博: [鼓掌]	1
嚯！可以啊，Pixie Lott和bigbang合作！完全期待啊！//@ruby兔: 都和Pixie勾搭上了啊！！！！超喜欢的啊！！！//@Candy_小超超: 又有歌听了[鼓掌][鼓掌][鼓掌]//@ANNIETABI:??unit?不可??[酷]	1
原来出名可以把女神，求出名。 //@孔二狗:虽然不个成年男人都曾“一路向西”，但一定每个成年男人心中都有个“小思”，感谢一路向西女主角王李丹妮同学倾情出演“失恋33年”中的清纯素颜女神。[爱你][爱你]	1
//@逍遥独酌哥:[xyj年年有鱼][马到成功]//@个性云南: //@汉气唐风: [鼓掌]“无论燃烧的是荆棘或是栋梁[赞]火焰里迸得出同样的光辉！” http://t.cn/8FqnP8h http://t.cn/8FqnP8h [马到成功] http://t.cn/8FqnP8h http://t.cn/8FqnP8h [马到成功]	1
//@魅力雪兰莪://@一柄锈剑:挺不错的水上度假屋，去不了马尔代夫，就来这里过个瘾吧 [哈哈]	1
今天晚上喝的客家米酒，真棒！[嘻嘻] http://t.cn/zWcBYX1	1
为满足广大市民的旅游需求，“温州直飞岘港”已于2013年2月3日晚上18正式首航成功。[鼓掌]	1
[鼓掌][偷笑] //@westlifeweiwei:[花心][馋嘴]日料偶最喜欢了	1
[鼓掌][鼓掌] //@雨枫书馆:#书女沙龙# 下午2点 @雨枫崇文馆 做书女，做魅力女人！//@北京沙龙情报:今日活动推荐-读者不仅能从中学到实用的装扮技巧，还能领悟到美丽的本质是身心灵的和谐。-	1
好久没下厨了，水平还是可以的[嘻嘻]	1
[哈哈][哈哈] //@黑子张骏:[哈哈] //@weixiaoping的空间:@黑子张骏 @郭伟111 @刘家琨 @陈智林 @溪畔晶灵 //@weixiaoping的空间: [哈哈][哈哈][赞]//@陈秋林围脖: [哈哈][哈哈] 这段看到球最好耍的笑话	1
[推荐] 作为华语演唱组合飞轮海其中一员的炎亚纶，同时亦身兼独立男歌手身份[拍手] ，於7月13日将来港於九龙湾国际展贸中心举行其个人音乐会《炎亚纶「睡不着」音乐会 香港站》！热爱唱歌的炎同学将会於音乐会上大展歌喉，首个在港音乐会，粉丝们没有错过的理由了[鼓掌] ！ @炎亚纶 @华研国际音乐北京	1
欢迎大家踊跃参与。//@裕波: [嘻嘻]@盛大创新院	1
槟榔+羊肉粉。。。这就吃上了哦[哈哈]//@中国旅游休闲网: 好温馨的服务[鼓掌]	1
工程部唱歌就是有劲儿[嘻嘻] 我在:http://t.cn/zjYtlnQ	1
昨天的拍摄凌晨才结束，然后再去录音，3点半才睡下[睡觉]先给大家小瞄一眼[可爱]	1
#签证快报#【德国驻沈阳总领馆11月1日开始受理签证申请】今年是中德建交40周年，德国驻沈阳总领事馆于上周五开馆，将于11月1日受理签证申请。沈阳领区范围：辽宁、黑龙江和吉林。德国签证中心已经开始受理沈阳的预约日期。东北的穷游er们，以后可以就近办理德国签证了！[太开心]	1
回复@云山珠水-喜洋洋:哈哈，老鬼的臭美使命！[嘻嘻] //@俺叫老鬼:[得瑟] //@蓝天29184: [good] //@西域阿藤:[good] //@新疆特产哥:新疆旅游界的“老顽童”我们都亲切叫他：毕姥爷！[嘻嘻] //@相声演员帕尔哈提: //@新闻出版老木:	1
他的名字可能念对？ //@青指甲:Rajesh Koothrappali 外表很羞涩 内心很淫荡~~我喜欢听他的印度式英语。大舌头啊大舌头。PENNY,PENNY,PENNY...HAHA [嘻嘻]	1
回复@我要你做回自己:关注锦庭火锅道官方微信（微信号：zhongguohuoguodao），发送自己的美照到公共账号：麒麟锦庭火锅道，我们会专门为大家定制专属于您的电子VIP会员卡，享受全单8.8折的优惠哦。 //@我要你做回自己:怎么玩 //@麒麟锦庭火锅道:[亲亲][亲亲]谢谢大家	1
算上我 //@-----fish-----:升级了要请客[嘻嘻]	1
“?果好次?？”“太好玩了！”?女增?明[嘻嘻]//@上海最资讯: “闺女，比大苹果小点，比小苹果大点叫什么呀？”“Ipad mini！”[耶]	1
美，是一种态度，与年龄无关~[爱你]	1
风晴双心团聚！[哈哈]	1
[围观][鼓掌][鼓掌][鼓掌]//@张明健演员:回复@演员黄河v:[握手][握手][呵呵] //@演员黄河v:恭喜明键！[太阳] //@张明健演员:回复@张梓沐1:[握手][咖啡][呵呵]  //@张梓沐1:很喜欢。[爱你][爱你]  //@张明健演员:好！[鼓掌][鼓掌][鼓掌][哈哈]   //@本?-李:戏肯定火！[酷]	1
?在的小伙?都是一副???民的?子，殊不知都是??新???愁?放??，好?[嘻嘻][嘻嘻]	1
美妞[嘻嘻]	1
[哈哈]//@我叫什么名儿:我很喜欢你，但不敢告诉你，怕只怕，说了对你也是一种伤害！	1
绝顶聪明[哈哈][哈哈][哈哈]的@管虎导演 [鼓掌]@电影杀生 @电视剧火线三兄弟 庆功宴！让开心的曲目继续[干杯]@梁静 今天你老公借我戏弄一会儿[偷笑][偷笑][偷笑]	1
[嘻嘻]今晚的party即将开始！	1
[哈哈] //@储维创意:哈哈，两个神一样的男人，你会选择什么样的呢？//@杨幂: 八神君最后好萌~[挖鼻屎]	1
你若安好[哈哈][哈哈][哈哈]	1
[鼓掌]感谢中奖粉丝的现场报导！芝士火锅看着都好美味，还有里瓦的招牌盆栽甜点，这一定是一顿非常美妙的晚餐！另外，3月是里瓦芝士火锅推出的最后一个月了哦，还没来尝的朋友们抓紧啦！！[din推撞][din推撞]	1
小豆在为我们服务哈哈[哈哈][爱你] 我在:http://t.cn/zWpg4zQ	1
[哈哈] //@李开复://@封新城: //@刘春: 最右！ //@谢文://@阿嚏: 笑死了//@罗伯特: 大裤衩还缺个diao呢！一群二胰子！	1
@merlinpku [嘻嘻][太阳]//@下午茶2599:远离消极的人！	1
频繁发自拍照、签名或标签有＂白领＂＂潜力＂字样、微博微信照片摆拍或经过处理：多半自恋。比如我就是自恋狂[嘻嘻]	1
初二回姥姥家咯，我和老妈一起主厨，其实还有好多菜，都来不及拍了[哈哈]全部家常小菜，关键在聊天，新年就是图个红火热闹[鼓掌][鼓掌][鼓掌] 我在:http://t.cn/8Ftu9ER	1
[心]你我约定一争吵很快要喊停，也说好没有秘密彼此很透明?[爱你]	1
期待[可爱]。	1
#圣诞加菲猫#小小牙刷手中拿，早起晚睡先刷牙，刷刷刷，刷刷刷，从上往下轻轻刷，刷刷刷，刷刷刷，刷的满嘴白花花，刷刷刷，刷刷刷，一笑露出小白牙[亲亲]@柳小盒盒儿最迷糊 @绽开的罂粟花 @麻溜的常笑 @紫羽翼飞扬	1
英格兰终于有出路了！！//@鲁尼:[挖鼻屎][挖鼻屎]话说新主教练会是雷德克纳普吗？我记得他曾经说过：“如果我是英格兰主教练，直到欧洲杯之前的友谊赛我都不会让鲁尼首发，但最终的决赛阶段仍然必须带上他。”[哈哈][哈哈]	1
不想过河是真//@天涯杂谈: [哈哈]//@风青杨V: 如果河里有食人鱼就好了！――评：这是我今天在天涯看到最精彩的回复。	1
叫板比萨#垃圾管理#6月28日到7月4日，产生垃圾789.06公斤，垃圾匪类回收利用363.08公斤，垃圾减量46.01%各位队友继续努力哦！零废弃是我们的终极目标[抱抱]	1
林诗人，怪不得五毛啊！若非对薄王有偏爱，对南方系有偏见，何至于轻信如此拙劣的谣言？顺白：在下对南方系死挺某天才亦不齿，但其对薄王的揭露，犹待深入。 //@林岳芳:回复@郎志海:现在那些人，习惯谣言倒逼真相，我很生气！[悲伤]  //@郎志海:林老师很生气，后果很严重[嘻嘻]	1
心存感恩的人，才真正懂得什么是幸福，什么是快乐~~ //@崔新琴:[鼓掌][鼓掌][鼓掌] //@加拿大电影电视学院官方微博: 回复@崔新琴:我的人生因为感恩而快乐！@范?元 //@崔新琴:谢谢！感动，我相信晓敏你也会的！而且你的学生们也会把爱心传递下去！[鼓掌][鼓掌][鼓掌]	1
电视上到处都是选秀啊,啥时候选ZHUXI啊//@曾胜昔: 这四个大咖站到一起，这节目就成了~~[泪]//@微博小百科: 近期最火最好看的节目，一次看个够听过瘾！！[鼓掌]	1
@蔡小岑Jason 包子哥哥生日快乐，我故意过了12点给你祝福，你懂得。你又老了一岁，要好好珍惜每一秒知道不！[哈哈]	1
在这阴沉的天气里给我带来了难得的笑容[哈哈]	1
关键还做菜好吃[哈哈]Sai的粉丝评价高到逆天。大家走一个？ //@peachsai:哈，厨师这么帅的少有[嘻嘻][哈哈]//@上海世茂皇家艾美酒店:#艾美饕餮#Sai目光如炬！艾露法国餐厅的主厨伦勃朗不仅外形俊朗，他烹饪别具风味的法式餐点更值得期待[哈哈]	1
很壮观 韩国做营销 做的不错啊//@法新社dennis: [太开心]	1
哈哈哈谢谢老姐[爱你][爱你]	1
回复@赵宝城:祝福你[哈哈] //@赵宝城:毁过你没？你渴望吗！我想毁我[嘻嘻][嘻嘻][嘻嘻][嘻嘻]	1
#晒微博等级#我的微博等级已经11级啦[哈哈] 当前活跃天1361.5。完胜@林小能 @三国阿飞 @雷米26 ！你的微博等级是多少？一起晒晒看吧！http://t.cn/zOCD86P	1
一二三四五六七对七六五四三二一 七六五四三二一对ABCDEFG[嘻嘻][嘻嘻][嘻嘻]@何炅 @谢娜	1
#首登三沙#[good]//@长城老商: 单从营销角度讲，任何自主品牌都可做。不怕牺牲在东盟某国的一些销量。//@封士明: 且成本不高、相关度高：产品特性品牌内涵、公司形象都出来了 //@牛一龙: 此创意和执行，均奇、快//@封士明: 我觉得更多是商总的意思[嘻嘻] //@牛一龙: 是顾总帮助策划的吗？	1
第三届北京青年相声节青年笑星展演于11月16日晚在中山音乐堂举行！[鼓掌][鼓掌]	1
好字！好?涵！！[哈哈][给力]	1
还是妈妈漂亮[哈哈][飞机]	1
回复@炸酱面搭配糖蒜:难忘今宵[嘻嘻] //@炸酱面搭配糖蒜:静待中国好故事[偷笑]	1
@o0依一0o @ELEVEN豚 @newnew_zx 赐予我力量吧，我也需要雷锋[哈哈][哈哈][嘻嘻]	1
回复@黑米粒:[爱你]我爱听、可他们都喜欢那些美女、@万步健走吴树生 @传媒邵鹏飞1985 不管我[抓狂] //@黑米粒:都没有你美！ //@无须豆蔻:看见美女就重色轻友、哼不管我[抓狂] //@万步健走吴树生:我必须得保护他们 //@午马-青花瓷D:你也太霸道了吧[偷乐]把自己说的好像是大英雄似的[哈哈]	1
各种噩耗，速生鸡、塑化剂...我对洋洋说：＂咱吃什么呢?吃草吧！＂他回：＂有农药！＂我又说；＂那喝西北风吧!＂洋洋又回：＂有尾气!＂我瞪眼道：＂真世界末日了!你们班孩子讨论世界末日的话题不?＂洋洋淡然回：＂不!＂我追问为什么，他道：＂我们被老师逼的天天都是世界末日!＂[哈哈]乐得我肚子疼!	1
你好好坏哦[鼓掌]//@横ryan:加油老天//@张小云: 回复@老陈-世友:出，有问题找政府 //@老陈-世友:我这是出门呢还是不出呢还是出呢？ //@张小云:回复@老陈-世友:这是午前拍的，现在是午后了，到处还是这种提示，天也更沉了?各自当心哪 //@老陈-世友:看着就不对劲	1
回覆@八卦之神:我混时尚的时候还没你呢[左哼哼] //@八卦之神:叔你还混时尚界啊 //@编辑郭强:后吴泓时代[嘻嘻] //@赵波-赵桉: [哼]	1
老师估计是现在最难过的行业。。。[哈哈][哈哈][哈哈]	1
半夜，文如泉涌，个人又感觉自己做了一份还能让自己满意的作业~[嘻嘻]	1
是啊，尤其难得依然保持那份宁静纯朴//@姚宇YYY:镇远去几次都不会腻[嘻嘻]//@黔东南信息港://@简安然:熟悉的地方，让人迷醉的景致[威武] //@黔东南信息港:有角度有内容。	1
哇塞，可爱哦！[爱你] //@丁娜丽:[宝贝姨妈好想你[抱抱] [爱你]	1
回复@simplefoodie: 虽和福地哥未曾谋面，但已佩服得如滔滔江水[霹雳]。等开春了我们把厨房让出来，请福地哥给做俩菜解解馋[馋嘴]。您那些稀奇古怪的作料我们可派辆金杯来过来[哈哈] //@simplefoodie:回复@大菠萝baby:喜欢做而已,多吃不同风味的菜,多看不同特色的做法,多想如何因地制宜推陈出新	1
备降以后终于飞到杭州，回家躺我的床去[哈哈]	1
物色好了几家要拍的好菜 还是出来混有收获[哈哈][哈哈][哈哈]。	1
还有个运动品牌MLGB[汗][汗] //@白悦恒:卖给老外的[嘻嘻] //@我是老苗子://@itworker_青山: //@逢玖进一: 我们在马累的水飞码头也看到有绿色帽子在卖，显然卖的不好，狂打折//@小小?子:老外才不在乎	1
揍你 //@5A嵩县阳天池:为了@好脾气的漂亮乖乖女 能开心，俺把好友全得罪了 //@5A嵩县向前:大师[嘻嘻] //@好脾气的漂亮乖乖女:[哈哈]真经典，幽默的@5A嵩县阳天池 太[赞啊][赞啊][赞啊]	1
#昆明市滇菜烹调师、滇式面点师技能大赛#现场，菜品精美吗？[爱你]	1
@莲素空间 今天晚上四人位，帮预留吧[爱你]	1
同感谢@范怿Ryan 和@SocialBeta，新简网在做最后的调整，稍后就会结束alpha进入beta，走过路过不要错过！[哈哈]http://t.cn/zWfdh5t //@丁钧: 谢谢本文作者@范怿Ryan ，对这整个事情理解很深刻写得很到位，是典型客观收敛型作者。可是 -- 他居然还在学校就读，当真后生可畏呀	1
[哈哈][爱你] //@only唯一哥:@Nikki南芳	1
回复@坏蛋378:出来的效果不是很自然 //@坏蛋378:回复@编辑郭强:跟胶卷有关，跟影像无关。[嘻嘻] //@坏蛋378:转发微博	1
批发大校及以上预备役衔。//@潘石屹:校长不要，班长、连长都行。 //@王巍w:捐个大楼给军队，任命你为军队艺校的潘＂校长＂[哈哈]//@潘石屹:我能不能也混个连长、排长的当当？ //@王巍w:全军的光荣？ //@刘胜军改革: //@陈方微博:车也可以挂军牌了。//@刘胜军改革:醉拳：中国军队的终极秘密武器！	1
呵呵！能够喜欢就好哦！这比任何鼓励都更有安慰啦！[偷笑] //@广告人沈波:吃得很开心啦～～@宇宙霹雳大贝壳 是贝太厨房的美食家，所以强烈向她推介 //@三样菜帮主:昨晚都来不及照顾啦！感受美食的快乐！吃得开心就好哦！[可爱]	1
z我在这里: #台山汽车总站办公楼#走啦走啦，[嘻嘻] http://t.cn/SIIi6b	1
期待赵老先生的美好回忆[太开心]@张Linda琳 @优雅转身--S2 @Im啤酒大王 @Heidi恰恰 @然淞 @宁雨薇 @叶子_Jenny @Shelley饼某	1
整理达人的彩虹衣柜之一：灰色蓝色白色粉红正红。整整齐齐的家才能称作是港湾。[可爱]	1
土豪?[嘻嘻] //@王?Moon:转发微博	1
立冬了，吃什么好呢？[抓狂][鼓掌]	1
#达人生日祝福# @伽蓝静若 北京中环假日酒店祝您生日快乐，心想事成呦[嘻嘻]	1
经过一番比较，吐鲁番的葡萄和葡萄干很便宜[嘻嘻] //@海天无界的修行:@小赵混上海 @小巫婆的冰晶水城堡 @天蝎掐白羊 @马兰拉面1980 @浮生如狗 @Hio青蛙oiH @人可人弋文武 旅行必备。  //@江南梅:  //@谢佑平:  //@幸福的蓝爸爸 ：  //@香芬之城 ：转发微博。	1
[太开心][太开心]哈哈 回来啦	1
#M手机随手拍#收留我的小伙伴来自五湖四海，每天都在快乐的生活，有人又去旅行啦！我能说，有好玩刺激的活动，请一定要带上我！你们真的可以随意感受下满满的正能量[鼓掌]@收留我shou65 @留友大本营	1
//@光影蔓延影像机构:[太开心]求关注	1
要转5人,我们再转[嘻嘻]@vivianaoO52Oo @色渴渴的熊 @小屁汀 @凌落777 @猫猫鱼的简单生活	1
#company outing##微旅行#回顾 Angkor Wat @ Cambodia. 吃过早饭的我们一早偶遇出来吃早饭的它们~~母乳喂养更健康[熊猫]神情、动作，各种可爱[可爱]	1
[花心]干儿纸啊~你咋那么帅内[亲亲][哈哈][哈哈]	1
【你是泉州土著吗？】鉴定完毕，基本符合！[羞嗒嗒]很准嘛！[哈哈]	1
呦，营养餐，够宠爱自己的[嘻嘻] //@小s史蒂芬xu:回复 @Allen-zhicheng:肠煎的吧有点硬，弯不鸟。  //@Allen-zhicheng:你应该摆个笑脸^_^对你微笑一下然后美滋滋地把ta?掉。。。哈哈	1
变装行动，搞定！[哈哈][哈哈][哈哈]	1
屋外面细雨绵绵，屋里面笑声一片！@凤凰泡梧桐 李姐你这干瞪眼儿太好玩了，我爸妈还有莉莉姐我们四个乐了一个晚上！还是人多了好玩儿阿！[哈哈][哈哈][哈哈][哈哈][哈哈][哈哈][哈哈][哈哈][哈哈][哈哈][哈哈]	1
#厦门踏青季#清明去哪儿？厦门周边十大好去处[爱你]	1
#嘉人美妆精英学院线下课堂#和闺蜜@Nina小左 去参加@嘉人美妆官方微博 美妆1+1，和闺蜜一起学化妆做造型！我俩还获得最佳服饰搭配以及妆容奖噢！[害羞][威武]没有商量却同时穿了黄色搭配彩色瘦腿裤。闺蜜就是闺蜜啊！@飞利浦中国 的卷发棒超好用[哈哈] 轻松打造自然大卷发[偷笑]	1
@养熊猫的李桑 给你来一个?[嘻嘻]	1
照片好可爱哦！感谢亲对酒店的赞许，酒店能给您和您的家人留下美好的回忆时光，我们倍感开心。[哈哈]我们等待亲的下次到来哦！希望为亲的下次旅行勾勒出一段更加美好愉快的回忆！[笑哈哈]	1
海关人员问我为啥带这么多相机，是不是摄影协会的，我说不是，我说我是著名色影师，去香港给张白纸拍照…。（后面是杜撰的）[嘻嘻][嘻嘻][嘻嘻]	1
好哦，积极组织策划！//@尉迟道坤: 赶紧组织活动吧？！ //@童华安:[挤眼]//@吴晓润: //@童华安:北京难得的好天气，焕然一新。//@刘玟-企业家私人形象顾问: 您好[握手][太阳][咖啡] //@金阳创意策划:您好 //@刘玟-企业家私人形象顾问:[鼓掌][鼓掌] //@童华安:[挤眼]//@金阳创意策划: 祝贺	1
到底是张导下皮诬陷那姐[哈哈]还是真有其事呢？[吃惊]本周六晚答案揭晓！！！	1
[威武] //@雅座白昱:[鼓掌][拳头] //@边疆边吃边说:论坛研讨了目前餐饮企业最为关注的具体问题，很有实际指导作用。这种论坛最大的作用在于指导企业在大投入前认真考量。	1
妹子们还是找个读计算机或者信息安全的男朋友吧…//@HorseLuke:原来这话可以这样用啊我顿悟了[花心] //@职业欠钱:[衰]＂我真没用，居然让你问出这样的问题＂ //@HorseLuke:你直接温柔地抱着妹子说“有我在没事的亲爱的”就行了不用其它解释了[哈哈]	1
哈哈木有问题[鼓掌] //@烧土大鱼:不仅要指责，更要他负责！必须照他近一个月内的馋人照片给大伙儿来一顿[抓狂]//@王小兔--芳草地商贸 :同感！！//@得着您那2011: 为什么总是在我们困得时候，还有饿得时候你就把菜端上来，。我们要指责你。	1
回复@朱俊的围脖:让 @榆杨晚叶  请客！ //@朱俊的围脖:佩服[good] //@-孙常明: 法国VS英格兰1：0 或者1:1 ！两个球队我都喜欢。但是不看好英格兰。@刘越  //@张勇永远快乐:法国VS英格兰1：2[哈哈] //@-孙常明:法国VS英格兰1：0 或者1:1 ！两个球队我都喜欢。但是不看好英格兰。@刘越	1
川音！你又洋气啦！[哈哈]#随手拍#	1
鲸鹏之大 虾蟹之细 无不容归[发红包][发红包][发红包]//@延涛-来去造化:@春晖-来去吉祥 后面还有几句？请您补充！[嘻嘻][嘻嘻][嘻嘻]	1
我每天吃都吃不腻。[哈哈]	1
梦想有多大，它就有多大！[哈哈]//@District-F: @dIstRictK 不知道Hades以后会不会这么大	1
你本来也不胖啊[爱你]	1
回复@桑之未:开点啊。他又说家庭也不顺利。我心想，终于说到这了。[嘻嘻]由于我很少上，导致隔了仨月他才说完家庭困惑。昨晚说到双方在抢孩子。[挖鼻屎]我说我也不开心，被人甩了。[嘻嘻]他说那出来见个面吧，没别的意思，虽然聊得不多，但是感觉和你特别亲切。又问我会不会唱歌。我没回他。他发来一串	1
看样子向日葵收割了，集不到足够的阳光了，西瓜投手五六的都收山了，一大波僵尸粉袭来[哈哈] 我在:http://t.cn/8kqNX7n	1
当年其实是能考上清华北大的，估计是点背被多扣了几分，不过还得谢谢阅卷的老师，幸好扣的分少！谢谢啊！[哈哈]	1
//@杨安的微博:一百个观众，就有一百个哈姆雷特。@琢磨先生 好好琢磨吧[吐血][晕] //@率率1996:回复@零舍嚣张:嗯，其实这就是民主，百家争鸣，百花齐放。[嘻嘻] //@零舍嚣张:现实就是这样，不管你说什么做什么都会有人发表意见！ //@率率1996: [哈哈][哈哈]评论真欢乐！比原帖好看。 //@杨安的微博:	1
都说女儿是妈妈的小棉袄，看来以后爸爸们也得随身带着这么一件超级粘人的“小棉袄”[嘻嘻] [嘻嘻]   PS.这场景多么温馨啊，就象每天在酒店里牵手行走的一组组三口之家，场景平凡却透着浓浓的温馨~~~~	1
[爱你]舞出你的精彩！	1
嚎你个头，还好你在里头，要不老子只好回车里头。[哈哈]	1
“流汗大疯show”真的好搞笑[哈哈]	1
[爱你] //@刘洋:我都看哭了，虽然没去[抓狂]	1
#高级定制#  四叶草定制系列...近来在问长耳环的童鞋们觉得这款怎么样呢？美吧！[爱你]喜欢就赶紧行动吧！[偷笑][偷笑][太开心]	1
不是人人都能活的低调，能够低调的基本是随时都能高调。[哈哈]  早上好！	1
一分钟有多长？这要看你是蹲在厕所里面，还是等在厕所外面了[嘻嘻] 哥们，不赖你，是因为地球引力出了问题[怒]	1
看看自己哪里不好哦。。。//@安东尼写给不二的情书: 痘痘告诉你身体哪里生病了，实用！[鼓掌]	1
水滴协会荣誉会员请大家关注这条消息[可爱]	1
回复 @李小颜:木有提前说的嘛，肥喵 //@李小颜:回复 @彭肖肖:你看你麻，点都不乖！地震军团都缺席！ //@李小颜:听过你太多心事，但已经不再重要，眼见你快做新娘，做密友的真想撒娇，分半点福气给我们，不准留低我们一群！[爱你][爱你][心][心][来]	1
#每日明信片# 马年第一枚！是来自百度旅游的小伙伴们在全国各地为你专门寄出的新春祝愿~ [哈哈] 百度旅游让旅行更简单，我们一直在努力！新的一年，就是要让你能玩得更好！新年快乐~~~	1
[威武] //@candyhorse:这个功能 @百度地图  早有了[嘻嘻] 不过好像Google Maps的还有一些可以借鉴的地方 @delighttoo	1
再去动物牧场那边溜一圈呗，散散步，有助饭后吸收[哈哈]那边有很多小动物，去看了没？	1
回复@简白:等待时的情形如在眼前嘞~[哈哈]//@简白:回复@泡鱼儿:一晃三岁了。记得那天，在中医院接她回家，时间真快，祝小小鱼儿生日快乐！！[蛋糕][蛋糕][亲亲][亲亲]	1
这个必须转[太开心] //@李佳格格: 哈都不说转了@曲向东 @艾米涂 @开心地游走 @LAURIEGAN @Jill-李洁 @鼠小邱	1
哈哈哈哈哈//@H美慧子H: //@十月331:哈哈哈哈之前看觉得没啥 现在再看真的觉得好像???真羡慕一下就生两个出来的???这几天累的要死 照片都没咋发 抽空补上[嘻嘻] //@孙嘉乐: @十月331 像不像有两个小妞 [笑哈哈]	1
啥时候来？预留一个好位子给你[可爱] //@小以巴虫:购了购了。。。大肘子，我们又要见面啦[馋嘴][馋嘴][哈哈][哈哈]	1
早上好，乌旅人和乌米童鞋们[哈哈]	1
?景情人团圆节！//@三亚维景国际度假酒店:亲们准备好了吗？[嘻嘻]快来维景度过一个别样的情人节元宵夜吧！[心]这周五不见不散哦！[礼物]	1
这个世界土乱了！ //@KAKU阿果://@大胃象:传：李宗瑞不雅照曝光；妹纸甲：靠，太混乱了，难怪打不过林丹！妹纸乙：擦，打林丹的叫李宗伟好不好！？妹纸甲：哦，他歌也写得不错哦！妹纸乙：[汗][汗]那叫李宗盛！ //@Richard-杨?: //@KAKU阿果:[哈哈]	1
这位@情Love尊 同学是吴尊的粉丝，她也多次参加我们微博的有奖活动，虽然还没有获得任何奖项，即使是她很想得的#我们的爱情文莱见证#的文莱旅游大奖，想去看看吴尊的家乡，但她还是毫无怨言，一如既往的参加我们的活动，让我们见识了吴尊粉丝的才华和热情[爱你]	1
圣诞节已经渐行渐近~~~~三亚的圣诞节日气氛也日益渐浓~~~@三亚维景国际度假酒店 也正在紧锣密鼓的准备中，今年我们又将为您带来怎样流光溢彩的视觉感受呢，敬请期待哦[可爱]	1
[围观]2月28日前，西单店会员任意消费即享王牌烤鸭半价优惠，再享10%积分返还，新开卡粉丝还可获赠41元下午茶套餐券，生日更有意外惊喜等着您[耶]……欢迎走起！//@一花一叶咖餐厅: 诱人的美食、惬意的环境，很赞很赞有木有~[嘻嘻]	1
翟峰宏岩翟乃馨在四川电视台@航海家庭之翟峰 @航海家庭之宏岩 ，这个观众要求合影，而且很雷地说：你现在也算小有名气了[嘻嘻][嘻嘻][嘻嘻]	1
可以带娃去@大年画 @天涯oz @果果D乐园 [嘻嘻]	1
[围观][围观]基金会定点医院的住院人员一览表。带有花瓣LOGO的入院卡片，是基金会“爱佑童心”项目组同事特别为医院设计的。这样，属于“爱佑童心”孤贫先心病患儿手术治疗项目的孩子就可以一目了然。是不是很方便呀[太开心][心] @新浪河北 @weshan微善	1
感谢老板的火锅大餐[嘻嘻]	1
据说，杨贵妃就靠练这套操让自己丰而不肥的。女人丰满也是一种美，但如果丰满到有小肚腩就杯具了。一本宫帏史书里讲杨玉环为取悦唐天子，曾刻苦健身，就像下面这样儿，收回了自己的小肚子。[哈哈] @陈禺舟 @盛大文学华文天下 @星河出版 @Snda-小龙 @王溪桃  @减肥帮帮忙 http://t.cn/arXXcU当当有售	1
//@中国老参谋: 除非太阳从西边出来了。不过，有一天，太阳真有可能从西边升起来。[哈哈]//@中国战略家:[哈哈]，这种人基本上没有。	1
[鼓掌]//@Lomography三里屯店: LOMO市集明日开集～各种古着、复古小玩意，尽在lomography三里屯店～	1
罗汉局玩的如此开心[嘻嘻]	1
恭喜@molsang@Hello-林小姐@格雷小丝 成为杭州站幸运网友！三位将于明天亲临发布会现场，见证雪花《中国古典园林》五书在杭州的发布。主页君在西子湖畔等你们咯。另外，在此感谢其他小伙伴们对本次活动的大力支持！[太开心]	1
#汪汪在旅途#飞机上了，带着蛋糕回家陪老妈过生日[可爱]	1
明信片粗发了?[太开心]@风无影  我在:http://t.cn/zQ6XKt0	1
钙补的真好[哈哈] //@T-Bolt安帅锦_座驾car:卧槽！这是哪啊！@孙婉倪 //@iAcro-裤裆老爷: 外星瓷？？？ //@发发大王:卧操！@马外外 @糖蒜广播 //@北京颓丧女青年:[衰][衰][衰]	1
马上到场加油助威[嘻嘻]	1
感谢@边疆边吃边说 老师今天莅临@北京贝尔特酒店 给予我们很多宝贵意见 作为吻雯今后工作的重要指导～[可爱]	1
看看这位啊[嘻嘻]@鲨鲨628	1
参加@味多美 与法国总统奶油合作发布会很多甜品呦[嘻嘻][嘻嘻][嘻嘻]	1
@和?和大人126 @何处不风景V 你们可以带孩子去看哦[嘻嘻][哈哈]	1
雍正感扑面而来～真的要盛世了么～[哈哈]	1
开长途，喝红牛[哈哈]你懂得@杨小V_V-y @坝上小湖会所菁菁 @红牛	1
我也＂骂＂一声！哈哈哈 //@卤煮鲍鱼:哈哈，不错。瞅姐注意，陕西说的蒜苗咱们这边儿叫?????????????青蒜[嘻嘻] //@我瞅瞅:马个大克！谢谢小猪。 //@委座儿: ?克，酸?水?~~	1
欢迎亲爱的来weibo玩~@朱敏宜_Liza [爱你][心][心]	1
[可爱]	1
回复@老夏_unpricedgalaxy:[嘻嘻]我找找去。。。。。 //@老夏_unpricedgalaxy:用眼过度，以后多看无码的，马赛克飞燕[笑哈哈] //@编辑郭强:回复@老夏_unpricedgalaxy:是电脑，老夫眼力不行了难道？ //@老夏_unpricedgalaxy:回复@编辑郭强:你用的手机吧，屏太小，得用电脑看	1
爱知乎的孩子哈[嘻嘻]~~~@知乎	1
理想的下午就是有好朋友自远方寄来的美味[太开心]那久违的玫瑰红糖和猪油缠绕的特别香气只属于喜洲粑粑[馋嘴]@丽江纳西妈妈	1
我们走在大路上…意气风发斗志昂扬[哈哈]	1
[馋嘴] //@陈梁:回复@贾翠萍:来吧[哈哈]  //@贾翠萍:强。一直想去走5公里。	1
人总是要去做各种各样的选择，不管经历了怎样的心理挣扎与抉择，最终还是确定了，不管怎样，希望我这次交给自己的选择是对的，也算圆了自己的梦吧～孙小奇同志，你的新生活开始了，我怎么开始矫情了呢～@郑忠阳v 同志，给我弄个欢迎式吧！[嘻嘻]	1
@哈哈兔儿 [亲亲]@Imlina [思考][做鬼脸][干杯][干杯][干杯]	1
这次简直改变了我对法国人的印象，实在太友好了，和之前接触到的冷漠型完全不一样~偷溜出来逛夜景，川大学子夜生活不要太好呀，不过夜景还是武汉的赞，府南河还是比不上长江[哈哈] 我在这里:http://t.cn/z8AMmBf	1
//@自由犬义: //@云海偶遇: 很壮观呀! 气势之磅礴的黄果树瀑布. [鼓掌][赞]欢迎爱旅游的朋友加入中华旅游军团: http://t.cn/h543nw（新浪微群）	1
小时候最爱吃的灯笼果[吃货]~晶莹剔透的，小西好喜欢[太开心]，亲们也喜欢吗？	1
雪后的酒店花园，景色格外别致。各式的＂欢乐雪人＂矗立在花园中，仿佛是在迎接客人的到来。来北京香格里拉饭店欢度圣诞，迎接新的一年，既品尝美食、又观赏雪景，何乐而不为呢？[鼓掌][太开心]	1
[嘻嘻] //@天狼50陈浩:我看图时想，遇到此等新手，站在哪里安全？隔辆车都能被追杀，唯一安全的地方是空中。//@侯宁: 回复@小散在西安:[哈哈] //@小散在西安:师傅，您把驾照撕了吧！ //@侯宁:杀手的力量！	1
[害羞][可爱][太开心][花心][鼓掌][亲亲][爱你]	1
入秋后到了爬山的季节，和心爱的人每周爬香山的节奏，我就喜欢秋高气爽的好天气，心水这条裙子[嘻嘻][嘻嘻][可爱][可爱]	1
叶氏麻糍吃多了腻，就是芝麻驴打滚；张三丰奶茶，二十块一杯呢…鼓浪屿一家鱼丸，很不错；八婆婆烧灿草，4块，挺好；海蛎煎，同学学姐带我们路边吃，很好次；沙茶面，在吃肉粽那家随便吃了点，无大感，肉倒不错；黄胜记，外带，生意很好，主要不贵，没觉特好吃；8、海鲜排档喜欢花蛤与海瓜子[嘻嘻]	1
@楚涵0808 你来感受下//@seven鱼眼儿: 咱可以红橙黄[哈哈]//@楠心: 配色我还是喜欢暖色的	1
@--怡然自乐 [偷笑] 这姑娘，好像。。。你啊[嘻嘻]  //@经典语录:这小姑娘好可爱~~女人的心情呀，必须靠SHOPPING来刺激呀	1
卖萌犯傻[哈哈]	1
世界上知名度最高的照片和它的摄影师 Chuck O’Rear――这张照片是不是觉得很熟悉呢？是不是越看越觉得亲切呢？ [哈哈]	1
# 山东传统暴打出轨男现场版# [哈哈][哈哈][哈哈]//@我是一只企鹅: 哈哈哈哈哈 //@希恬丸子-沈谢催婚小分队队员:马伊俐娘家学学！//@云宝谢衣一生推	1
[嘻嘻][嘻嘻]可爱的狗狗	1
你更狠[赞]//@吊儿郎当刘大少爷: 不是新来个15号吗，那就照15个进[哈哈]//@一一零号院的拿大爷:6个 //@随缘_GUOAN:4个	1
打到第Ⅳ场，虽然香肠嘴哥今天像开了挂一样疯狂32投20中，但是全队才13次助攻，原本雷霆由三个人一起得分的战术，现在只剩2人，哈登那一点完全没发挥出来。希望热火夺冠，其实只是真心的希望詹姆斯和巴蒂尔得一个冠军，雷霆还年轻有机会[鼓掌]	1
"曾听朋友说：""如今，好男人都有男朋友了” //@乐在骑中的家庭: [哈哈][哈哈] //@骑自行车的桔子:兄弟，好男人不多了，珍惜啊！"	1
[鼓掌][鼓掌] //@云游四海keke0606:[带着微博去旅行]	1
怎么个免费法[鼓掌] ，估计往返呼伦贝尔的费用自理吧？ @八戒如来神掌 @梁智勇 @海疯 @吹?DO	1
能吸引我走进这家咖啡馆的元素：在街旁，随时能推门进来；装饰摆设可以以旅行为主题但也别太强烈；不定期地有些沙龙、经历分享；背景音乐是很棒的世界音乐；有图书杂志看，可以涂鸦；最重要的是，咖啡要香。[嘻嘻]	1
[哈哈]这个名字！！！！月底回去帮忙！	1
焦作影视城美女演唱！瞧那二个摄货！[哈哈][马上有对象][马到成功][发红包]	1
[哈哈] //@AK47-Eric:我是灯笼	1
这个要关注下。琢磨着我是不是也开个什么致某某某的999封信的微博呢？嘿嘿，咱绝对有这个实力。[嘻嘻]	1
可以呀?骑个小马[嘻嘻] //@麦韬旅游:圣诞去这个不错，便宜～@amy非凡旅行家	1
#睡前一笑# 昨天我去理发店剪头发，有个男人带着他儿子来理头发，那5、6岁的小朋友不肯，吵得要死，乱动，剪不了，他爸说出了一句：“剪歪了就不能泡妞了。”瞬间安静了。[哈哈] [哈哈] 明天不用早起~但是大伙还是不能熬夜到太晚哦！晚安啦~[爱你]	1
@徐行坊 6月有＂数字生命蓝本＂课程，强烈推荐！[话筒] //@塔?星座艾菲?老?:[爱你]我推荐给大家。生命???程。 //@宇宙神偶吧:[赞][good]	1
在丹徒公安局，刚刚提到了@帅帅警官 [害羞]//@麦田得守护者:人家是[赞][嘻嘻]//@大漠豪情ujs:回复@天下贼无:你是乖乖虎, 镇江最美警察. 向你致敬! @郝浩 //@天下贼无:回复@大漠豪情ujs:谢谢帮助宣传人民警察亲民的一面呀。	1
【#超级笑星#微直播】#超级笑星#最初亮相之后真的让小编目瞪口呆啊~法力无边，老当益壮，绝技了得，哇塞[抱抱][哈哈]今晚大开眼界啦~[挤眼][挤眼]	1
哇塞。。。帐篷啊。。。户外旅行必备啊~！！！求中奖啊求中奖[太开心][抱抱]@小柳菁儿 @诗韵梦寻 @程浩 @七妙 @年年二十五 @酷奶茶咪咪 @于洲 带着帐篷，户外烧烤走起啊~！O(∩_∩)O哈哈~	1
哈哈哈?光棍的圣诞节，都是笑中带泪啊?[哈哈]	1
六点过半，晨曦破晓。交通路况好的不得了[鼓掌][鼓掌]	1
特别乖巧的小侄子：逛街要帮妈妈提包，吃小吃的时候要分给妈妈，最后一个煎饺一定要给妈妈留着。不挑食，炒菜里面的葱都吃掉。各种乖巧！各种懂事！各种可爱！小肉脸上有酒窝。[爱你][爱你][爱你]	1
小朋友们快看看！最后那几张我可是唯一的现场观众哈！[给力][鼓掌][鼓掌][鼓掌]	1
我终于也成为“资深”咖啡人之一了。要把咖啡做好，不理光不行啊。[嘻嘻]	1
#土耳其amanruya# 鸭脖子土耳其茶，美景，轻轻的风，蝉叫超大声「很爽」「很爽」[哈哈]真的哦！都上一片云快快吹走	1
[鼓掌]@中关村广场美食街	1
#美好设计#带上你的想象力，平淡的生活里处处是惊喜！[嘻嘻]	1
然后，王小胖和唐小兔就开始唱歌了，一首接一首，都是凤凰传奇的。[哈哈]	1
新浪家居微访谈进行中: “感悟与分享“创业心经””， 访谈嘉宾@宗贵升  。访谈进行时间3月28日 16:00-17:00。赶紧去提问吧。http://t.cn/h1RPfm[嘻嘻]	1
哈哈[嘻嘻][哈哈]	1
感谢今晚所有发短信祝男盆友生日快乐的达人老师们，地方站超带感的同学们和多年不嫌我烦的我的朋友们[爱你]	1
如何在短时间内找到对象，分享速成手册。[哈哈] （转）	1
#饭后动动脑# 答案揭晓! 昆仑饭店 大堂西侧 易舍鲁菜餐厅的一角~ 喜欢的请举手![鼓掌]	1
很有赶脚的餐厅，让我想起了鼓浪屿的时光。[爱你]@天下谁人不识金	1
@敖玉琴 看到了，回复不了。[哈哈]	1
钻进被窝也冷!!![嘻嘻]	1
#约惠海航?圆梦飞翔#【0元抢代金券】小编的朋友问小编，最近可有什么比较实惠的活动，而且还要是有利于出去玩的[爱你] 那么小编隆重推荐每天3波的代金券活动http://t.cn/zRMqEXG 31日前，每天150个名额，20元的代金券，0元抢[good] 好活动，多转动 [酷] 今天第一波，9点准时来临[太开心]	1
接个力[哈哈]@任依婷爱纽约 //@拖斯基Alice: @Elaine-郭云	1
回复 @LA婧Lily:哈哈哈可以，华西医的硕士，单身，@sliangun 菜做的很好吃[哈哈] //@LA婧Lily:啊！极品男？求介绍，求微薄 //@瑞尔齿科林浩Henry:这个不是我室友吗？哈哈[哈哈][哈哈]	1
街心花园[哈哈]//@佳佳浪: 我妈说街心花园又来啦[哈哈][哈哈][哈哈] //@杜蘅:道歉有用的话要警察干神马？！[哈哈]//@草本向日葵:@杜蘅 @茵茵牛妈 还记得一起看流星花园么?好幼稚好脑残也好青春哪	1
[围观][围观] //@田炜ACF:倒计时了，粉丝们已经把俺们的ACF客厅包围了。[吃惊][哈哈]@王昕ACF @卡生@搜狐戴蓓 @文艺不着调青年@发条瓜子@Rebecca妮妮 @徐非啦 @安邸AD王旭 @飞天大?? @Leon喜喜@苏燕 @CV王丽 @饶江宏@素素zhongsusu@德尔芬娜@刘妮丽 @杨2婕娜姆 @英杰拉姆@丫头-莎小莎@倪倪artjia	1
我申请去探班[哈哈]	1
我去。。。太美了[嘻嘻][嘻嘻]	1
说的真好? //@伊能?:当让座给人的时候，他会愣一下，你会害羞的傻笑。他若依然不动，你便补一句：「您坐。」声音洽好他听的到。然后他坐下。两人不再交集。但心里都漾起温暖。那时施和受都是正能量，因为他们心里都充满了爱。[爱你][爱心传递][鼓掌]	1
[哈哈][哈哈]笑死我了!	1
北大光华EMBA校友会又添新成员，福建校友会于4月6日正式成立。典礼上，光华院长蔡洪滨教授，副院长、EMBA中心主任张志学教授，院长助理、EMBA中心执行主任江明华教授为校友会会长及秘书长颁发聘书。期待福建校友会的成立为北大和闽商校友搭建更加便捷的沟通平台。[鼓掌]	1
明儿接着包[哈哈][哈哈] //@?腾:向各地记者问候新年好	1
回复 @潘霜霜mavis:??? //@潘霜霜mavis:回复@Oscar宝军:大宝军嘿嘿[可爱]	1
[哈哈]//@宁静致远_峰: 还是厚德载雾吧！//@巷人: 今天网上很流行的段子。高端黑有木有？ //@齐天大圣宇宙无敌小瓦楞:现在 杨白劳比黄世仁?B	1
[鼓掌][给力]//@Vivian-LSW: RP大爆发 //@泰瑞孟: 我就是拼RP张大的，哈哈//@whereiskevin:@上海鸽子王 @泰瑞孟 @dIstRictK @District-F @方方是玉 @Lydia静JiNg @爱莉诺 @Alan_Travel @Vivian-LSW @木有?---Tracy @非典型金牛	1
谢谢弟弟妹妹，@鸣乐汇许玉龙 @SaRa董佳玮 @墨爷儿 @何宜朋AoNy ，今天真的很开心。[嘻嘻][嘻嘻][嘻嘻]三天三夜[嘻嘻][嘻嘻][嘻嘻]下次继续嗨起来[嘻嘻][嘻嘻][嘻嘻][酷][酷][酷]爱你们	1
#2013年南非家庭游口号招募# 带上爱，畅游梦幻南非！[可爱] @爱心牛牛家 @芸则千 @Juliahit7 @南非旅游局	1
回复@米其林大厨-西安:马来人 我收他做徒弟不知道国家有相关政策没有 //@米其林大厨-西安:收徒哇，几时喝拜师酒!不如带来开封如何？[嘻嘻][嘻嘻][嘻嘻]	1
经证实，显示照片，但是，工作人员并不会认证核实验证照片。//@张欧亚:呵呵//@王凯Keikey:回复@沈阳老陶:今天搭飞机时穿行测试一下，扫登机牌是否会显示照片，有没有控制缺陷[嘻嘻] //@沈阳老陶:登机时，扫描登机牌会显示办手续时拍的相片的。 //@王凯Keikey:确实有这种可能 //@yuange1975:  //@静娅:	1
在铜锣湾的forver２１入手一双超轻步行鞋，猜猜多少钱？[嘻嘻] 我在这里:http://t.cn/zY2iete	1
工蚁心声啊，老板们，你懂得？//@旅游时报王琪：上班族就是为别人创造价值额的工蚁啊//@黄超-同心动力：上班族不易啊：） 靠拿工资养家糊口、靠劳动想致富在当前是多么的艰难 //@自由幸福云者:[哈哈] [good]	1
扩散[哈哈]	1
河神挺萌的！[嘻嘻]	1
太形象了！ //@创意工坊:[哈哈]大家觉得呢？	1
此处乐，不思蜀！[嘻嘻]	1
请看活动的具体链接：http://t.cn/zOSZAy0   呵呵~ [嘻嘻][哈哈]	1
[嘻嘻][哈哈]吃涮肉要的就是无肉不欢。	1
#三亚旅游#直播同事的战绩[嘻嘻]，迷你得不能再迷你的饭碗成就了我们各个彪悍的饭量。哈哈哈。。。。	1
回复@陈怡杉Chris:必须的！ //@陈怡杉Chris:拍得真美[可爱][good]	1
美女是看热闹 //@闹市钓雪:美女都转，我这糟老头子还不转吗？[哈哈]//@袁媛姐姐: 我是转呢，还是转呢？这些手绘者真的能处变不惊吗？//@安徽苗同伟: @好事成双--叶 最近国家在打击啊!哈哈	1
回复@龚漪:[给力] [抱抱] //@龚漪:这个酒吧的氛围很棒呢！仿佛置身国外JAZZ一角，洋派而迷幻，喜欢！	1
回复@笨鸡:没带，柬埔寨之旅，就带了一个富士XE1和１８头 @富士数码影像世界 //@笨鸡:[嘻嘻] 职业习惯也会带上长枪短炮吧？	1
[爱你] //@纯净如水CA:[爱你][爱你][爱你][太开心][太开心][做鬼脸][做鬼脸]//@TAN小猫爱睡觉:这个图简直就是画的我们三个啊[爱你][爱你]@纯净如水CA @周邹妈妈 还有@书书何 快点把个人P进来[哈哈][哈哈]	1
[嘻嘻]今晚同志们不会都集体做噩梦吧，据说吃撑了就容易这样，一路上辣妈第一剪和方小玲直嚷着要走回去，[偷笑]集体吃撑的感觉不错	1
欢迎时光旅行者修侃先生体验天津利顺德大饭店豪华精选酒店，期待修侃先生能把更多对酒店的感悟分享给大家。//@修侃: ?族血?的?雅?店，150年??了??多多的?史故事??恨情仇，每一面?，每一?瓦都藏匿著太多秘密～太有味道的一?博物??店了！A “Must-Go” in 天津！！！[鼓掌]	1
喜欢就好哦！[可爱][可爱][可爱] //@三样菜:什么时候看到什么时候觉得肚子饿，这红的绿的看起来是真心喜人~感谢大家喜欢 @三样菜	1
#新浪山东旅游达人分享会#第四期分享会名单粗炉啦！@赞荷 @摄影家初冬暖阳 @小张老师DL @阿布摄影 @昔日的龟兹 @大明湖畔的少帮主 @甄真_ @jn-八戒 @摄影师吃素的鱼 @massa3 @Tony烘焙 @?是最可?的人315 @大明湖畔的妮儿 @于音爱摄影 @谢丰任 小伙们们，明天见呦！[鼓掌][太开心]	1
回复@齐天悟空孙大圣:不许歧视。。。[织] //@齐天悟空孙大圣:转发此微博:角色无所谓，可这倒霉名字?????? //@开心韩峰:回复 @刘峥Jimmy :好 哈哈 // @刘峥Jimmy :下回咱俩一块儿去演 // @开心韩峰 :还是假，以后得努力演的真点儿 // @开心韩峰 :回复 @bonboncow :[可爱] 转。。。 // @bonboncow :ha.帅	1
哈哈，您的绝对是一大包！ //@韩姐教你下厨房:我要吃喜糖。//@夏柠儿:那我结婚最后一道就上这个了！[哈哈][爱你][兔子]	1
回复@东东-楠木生南国:哈哈，防晒霜是指数70+的美国水宝，可下海后还是被灼焦了；手表300米深度防水，倒是深潜都不用摘。[哈哈] //@东东-楠木生南国:这张可以当防晒霜或手表的广告片。	1
[做鬼脸] //@云南台常露或甘露:[哈哈]	1
[哈哈]好好！半年又过去了，离过年又不远啦！//@音乐人李永昌:回复@冯楚迦_冯敏:[哈哈][哈哈]在写新滴，找时间合作！年后特颓不愿做事，不想做事，很烦做事！老了[泪] //@冯楚迦_冯敏:挺好！ //@音乐人李永昌:再转发一张封面，浅显入世。偶滴新作！ //@火烈鸟唱片:新品待发！佛曲！	1
笑醒了[嘻嘻]爸爸们，节日快乐！//@X-x-i-n:最后大喷！！！	1
本周五，眉州东坡“2013沁夏新品品鉴会暨527美食速递启动仪式”即将举行，欲了解沁夏新菜品介绍，可关注我们的微博哦。[可爱]	1
我从@秒拍 分享了一条精彩视频，快来看看吧:龙泽萝拉：祝大家恭喜发财[花心][鼓掌] via@蔡京京（下载猛戳 http://t.cn/zQwVyZf） http://t.cn/8F26qnO	1
陪老奶奶喝早茶... [鼓掌]	1
[话筒][话筒][话筒]今晚 //@大连兜兜:明天就是两周年纪念日了！明晚七点佳兆业北门（近金钱柜附近）新老朋友不见不散[爱你][爱你]	1
回复@林敏捷:我旅行从来都没有预算，包括时间与金钱。在中东，预算没用――一天变化至少一次//@林敏捷:出门预算很重要[哈哈]	1
#雨枫赠书#避暑季《黔上听香》,栖息疲惫心灵诗意之旅――转发本博并关注@黔上听香@雨枫书馆@须叔_Danys 抽奖赠签名书,今起每天2本共10本[鼓掌]另有5本提前赠送,请到@雨枫崇文馆 前台领取,电话67087470｜本周日14点作者山峰莅临雨枫,零保留讲述旅游爱情创作故事。现场送礼[给力]详情http://t.cn/zQA2eLf	1
什么叫2010年以前的呀[哈哈]这智商	1
这花长得都不晓得哪边是面了，来个侧面照[哈哈]	1
电闪雷鸣，风雨交加@谢颖anna ，别怕，有我呢[嘻嘻][嘻嘻][嘻嘻][咖啡]	1
现在在穿越微信回复“拍卖01”就能了解最新拍卖价，你们出价了么[嘻嘻]	1
这个地方怎么那么熟悉呢？就是想不起来在哪里。//@聚点串吧餐饮: [馋嘴][馋嘴]准备开吃～[哈哈]	1
您可以直接拨打52569977预约，祝您周末愉快！//@潘盈茵: 明天去，预约一下//@陈乐博士: [爱你][帅][围观]//@绅公馆:快过年了，快来放松一下吧。 @陈乐博士	1
[鼓掌][太开心]哇哦，池中的鲜花好像在说：御庭准备好迎接远方的客人们啦?欢迎光临[亲亲][鲜花]	1
我想了两个钟头，终于看懂了这句话[嘻嘻]	1
这是农村版韩国情书么？轧舞的节奏？//@辞小西:  /农业重金属风，张张戳笑点[哈哈]	1
青年节快乐[爱你]	1
辛苦了一个晚上[威武][威武]，终于装扮好了，期待明天同事喜欢的表情，迎接圣诞咯[哈哈][哈哈]，下班回家！辛苦啦，对自己说。	1
[呵呵]不普洱之恋了，哈哈，应该说对自己好点，你们出去喝普洱之恋才应景[嘻嘻][嘻嘻]	1
别害怕去挑战一下吧，当然有时候不勉强，休息一下也是可以的，这不是失败，成功的道路上不放弃就不会失败。→ http://t.cn/zWu72uW [爱你] //@miss_miiow晓文:我该向我的自我挑战什么呢，我怕吗？	1
可以买[哈哈]	1
[嘻嘻]抢它孩子当宠物养	1
周末来酒店烛光晚餐的时候可以露一手噢[呵呵][爱你]	1
//@风流韵史:[哈哈][哈哈]	1
回复@教育出版孙运宋:我有点印象,但没在那里吃过,找机会去品尝品尝,不行哪天一起去啊[嘻嘻] //@教育出版孙运宋:推荐个地方：灵岩寺 武庄水库旁的 水云间农家乐，那里的炖鸡和炖鱼，炖羊肉。。。那个味道不错	1
还有@桔子水晶俞萍 也在[嘻嘻][哈哈] //@桔子水晶酒店007:你俩曾经一起噶浪漫过呀[偷笑]	1
饭前，坐定，环顾四周，弟弟妹妹在干啥……都也学着怀旧了[哈哈][互粉]这个饭店，连吃饭都要让你想想自己的年龄[偷笑][给力][微风][萌]80后现在又怎样？	1
[鼓掌]  //@金朝顺:帅哥美女如云~恭喜开课！@魏英俊 @solonso  //@洪璐葫芦:恭喜了！//@昆晏:转发微博	1
谢谢推荐[爱你][给力][带着微博去旅行]	1
谢谢夸奖！[哈哈][哈哈][哈哈][可爱][可爱][可爱]	1
欢乐[鼓掌] //@戏剧李?:希望我能累得瘦一点… //@词语新作: @北京南锣鼓巷戏剧节 @成贤工坊周? @二毛V5 @方旭-明戏坊 @G关越G @关东散人 @黄天space @经纪人刘冰健 @戏剧李? @李林演员 @老浓 @旁观书社 @ //@电影态度:[可爱]	1
期待我们的制服趴[嘻嘻][圣诞铃铛] 同志们[爱你]	1
各位早[可爱]	1
[花心]//@Shine_帅: 是在@北京中环假日酒店 办婚宴的那个个性美女么？[花心] //@浓情玛奇朵nancy:是王莹吗？要是就对了她是服装设计师！[可爱]	1
回复@中国旅游报:谢谢咱们旅游人娘家的报纸强力支持！ //@中国旅游报:我们也有记者去，还夸您微博营销做得好~[鼓掌]已经约一组九江美景了~ //@九江旅游杜少华:此次“跟着课本游九江”活动反响巨大，微博微信转发量超多！[哈哈][哈哈]@江西风景独好	1
[鼓掌]@大A4	1
大光圈就是好看，用这张图给大家说晚安，狗狗想说：希望将来的主人~能爱我一辈子，我也会爱你一辈子！！[爱你]	1
哈哈哈哈哈哈哈，每天都这么欢乐[哈哈]	1
＂在别人维护你的尊严之前，不要妄谈尊严；在梦想成真之前，不要痴迷幻想。＂[给力][鼓掌]	1
[阴险][哈哈]	1
酱紫学语言，实在太嗨皮~[嘻嘻]	1
[鼓掌][鼓掌] //@刘鹏的围脖: 真是没想到可以拍到这个价，感谢@菲比Febe @沙漠王子1? @杜ming @锦龙汽车集团  //@爱佑华夏慈善基金会:# 爱佑播报 #谢谢善心人士的善举，替那些饱受病痛折磨的孤贫患儿表示感谢[心]@白云峰  @奥迪英杰汇 @陈数 @蔡? @菲比vv  @宝贝之家孤儿寄养点  @爱佑华夏王兵	1
开心就好[爱你][偷笑]	1
钢铁侠思密达//@嘻哈包袱铺高凤鸾: 金缕玉衣思密达~！//@咱们的牛百岁: A麻?都别裤子上了 //@越野车的世界://@阅读社会: 这个牛！磁铁狠有效！[哈哈]	1
[哈哈]//@珞珈山小将:准备出发啦~~~	1
[哈哈]//@张小嗯V: 哈哈哈哈哈看到这段不禁想起了一个贱人啊	1
#泰坦尼克电影院现场求婚#今日抽空与十多年前的同学，如今的老婆一同重温当年看泰坦尼克的情景。所不一样的是多了一个儿子！还有不同的就是电影结束时有人现场求婚，引来全场尖叫欢呼！祝福有爱的人！[亲亲]	1
极品渣男--让我想起了跟媳妇儿好 还去搞破鞋 被发现了都不承认 分手后和小三儿好的过程中还时不时出现假关心的算吗？ @墩布头上的小蘑菇 你知道我在说谁[哈哈] 抢到票咱们就去看这个好不？	1
#中华旅游名博漳州行# 清晨，伴着初升的太阳，漫步于林间小道，鸟儿在枝头嬉戏打闹，各种不知名的花儿闪着露珠香气四溢，嗯~深呼吸~~人生大概不过如此矣~~[哈哈]@旅评网 @雨桐吾爱 @甘雨桐	1
这就是人生。 [委屈]活在当下[太开心]就好	1
#新浪上海旅游峰会#@花子tt 左面的小姑娘熟悉不？[哈哈] 我在:http://t.cn/zHuEqCZ	1
《33天》得客户定位是：大学生+办公室白领，宣传渠道选择为：新浪微博+人人网。客户定位和渠道选择都非常准确~！佩服，等下看下《将爱》的营销内幕[嘻嘻]	1
@Touchchina应杰 ：美女征婚，征台湾骑行同伴，求转播~//@周小周: 回复@剽悍的:，来自真实的群众声音，谢谢亲[爱你] //@剽悍的:眼睛会说话 //@周小周:我能说其实我眼睛也挺大的嘛。。正经征友贴来了，天平女，近期征骑行台湾，远期征人生伙伴。希望你30+，有耐心，灵活幽默。欢迎各大V及粉丝团转发哈。	1
侯侯你真有心//@璐人甲wonderful：生日快乐[蛋糕] //@黄炜狮姐D385:回复@Clementine-UNN:哈哈，谢谢亚茜狮姐啊，咱们同是处女座！也谢谢@刘格莲狮姐，中午见哟！ //@Clementine-UNN:[爱你] 美女狮姐生日快乐！！！越来越年轻靓丽！[蛋糕] [鲜花]	1
到天塔了，接近目的地。[可爱]	1
现做啊，佩服得紧[嘻嘻] //@苏州雨巷:@水韵吴江	1
回复@大米的记忆:大米，建议你每天完成两个任务，一是配合治疗，二是每天都写点幽默的段子，逗我们开心[哈哈]#对病人要求不能低# //@大米的记忆:回复@啊苏丹:呵呵[呵呵] //@大米的记忆:不良生活方式就别学我了……我的片在微博相册我都做了分类了，随便学………	1
偶爱土豆[哈哈]	1
@丽莎 [嘻嘻]	1
#Nana酷游世界100天悠游台湾# 面对美食，pp的赠品扇子就被偶无情的抛弃了[嘻嘻] 人家手不够用嘛~[委屈] @北京有个老顽童 @台湾自由行 @海峡零距离 @酷讯旅游 @酷讯旅游体验师 #悠游台湾个人游#	1
党的好儿女[奥特曼][鼓掌]	1
[闭嘴][闭嘴][闭嘴] //@李白_奶奶喊你回家磨豆浆:说的好  是不是去东莞被抓了？[嘻嘻][嘻嘻][嘻嘻]  //@张帆DORA:回复@微米:方便把快递单号发给我吗？严重怀疑快递?外出旅游了！出国游也该回来呢！	1
#魔王美食#蒜蓉西兰花+智利极品大鲍鱼饭[馋嘴]鲜美无比@魔王1987 大厨已经登峰造极了[爱你]	1
@王Er三 青旅房顶的涂鸦送给你，吼吼~[太开心]	1
回复@Dr杜小七:我在看《加菲猫2》 //@Dr杜小七:哦 我的最爱[嘻嘻]	1
来自意大利巴勒莫 的明信片[鼓掌] 谢谢 @华子de围脖[咖啡]	1
责编选图选了很久呢 //@Tiramisu-chan:喜欢上方的图片[可爱]	1
抢救中ing...[哈哈][哈哈] //@王祖?:有人?，化了?的我跟你?得很像……	1
拍得真棒，镜头里的北京是一看就会爱上。江南驿的兔子姐很好的诠释了什么样的才是好厨子。另外@我是奥特曼?Ss 韬光寺是在哪里，我待了4年都没听说诶。还有墩爸的前东家才是真正有格调的公司@安娜酥 [鼓掌]	1
//@田耘社:恭喜恭喜，贺喜贺喜！[礼花][鼓掌]	1
[嘻嘻]兄弟抓紧时间了！	1
???亲[爱你][爱你]最后一批靴子???	1
【#非常了得#美女不做猎头当红娘】[围观] 女嘉宾自我介绍说：“我以前是做猎头的，但发现找人越来越难，而且跳槽是一件很没有幸福感的事，所以就做起了红娘。”红娘还现场给选手做起了媒，无奈选手“@郭德纲 和@孟非 的结合体”的要求实在太高[嘻嘻] 只得罢了。http://t.cn/zQGGyOL	1
连小学生谈恋爱都送5。大人送什么啊？极草[嘻嘻] //@康瑞鑫:太伤不起了 //@贰竹过江:[哈哈][哈哈][哈哈][哈哈][给力]	1
今晚开始看“新媳妇”~ [嘻嘻]	1
欢迎大家来咱家吃饭，饭卤都可以免费添，但是不要浪费呀，浪费老板要罚款哦[哈哈]	1
[礼物]除了要再次跟您表达生日祝福之外！还要祝您天天都快乐！[得意地笑]~希望这个“惊喜”能给您这次在北京的日子带来不一样的感受！[可爱]//@锅上蚁: 回复@宗世林GDTV:谢谢！准备当案例讲给学生听 //@宗世林GDTV:回复@锅上蚁:首都大酒店	1
@照着小太阳的大太阳 好喜???种感觉 ?//@照着小太阳的大太阳:哇咔咔?喜欢伐啦？[嘻嘻][嘻嘻][嘻嘻][偷笑][偷笑][偷笑]	1
这种事情，只有在最神奇的国度才会出现！//@晏耀斌:[哈哈]//@作家高海波://@转评作者: //@广州湾在线: 转发微博	1
多谢拉，任重道远啊 //@贾云峰: 可爱，振辉大业己成! //@始皇大帝:[赞] //@CRI_KITTYCAT //@杨新阳-旅伴 //@老燕子_YU //@lucy的窝乐园:祝福王哥，幸福一家人。小帅哥好像在睡觉啊~ //@窝窝EAST:强烈恭喜[爱你]	1
伟大的父爱[鼓掌]	1
看#东方卫视笑傲江湖#我哭啦！但是是被节目笑哭[哈哈][泪][哈哈][泪][哈哈][泪][哈哈][泪]	1
要大出血吗[嘻嘻]	1
[鼓掌][鼓掌]谢谢，这书不错，节后可以好好看	1
想要的童鞋请举手~[嘻嘻] 我会从举手的童鞋中选出一位关注偶的台湾旅程最积极的热心粉丝一名，送猫咪一只，表情任选[做鬼脸] [亲亲]	1
@我是_老李 新入手的书，看完告诉你怎么样[嘻嘻]	1
下面那行还挺押韵[哈哈]//@吴大妈哦://@老榕: [嘻嘻]//@麻宁1985: 英雄双行体！	1
最喜欢这张了[鼓掌][赞]	1
嘿嘿~钢牙妹转发~~~ //@卡酷小林子:无敌了……[嘻嘻]	1
[嘻嘻]//@钛媒体: [崩溃]这两家都在安装浏览器的选项上默认是勾选的。一方面，用户不欺负白不欺负，另外一方面，它们已经形成了囚徒困境：我不这么干，对手这么干我就完蛋。至于互相指控对方侵害用户的利益，老实讲一句，从“默认同意安装”这一环开始，就在侵害用户利益了。	1
回复 @Vivi_wee:翻墙还是可以上，但是神马一麻烦就没那个乐趣了。所以说我也等，大家一起坐排排等着 [嘻嘻]	1
有爱。转//@邓飞:说动就动，同学们注意了。 #温暖顺风车，你我共回家# 。[鼓掌][鼓掌]	1
@金宝汇购物中心 Happy Birthday[鼓掌] @panda晶姐	1
掰着手指头数了下，不就是大后天吗？！//@北理工出版社亲子馆: //@秦庆瑞:[爱你][爱你][爱你][爱你] //@北京理工大学出版社:[亲亲]@秦庆瑞	1
2012，纪念自助旅行生涯的第十个年头，2012，不想将独行再继续下去，2012，不想再一个人旅行了[抱抱][抱抱][抱抱][抱抱]	1
[嘻嘻][嘻嘻]天津话是不是倍儿哏~~~我们酒店是不是倍儿美！！	1
120多家餐厅，总有喜欢的一家，总有喜欢的味道。//@爱知书店: [哈哈]北京味是什么味呢？@橄榄美酒评论-杂志 //@我的名字是多音字: 挚爱永远在上海… //@橄榄餐厅评论:四四方方北京城，大大小小餐馆无数，你找到自己挚爱的那间了吗？	1
漂亮的婚房~ [心] 凡是婚礼秀现场预订婚宴的准新人们都可享受免费升级婚房为套房的待遇哟，机会难得，还会有意想不到的惊喜等待着你！[鼓掌][抱抱]	1
看到了[哈哈][哈哈]	1
天天做饭的朋友飘过。[泪] //@任志强:潘潘好有同感啊！[哈哈] //@潘石屹:国庆兄，不容易啊！	1
谁拍的呀，这张美[鼓掌] @董芳0000 @汇英杰 //@而立的北京男人:本来人家坐我前面的，结果变成你了！	1
#朱亚文# 期待 @精品健康派 封面大片，很不一样的风格，帅气有型绝对有[嘻嘻][爱你]	1
丹江大坝突然泄水来~~[哈哈]//@简白: @泡鱼儿 这张照片是用命换来的！[吃惊]那天我们俩差点没回来！！	1
#金宝送暖，热汤相伴##惊鸿回家-2014春节回家顺风车#“这个冬天不再那么冷，这次回家不再一个人。”[爱你]	1
哈哈，再来一篇！[哈哈]	1
读与不读，那是他的事儿；但买与不买，偶得非常关注[哈哈]	1
引导图好有爱[爱你]下街旁，赢大奖//@杜鑫歆:@爱奇艺APP_高偌薇 @杨向华 @彭慧-	1
某人说改变总是好的，若生活总是可预见性的发展，多无聊阿。我接口，是的是的，就像紫薇的台词：我娘想了一辈子，等了一辈子，恨了一辈子，怨了一辈子。但是仍旧感激上苍，让她有这个可想可等可恨可怨的人。否则生活会象一口枯井，聊无生趣。某人眼睛一亮，朝我眨眼说，哦哟，我们频道接上了！[哈哈]	1
@肥猫麻辣香锅-李未  我们又来了！[鼓掌][鼓掌][鼓掌]生意真好！人比muse多多啦！@Super77小姐 @ms李小样 我在这里:http://t.cn/zjALq0H	1
老爷子太棒了！[鼓掌]@梅花格格_何丹的Space @水牛窝 @曲艺服务员王波	1
这个点儿还在纠结是看呢是看呢还是看重播呢---很浓重的伦敦音，奥运[偷笑][抓狂][嘻嘻][哈哈][爱你][酷][睡觉][睡觉][睡觉][睡觉][睡觉][睡觉]	1
辛巴可以过个开心年了！！[嘻嘻]//@陌上灰羽: 哎呀呀哈库纳玛塔塔！！//@凤凰古城烟语客栈-掌柜:#2013中国最美风情客栈评选结果隆重揭晓！# 恭喜辛巴获得了他狗生之中的第一个奖项：最萌客栈宠物奖！来，辛巴，说点获奖感言！辛巴：汪汪…汪汪汪……（此处省略12678个汪~）[偷笑]	1
有免费体验吗？[哈哈] //@剪约阿俊:回复@来劲了要么:[哈哈][鼓掌]  //@来劲了要么:哈哈 周五来做个柔顺 头发实在太枯了[泪]	1
赶紧来 #岘港皇冠假日酒店#平壤馆 品尝地道的辣泡菜和辣炒年糕[馋嘴]，还有精彩十足的平壤姑娘歌舞表演[嘻嘻]，千万别错过哦！	1
: 左下角[哈哈]猫的表情最高。。[?][哈哈]。。。。。。。。。。。	1
回复@娅可:精辟！[哈哈] //@娅可:[偷笑]结论：教育很重要	1
点开大图仔细看了半天才发现上图里那个铁框架里还坐了一个黑人[衰]//@冰冰蛇:这些人为了进入西班牙真够动脑筋的啊[哈哈][哈哈][哈哈]	1
微服私访早餐铺[哈哈]香精地沟油用少了，不太香！	1
不管它同不同意，我都要把它抱走！[哈哈]//@HelloKitty微博精选:愿望――带我回到过去。	1
帅爆了[哈哈][哈哈]	1
??在澳?各大????都可以看到，?然????方式很奇怪，但也是最方便快捷的，??你?不?，都可以?去摞翻本看看[嘻嘻]	1
[太开心]从黄脸婆变身成小萝莉的秘密武器 [赞啊]抹在脸上超级嫩滑~很舒服~[爱你]第二天起床就看到自己的脸蛋儿如剥了壳的鸡蛋~心情也变超美丽啦！[推荐]是我用过美白效果最好，嫩肤效果最好，最滋润的宝贝。绝对的童颜神器！超爱妃露伊【蛋壳宝石霜】，真心推荐给姐妹们~（去评论中找链接哦）	1
睡眠日，今晚一定要好好休息，各位[可爱]	1
可以卖旧书[嘻嘻] //@全球热门排行榜：给力啊	1
转发喽[哈哈][哈哈][哈哈][鼓掌][鼓掌]	1
回复@吃葡萄不吐皮:佩服，佩服 //@吃葡萄不吐皮:[bed练腰]答对有奖不：宁高宁、王宜林、胡茂元、杨元庆、鲁冠球、楼继伟、李强等[bed练腰]还有~~~不给奖不答啦[淘气][Hi][飞吻][哈哈]	1
#和我们的女儿谈话#大鹏展翅，汤圆（zoe）做得比她爹还好，要没两把刷子，这样的徒弟不敢教。好吧，借用#一代宗师#的话：＂我的班，她接了＂。[哈哈][哈哈]（by：@张晋max @蔡少芬	1
幸福得也太狠啦！！[鼓掌] //@金链花泰国餐厅:[鼓掌]有情人终成眷属，一定要狠狠的幸福下去~~~[心][心][心][心][心]	1
事实证明国外的谣言最终也是真的。祝贺！//@陈名_九里大集:假新闻可耻//@陈名_九里大集:关注//@柏松baisong:？//@王-旭东:真哒![吃惊][围观][鼓掌]	1
#万丽美食课堂#Shirley童鞋上场咯[亲亲][亲亲][亲亲]加油加油[鼓掌][鼓掌][鼓掌]今天裴老师教大家制作饼干哟！	1
//@方舟子:海峡两岸都一样，大陆这边不懂牛顿第二定律的文科学者也是一抓一大把吧。 //@太蔟:“理盲文”不就是咱们这儿的“文傻”么？[哈哈] //@三思柯南:龙应台竟然连牛顿第二定律是什么都不知道[吃惊] //@荒川围脖:[哈哈] [哈哈] [哈哈] 值得一看的文章，收藏了。	1
似乎没体委的事儿@刘宇rainl @桃达旺  //@冷笑话精选:你?看着办吧！太霸气了。。。[哈哈]	1
终于结束了@mathilda0705 @Lztv冯浩 请耐心等待。谢谢你们。[嘻嘻] 我在:http://t.cn/zW0aDAD	1
还有我们，都在一起！只是你要谁的吻？ //@超级访问艳艳:这就是友情[太开心]让他们在一起一辈子吧[鼓掌]@im苏威 这样的吻；我也要[花心]	1
→_→//@征满: 你爸去东莞了//@改车志:神抓拍！[哈哈]	1
两大美女都能说会唱！这是表别人活的节奏么……[笑哈哈]哈哈一起来围观吧//@夔麟龙: //@雨枫书馆:在蚂蚁和世界之间，邵夷贝说：我站在蚂蚁这一边；蒋硕说：世界是对的，你也是[嘻嘻]――你，站在哪一边？[围观]且听两位有着异曲同工之妙、惺惺相惜之情的文艺女青年，如何用文字和音乐与世界跨界对话！	1
//@haollee: 我就不参加了，在这里住了14年够了[哈哈] //@新西兰先驱报:转发微博	1
[哈哈] //@LBE安全大师:有趣的尝试，嗯！很喜欢这么说，我们会继续下去的。谢谢媒体朋友啦！[哈哈]	1
哈哈 美女欢迎再来玩啊[爱你]	1
最近除了主抓企业官网改版和融资计划书，还有下半年的市场推广规划，以及7月份即将开展的Online & Offline营销活动，明显感觉脑子不够用了。吃点儿什么能补补[思考][哈哈]	1
最喜欢看你笑 //@关小悦joy:回复@璇子还是贪玩的璇子包:下次一起去[爱你]//@璇子还是贪玩的璇子包:早说就偶遇你去了[偷笑]//@关小悦joy:回复@赵静静赵:喜欢我们的茶书房不？[馋嘴]//@赵静静赵:好想喝茶，清清肺。	1
[鼓掌]//@雷明: [鼓掌]希望这条微博不是临时工发的。//@80后沈涛: 好！人民日报这条发的好！因为年幼不认字的时候经常把它读成“入眠日报”	1
//@须叔_Danys: 欢迎！[鼓掌]@极光光 @小葵晚安 @骊歌vivian //@小狐狸究极进化狐巴桑: 已经报名，谢谢//@West-野生吃货西:@小狐狸究极进化狐巴桑 //@汗青微博: 书女沙龙[花心]	1
因为一个年代，错失一个世纪。品牌的力量//@潘友林重榕:宜改广告词：我有我的一套?李宁牌[哈哈][哈哈] //@品牌吴之:回复@品牌思想者张丙刚:说的好。 //@品牌思想者张丙刚:品牌应该坚持一种理想和精神，并把理想和精神通过故事代代传承，只不过年年岁岁花相似，岁岁年年人不同。只有精神是不老的传说。	1
晚安！过个精彩的周末吧！[鼓掌]	1
欢迎收看[鼓掌][鼓掌]	1
我喜欢！各位们喜欢不？@一点点小林 @快乐王小秋 @李小妮 @小米表姐  //@心必女:我喜欢大董和大董的意境菜.....哈哈哈[可爱]  //@一点点小林:我也喜欢大董~~~那里的菜肴。。   //@大董大懂:  //@古清生:俺觉得是因为大董帅。。  //@心必女: 有深度的话。@大董大懂	1
各种嗨 各种原唱 各种NB 各种奇葩 视频后继[鼓掌][鼓掌][鼓掌][太开心][太开心][太开心]@摄影旅游杂志 @元元溪 @柳小小 @勤快alice @噢咔咔 @穿裤子的猴子云 @S小桔 @aya爱吃芒果干 @吾乃小伟 @O??O @MaybeEllen @贺兰olivia @郭蝈M	1
#单城双恋#超级好看，看完很想去马拉玩????[鼓掌][抓狂]	1
这是一档相当原汁原味的电视相声大会[good] //@TJTV相声大会:[鼓掌][鼓掌][鼓掌]@嘻哈包袱铺官方微博 @嘻哈包袱铺胡静楠	1
太久没去新光天地了~改天去吃！~[爱你]	1
黑白噪点压大字！！！//@博海边儿:黑白噪点压大字[笑哈哈]@七妙 @九点十分V //@田克: 可见排版和修图是多么的重要，扭曲事实全靠我们了：“这次拍砸了，目测要死球”，“慌毛，黑白噪点压大字。”//@聪__: //@素春斋: [哈哈][哈哈][哈哈]	1
地铁上拎这包的更有文艺气息[嘻嘻] //@RADO雷达创星大赛：下雨天能否使用，主要看在制成产品时有没有经过特殊材料的处理，应该没有问题，技术上都可以实现。	1
[哈哈] //@神秘巫术:讨厌在公车上喝牛奶的人们	1
吃完结帐转战第二家[嘻嘻][嘻嘻][嘻嘻]	1
[哈哈][哈哈][哈哈] //@北京高爷:你就没溜吧[偷笑]	1
真好 永远幸福啊 矮胖子[抱抱]	1
#异地闺蜜# #异地闺蜜，还记得我们一起吃过的美食吗？石磨庐山石鸡，“色泽深黄，肉质细嫩，香味浓郁，口味甚醇”好怀念~[太开心]	1
相同价钱，在商场和淘宝能买到的商品数量……事实证明，善于淘宝很重要！[鼓掌]	1
明年的高考生注意了：请密切关注吴老师的文章、访谈……一切的一切 你们懂的[哈哈]//@吴晓波: 呵，好像是的。我不是故意的。[晕]	1
【环秀好形象[耶]】入秋、入秋。新衣、新衣。村里的员工都是帅锅、美铝。。元芳，你怎么看？[太开心]	1
谢谢你专程来咱家[爱你]	1
//@黄太吉传统美食: 回复@行者A?:等你等你啊[嘻嘻][嘻嘻] //@行者A?:虽然一南一北千里之外，却对店里的美食早已垂涎三尺！每天关注@黄太吉传统美食 已是生活中的一部分，正和朋友相约近期专程来京城吃煎饼果子。黄太吉，等我来！ //@黄太吉传统美食:必须有更大惊喜！	1
那得看她是谁?[哈哈] //@重口味女秘书:有这样的男人吗？？估计够呛。	1
今天谈的很愉快，很舒服，这是一个好的开始！[嘻嘻]	1
二逼主人欢乐多。。。[哈哈][哈哈]	1
#南京金奥费尔蒙酒店#时装秀闪亮登场[鼓掌]	1
亲，还上班泥哈？出来冰上打出溜滑吧！[哈哈] 也?快泥哈，嗖嗖滴！带上这个织围脖就不冻手了！看见那4个点儿了吗？特制滴！[哈哈] 现在接受预订。。。[偷笑] 300元不讲价！[钱]	1
祝贺～支持[鼓掌][鼓掌][鼓掌]	1
//@miya1:[哈哈] //@李开复:[哈哈]	1
玫瑰圣诞树和巧克力，最喜欢丽兹卡尔顿的温馨新年气氛。谢谢@Airborne101 的美味晚餐[爱你][爱你]下回请你吃杀猪菜	1
[哈哈]果然有看热闹不嫌事儿大的 //@春蔚:植入广告 //@金佶: 让交易量来的再猛烈些呗[奥特曼] //@汇付天下流通事业部:时刻关注明日两大电商交易量起伏~[偷笑]	1
不错，下次也试试[可爱]  //@cynthiaapple:Speculaas. 荷兰人最正宗的吃法是摆一片白面包，把这个饼干用茶泡软以后铺到白面包上吃。现在出了Speculaas酱了，更方便。 //@荷兰旅游局官方微博:圣尼古拉斯节一定要吃这种饼干才算过节的，呵呵。还有大字母巧克力~ [馋嘴]	1
#2013年.洋.暑假##第三程 皇家加勒比游轮#有信号啦!我们也回到上海港了!吃完游轮上最后一顿早餐我们一行6人准备回归祖国怀抱![鼓掌]	1
【家有神器 单身0压力】明天就是秀恩爱节了，单身的你还好吗？千万不要眼红，淡定一下赶紧给家中制备上神器Casulo吧，一个人、一个箱子，也能组成一个完整而美好的家哦。[哈哈]	1
还是现在精神//@黄记煌-黄耕:这是十年前的我,那时还很年轻[鼓掌]	1
熊熊又来卖萌了~！[爱你] 欢迎关注一样喜欢卖萌的@旅游专家-高平 [哈哈]	1
#正宗好凉茶#终于在魔都这个国际化大都市喝到正宗好凉茶――王老吉。感动啊啊啊啊！[嘻嘻]感谢@扇贝徐丽婷 美女的招待！	1
回复@微一个小博:我没有直接给我朋友，我打开看的时候发现的，15个桃子就四个是好的。 //@微一个小博:回复@锦儿贝贝:下次小心咯，还好这次不会被误会！这，是考验真朋友的一次很好机会！[鼓掌]罪恶罪恶~~~不该这样说~~~~	1
//@岑雯苑: 什么情况！！！ //@小范metis:这文章真不实在，这都什么年头了，还搞这玩意。。。。领导都不玩这个了 //@吴祀悦:师妹@岑雯苑 说你呢[嘻嘻]	1
遇上大厨啦[哈哈]	1
大毛深得真传，孩子也比出二指禅。[哈哈]孩子的皮肤和眼神是无敌的。 //@BJ老赵摄影:这组孩子多[偷笑] //@塔儿哄1555: 孩子最可爱[爱你]	1
寻物启示[爱你]请问图片中的这款手牌现在身处何处[泪]上一次影视俱乐部后就不知道下落了[泪]大家有消息的告诉主页君一下，非常感谢[爱你][爱你][爱你]	1
回复@京华秋雨:呵真忙呀 //@京华秋雨:早，兄弟！ //@京华秋雨:[鼓掌]，同祝	1
//@四川卫视两天一夜:自从参加了《两天一夜》，妈妈再也不担心我的生存能力了！[哈哈]	1
把北极虾淹死在墨汁里？老板你太-坏-啦！[哈哈]//@美食推: 墨鱼汁海鲜饭灰常好吃，黑黑的米饭铺满了整个大盘！乍一看会花了眼，原来是墨鱼汁染黑的米饭，上面是大北极虾和贝，里面还裹着大块的墨鱼肉，很美味哦，白白的是特制的蒜泥，细滑柔腻，略甜，赞[花心]食感超棒	1
@Chris-Zhao @Crystal克丽丝朵 ：亲们，上一轮没参加，这次该我@昆哥Q x 10啦！[偷笑] //@昆哥Q:亲们，第二轮99元住套房又开始啦，想要体验套房的，赶紧啊！！！[哈哈]	1
[给力] //@朱晓剑:[哈哈]晚饭时间啦//@侯泰而: [赞]	1
偏要进去摸一把。试试刀头舔血的日子！[嘻嘻]	1
帅哥美女在一起，看着真养眼。。[鼓掌][爱你]我肚子饿的咕咕叫。。[晕]肿么办。。[委屈]#欣生活#	1
这不就吃上了嘛[嘻嘻]上海的遗憾北京补上[赞]	1
无聊的时候刷微博，还不如刷火车票达人啊[哈哈] [哈哈] [哈哈] 刷刷有卧铺，有木有	1
五层的样板间。 //@北京地产刘宇:这个是几层的[嘻嘻][嘻嘻][嘻嘻]//@毛大庆://@Flos_China:Zeppelin!!//@杨2婕娜姆: 灯之魅，宅之品！[赞][赞]@于靖_ @毛大庆	1
"回复 @hangzhou花宝宝 对博文 【品味童年】的评论： ""是的，品味童年，总会有许多美好的记忆。[可爱]"" 查看原文： http://t.cn/8sNheqt"	1
有才华和爱的麻麻呀[鼓掌] //@行佳伍韩:有爱//@蔡康永: ?中?人?。。。	1
[哈哈][哈哈] //@小summerkeno:转发微博	1
地球之所以是圆的，是因为上帝想让那些走失或者迷路的人能够重新相遇……[嘻嘻]	1
[马上有对象] //@声声入耳761:[偷笑][做鬼脸][嘘] //@迎风也三尺:明天我去溜达溜达[哈哈] //@声声入耳761: 哈密早市上也有卖的[哈哈][耶] //@向上的力量2014:以前街上多  //@迎风也三尺:现在很少见到[馋嘴] //@向上的力量2014: 这么早？	1
[可爱]//@郑忠阳v: [鼓掌]	1
#天天向上#：【观众征集】12月28、29号的录制（具体嘉宾等确定后发布），我们将通过微博征集现场观众若干名！[鼓掌]如你有时间跟我们一起度过跨年前的最后一个周末，那就关注和留意即将发布的微博啦！[心]（附：门票免费，请勿相信其他途径的任何售票，谨防假票！[鄙视]欢迎举报并@天天向上官方微博 ）	1
共同期待中国餐饮界达沃斯盛会12月9日不见不散//@微美食: 2012年12月9日让我们一起相约【中国好味道颁奖盛典】[爱你]//@秀出中国好味道: 2012中国好味道颁奖盛典倒计时啦~！12月9日我们相约天伦王朝~！期待~！	1
[爱你]私房茶中的极品，晚餐后的享受！@上海红骏茶业 @武夷山红骏茶业	1
@CharlsHu @丁盈_Angeline 看看[哈哈][哈哈]	1
#早安御庭#其实旅行最大的好处，不是能见到多少人，见过多美的风景，而是走着走着，在一个际遇下，突然重新认识了自己。早安周末[哈哈][太阳][微风][鲜花]@也度假网 @yue_yoyo @piggy小猪妈 @娃娃兔兔牙 @薛蛮子	1
#北京吃货在美国#。。Day 4：早早的就来到酒店咖啡厅。。开始偶滴早餐。。两种麦片再配上时令鲜果和草莓酸奶。。完美演绎了吃货的一天，从早餐开始了！[哈哈]。。@劲松侯老师 @现代可汗 @摆渡大厨 @鹏的莹 @BTV李洋 @镜头背后聆听 @王星餐饮品牌策划人 @戴艺 @盛博  @紫色流星云30	1
@王可以Kimi @开心Tingting @小粽子?? 发福利了啊~//@Debra_JULY: 回复@安安angel叶子:你给吃得下去 //@安安angel叶子:我负责泡菜烤肉，然后看你整容[嘻嘻] //@Debra_JULY:走，韩国吃个泡菜，整个容去，思蜜达~~~[偷笑]@安安angel叶子 @风间零式 @舒susuzhu	1
体重，一路向上，一路向下都很可怕，这样波动着正好！[鼓掌]	1
恩，明天就要下水啦，阵水……[哈哈]	1
像太空船~//@阳光lili猪: @沙人哇 @惰x气体 快看！基地有情况！[嘻嘻]	1
吃饱了才有力气减肥是这样的吗[哈哈][哈哈][哈哈][鼓掌][鼓掌][害羞][干杯]	1
全全大爷哇哈哈，阿姨和你档期有点差，我起床时你睡觉，我下班时你又睡觉，我睡觉时你开始玩，可真是忙坏了超级宅妈@??珍_Suzanna [哈哈][哈哈][哈哈][嘻嘻][嘻嘻][嘻嘻]@杉口媛cina	1
[嘻嘻][嘻嘻]//@coaching旅人:@LiuQ828  //@Doris在云端: 漂亮的东西总让人忆起童年。	1
#李公堤御庭#泰美丽?阳光的午后，端一杯浓茶，在金鸡湖边享受精心时光[亲亲][亲亲][太阳][太阳]	1
#昆仑饭店岩花园走廊# 年末回馈新老顾客，即日起至2月28日，凡在开放式卡座及散台消费的宾客，Mumm红带香槟，杰卡斯红葡萄酒赤霞珠，白葡萄酒莎当妮均可享受488元的特价！ 圣诞夜与新年夜也可以哦！预订请致电65903690。[鼓掌]	1
[鼓掌]//@蜗蜗游官方微博：全国6大出发城市：北京￥3,760起、上海￥3,460起、杭州￥3,530起、成都￥3,480起、西安￥3,560起、重庆￥3,180起。如选择2晚ClubMed+1晚入住桂林市区或阳朔指定5星酒店，品质不减、价格更实惠。	1
我的洛神花，有点儿要冬眠的节奏~~是时候摘下来煲汤啦~~[哈哈]	1
感谢@BernieZC [爱你]，借此机会祝所有粉丝和同行们新春快乐，蛇年大吉[福到啦]//@BernieZC: 祝@北京丽晶酒店 @北京国贸饭店 @北京JW万豪酒店 @北京香格里拉饭店 @北京金融街洲际酒店 @北京华彬费尔蒙酒店 生意兴隆！财源滚滚！	1
比亚迪，这种品牌，追求这种事情，有什么意义呢？//@Frank_贾国清: 看到这个牌子，每次都能想到一个英文单词Beyound[衰]//@Autobeta汽车杂志: Top gear上面有一个土豪说：GT-R就是一个跑得很快的塑料盒子。塑料盒子又怎么样，关键是它跑得快啊。[嘻嘻]//@南国早报汽车周刊: 即便能达到，但有何意义？	1
看我家的小傻瓜！[爱你]	1
回复@王雪瞳-大瞳宝:有需要随时跟我们联系哦[可爱] //@王雪瞳-大瞳宝:回复@Tnala:现在不需要了，我要去外地了呵呵	1
罗琳变身罗伯特，期待作品也出现脱胎换骨的变化～[鼓掌]//@彭伦空间: 她起了个男人的笔名，是要跟男性推理小说家叫板吗？ //哎呦喂，罗姨又来了！	1
解决办法，多喝一些暖胃的酒[哈哈]	1
晚上请你吃鱼，一言为定[嘻嘻]	1
4天3夜在仙本娜，马布岛，你们羡慕吗？[爱你]@亚航之家 @玩疯马来西亚	1
虽然头像上、照片上的哥挺丑的，作者一点都没加以美化，但不知为啥，哥就是喜欢。[嘻嘻][嘻嘻]感谢 photo by：@高媛儿	1
回复@加勒比海欢:[爱你] //@加勒比海欢:妞妞辛苦，给姐捡条命，时间安排着实紧张，回来大补汤伺候！[茶]	1
同喜！[嘻嘻][嘻嘻][嘻嘻] //@邓凯-by:文艺单位.	1
欢迎光临很多人的咖啡馆哦[哈哈]	1
真的叫带鱼...[委屈]对吧？@然食堂 //@面条妈的马甲: 带鱼！！！烙饼呢[嘻嘻][馋嘴]	1
敬请期待！请支持民族电影《月亮之上》支持这个外表倔强内心温柔的好菇凉@小_乌兰 ，她还是单身呢！欧耶！[嘻嘻]	1
天气热了，女色狼如雨后春笋般出现？打算找天去公车地铁实地考察考察，有没有人一起啊？谁愿意做诱饵引蛇出洞？[嘻嘻]	1
[鼓掌][鼓掌][鼓掌]//@鼓石堂张传维: 回复@此木正文-聚石散石刻石:我又不卖石头，自备印石最好，别劣石就行[握手] //@此木正文-聚石散石刻石:俺想订一枚 缄默无言 存念于心 “默存”[可怜] //@鼓石堂张传维:[打哈气][咖啡] //@李佬:[good]	1
期待完整版！[威武][威武][威武] //@啦啦啦妞妞:回复@云洲数字电影:礼物很喜欢哦 这哈子更期待完整的了[哈哈][哈哈][鼓掌][鼓掌] //@云洲数字电影:@啦啦啦妞妞 @啦啦啦鸡腿 两位主角中午好 先收下这份万圣节礼物[嘻嘻][嘻嘻]	1
请问这款多少银子？[威武][围观][爱你]	1
回复@丶去年买了个表丨超耐磨:在哪志愿啊？如果是VIP领酒区的就好啦  嘿嘿，你懂的[哈哈] //@丶去年买了个表丨超耐磨:我是志愿者	1
支持[爱你] //@JennyJimmy: 胡适说人生本来是没有什么意义的，但可以做一些有意义的事。我觉得说得是。前半句的意思，就像师父说过的，人生怎么样都能活；后半句的意思，也可以理解为只要认真做自己想做的事，什么时候都不迟。	1
九点下班，回到家收拾出差的行李。 因为要有五天的徒步，所以想来装包必定复杂。 于是学了他人，先拿出一张纸，列了个表，事无巨细。然后按照表细细捋来，竟然神速。云南还是夏天呢，所带衣物也方便。 一会再对着那个列表逐一复查装包即可。[哈哈]  只是想到明早要5点即起[抓狂]	1
从你说健身就觉得，嘿嘿！恭喜小家伙！幸福幸福！@大家闺秀_elsa [爱你]	1
[太开心][挖鼻屎]@邸琨 [爱心传递]我们一起18啦！	1
[哈哈] //@万度创智传媒:温馨提示确实很温馨，在这样一个充满商业味道比赛的时代，竟然还有这样关注生活的主办方，不错！支持[赞] 赵四，干活完了吗 [嘻嘻] //@欣怡Leafly: 哈哈哈哈~！上什么班啊？去“唱响CBD”看赵四去！[哈哈]	1
这位博士截屏技术不错嘛~[鼓掌]	1
#I Spied星尚# @绯闻女孩迷 有福啦！自从剧集播完后，fans们都朝思暮想两位女主角的时尚造型到不行。最近#Blake Lively#为Lucky杂志拍摄了一组时尚特辑，示范了多套最新秋冬造型。型格魅力的她仿佛【S教主】上身一?，重拾剧中的迷人风采！[亲亲]关注时尚生活，关注@ISpied	1
[哈哈]我再也不用在停车场装希瑞了??(^ω^)	1
刚刚享受了深圳大梅沙的酒店[嘻嘻]	1
[哈哈]希望后天早晨到家会有雾凇[爱你]	1
#豆果午餐#[嘻嘻] 干鲜鱿鱼一招搞定的【酱爆鱿鱼】今天起得特别早，晒着冬日的暖阳，到早市买了新鲜的青椒、胡萝卜、洋葱。回来之后思来想去，不知该怎么吃它们，干脆就一起爆炒了吧，也是一道下饭好菜～做法：http://t.cn/8kFbObg by@健忘小猫	1
@梦游_Echo_公主病 熊和雪人不可兼得。[可爱]	1
你有什么怪癖? 别不好意思, 怪癖每个人都有, 今天晚上咱们都鼓起勇气, 互相说说, 看看谁能吓着谁[哈哈]23:10, 旅游卫视, 直播聊~	1
回复@张Babys:??支持！ //@张Babys:回覆@KC?味??:[抓狂]晕倒..不过可以托朋友带回来.又或者我们去澳门的时候再买也不迟..期待哦... //@KC?味??:回覆@Barra: ??支持！  //@Barra:恭喜哈，希望能尽早看到大作[嘻嘻]  //@KC?味??:今天已在澳?的商??局有售了！	1
报社旁边的小商品市场还是有不少好东东的。比如小兔子拖鞋还有小熊充电暖水袋[太开心] 话说这个小熊暖水袋很给力，虽说充电时间要近10分钟，比我其他的暖水袋充电时间要长一倍还要多，但从下午4点冲完后到现在还有余热[威武]	1
太幸福了[鼓掌]	1
别客气嘛~[太开心]小狗狗有家了，我就开心了~~[爱你]	1
八折，太给力了，明天帮我留一桌[嘻嘻]	1
[鼓掌] //@多读书多看报少打游戏多睡觉:[鼓掌] //@上社下社:这条微博的意思是，你要请我们大家吃饭！	1
全身绑上炸药也不像土匪！[哈哈] //@潘石屹:这套打扮真不适合你。//@任志强:迪拜之行。	1
感受辣鲜美食风暴就在老街兔盐帮菜[可爱] //@勤奋的四方谷裕史郎1982:转发微博	1
专用啃[飞个吻][哈哈] //@上官梦落:回复@作家心香一瓣:[爱你][花心] //@作家心香一瓣:[玫瑰][爱你] //@作家心香一瓣:[微博益起来]亲们快来，打开网址http://t.cn/zRtckrP收藏评论猜对结尾有神秘礼物相送哈[玫瑰]	1
寓教于乐的教学，让大家轻松学习，快速掌握！[鼓掌]	1
谢谢美妞儿！[爱你] //@Ctrip-11:@装得很懒的庄岚 @JZ-_- @EY-_- @皆尘土 @安安静静的安娜 @ctrip小猫爱渔 @嗲鱼头 @大眼儿猫咪 @even79 @罗小菁_BB @施芹画懿 @红袖添乱亦添香 @Eternity_雅 @焦月娥06@Ivy融融? @cjx_cindy	1
长本事啦。[鼓掌][good]	1
漂亮[鼓掌][鼓掌][鼓掌]	1
很多名家都会来的呦? //@1文字:(⊙o⊙)哇！春晚大腕来西直门店了！二队[威武]//@嘻哈当家主持小宝:冯老师也是我的偶像！[嘻嘻] //@嘻哈包袱铺2队微博:谢谢您的配合，只发了一张视频截图[偷笑]?希望您常来！每天都有好心情！ //@嘻哈包袱铺冯凤禹:嘻哈包袱铺惊喜多多[嘻嘻]欢迎常来！	1
[哈哈] //@宝宝树育儿网:[哈哈]德智体美“劳”全面发展！粑粑麻麻再也不用为谁做家务斗智斗勇啦！	1
回复@武鑫?:[嘻嘻][嘻嘻][太开心][太开心] //@武鑫?:加油！	1
有修养的人永远不会去贬低别人，因为他有“修养”[good]//@lily刘姐: [鼓掌][鼓掌]说的很有哲理	1
??！??！！?老?????大[鼓掌][good][酷][哈哈]	1
[嘻嘻] 我在:http://t.cn/zjaZ9My	1
我以为你们会说那三个字[黑线] //@周庄花间堂季香院:[鼓掌][鼓掌][鼓掌]您喜欢、是我们最大的欣慰。[太开心][太开心][太开心][太开心][爱你][爱你]	1
#可可物语#早晚温差很大嘛，从麻麻的着装就能看出来了。春暖花开就可以多在户外活动了，好喜欢唉[哈哈]	1
#福利#[可爱]【#破产姐妹##MAX#深V套装录节目 胸前风景抢镜[亲亲]】#性感女神现身，速速围观#[围观]当地时间2月25日，美国纽约，凯特-戴琳斯（Kat Dennings）现身录制《大卫深夜秀》。#戴琳斯#深V礼服大秀事业线，雪乳抢镜。[抱抱]	1
【云百科】小亭生活小窍门时间到~支几招！[太开心] 1.鞋子磨脚，涂一点点白酒后就不磨了 2.牙齿黄,可以把花生嚼碎然后含在嘴里,用它来刷牙3分钟,很有效 3.眼睛进了小灰尘，闭上眼用力咳嗽几次，灰尘就会出来了 4.打嗝的时候喝点醋 5.吃了有异味的东西，大蒜臭豆腐，吃几颗花生米就好了。#云百科#	1
#悦旅关注#太太太棒了[兔子] //@吾爱全球签证中心:关于持有有效加拿大签证可以免签哪些国家的名单，小吾正在整理中，近日发布哦[嘻嘻]	1
回复@雕刻时光李扬:www.lumiai.com 请随时关注！[可爱] //@雕刻时光李扬:受众反馈不错哦！发下官网地址，有空去看看 //@卢米埃北京芳草地影城:回复@?灬Herb:现在正在放映#魔境仙踪#，欢迎来我们#全景声LD厅#来体验！[鼓掌][鼓掌][鼓掌]	1
//@amy非凡旅行家: [嘻嘻]他们的名信片真好美～～～～	1
回复@激情与迷茫:嗯，我看成，然后我一个一个送你们回家。[偷笑] //@激情与迷茫:[哈哈]我们喝，你给做好吃的。我们等你下班！ //@马剑是谁:回复@激情与迷茫:欢迎欢迎，可是找我喝酒要等我下班呀！[衰]  //@激情与迷茫:[嘻嘻]元旦后，准备去趟！找你哈酒	1
美丽的师宗，你来过吗？[可爱]	1
真是不错！太舒服了！[偷笑][鼓掌][酷]	1
@红色阿修罗 当年做的这批小橘灯质量真不错阿 //@宝泥:俺的也亮 //@凳子_等抱:很开心的那个夜晚~我的也亮着~ //@小紫1219 ：君君~~一定会的，我的也还亮着[心]  //@君后 :430对特别的人有特别的意义，很幸运我懂。晨哥[爱你]  //@七夜雪平 : //@FO-yun琳lovelyvc :必须的[太开心] 4.30快乐	1
谢谢小编，真是暴雨天的一大欣慰[嘻嘻]	1
hh [哈哈]说的真对 回头请你吃大餐	1
[good][鼓掌][鼓掌]//@泰国航空风兰假期官方: [good]喜欢//@泰国航空微博: 转给打算去华欣的朋友们，图片上的小脆饼很好吃哟！	1
徒手抓螃蟹。[哈哈][哈哈][哈哈][微风][微风][微风][做鬼脸] 我在:http://t.cn/zWjVm4Y	1
我喜欢的风格～[嘻嘻] //@拍照小技巧:圣诞节的节奏~[鼓掌]	1
提前祝福您母亲生日快乐!身体健康[爱你]希望这份充满孝心的小礼物给这个特别的日子带来更多的温馨和爱意[心]	1
亲[爱你] //@冰雪柔柔:感触这个深啊，现在多美好啊！@月影淡淡 @梦想恬恬 @勤快小六 @小畅Lisa	1
[哈哈] //@猫猫奕:无	1
[哈哈]// @间隔年旅行: 救救孩子！！	1
回复@jelemi:有没有更劲暴点的想法呢[哈哈] //@jelemi:回复@维洛纳主题酒店:卡通人物的情侣款怎么样？ //@jelemi:情侣浴巾，洗完澡一起炫出来！	1
赶紧补票 //@老刀99:先上车后买票[哈哈] //@5973张敬东:转发微博	1
爱到永远，值得[good]//@阳光晓镜: [鼓掌][给力]//@老李1010: //@GZ老李: [good]	1
是滴[哈哈] //@张佳鑫cherry:那时去AVD开会经常看到！@老白更白了 @胡少的枪 @冯抱抱的爸爸 //@R-E-N-E-E-蕾-蕾: 哈哈，这是长寿路上的水晶宫，是个夜总会噢～～～	1
难得有不是湖北人，喜欢武汉的[哈哈]不过武汉确实好啊，人热情，小吃多，还有美丽的东湖[嘻嘻] //@岳?:武汉确实不错，无论地理位置，人才高地，餐饮服务，个人消费能力等在省会城市中都是相当有优势的，5年内将会是中国发展最快的城市之一，我个人非常喜欢武汉 //@马兰拉面-晨:靠你这个书记了	1
说了半天说的还是男人啊[哈哈] //@司马哲CG:回复@作者陈肯: //@作者陈肯:平时像女人一样，偷情像女人一样，约会像女人一样，上床像女人一样，完事像女人一样，情人面前像女人一样，最可怕的是连逛商场花钱都像女人一样。。。 //@司马哲CG:哪位有才哥再来说说女人呢？@安西熊猫人 @海萍kyko	1
//@撷芳主人:一不足,有了吃来缺少衣;二不足,有衣又见房屋低;三不足,高楼又少美貌妻;四不足,堂前无子少闺女;五不足,买仆又少骏马骑;六不足,有钱无官被人欺;七不足,小官又被大官欺;八不足,一品不面南登基;九不足,登基要与仙下棋;十不足,心想玉皇做亲戚……[哈哈]	1
[ok] //@在水的小窝:[哈哈][haha]我我我！	1
据说一边吃饭一边看美食微博，能吃的更香//@山语人:饭点儿发这个太拉仇恨了，还好我吃完饭看的[哈哈]//@爱兑美食风尚: @济南美食排行榜 @一颗琦葩 @山语人 @巨蟹座的张小vi @沧溟雪 @本人麦尕兜 @风雷麦子 @济南火老幺食尚餐吧	1
云南小伙你太哏儿了~[哈哈]	1
半夜3点终于搞定去意大利相关机票+酒店了！@热情的pistache @XiAoxiA--zz 圣诞我去意大利哦 (～ o ～)~zZ 在此，灰常感谢@小昱在路上 @乐冰影 对意旅的宝贵意见~ 现在万事俱备只差东风咯[哈哈][酷]	1
haha,抬头也不行，还有google glasses //@行者肖:这年头能让人不用看手机的演出/比赛/会议/饭局才算精彩！上座率已经不足以说明问题，应该引进抬头率指标。 //@维莱金晶: 有点意思！[哈哈]	1
板凳摆起排排坐，吃嘎嘎。[哈哈]@美国联合航空	1
在老公的怂恿下，又败家了。老公曰：＂贼不la空＂，我爆笑不止，顿时对他独有的语言天赋，佩服不已。我说：我好像只听过＂贼不走空＂。[哈哈][哈哈][哈哈]	1
#臻秀家族#我家是比较传统的家庭，爸爸是家里的主心骨哟…因为我的爸爸很爱这个价家，也为佳付出了很多呢…[爱你][兔子]@rabbitfox @齐齐妞儿 @Natalieballet @洲海鱼橘子	1
赞同，餐厅最好只提供大桶饭菜，自己盛了蹲着吃就行了[哈哈]	1
#月饼DIY#今天下午三点钟，我们的活动准时开始了~[鼓掌]小伙伴们快来看，这几位紧跟我们节目并且“时刻准备着”的观众已经摩拳擦掌跃跃欲试了！今天学会做月饼以后，这个中秋是不是又能省下一笔不大不小的花销呢？[得意地笑]一起来期待最终的结果吧~	1
[鼓掌]//@KitkatWong: @奥黛丽-东冬 好多野搞	1
无音乐不羽泉，今晚见！：） //@巨匠娱乐: 和大家一起过年?[鼓掌] //@湖南卫视新闻当事人:湖南卫视18点，和羽泉一起过年 ！！！@巨匠娱乐 @羽泉 @陈羽凡 @胡海泉	1
为非小说类《故乡有灵》拉个票。2013我最喜欢的一本书。[鼓掌]	1
//@空洞的虎牙:二的一极品啊。。。[挖鼻屎]//@樾??者: 我靠。。。要不要这样啊。。。//@几米漫画集: 笑抽了[哈哈]	1
回复@蛮悠悠:看前几篇微博，有发啦[嘻嘻]//@蛮悠悠:求诀窍。。。//@o鱼菲o:掌握小诀窍，完全没压力	1
熟龄女人的福音[爱你]紧致，立体，弹性，白皙。兰蔻成就我们的美，来吧，亲爱的们@粉鱼乖乖 @蝴蝶幽兰V @周小晨kiki @闺蜜网sammi   @兰蔻LANCOME 假期愉快[心]	1
鸡鸣寺寺寺寺[花心] //@猫无蛋_无蛋把身翻:没有去玄武湖打滚嘤嘤嘤//@浅草要专心学术啦: //@思忆无: [泪]//@天上的小星星啊: 好美[鼓掌]	1
小样儿的们，麻利儿的卖着，越多越不嫌多[嘻嘻]，让@桔子水晶-康达 胖师傅查仔细喽[鼓掌]/@白日做梦未遂T_T:妈呀，刚刚超了2间，把我吓鸟了。结果有2间退房了，黄大姐真给力，1小时给整出来2间[嘻嘻]	1
回复@中鑫之宝:但愿有一天，全城的早晨一起来听歌！[鼓掌] //@中鑫之宝:这个想法真不错哦，今天一大早来上班的时候，看到我们洗车房的小伙子们就在做操。刚刚好，大厅里还播着天儿的节目。感觉真不错嘞。好吧，提前祝天儿新年快乐，放假回来，继续听你的节目。	1
最喜欢台湾同事来，有凤梨酥有美丽日记，今天还收到一只很心水的圆珠笔，桃心闪闪亮，如果是男同事送我的那就更心水了哈[爱你][微风]	1
[威武][good]//@2012阳光依旧灿烂: @西夏民政 [赞]//@janey-jin: 回复@西夏民政:[鼓掌][鼓掌][鼓掌]银川真心的威武~~~ //@西夏民政:我们已经去看望了马强兄弟4人，下一步将继续做好临时救助工作。保障他们有衣穿、有饭吃、有学上，再提供些采暖用煤。也希望社会各界帮助他们！	1
把公共区安全通道门上也贴了喜庆春联后，不断自我表扬！一个人的年夜饭开动！[嘻嘻][嘻嘻][嘻嘻]明天爸妈就来啦！	1
[鼓掌][爱你] 谁能做[偷笑]到谁留言//@DIY实用手册:去哪里找这样的男人[可怜]	1
大美三清山！[赞][微风]//@汪维炎: 摄影的天堂三清山欢迎你!//@丹致2012:谢谢您的指点！我同是摄影爱好者，很惭愧，这两个地方还没去过呢，以后再找机会。谢谢您！[鼓掌][礼物][玫瑰] //@汪维炎:三?山与黄山同属花岗岩地质地貌，其山峰丶云雾丶古松丶飞泉均为四绝。 //@丹致2012:	1
回复@刘是成:[太开心] //@刘是成:回复@五月V:[围观]各位老师[礼物][鲜花]节日快乐 //@刘是成:[哈哈][哈哈][哈哈]@取了这个名想了老半天[嘻嘻]我还有朋友名好像是@这名总没有人取吧 //@取这个名想了老半天: //@傅继英: 转发：“勤者勤而成其智，逸者逸而就其庸。”@刘是成 @五月V @v美1000	1
#gap year#和爸妈自驾的中秋团圆饭：九寨太安鱼锅！yummy！[哈哈] 我在#九寨沟悠游度假连锁酒店# http://t.cn/zW2AqKi	1
创业必须离钱近[good]//@公子爱三亚:结合solomo就更完美了//@旅家网龙东平:度旅家假公寓在线预定房间，线中400电话全程支持，线下五星级酒店客房管理标准。应该属于O2O模式。online  to  offline。 //@陈晓影_Kit:2和5，重点[哈哈]	1
老头儿与海[鼓掌]	1
支持一个[爱你] //@koxi:这是樊明玉的铺子，有空的们去看看！支持走起！	1
下次去杭州一定去莫干山多逛逛 //@城外湿沥沥:我们也是这幢哦[耶][心]//@莫干山西坡29:[嘻嘻]多来串门~	1
有点儿意思[鼓掌] //@AppleWang519：这是个很好玩的Chef[可爱] @叶军啊 @敏敏mina @杨雯yaa @Angelssx @北京瑞吉酒店V @北京编辑记者联盟	1
回复@农业博士:野生鲫鱼细瘦。。无所谓啦，现在几处可见野生鱼呢，小时候一涨水，田埂缺口处，一尾尾只看见乌黑的背 //@农业博士:回复@兰佩紫菊簪黄:哼。你只看到一条哈。许多呢。水质好[哈哈] //@农业博士:回复@to-be-a--betterman:告诉你一个秘密，俺大多都放生了[哈哈]	1
二十九的年夜饭，花牛做麻辣香锅，鼠爸竟然不相信是俺做滴[哼] 皮冻，煎鱼，还有猪蹄…… 今天一定要吃猪蹄，搂宝[哈哈][哈哈]	1
回复@miu了个mi的:哟，没看错吧，miu这么早就出现啦，快抓住???[嘻嘻] //@miu了个mi的:永远的90后	1
[月亮] 现在是rainning girl [亲亲]	1
回复@HJ_19_meet:[飞个吻]一个以爱情为主题的酒店，29间不同的浪漫主题房！一个年轻人向往的happy天堂，看这里http://t.cn/zOmb96Y[嘻嘻] //@维洛纳主题酒店:回复@北京欢乐谷:不是学生也是这个价位吗？	1
快来喝蜂蜜柚子茶吧。[太开心]	1
嗯，再值钱也值不过毛主席120年。[哈哈]	1
[话筒]开封将在10月18日?11月18日举办中国(开封)第 31届菊花文化节，今年菊花文化节已正式升格为国家级节会。[鼓掌]@郑州旅游局 @驻马店旅游局 @三门峡旅游微博 @洛阳市旅游局 @焦作市旅游局 @南阳_旅游 @信阳市旅游局 @新乡旅游微博 @商丘市旅游局 @平顶山旅游局 @秦时蝶衣 @云台野人 @开封过客酒吧	1
[哈哈]对，再来几盅。 //@侯宁: 喝一盅就能入睡啊，说明这厮压力不大啊。继续施压！	1
真美啊![爱你]	1
GYF涂鸦动起来[哈哈]好cute	1
下次约上我哦[可爱]	1
欢迎来丽江玩啊 老磨坊欢迎您[鼓掌][鼓掌][鼓掌]	1
[哈哈]//@Din-中大资源分享平台: 这就是为啥中大会开“哈利波特与遗传学”的原因	1
有我喜欢且能穿的衣服[可爱]	1
一书在手，吃喝不愁啊，鹅呵呵[嘻嘻][偷乐]@中旅王颖 //@JY713: 很不错，我也买了，里面确实很不错，很好。O(∩_∩)O哈哈~希望大家也买一本啊！~O(∩_∩)O哈哈~	1
@小泉小q 这里有三张我拍的？@小米在米库 @白晶晶爱吃肉 [花心]//@小泉小q: 我不仅认出了我的，还认出了@小米在米库 ！人生手模第一次，献给了@千阳游走世界中 [鼓掌]	1
漂亮的饮品。。[太开心]	1
回复@不知道啊啊啊啊啊啊啊:必须要啊，地址发我手机，回家打包行李[哈哈][噢耶][心][好爱哦] //@不知道啊啊啊啊啊啊啊:悲了个催的~我正感冒呢~~要不要和我去住丽丝卡尔顿啊~~[笑哈哈]//@笑点低小姐Becky:欧了个克啊，带你去喝酒~	1
回复@云卷云舒的胡言乱语:哎呀太好了！[花心]所有狗狗能玩的地方就酷迪离我家最近了！我必须去的！继续做一只在柯基队伍里打酱油的大眼儿猫咪??? //@云卷云舒的胡言乱语:嗯，是的，明天去啊 //@大眼儿猫咪:漂亮图图明天也去酷迪呗？[鼓掌]	1
名额有限，预定从速[偷笑][偷笑][嘻嘻][嘻嘻]	1
建议国家体育总局和教育部观摩！//@-饿得快: //@周立波精选脱口秀: 谁编的广播体操，直接把我笑晕了。。。[哈哈]	1
回复@川豪麻辣香锅:[馋嘴]小编最爱吃鸡翅了。中午谁一起去吃啊[哈哈] //@川豪麻辣香锅:美味鸡翅，欢迎大家品尝哦。@畅春园食街	1
[哈哈]，有空开个盘口玩玩 //@边疆边吃边说:[哈哈]	1
今天可以吃妈妈做的烤鸡翅膀and红烧肉了[哈哈] 波儿棒！	1
这一天天的老海鲜可还行[嘻嘻]老丈人的手艺过于高超，真是什么都会做啊，虎父无犬女哈哈哈[哈哈]@魔王1987	1
啊~这个得去~顺便逛下世贸天阶吧~[可爱]@樊小胖胖 @乐之sugar @碧波糖 @安婷Tanz //@王芸tinna: 上海快有了吧[嘻嘻][嘻嘻][哈哈]	1
看你的第一句不像支持像骂街//@水幸子鱼:支持你妹！那姐加油！凉薄加油！[哈哈]	1
下次可以用笔名伐？？？[嘻嘻]	1
回复@周墙:兄弟我长期无语中。[哈哈] //@周墙:无语了，哈哥 //@周墙:扯淡的社会。	1
@未央青荇 少爷,先来碗牛奶龟灵膏[哈哈]	1
晚上菲爸炒的大蒜猪肝，一碗全部吃光[嘻嘻]	1
@toodoe 看看评价吧[嘻嘻]	1
//@韩凯云: 回复@巨蟹座-小?:[嘻嘻]嗯呢??也适合我们做后期的??你懂的??[偷笑] //@巨蟹座-小?:回复@韩凯云:嗯嗯……解压神马的最适合考试周了[爱你] //@韩凯云:回复@巨蟹座-小?:[笑哈哈]是啊? //@巨蟹座-小?:完美释放是你们的新节目么？ //@韩凯云:[偷笑]害羞啦？?	1
@黑米粒  我崇拜你！[哈哈][哈哈] //@阿滋猫:太惊艳的搞笑了，早知，我也举个牌子凑拼一张啊~	1
#吃货也要好身体#不锻炼好身体，怎么当一个合格的吃货呢？现在是下午三点，坐久了就起来活动活动吧~[抱抱]（正在上课的童鞋等下课再站-。-）	1
回复@E_Roy--瑞:Amber //@E_Roy--瑞:叫什么？？马维斯邦吗？[害羞] //@蓝山咖啡第一人:1800米以上只有一个庄园。 //@AWC-丢丢:[哈哈]应该是搞蓝山咖啡的@蓝山咖啡第一人	1
全球最大是神马？ [哈哈]//@京华秋雨: 这么说是恭维他了，三逼。从来中国都没来过，对中国的了解估计除了达赖就是独裁专制，听他放屁，还不如找头猪来哼哼//@老兵_eastmoney:全球最大的二逼查诺斯[哈哈]樊爷威武！//@股爷: 音乐好听是因为它里面包含了抑扬顿挫！市场的波动基本上符合这个原理！	1
回复@典雅菲-比利时亚洲风味餐馆:感谢感谢！还有23小时呢[偷笑] //@典雅菲-比利时亚洲风味餐馆:生日快乐，三十而立，你已经比别人走的更远，事业有成家庭幸福，希望好运常伴随，[蛋糕]心想事成[礼物] //@餐饮人-吴楠:我姓吴 //@杨迪的甜筒乐园: 生日快乐，生日快乐，弱弱的问一句，你幸福吗？[哈哈]	1
1967年的今天，弗朗西斯-奇切斯特爵士成功完成单人环球航海凯旋回到英国。[鼓掌]1997年的今天，美国女商人琳达?芬奇驾机成功绕地球飞行的壮举。[吃惊]有时候梦想就是驱使你旅行的原动力。[good]	1
太给力了！以后请定期上图，干妈们要一起见证干女儿的成长！[爱你][爱心传递][心]	1
这照片拍的真不错 [ppb鼓掌]//@私旅行: 回复@今夜酒店特价:喝完酒收到这个惊喜！吓到哥了。[爱你] //@今夜酒店特价:感谢亲的表扬，我们会再接再厉的。为表诚意特再献上优惠券一张，4845176622（独乐不如众乐，记得分享给小伙伴们喔）	1
等你回来再来吃呗[哈哈] //@古人蒋瞰:想吃RUBY家的芝麻味[花心] // @Fiona_小姐 ：我也要吃！ @rubyxuyan_杭州洲际   @Owen_Xiao   // @想入魔界的胡狸 :  @rubyxuyan1982   这个你们那有伐	1
没问题，来时记得带着???????????拜师礼[哈哈] //@没名字0261: @卤煮鲍鱼 四岁的儿子，给你当徒弟吧	1
[可爱]第一次有客户记录我的工作状态，虽然昨天姓错了一小会儿[偷笑]但是我非常轻松愉快的一个下午[握手][落叶]	1
萝卜饺子.[围观] //@5A嵩县阳天池:对，白菜萝卜 //@饺子哥-:正是吃白菜的季节[馋嘴]  //@5A嵩县张相正:菠菜在秋天[哈哈]  //@5A嵩县范小红:青菜不在大棚里！	1
回复@西门吹沙子:我觉得可以，重点在会不会打理花花草草[思考] //@西门吹沙子:男的可以报名哇[嘻嘻] //@YANG水灵:哇，这可是豪宅啊！	1
强 //@Lovedavid3:[哈哈] //@爱豆腐的娃:转发微博	1
刚刚从英国归来的花子，此次以购物作伦敦行的串联（女人啊…），伦敦奥运比赛正酣，抵达伦敦的您除了赛场激情一番，场下去哪里血拼呢？听今天的节目就没错啦![哈哈]	1
明天早上一定要厚厚的一层噢，期待…晚安[雪][雪人][爱你]	1
真够神的！[哈哈][围观][哈哈]@shineyear:哈哈哈，神翻译。。。	1
是不怕冷！[鼓掌]	1
现在睡一会//@海鲜姐之金玉良言:午睡确实不错[嘻嘻] //@生命时报:转发微博	1
@大王毅 成功求合影喽[鼓掌] 郑洁很低调的都木有坐头等[飞机]	1
这张@妈妈姓夏 很朦胧美！[嘻嘻] //@大P瑶她老娘:好好看。。 来自话题#五月登高新鲜旅# http://t.cn/zH5QMRM	1
#正宗凉茶王老吉2013四川卫视青春正能量跨年演唱会#在帅气的青鸟飞鱼之后，就是我们四川卫视原创大型节目「天籁之音中国藏歌会」的优秀选手专场啦[威武]漂亮的@天籁之音莫斯满 @达娃卓玛86 帅气的@南卡泽王 @四郎贡布 @泽绒翁登 @康巴人组合 ！不错哦[馋嘴][爱你][给力]@中国藏歌会	1
#haollee烘焙课堂合影# 搬进新课堂的第一节课[兔子] 全新的课堂欢迎新同学们！也同样欢迎老同学们回来看看~[爱你]	1
多可爱的宝宝，因为有了宝贝之家，她获得了新生，大家一起来关注#爱佑?一汽大众奥迪上海宝贝之家#[爱你]	1
[哈哈] //@及小雨: @机街浩-zhao	1
冬天吃吃海鲜火锅，不亦乐乎[嘻嘻][嘻嘻][嘻嘻]	1
回复@潘梓含:削肉 //@潘梓含:谁削？ //@马剑是谁:你小心点，以后交了朋友天天挨削 [偷笑][偷笑] //@小咔2466305071:[嘻嘻]  //@潘梓含:那我得多吃[哈哈]  //@马剑是谁:回复@潘梓含:应该妹子多少斤，就送多少斤百元钞[哈哈][哈哈][哈哈][神马][浮云]	1
@大憨嘟嘟 @米米小西瓜 @小鱼儿521 ??去[嘻嘻]	1
#带着微博去郴州#雾失楼台，月迷津渡，桃源望断无寻处~[嘻嘻]	1
【#超级笑星# 开心一刻】老鹰们表示，天冷了，结冰了，走路比较尴尬……[哈哈]今天是中国传统二十四节气的“大寒”，也是蛇年的最后一个节气，天冷了大家也要注意保暖哦~	1
酒店特意在房内布置了两条可爱的小鲸鱼，可惜入住的是两个纯爷们[嘻嘻]	1
现在房价离合理距离很远//@中山大学深圳校友会:这价格老合理了。[哈哈]	1
瑶里的梅岭万朵卷丹百合将绽放，亲们可以来拍照哦[爱你]	1
金钱孩纸都木有，精神才是王道[嘻嘻][哈哈][嘻嘻][哈哈][嘻嘻][哈哈][嘻嘻][哈哈][嘻嘻][哈哈][嘻嘻][哈哈][嘻嘻]	1
回复@走过大地:哎呀、居然还有我[哈哈]今年继续 //@走过大地:十名最常评论我微薄的朋友分别是 @FGump深V @也许静流微博 @大卡与麻雀 @行者梦野 @随风旅行摄影 @?巍EVA @无须豆蔻 @冬至V @窝窝头的围脖 [心]谢谢！！！当然，也谢谢所有的粉丝！！！嗨皮牛爷！！！有一个好得不得了的2014！！！	1
[鼓掌]//@看完烟火我就走: 最佳女歌手，最佳唱作人，最佳专辑制作人，最佳电子艺人#尚雯婕#	1
@嘻哈当家主持小宝 你又有副业了。。。[嘻嘻][嘻嘻][嘻嘻][嘻嘻]	1
回复@钝勾陈:我这只镜头是被无数人藐视的24-105，哈哈。 //@钝勾陈:好镜头~[good][哈哈]	1
这架势，不看你忍得住吗？[哈哈][鼓掌]	1
固本培基，仙福永享，寿与天齐[嘻嘻] //@许军:#又是一年#2012务实创新，守正出奇；2013实现四个转型目标！	1
春春果然厉害！期待新歌啊！@李宇春 //@美女漠尘:找美图，刷话题[太开心]~#李宇春新歌酷14日全球首播#	1
[鼓掌][鼓掌][鼓掌]欢迎惠顾曹杨路540号中联大厦116茶室！@武夷山红骏茶业 @红袍加身私房茶 @陈烟旧雨 我在这里:http://t.cn/zlODUfJ	1
[爱你]亲爱的好早，现场感受怎么样？艺术了吗？小蜜蜂在微博上会呈上各种细节哦，不要只被手中丰富的手工包吸引啦。[偷笑]	1
//@V老大的小跟屁虫: [汗][汗][汗]//@热门萌宠控: 遇到猥琐男，就这么整[哈哈]	1
盼望着，盼望着……一夫多妻近了……台湾算不算试点？呵呵[哈哈]	1
国民电锅！//@台湾自由行: 大同电锅所生产的电饭煲，在台湾几乎每家都有一台。不仅如此，就连台湾出国念书的学子都会带上一台电锅。大同电锅就是一个用不坏的电锅，外表虽然不是很华丽，但真的很实用，而且是不锈钢内胆，煮饭不粘锅，煮出来的饭也很香。到台湾玩的朋友不妨带一个回家试试！[太开心]	1
#早安# “你学过的每一样东西，你遭受的每一次苦难，都会在你一生中的某个时候派上用场。”――BY菲茨杰拉德[可爱]	1
能不能不要这么妖娆，美到让我窒息[哈哈]	1
[哈哈]//@小惠惠的小月月: 我擦。。。。	1
求公布地址~[哈哈][可怜]	1
[威武]新品【冰火岛?深海龙虾手擀凉面】上市已经第5天啦，零头已经过去了~仅剩70天的销售周期！[鼓掌]“纯静美味的深海龙虾肉”+“妈妈的味道”无需多言了哈~吃过您就知道，为什么好评能如此之高啦！[给力]各店限量销售中...来晚了可吃不到~快快走起吧！	1
//@我是朱江：简直是iphone的宣传片了。看了才知道，原来我是个幸福的人。[嘻嘻]@导演麦田 ，提点儿意见，还是话剧味儿重了点儿，广告范儿，期待你能拍出更有意思的作品，不管是微的还是胶片的。	1
可以再温习一下一、二[嘻嘻]	1
#新奇美食谜题#有人认得下面这道菜和这个跟白胡子一样的玩意儿是神马东西不?[哈哈]不是很常见的喔,但在北京也是有的.我甚至可以告诉你在哪里可以吃到甚至还可以请你吃,但是要先猜出来是神马东西.要我请客的童鞋转发才有效的喔.	1
你那边花开了吧//@匪类也柔情8866:[爱你][威武][威武][威武]//@无须豆蔻:总有让你坚持的//@TheNorthFace:#新探索客# 用行走的信仰，去对抗未知的恐惧，去支撑想要的生活，去驻足，也去前行。坚持这种信仰，让它成为你的原动力，去 #挺你到北# 。	1
我一开始也以为只有内定呢[哈哈] //@京妞儿京味儿:回复 @辣辣小盆友 :恩，你想的太多了，哈哈！ // @辣辣小盆友 :那看来我想错了，我以为都内部人才能中呢。。[挖鼻屎] // @京妞儿京味儿 :我居然中奖！ // @赖皮熊DoDo笨熊 ：我没中，是 @小米乖乖爱萱萱  中了，我很嫉妒你们[泪] // @塔塔_TATA :哇！	1
回复@种草在美国:好！谢谢老哥美意！苜蓿蜜品质很好！ //@种草在美国:种出的苜蓿草，你先采蜜，我再做饲料！ //@蜂飞舞蜂业总裁石运君:回复@种草在美国:谢谢！有这想法，我把我的农场模式标准化了，就要拓展新地方！ //@种草在美国:回复@蜂飞舞蜂业总裁石运君:收拾收拾家当，来美养蜂算了。。[哈哈]	1
是时候了，来个猛的！[嘻嘻]元芳，你吃宵夜不？	1
终于恢复了＂国际范儿土豪+工作狂＂的生活，过去十多天的生活就像梦了一场，那么疯狂却真实发生过，有些遗憾和不舍...anyway，能够有这么多新相熟的小伙伴们就是最大的收获！生活还在继续，以后的日子，我们一起相伴加油！[爱你]	1
//@乐天陶社ThePotteryWorkshop: [嘻嘻][嘻嘻][嘻嘻]高品质红娘会所[阴险][阴险][阴险][挖鼻屎]	1
@?津津  这个像你不?在#节目#里又被胖哥和我忽悠了[嘻嘻]	1
上午在腾讯网听了关于微信的介绍，感叹了一番科技进步的妙处，晚上就首次尝试用微信回了邮件，非常方便哟！看来还是得跟上时代的步伐呀，亲～[太开心]	1
回复@且行而乐:是啊，瘤牛肉很好吃，[馋嘴]工艺品又多又便宜。[嘻嘻] //@且行而乐:这个国家，物价贵不	1
回复@yoland雁:还是见真人比较好！@妈妈姓夏 [嘻嘻]你说呢？ //@yoland雁:终于见到嫂子真面目了[嘻嘻] @陈小翔的虫虫人生@JACK-WENG@2012大振@厦门低?@文婷123@柒橡@寒妤的阳光@小?子记忆	1
[爱你][爱你]//@Patrick派大吴_绿地商业:[威武]//@国安国米:[给力]	1
[嘻嘻]必须滴//@婺雨查查: 快乐的工作[给力]//@球球V发胖: 谢谢！ 我们的团队还很年轻 我们的团队还要不断的磨合 要有更大的进步	1
不管怎样，都要撑过去[爱你]	1
他们靠什么生活呢？孩子要上学吗？ //@微博搞笑排行榜:旅行人生太潇洒啦，咱们一起去旅行[太开心]	1
研究深入，众望所归。[哈哈]@周洽强 @5三个6  //@广州大学张河清:@吴必虎 @武旭峰 @万庆涛 @中国生态旅游杂志 @周洽强 @广州大学地理科学学院 @李铭建 @水泊村夫 @广州旅游 @广州日报 @广州大学吴志峰 @广州大学团委 @广州大学GZHU @广州教育 @广州大学学生记者团 @广州大学旅游学院青协 @陈潭物语	1
看过了 这男人后半生在纠结的人物关系中疯掉[嘻嘻]//@侧帽轻衫且从容:卧槽！！！其实那男的很悲剧//@?艺_:我居然看..完..了...//@抱着叶子炸毛线:再看还是好经典[嘻嘻]//@Happy张江: 要拍成电视剧！	1
投诉315[嘻嘻][嘻嘻] //@铜陵人自己的淘宝店:世界花园那的嘉禾还是嘉和 反正地点没错 他家买单要注意 不点的可能也会出现在小票单上 买单请仔细点 无良商家啊！/@不要困的妞: 我和我的小伙伴曾经去过一次，还没坐稳就走了。食物太差。反正我们再没去过 长江路上格调餐厅楼上这家希望会所茶楼！让每个去	1
看到了吧？不要追求所谓的粉了，质量还是第一位的！即使你有了百十万的粉，如果全是僵尸粉，[衰] //@任志强：害人害己 //@快乐的姜:[哈哈] 号称百万粉的要小心出现GMM事件// @许小年 ：比五毛还便宜？这个工作不好。	1
哇！走起！ //@邹韵在花生屯:走吧，去看美香的baby吧~~[哈哈][哈哈][嘻嘻][嘻嘻]@我与西原 @一二三起飞 @安静de萌 @牛爱自由	1
[爱你][可爱][花心]	1
#高级定制# Cartier定制手镯系列...全钻+黑玛瑙 帅气吗？哈哈哈...搭配起来异常的范儿哦...男童鞋也可以佩戴的一款！适合帅气的小伙本儿们...叠带效果更佳！！果断自留一个[偷笑][偷笑][偷笑]...之前一直缺材料，最近终于恢复接单了...要的赶快哦...[色][鼓掌]????...	1
深秋，最爱小清新风吹过[嘻嘻] //@石头铀:真是久违的清新啊！颜色真可爱！ // @tina倪子 : @石头铀  // @tinytoadstool : 啊，昨天在mintdesign和theatre products各买了双?子。国内好像对theatre products了解的不多，今年的print超好看，改天介绍给大家；） // @lulu酱 :	1
UP！虽然你很不和谐//@风言疯语LaiN胖子：为啥你不关注别人，却要别人关注你？学名人啊？[嘻嘻] //@ponponxu：转发微博。	1
[爱你]//@浮云-福运-富蕴:@coaching旅人 @LiuQ828 @Winnie樊 @Arpanet [嘻嘻][心]	1
哥也爬上来了[嘻嘻][嘻嘻]	1
还有一个月呢[吃惊]及时行乐[哈哈] //@塔读相思染红豆:不是还有一个月[疑问]	1
呆会OK去 //@肥蟹很OK:谢谢各位关注[爱你] //@六翼魔法师:回复@雪莉巷:[耶]你还不也一起来~ //@雪莉巷:我有朋友在这做编辑@肥蟹很OK [哈哈]	1
又是一波晒福利滴，梦想君想说亲们不要大意的来互动吧~[爱你]	1
//@永定承启楼: [花心]//@金鼠标张进强: 有谁要私奔？我记得有间土楼的客房，是黄圣依住过的，还有余香哦[花心]//@柴红://@魏长仁:永定土楼已等你千年//@金鼠标张进强://@永定承启楼://@Pink_Chimneys:[哈哈]免费游啊 //@魅力福建网: @永定土楼景区 @永定土楼网 @土楼旅程 @演员卢小娟 @永定承启楼	1
感谢@刘杨刘杨刘大杨 支持推荐！[耶][太开心]	1
神仙算不上，怪兽也不是！就是来拯救地球人了！//@冥界红花: 你是短迪大魔王还是神仙？ //@好人文姬:哈哈！是救地球人来了！ //@吴大庆Michael:猴子你是来请救兵的么？[嘻嘻]//@鱼之圆: 你是救兵请来的猴子么？//@Mars_YI:你是猴子请来的救兵吗	1
回复@文龙驾车去旅行:[可爱]有机会，你们带上我一起吧。@文龙驾车去旅行 @生生驾车旅行 //@文龙驾车去旅行:回复@旁雅雅:欢迎同行 //@文龙驾车去旅行:争取今年再次踏上青藏高原，蓝天、白云，心灵释放，还有那淳朴的藏歌，还有那醉美的格桑花???欢迎同样向往的朋友们同行分享???	1
[泪][抓狂] //@Cindy_wuyunyu:快点做吧，否丢西瓜捡芝麻[哈哈][哈哈][哈哈]//@andy蘑菇?:[抓狂][抓狂] //@Cindy_wuyunyu:朱主席你工作又滞后?[偷笑][阴险]@andy蘑菇?//@朱宁杰Luck_Zhu:@andy蘑菇? @Cindy_wuyunyu	1
哈哈哈！@金志文-GT 咱也太接地气了！亲爱的哥好好唱！不论结果如何，你走到这里已经是最棒的了！咱们约好的我不会忘记嗒！ [嘻嘻][嘻嘻][嘻嘻][酷]//@MoooooYi:笑死我了 //@吃牙齿的怪物:哈哈哈哈哈哈哈哈哈	1
品木宣言面膜?惠套??好咯@小蛇k-s-babe [爱你]送?佳品	1
//@查立://@当时我就震惊了: 一针见血呀！[鼓掌]	1
凤凰古城游人减少，帅锅老板苦不堪言，俺帮忙当了把吧员[哈哈]	1
#最美游客#想着太姆山路途不远，我们选择了自驾，没想到一路下来几乎都限速在80，看到很多车不停的从旁边超过？我是踩油门呢还是踩油门呢？已经开了一小时40分了，好吧，所谓最美游客，遵守交通规则是基本吧。[哈哈][哈哈]@V游福建 @新浪福建	1
维他命探访”Vogue120周年图片精粹展“，从布展到内容都很有看头哦！玻璃房很好玩，虽然不太明了原先的用意，但特派员是用来拍照了[哈哈]地点：北京朝阳区银泰中心 时间：11月1日 - 11月18日 @Vogue服饰与美容 更多图片：http://t.cn/zjvLm4a	1
你妹，你经过我同意了嘛[怒][怒][怒] //@差不多的明明:[鼓掌]求婚成功	1
#万圣大冒险#你俩就不能和平相处么？[嘻嘻]，绿豆MM多好！@M豆-黄豆 @M豆-红豆  http://t.cn/zRSk10I 我在这里:http://t.cn/z8AUBIZ	1
[哈哈][哈哈][哈哈]//@晒宝达人:九江的邀请好听	1
回复@海阔天空8806:嘿嘿，又打算拾起来了… //@海阔天空8806:你总算冒了个泡了！[嘻嘻]	1
恭喜[鼓掌]多发些试用装给我们啊//@慕岩百合网: 祝贺、祝福～～～你终于可以有免费化妆品，修饰下坎坷的面容啦！	1
因为没有人所以才能得以保存~我爱旧物~ [哈哈]	1
哈哈，盐井空&……[哈哈]//@桔猪: 英雄母亲，见多识广，其子必定不输于母~赶紧领回家呀么喂~	1
难得的下午茶。美貌甜点，温馨氛围，旁边还有一桌在弹着吉他写歌。能不能更美好？[爱你]@cicidodo	1
蘸酱菜[嘻嘻]	1
#旅游政务#【泉州城市形象片】[威武]为打造泉州城市名片，加大泉州旅游宣传力度，提高泉州知名度，泉州市旅游局联手泉州电视台组织拍摄泉州城市形象片在央视投放。目前，拍摄工作正在紧张进行中，让我们拭目以待！[给力][太开心] @泉州电视台 图：@平兄旺旺	1
改天去您那看看[嘻嘻][嘻嘻]	1
路遇警察抓小偷，气势太勇猛！[鼓掌]	1
7 //@东山肥牛://@精选语录:你呢[哈哈]	1
喝咖啡碰到老同学@孙佳欢-Julien 了开心[鼓掌]，一起为理想努力吧！	1
高清，大家收图啦~ //@端木妙子: 大家都笑的好开心啊~[嘻嘻][鼓掌][太开心][心]//@X-Space: @CocoCheong @令照_fiveshine @端木妙子 @双鱼座的KIKI @BiMBA-Freddy @朗润Anson @北岸Northland @三个三个 @夏夏_BiMB	1
干粮备足，再也不怕加班了。[嘻嘻]	1
[鼓掌] //@胡立峰:基金研究中心周报系列，一周一报告，情况早知道。 //@银河证券基金研究中心:全市场基金业绩周报《市场放量反弹，股基表现良好》。详细报告已上传至基金研究与基金评价服务专区，更多研究报告请签约用户登录专区查询阅读。网址：http://t.cn/apy06b	1
@绫玻璃 姑娘生快！一起背着大书包在欧洲流浪看风景的日子，是我此生最美好的时光[爱你]	1
跟参与汽车摇号一个心理，我中不了，也增加了别人中的难度！[哈哈]@夕阳牛 @air甜馨 @E宝宝柠檬	1
#功夫黄太吉#哈！你就是老三？！我还老五呢！@老三儿:说谁呢？ @黄太吉传统美食:老三闷骚，上哪说理去[偷笑][偷笑] //@强李有道:#功夫黄太吉#四个当家人个个有神通！老大无悔拿手功夫卷饼！老二无怨尤善煎饼！老三闷骚能忍倒是做的一手好豆腐脑！老四坚韧舞的一手酸梅汤！真是盖世英豪啊！[哈哈][威武]	1
参加完东丽运动和南楼会议后现在要奔王串场赴宴了[嘻嘻] 我在:http://t.cn/zYcKjcB	1
"【[来]""跑男""来啦！#Running Man#亚洲巡演北京站】#HAHA##金钟国##池石镇##姜Gary#亮相北京，今晚他们将在北京举行Running Man中国内地首场演出，四人诚意十足，整场活动预计共将演唱13首歌曲[鼓掌]...你最喜欢哪位？....现场高清图请戳：http://t.cn/z835wxU 节目没看够的请戳：http://t.cn/zjBPbNv"	1
期待诗人的精彩书评呀！//@茶语新人: 哪友谊好！旅友送一本呗[嘻嘻][太开心][太开心][太开心]	1
祝所有女同胞们节日快乐，也欢迎大家再来洪江古商城考察。[鼓掌]	1
晓攀说要减肥的，说了要减肥的，我们都相信你只是拍照木有吃[嘻嘻][嘻嘻]	1
一直有同学咨询，问报满的课程能不能多加一个名额，这个确实不能加！课堂每期限制人数，是为了同学们的学习质量，请大家谅解！[爱你]报满的课程是可以选择登记候补的，谢谢大家[爱你]	1
谢谢介绍[可爱] 我们是融入地中海美食特色的西班牙餐厅：）露台今年又有新变化，并将往年的精彩继续。美好的夏日夜晚在向我们招手[太开心]	1
回复@哆君:?拍http://t.cn/8sihQnt //@哆君:要一个[嘻嘻] //@爱生活香港代购_小?:#??特?#???????特?32元,嫩???, 大大?哦, 超值! 原?39元, ?六?.[嘻嘻] ????. 先?先得.	1
回复@岚晓T:一丁点，准备去珠峰大本营。 //@岚晓T:哈哈 我刚回 不过这次没去小江南林芝 你高反还好吧[嘻嘻] //@何高峰V:回复@山鹰加错:我们明天去林芝[可爱]  //@山鹰加错:没，我还在波密	1
南城的兄弟姐妹，你们今天吃锦芳的元宵了吗[嘻嘻]@Daniel风的来世 @艾蒿的leaf-freeskizone @百变小洁 @可爱淘桃 @--时光穿梭-- @app手机爽行云端	1
哈哈，西餐背后的文化咱先不论，先打了牙祭是真的，而且西餐好多菜，都是硬货呢[哈哈]	1
美食美刻波尔多，主持人小皮老师各种搞笑，各种插科打诨，各种精彩，刘老师，侬错过啦[哈哈]@葡萄酒小皮 @morningcarrie	1
度假胜地[可爱]//@深耕良田: 醉美巽寮湾	1
赶紧私信小编把地址和号码发过来哦！小编会邮寄给您一个惊喜[爱你][爱你][爱你] //@吊卜啦己:[鼓掌]好开心噢！	1
石梅湾艾美列队欢迎 @水平塞塞 和宝贝的到来，期待你们的偶遇哈！[太开心] @艾美酒店及度假村LeMeridien @喜达屋SPG俱乐部 @喜达屋spg玩转海南 //@水瓶塞塞:@石头也不是那个石头 @老海鲍	1
求女生三十版 [鼓掌]//@?嘉上Gordon:哈哈，三十?的在那?找？要真有?多好。 // @美女 : 哈哈[偷笑]	1
我觉得。。。。这个人听力有点厉害。。。[哈哈][哈哈]	1
[鼓掌] [赞] [呵呵] //@幽默创意搜罗：让自己每一天都快乐！	1
我也有拍过这张，因为由衷的爱SH～//@永远的汉顿_Jerry55: [嘻嘻]	1
回复@伍?美BJ:吃顶了，居然咱俩聊了那么久[哈哈] //@伍?美BJ: @嘎兰 [哈哈][哈哈][哈哈][偷笑][花心]	1
真的好形象哦~//@Travelzoo旅游族: 太损了[哈哈][哈哈][哈哈]//@乖?囡Cindy: 太经典了[哈哈]//@乔伊丝大小姐:[good]	1
[哈哈]//@凡由心生:对号入座	1
江西人好、山好、水好，菜最好！[挤眼][嘻嘻]	1
丫又来了！@八爪吃火锅 。。。。加上@不着边际的姑娘 ，我们仨在说@走西藏的女人 的坏话！好痛快！[哈哈][哈哈][哈哈] 我在#芝士青年# http://t.cn/zOgXgNT	1
我们反映的是真正的民情[嘻嘻] //@王学好:实事求是是@胖胖李志刚 @车手阿B 的一贯方针[赞]10个 //@胖胖李志刚: 就是  //@车手阿B:回复@王学好:人民群众都觉得[good]  //@王学好:我也觉得  //@范舒然:我关注女演员比较多，男演员嘛…合作过的宗翰哥、彦祖哥、梁朝伟，觉得学友不错！(^_?)?☆	1
回复@米其林大厨-西安:哈哈，这也不错！//@米其林大厨-西安:分享个切糕小段！开心一下！  [哈哈]《史记. 切糕传》： 贩切糕者， 多为西域人也。富可敌国。其业暴利，因有民曰：“一两五十，一刀三斤。”更有甚者曰：“一刀杨幂上床， 两刀帝都买房，三刀兰博到手，四刀盖茨认娘”。 故欧美人遇奢侈且无	1
回复@头很大的娃娃:你猜的西班牙？今晚会很精彩，赶紧先去睡觉去[嘻嘻] //@头很大的娃娃:西班牙一定能卫冕成功！期待斗牛士们用，一次次华丽的转身，流畅的配合，精灵般的进球！让对手折服，让世界惊叹！娃娃也期待收获如此精美的飞机模型哦~	1
当年刘欢也快没脖子了//@洪毅2世_加拿大:没什么，只要需要，参赛的都是他伴奏。[哈哈] @陈向阳PR @张晓鹏jonathan @黑白两道之侠道 //@游牧路上的蜗牛: 真的啊，哥你太牛了！//@洪毅2世_加拿大: 我第一次参赛时，他是我的钢琴伴奏[挤眼]。//@游牧路上的蜗牛: 看到了，果然都是一群意气风发的追风少年	1
笑坏了女神么么嗒[哈哈]	1
你们辛苦//@三丁ting:谢谢Elo帮忙看摊！[嘻嘻]	1
双旦嗨皮…[嘻嘻] //@漳州彭彭:[威武]圣诞快乐哦[雪人][围脖]@平和三平风景区 @龙海身边事 @漳州小鱼@丁启阵 @刚峰看世界 @水墨高健  @泡鱼儿 @YOYO食色空间  @酒窝果果AK @蓝海帆影 @YOYO食@琰棱	1
小鱼把鸭子带上了武当上，说要来武当山游泳~[哈哈]@雨桐吾爱 @甘雨桐 @襄樊咩咩羊 @sue孙悦  我在这里:http://t.cn/z8A0azA	1
[给力]//@盐府逸栈: 周二至周五盐府逸栈大望路店精彩演出不间断！//@盐府逸栈: 川剧变脸真是难得的近距离一见啊！[嘻嘻][围观][威武][给力]	1
马大师@大自然保护协会-马云 您好亮[哈哈]	1
??支持[嘻嘻] //@明月畅想:看到SWEET SPOT这么受欢迎 好开心[哈哈]	1
阿斯特马丁好漂亮的车车哦[嘻嘻]，@CCTV李晨明 快来看看哦@奎大头 @cocolily李小妍 @白静_天蝎座 @超级马力王宇	1
[鼓掌][?你]//@肉肉肉爷: 牛！[威武] //@雷雷的雷雷:无	1
今天参观了＂图书馆＂，设计的太好了，赖着不想走[偷笑]喝了东方美人茶，觉得好嗨心。喜欢这种拜访，聊聊天，喝喝茶，喜欢大朋友@梦回伦坡拉 超级正能量的发送者，主要是又相信爱情了，相濡以沫，一起牵手到永远，这些都是真实的，爱你们呦！[爱你][爱你]@白大省 @公一兵	1
总有出来抢镜的～ [鼓掌]	1
天籁之声太好听了！这孩子有巨星的潜质！[good]//@Miss丹_: 那些什么好声音和什么最强音都弱暴了[嘻嘻]	1
[嘻嘻]//@深圳老酒: 扯淡！又是骗人买鳄鱼龟的。	1
[哈哈][哈哈]@郭昱媛Wendy	1
活动正在进行中，下午4点结束哦，要抢购的抓紧时间啊[嘻嘻]	1
#早安江西游#28~34°的天气[达人一周年]，凉爽的风[浮云]，多云转阵雨的惊喜[太开心]，一天的好心情从此便开始了[鼓掌]。早安，加油吧各位，为明天的幸福！[加油]	1
[哈哈][馋嘴] //@妙之吻kiss:多国时尚美味大赏！你颤抖了有木有！[偷笑]@那敢情好了 @和铮铮V @靠谱吃货 @荷风浅浅 @北京吃货小白	1
亲，今天你可真是无限配合呀！[哈哈][哈哈][哈哈]@小琰小Yeon @米斯白兰卡 @花神kashin @大米miracle @罗的微空间 @冷冷偷心贼	1
这是同一个人吗 ？完全脱相了！个人认为右边那个更帅！ps：我老婆看了照片对比已经不要求我减肥了[哈哈]//@骆驼翔子之跟风行动: 下手真狠//@朱亮亮Leon:对自己狠一点，才能找到更好的自己。 //@我是陈少强:早饭吃饱，但不吃油腻东西，午饭一个苹果，晚饭不吃或者蔬菜蘸酱，中午快走五公里，晚上	1
那些年，我们的老东家渣浪！[哈哈]//@失焦焦焦:[哈哈]我说你们太不厚道了，至于这么黑我浪吗？笑死了	1
[嘻嘻][嘻嘻][嘻嘻]谢谢您喜欢，@伍餐肉 的推荐[握手][握手][握手]	1
会不会局部掉漆呀？//@可山: 加藤鹰专用//@北京-爱Pippo的瓶子大人: [衰] //@北京高爷:草榴 无悬念//@袅娜伊人-董小栗: 杜杜你要疯，太惹火啦[哈哈]	1
#越南海警船威胁我国海监船#全世界的大国小国都在欺负中国，只有朝鲜是我们的好朋友[哈哈]	1
#兰蔻美丽女人节#活动结束，收@兰蔻LANCOME 产品 送自己的节日礼 [哈哈][哈哈]@55BBS	1
哇，胃口大开！祝您用餐愉快[哈哈]	1
//@岷山阿敏: 回复@杜宏新:谢谢！[做鬼脸] //@杜宏新:这张照片拍出了我们邹总另一方面的气质，[鼓掌] //@岷山阿敏:谢谢！ //@travelerinhutong:[赞] 学习 //@岷山阿敏: 呵呵。。。要自我介绍啊！[做鬼脸] //@asya_xu:希望有机会这个月宁波见！ @asya_xu:呵呵	1
@韩玉hany 我想大黄了，我们给小佳宝养匹小马吧[嘻嘻][嘻嘻][嘻嘻]	1
看得我又饿又馋啊[嘻嘻]//@热点红姨: 还一天没吃东西呢！当吃了晚饭。 //@边疆边吃边说:回复@热点红姨:我在现场，看到红姨汗湿的背影，敬意油然。 //@热点红姨: @边疆边吃边说 @胡滨微博 @黄记煌-黄耕	1
不转对不起观众的掌声和尖叫！[嘻嘻]@黄炳良 @朱浩Nicholas @JRU阿吉 @33你个圈圈	1
私信个地址呗//@阿怪-------: [嘻嘻]神州行！我看行哦?！[转发]//@麻辣诱惑陈云华: 那就再来个粉色的，让他俩也过个情人节[心]//@阿怪-------: 回复@麻辣诱惑陈云华:[抓狂]不拆~不拆~就不拆！找个位置供起来[嘻嘻] //@麻辣诱惑陈云华:多好玩啊，舍不得拆吧？[哈哈] //	1
回复@阿依不爱吃汤饭:嗯，淘出花样来……[挤眼] //@阿依不爱吃汤饭:回复@俺叫老鬼:[偷笑][偷笑][偷笑]他睡着了 我去和他玩捉迷藏 藏起来[哈哈] //@俺叫老鬼:回复@阿依不爱吃汤饭:你可笑死老鬼啦！哈哈哈哈哈哈哈……你这小调皮儿！[太开心][可爱]	1
北京人民广播电台，直播 FM87.6快乐超级旅行，今天是和主持人一起逛里约热内卢和伊瓜苏大瀑布。巴西烤肉吃了个够，也被瀑布浇了一身的水，沙滩比基尼大大滴有，发现快乐就是如此简单！[哈哈]没有听到的小盆友可以到北京文艺广播FM87.6 的官网去收听。@北京文艺广播	1
嗯嗯，好多客人都说这灯好看呢！[嘻嘻]	1
谢谢小纯颖给力推荐！[爱你]	1
[爱你]你们都是我们的骄傲@兰姨lanerlove @Leslie靓靓 @鬼蜀日记	1
[哈哈]//@MM的微加幸福: //@怪诞心理行为学: 太油菜花了！[哈哈]	1
#Loli厨房出品#今儿晚餐，糟熘鱼片，虾木耳炒西葫芦，蕃茄炒蛋，白灼西兰花配芥末酱汁。好吧，今天节日嘛，祝大家节日快乐，没心没肺，快活每一天[嘻嘻]	1
[鼓掌]谁是天秤，我要旅游！//@米家拉拉: 转转就行[偷笑] //@张振华Q: 有钱，但有处女送不？	1
「新加坡」在#乌节路#的ION逛街，在楼上的#taste paradise#吃饭~ hiahia。我现在在用个人热点给这群人们共用网络。[汗][汗]吃起！一天吃好几顿了。[馋嘴][馋嘴][嘻嘻][嘻嘻]  我在这里：#Singapore#	1
//@郭培:这是个外蒙模特，功底不错，很努力！[爱你]//@qqiuu:除了童梦奇缘外，龙的故事被整场再现！图为＂龙的故事中＂宫花嫁衣。@郭培 @玫瑰坊高级定制 @张舰-星美概念	1
我必须说都喜欢！[爱你] //@Annaguo2010:我觉得最萌的就是小刺猬，时间最喜欢应该小长颈鹿，主席您老人家呢？@走入时间 @费墨迹	1
先转来预备着～[嘻嘻]	1
回复@大董陈丹:[爱你][爱你][爱你]实至名归 //@大董陈丹: @李小妮	1
呦，忘带鱼食了。[嘻嘻]	1
讨厌~~~~~ //@呀诺达金梦娟-年轻的老金:刘杰曾经也是驴行中的一员，后来被一女驴捡走了，然后他就从良了  [哈哈] //@公子爱吃抱罗粉:帮转 //@旅游营销策划刘应杰:在云南，总能碰见各种辞职独自驴行的男男女女 //@剁辣椒:就是，放着人的朋友不做，要去做驴的朋友。	1
回复@麦其土司的二儿子:您来，不要钱。[哈哈] //@麦其土司的二儿子:白吃么，还是住那才能吃	1
@筱净雅 这个泡芙小姐长得好像你呀！[嘻嘻] //@青岛非常道传媒: 转发微博	1
//@淘宝岚姐姐: 这个好！[good]见多才会识广，博学方能多才，熟读唐诗三百首，不会作诗也会诌。[嘻嘻]	1
回复@耳朵的盛宴:已经漫游至港澳台及东南亚及赤道几内亚刚果赞比亚南非阿布扎比一带...[哈哈] //@耳朵的盛宴:大陆第一潇洒哥	1
#去哪儿积分商城#点评入住酒店换好礼，商城限时五折积分兑换[给力]！你旅途中、生活中需要的各种物件儿，iPad Mini、酒店免费房、手机移动电源、无线路由……应有尽有！你还在犹豫什么！走！逛商城去：http://t.cn/8ki47pv 另最新晋高级点评达人@桐妈1011 已经成功以五折积分兑换了iPad Mini2 [鼓掌]	1
海淀的看过来… //@大连cherry:有我远吗？我在大连呢。。。[泪]//@风林火山私家牛板筋火锅:好 很快~[嘻嘻]	1
[哈哈] //@smartnale:@Tina_YangJQ @太Rita @邱小显要当辣妈	1
#品质领航问鼎东方2012东方卫视优质资源推介会#@今晚80后脱口秀 有王同学的脱口秀哦DJ哥哥正在准备 很帅哦[爱你][心][花]	1
好麻麻[哈哈][爱你]	1
多背一公斤全职美女工作人员！[哈哈]	1
@傅小刚 :傅总，巨蟹的给我留一条啊[哈哈]	1
幸福幸福前所未有的幸福~~~[太开心]感谢这么多好朋友帮我见证这次回归原创的全新开始！@胡海泉 @王学好 @阿丘 @肖央 @口琴小彭 @小黑mk @5885老蒋 @melissa黄鸥 @DJ小强 @ITHK 也感谢我最辛苦最亲爱的工作团队~[抱抱]我会加油！！！[可爱][耶]	1
[哈哈]//@廖敏Maggie: 特好奇的还有L为何读＂挨撸＂ //@沈宏非: C读＂塞＂、F读＂挨腐＂、H读＂挨耻＂，N读＂恩＂、V读＂威＂...这个是广院统一教出来的吧？一直很好奇依据是啥。	1
哈哈，我乐的不行！[哈哈][哈哈][哈哈]	1
看着咋?聚会的照片，心里想着：我们亲耐的崔老师咋永远都那么年轻呢?这才是真正的不老妖姬呢。。[偷笑][爱你][亲亲]	1
//@磊子-IQIYI: //@胡学伟://@韩志国:哈哈，人才！//@迟夙生律师: //@陈业文新大都:[哈哈] 网上段子确实很多、很棒。//@张志杰中国: 推！[哈哈]	1
玫瑰，巧克力。。[花心]。[鼓掌] 地址：http://t.cn/zW8LfTV	1
重新上路。[哈哈]	1
[哈哈][good][耶]	1
是的！有兴趣的话，尝一尝吧！ //@财前财前:是中山公园龙之梦吗 //@静冈叔叔: 回复@鱼子酱Fisher:还可以吧！今天的那家的服务员的态度特别好啊[鼓掌] //@鱼子酱Fisher:回复@静冈叔叔:去过徐家汇五番街那边的一家[哈哈]	1
人间喜剧多悲剧：喜剧94哭着笑[哈哈]，悲剧94笑着哭[?]//@黄西Joe_Wong: 喜剧就是悲剧加上时间。	1
感觉这哥们说英语有点东南亚口音～//@精彩电影: 这哥们又来了！中国式英语怎么啦？你是没见识过日本英语[哈哈]	1
下次做这个~[嘻嘻]//@创意铺子:酱爆牛肉粒	1
#食尚小米慢游泰国#登游艇畅游湄南河、飞快的两岸风光和疾驰而过的尖头船[嘻嘻]我爱泰国的椰子[馋嘴]汁甜！劈开肉更好吃！两个美妞刚把吸完汁的椰子扔了、看见我把自己的椰子让果摊老板劈开拿小勺挖椰肉[馋嘴]她俩馋啦[害羞]还有谁吃椰子没吃果肉？都给我别扔啦[花心][花心][花心] http://t.cn/z82IbA5	1
"""甄?是后宫女子中一个突出的形象，在她身上比较集中地表现出封建社会中女性难得的自主品格和独立意识。她与人为善，真诚待人，并以智慧和胆识与皇后、华妃为代表的邪恶势力展开抗争……这一颗蒸不熟、煮不烂、捶不扁、炒不爆、响当当的铜豌豆……""点击欣赏《求是》奇文：http://t.cn/8kDTvBm [哈哈]"	1
第一张好萌 [可爱] 生快生快 哈哈哈 //@李小妮: 小黑哥生快！早生贵子！[太阳][耶][蛋糕][蛋糕][蛋糕]	1
万子哥好湿[哈哈] //@万子千红:湖面的烟雾袅袅升起，静静的小岛帐篷一片；都市人的世外桃源啊，那就是如画的明月湾！	1
【#超级笑星#幕后花絮】美丽滴@余声707 在后台~总会陪着选手们一起看着舞台上的表演[爱你]~不过小编很好奇哦~余声姐姐有木有分清楚~他们谁是哥哥~谁是弟弟呀？[哈哈]	1
今天好霸气啊，同志们这是要带着我活活逼死人家啊[哈哈][哈哈][哈哈]	1
@aoki杨咩咩 @兔拉拉810 @王乱子 咱们要知足咯[爱你]	1
//@罗雷Ray: 如不含黄曲霉素蒙牛的奶是好奶，如不含美国中国GDp全球第一，如不含台湾中国巳经统一！[哈哈] //@公民石?明:[偷笑] 好 //@天佑中华A:大炮这个炮放的好！	1
回港小休了?天,?了??小可?，去海?、公?、?她?心?的DVD、吃pizza、afternoon tea、看????.......忙吧？但其?......是她?在慰藉我的心?[偷笑][嘻嘻]	1
云南菜终于走出国门了[鼓掌]谢谢潘潘为此付出的不懈努力[赞]	1
啊！！刚要去睡，笑醒了……[哈哈]	1
也给@每日维他命Beijing 感兴趣的盆友们//@活着活着就明白了: @维他命羊 欢迎你来哦? 欢迎去过还想去打算去西班牙的朋友们，周末大趴走起！！[嘻嘻]	1
[哈哈][哈哈]谢谢鱼兄祝福	1
"某知名风投合伙人微博中提到员工数百收入千万级可称优质互联网公司。俺心里默默念叨:""优质可期优质可期，加油加油。不过，员工数百会不会有点人力成本太高，俺们估计可以控制在数十[嘻嘻]"""	1
@张译官网官方资讯 #张译##不靠谱的演员都爱说如果#28号重庆签售活动贴：http://t.cn/8kQVwux；29号成都签售活动贴：http://t.cn/8kpGyJQ，欢迎大家围观！本年度最后两场签售，走过路过千万不要错过哦！机不可失，失不再来！[哈哈][哈哈]	1
我先去的你这里，又转战到隔壁了！[嘻嘻]	1
年薪再低点我可以考虑 //@海南陈建勤:年薪再高点，我可以考虑。当然，绝对让你感到物有所值！[嘻嘻]//@任志强:夫妻合唱？ //@潘石屹:原总经理回国了，我们需要一名总经理。欢迎您。 //@张欣:长城脚下的公社招聘总经理，年薪200万，谁来试试？	1
#早安、沃阁#今天南京天气雷阵雨转阴, 26~32°, 东北风5-6级转东风4-5级。有句话叫‘秋高气爽’啊！沃阁哥灰常欣喜的看到满天空的蘑菇云！顿时心旷神怡~[亲亲][亲亲]但还是要记得带伞哦！！	1
[爱你][转发][ok]Nova Scotias Shubenacadie Sam and Ontarios Wiarton Willie didnt see their shadows, meaning, according to tradition, an early spring is on the way.两位土拨鼠都说，春天快来了。祝大家心情愉快	1
[哈哈] //@Tankpx:巨龙巨龙，你永远差两年！//@不可不看的视频: 第一句就灭绝人寰了。。！！[哈哈]	1
每次坐飞机之前，我都非常恐惧，安检完坐到候机室，我就开始胡思乱想。到厕所去，会觉得里面的空调特别冷，冷到我瑟瑟发抖。那种害怕是很难形容的，像前面有地雷，你不得不踩。登上飞机，我坐在过道上，明明很害怕，但又忍不住往前后张望。我真的很害怕餐车推过来，因为我太怕吃飞机上的饭了[哈哈]。	1
各种上榜哦！当当的排名也是第四！努力向前冲！让更多的人知道这本好书！[鼓掌]	1
还有棉花糖机呢 呵呵[爱你][鼓掌][鼓掌][鼓掌]	1
开奖时间到[围观]浏览了昨天的合影照，打鱼君再次被渔民们疯狂的创意击败，被木有底线的卖萌...融化鸟[bm可爱]下面掌声恭喜@MIC麦贞子 @爱上曼生活 @我不是玻璃鞋 三位渔民，获得打渔晒网限量版珍藏礼品[鼓掌]赶紧私信我们你的姓名电话和地址。亲们，疯狂拍起来，让照片来得更猛烈些吧[xkl转圈]	1
接客啦！//@Shelmata：//@摄影家谢墨：还要有持久耐劳、坚韧不拔的精神和状态[鼓掌][耶] //@心泉之家: @陆地食色 @王旭de美食影像 @美食与美酒小黑 @宫元书美食摄影 @刘展耘riggslau @摄影家谢墨 @MICHAELHO_ @峰影-哈苏-布朗 @雾气中的昆虫 @啡咖和草烟 @赵嘉 @顾勇微博！	1
求阿潘个人演唱会[抱抱]//@潘越云: 回复@四岛-chao:[ok][心][心] //@四岛-chao:[哈哈]原来如此！预祝潘姐演出成功！[心][心][心] //@潘越云:回复@四岛-chao:是?石30?演[心][心] //@四岛-chao:回覆@人生如斯-云端:谁啊？ //@四岛-chao:[花]笑[花]靥[花]如[花]花[花]	1
放眼望去，全是苹果，全是有钱银～//@网际无影手-孟浩然: [哈哈]这个要转	1
最鄙视这种披着羊皮的东西[怒] //@茶人冯建华:回复@我家喵咪:[哈哈] //@我家喵咪:[偷笑]一想到钱 果断吓的咱落荒而逃 //@茶人冯建华:回复@我家喵咪:这叫“揪巾”的！[哈哈]	1
[亲亲][亲亲][鼓掌][鼓掌][鼓掌]@蔡心导演 @编剧谭昙 @孙榕-温州 @张歆艺 @刘滢同学 @姚晨 @梁静 @谭飞 @董路 @花儿大张伟 @杜淳	1
敌婆仔简称敌仔。[嘻嘻] //@吴真微博:没听过啊，倒是有一种鱼叫，敌仔。 //@欧美二线品牌:敌婆鱼？@吴真微博 @黄长怡 貌似是潮州的东东。 //@海鸥: 回复@我似导演:要是给每条鱼都挂个名牌八字就更好啦！[哈哈]  //@我似导演:乱弹琴	1
回复@小芝麻小小糊:找到同道中人了[哈哈][哈哈][哈哈] //@小芝麻小小糊:昨天我也是	1
@卢宗艺 //@宋佳SARA:改天一起[爱你]//@柴颖颖Emma:喜欢吃杭州菜！ //@宋佳SARA:真心好吃[做鬼脸]@-看海听涛- @柴颖颖Emma @冬天里开的花	1
还好认识他，否则就扁他[嘻嘻][嘻嘻]	1
很短，很热辣啊。[哈哈]	1
"回复@-RQP:为啥这么火？也许东京有""迪士尼乐园""，大阪有""日本环球影城"",中部地区早就盼着有个大型“主题公园”。Costoco这个充满美国色彩的“??テ?マパ?ク”，一下点上了中部地区人们心中的导火线。哈哈，小编是这么想的。[哈哈][哈哈]"	1
@王选磊 @Hilary_Li @白蜡金 @linda林大鹰鹰 让哥也中一次鸡冻一下呗。//@北京嘉里大酒店: 京城之巅！弹指间，赢豪礼，北京欢迎你！[亲亲]@香格里拉酒店集团	1
#2013元宵喜乐会#大家喜不喜欢刚刚直播中的王祖蓝版的蒙奇奇啊？[亲亲]	1
西红柿炒鸡蛋配葱花滴干净~~~[太开心]ps. 构图有点歪~so，记得不是猴子所为[思考] ……你懂的[嘘]	1
[哈哈][哈哈] //@冰糖杨梅:@深圳陈寅 @胡洪侠 //@吴佩: 求科普//@张格雷:[哈哈]//@汽车经济杂志张久: [哈哈] /	1
//@中青报周凯：转 //@饭局副局长: //@简光洲:[嘻嘻] //@李荒原: //@于大英:有趣。。。。 //@龙灿: //@逍遥花猫:言为心声。 //@简直:Lie to Me，朝思暮想的事，往往会在无意间脱口而出 //@Michaelchen-IX： //@skane兔腾:真是司马昭之心啊 //@gegshu个数: 要世袭吗？	1
[哈哈]//@庄生晓梦的blog: @北京老伙子微博 @传媒邵鹏飞1985 @老田救援 @蓝海帆影 @失踪的哈那 @陆小?儿 [干杯]//@BTV赵蕾:[黑线]	1
驾照成功到手！诚争开车接送、酒后代驾及各种特殊服务~价格请私信，预定从速哟~[爱你]	1
【#超级笑星#微直播】@白凯南 教练大展身手翻跟头~可是却被选手抢了风头啦~[哈哈]还爆出了白教练喝多了的糗事哦！[偷笑]最后那段骑马舞也很赞~[赞]“骑马”能晋级~	1
[moc转发][鼓掌]	1
[爱你]牛腩君又何尝不是爱着每一位雕粉~！[哈哈]怎么证明呢？[害羞]这么多贴心的细节....够不够？	1
震撼[熊猫][嘻嘻]//@卢米埃沈阳市天地影城:排好队形，早安[嘻嘻]//@卢米埃北京芳草地影城: 早安	1
我是不是也该拍这么一个？ @魏星瓷  //@围脖经典语录：我难受，你也会疼！[嘻嘻]	1
打着喷嚏、流着鼻涕，把家中的酒瓶全部按照产地整理了一遍，顺便把鞋子也按照颜色摆了一遍~~真是体力活~~不过看到原来是邻居的葡萄酒瓶儿们又聚合在了一起，心中有蛮幸福滴感觉[鼓掌] 我果然是酒瓶控~~~	1
回复@1039园园:[偷笑][偷笑][亲亲] //@1039园园:哎呀 姐姐美的呢～[爱你][爱你][爱你][爱你][爱你][爱你] //@1039志梅:回复@准备一个人的战斗:怎么和您联系？谢谢 //@准备一个人的战斗:如何互动？，明早驾车1000公里回京	1
千载难逢，中大奖，小凤呢！[哈哈]都说2012金牛运气超好，看来真是不我欺呀！再接再厉！[哈哈]	1
头等舱价格是否要便宜了 //@余英: [哈哈]	1
大周末的聚起来，来到人多的西单大悦城，新开了家港式餐厅，新旺码头，口味很清单呀，大家快来尝一尝吧！[爱你][哈哈][嘻嘻][围观]	1
同为毛党，转一下。[嘻嘻]//@刘波说书:[嘻嘻]	1
空空你又调皮了//@空空yes:最后一句笑喷了，在神州大地多少观众今晚揪着心阿[哈哈]	1
得嘞，你忙你的！哥慢慢适应着[哈哈]	1
小卢与全体员工观影您的观影[哈哈][哈哈]	1
//@李媚玲:[嘻嘻] 太逗了// @北京晚报窦媛媛 :水瓶对天枰的评论亮了。  @记者孙妍     @张晓蕊rry2     @药一男	1
#无国界即时贴#1月31日开始，德国柏林和勃兰登堡州的冬末打折季正式拉开了帷幕，提醒要去的童鞋们赶快买进自己需要的东西吧[围观][鼓掌]	1
午饭依旧点的白族特色菜：干巴炒山菌，银丝菜，金雀花炒鸡蛋和凉鸡米线。正在饭时，惊闻一同事今日闪婚领证，佩服和为她开心之际，决定吃两碗饭为其祝福，祝她荣升主妇行列[鼓掌]	1
今天北京的大风快把瘦子们都刮跑了吧~胖点好哇，底盘稳[嘻嘻][嘻嘻][嘻嘻]#胖子只有在这样的时刻才能找回一点自信#	1
盘口大佬来了[酷]快让让。@?氏?? 记住这些画面哟[亲亲]叶氏三雄。@叶农 @??兔拉拉  @Ssssakiya现在叫叶?_xlx @蔚蓝色飞鱼	1
美吕打广告[哈哈][good][威武] //@黎若拉: [哈哈][哈哈][哈哈]	1
不带这么欺负小朋友的！！！[哈哈]（转）	1
回复@迷糊清醒纪:只有十几天，我刚才算错了，这样想来，又开心不少[哈哈][哈哈][哈哈] //@迷糊清醒纪:嗯，值得期待！这也是我接下来俩礼拜工作的最大动力呀！ //@若水X:接下来要努力奋战二十多天，所以期待着圣诞及新年的好友聚会[鼓掌][鼓掌][鼓掌][太开心][太开心][太开心]	1
我靠！这个有点疯狂！被人赶出来了吧！ //@1039顾峰:[哈哈] 如果有一天我“衣”无所有 请让我春光乍泄在那里[微风]  // @寒冰_儿 :介是真滴呀些？ //	1
得调调生物钟啊，缺啥都别缺觉，学我。。。[爱你][太开心]	1
回复@haruchan888:てことは27日？昼寝しとこ。// 那27天吧！那天我要午睡[嘻嘻] //@haruchan888:回复@静冈叔叔:春?の?初五?にお金の神?「?神」がやってきます。	1
//@花间堂官方微博:春夏秋冬，花间堂带你感受一段穿越四季的感官之旅[可爱]	1
明天见咯[鼓掌]//@鹏飞冥冥: @龙泽古今磊@郑忠阳v@烧烤学硕士@粥粥游@哈_尔_滨@五岳论坛@五岳达人语录@武圣教主@午夜的阳光奇奇@全图解@请叫我背包侠	1
俺大儿子！越来越帅啦！！！[可爱]喜欢啥样小姑娘啊～[爱你]爹给你介绍，把关捏[哈哈]	1
[嘻嘻][握手] //@乐活食堂:1949 Cake 「Genuis at work」	1
这位用户,你确定你的牛是母牛么? //@瞬间戳中笑点:?丝就是?丝,什么事情都可以发生.膜拜啊![哈哈] [哈哈]	1
回复@伤心铁丝-行者老谭:中午又在权金城聚 //@伤心铁丝-行者老谭:霍爷也是我朋友 //@彭涌_爱美食:[嘻嘻][鼓掌][鼓掌]  //@糖小甜miumiu:[哈哈]认识大家很开心	1
[鼓掌][鼓掌] //@姐就是个霸气范儿:所以请记住这句话：爱到亲人，才是永恒。	1
有点意思~！ [哈哈]	1
是@中俊老边饺子百子湾店李宁  的地盘[哈哈]	1
@程丹 在吃饭的店里看到这本书，想起有期罗丹是据此改编的[哈哈]	1
神速换好登机牌，要不要这么精准啊，行李刚刚30KG[嘻嘻]	1
//@刘春: 电视台这样有点儿缺 //@姚晨:不带这么坑哥的！[哈哈]	1
@蒋宠0925 //@风中疾走: 捶地撞墙喷了一键盘。[哈哈]	1
@中冶英郡,在此祝愿大赛圆满成功[嘻嘻]	1
//@北大新媒体:[笑哈哈] CNM报 命题，果真出手不凡！//@李开复: 这一次能得多少分？[哈哈]	1
@真真悦悦旺 //@魏英杰:网速慢你找路由器出气，典型找错对象了。[嘻嘻]	1
#天天向上# ：【体育老师征集】#最帅体育老师# 不容错过！[围观][花心]今晚十点，海关多款男神，你更不能错过！[鼓掌]//@绿色的纱裙和白衬衫: 完全忍不住必须要@天天向上官方微博 ，这么帅的体育老师错过了怎么可以！！	1
[哈哈]//@极速飞影: 优势太大了[赞]	1
这是6字班的学妹....//@三强3str: 现在的学妹都这样了啊[嘻嘻]	1
今天是否还有人迟到，呵呵。围脖控们，今天是周末哦[嘻嘻]	1
世界十大名著之一列夫?托尔斯太写的《安娜?卡列尼娜》魔力是巨大的，我分别借给了对面座位的mm，一个看了大半小时倒下了另一个看了可能20分钟后也去找周公说梦话了，我等下开看估计也会是同样的下场，这就是名著的魔力啊[哈哈]	1
[抱抱] //@cfir：//@全球时尚：他??、你?到了一?人、是因?那?人在想你、、	1
这才是我亲嫂子[嘻嘻]	1
祝我自己生日快乐，今儿一开机收到无数朋友的祝福，由于本人在国外，就不一一回复了，大家对号入座，感谢你们这么多年一直陪伴在我身边[害羞]，润润在这里无比感动[泪]，爱死你们了[爱你]	1
成功是一个犯众怒的过程[爱你]	1
好大的听，煤老板有钱。//@一天到晚悠游的鱼:回复  @迷茫诱惑 :已经晕了，啤酒多多滴，一个山西老板请客滴，昨天的红酒也是他请滴 今晚还要到因特拉肯去喝。 // @迷茫诱惑 :美女留点，让俺也尝尝这外国的啤酒[可爱]	1
[嘻嘻] //@劲松侯老师:@胡滨微博 @冯雪cindy @予馨北京 @快乐鸿宇2011  //@勤劳的工作狂: 活动不错啊！@劲松侯老师 @熊丽电台 @夏柠儿 @现代可汗  //@权金城韩国烧烤:#可口可乐迎奥运，你吃饭我买单#哈哈，亲们不要错过机会@边疆边吃边说 @黄记煌-黄耕 @胡滨微博 @董克平@彭涌_爱美食 @陈玉霞博斐秀禾	1
思念，是一种病，今天你病了没？[可爱]	1
@虹茶坊_杨美虹的微博  [哈哈] //@大众中国：什么是企业社会责任？关注“企业社会责任与社区发展：以德国在华企业为例”研讨会，或许能找到你认同的答案	1
新改版的Nobu假日特色套餐11月起正式推出，准备好享受假日美味吧[嘻嘻]	1
@土豆牛肉高粱 代表老天感谢你[可爱]//@邱铭钧: 孤陋寡闻之徒。我接触的民间中医都挺厉害。吃不着葡萄说葡萄酸。越是打击中医厉害的人，最后得病的基本都要求助中医。老天有时候很公平。	1
等待第20000个粉丝，朋友们给力支持啊！！[嘻嘻]	1
扩散～ 20号我有事外出噢 祝你们新店开业大吉[心] @水心_黄太吉  //@水心_黄太吉:[鼓掌][鼓掌]@程诗然 //@?同?TONY:名额有限，各位抓紧了！	1
[花心][花心]美女们！同鞋们！[嘻嘻]应群众要求这双美鞋在次登陆陕南噢！[做鬼脸]喜欢的来把它收下吧[做鬼脸]电话62891014	1
[嘻嘻]这跟我有的一拼	1
龙阳路班车，免费接送吧[鼓掌]	1
你也加油姑娘//@姜米糖: //@1018王晓磊:今天晚上20:00为爱向前冲，奖品发到你手软，雷子乐笑工厂话剧票4张，甘家口百货化妆品代金卡，还有旅游年票，餐厅百元代金券，不听后悔后悔后悔。。。。[哈哈]//@1018王晓磊: 没想到这个漂亮姑娘是节目的华丽落幕，希望她找到真爱[奥特曼]	1
//@七里香的微笑:孩子们真是让人惊喜啊[威武][嘻嘻]//@黑子张骏:[?光]自力更生,丰衣足食！[嘻嘻]无论是以艺术的方式或其它,鼓励！@周春芽 //@苏菲嘛: @五彩基金 的学生们开始涉足电子商务了哦！亲，要收藏，要扩散，要给全五分好评哦！ @我是秘匪 @赵欢-冰鑫九幽 @金小狮	1
活动室里还可以看电影[哈哈]	1
[浮云]今天上午+中午，俺就在直播间陪你过了！这个周四，我会唠叨半天（两种意思都可以）[酷]希望你会在，今天请叫我＂咖乐青＂[嘻嘻]	1
主人知道了，跪安吧[嘻嘻]	1
生病中也要认真转发，优秀的时尚摄影师不光要有专业技术，还要有创意！ //@欢岛:“勿忘初心，百无禁忌” [心]感谢AmazingChina和寇克同学的国际化采访，简直系近年工作大总结的节奏！感谢一起成长的小伙伴们以及@DMD东田专业摄影 .PS我工作时候表情太严肃了（笑喷）@joe_张 大编太像梁文道了[嘻嘻]	1
造型不错[哈哈][哈哈]	1
[哈哈][哈哈]//@刘铨淼: 转发微博	1
胃晚上吃的戈拿旺巴西烤肉，好多好多好多。。。三角肉[嘻嘻]	1
//@程彦栋: 真心流氓//@智倜:我日，太流氓了！！//@张春雷1975: 乐死我了！臭流氓！//@文刀木南: 大流氓！//@沙摩柯二楼浩:流氓！[嘻嘻] //	1
//@大英美食发现记:[哈哈] #德?美食#	1
萌死了。@sisi0606 照着这个标准来一个[嘻嘻][嘻嘻] //@经典英文语录:这个可以有~[心]	1
把周老师都拍变形了[哈哈]	1
[鼓掌][鼓掌] //@飞哥Feigor:您是先行者！[威武][威武][威武] //@大董大懂:真心期待更多中国厨师和世界厨师界多多交流，站在世界烹坛前列！ //@红与黑经典之美:因为有你，世界叫好中国美食！@大董大懂  //@心泉之家:必须是@大董大懂 。@红与黑经典之美 您说对不？	1
I也LOVE你。。。[酷][爱你][嘻嘻]//@野千寻:[心] I love You, Good Luck[爱你]@北京摄影老顽童 @六零先生 @酒窝果果AK	1
Ni-Ni-Ni-Ni-Nice！[太开心]	1
我在这里“胡言乱语”[嘻嘻] 我在:http://t.cn/zjJucnO	1
越来越凉快[可爱]	1
龙门“三八”组合~[吃惊] [偷笑][嘻嘻][嘻嘻] //@图图他爸胡英俊:#龙门镖局# 同意同意同意~~~~~超级爱陆三金！支持三八！我是三八党！@宁财神 @电视剧龙门镖局 详情:http://t.cn/zHIyPq6	1
[心] //@王轶鸣：[哈哈] //@阿龙吉祥：太有意思啦！ //@快乐de紫蔷薇:[哈哈][鼓掌] //@homerun: [可爱] [心] //@微博暖风-迟日：转发微博。	1
我们的影帝梁家辉老师不仅演技好，舞技也是杠杠的，看这跳骑马舞的姿势，各种标准有木有？[嘻嘻]想看梁家辉老师在第七季#中国梦想秀#舞台上更多的完美表现，不要错过4月11日21:10分的梦想秀喔！！[亲亲]	1
[泪]实话有时候很讨厌哎→_→//@营养师顾中一: [爱你]蜂蜜除了水份主要也是糖，照样会胖的	1
《娱乐星天地》节目，五月一日起，由新娱乐传媒接手制作啦！[鼓掌][嘻嘻][可爱][群体围观]	1
生命的意义之一，就是学会对这个世界的谦逊。因为最伟大的艺术家，是自然。祝大家周末愉快！[可爱]	1
这作业太棒了，完全不像第一次做啊，赞~~[鼓掌]	1
回复@蝶的食色生活记:有人说我如今整个儿感觉似早年的蔡澜，哈哈，不过我倒也早生华发，也欲闲游食色之余落笔生花。以雅皮作态了此残生，倒也是无追之求，天下之美食儿，都快到我碗里来！[嘻嘻] //@蝶的食色生活记:太会过日子了。。。	1
也喜欢这部书，就是希望女主是个新人或者可塑性强的，因为有的演员看久了。累了。 //@商君LYNN:回复@梨木棉:这段话好赞~~[哈哈]	1
浪漫蜜月别墅，置身《真爱惹麻烦》唯美片场，当一回偶像剧的主角吧！占地338至570平米的蜜月别墅临湖而建，美不胜收的旖旎湖景和热带花园美景尽收眼底。蜜月别墅还特别为您的蜜月旅行准备了贴心的浪漫蜜月布置，让爱侣们从内心感觉到甜蜜、浪漫、开心和幸福。[爱你]	1
好注意喽[爱你]//@多栖主持人荆小纳:姐们儿你天天都在忙 悠着点儿嘞 别太累了[爱你][爱你][爱你]	1
#Day 27#中国医院都不告知宝宝性别，所以一般怀孕起， 大家就喜欢猜男女，研究众多生男生女征兆，我就是从开始显怀到最后预产期都一直在朋友的猜测中度过，真的也是挺欢乐的一件事，哈哈！[嘻嘻] 无论科学还是迷信，全当娱乐，现在以我的实际情况来验证下这些说法。 详：http://t.cn/zl8EgNk @孕事	1
回复@黑腿渔夫抓乌贼:看完这个以后还怎么喝lemonade！[哈哈] //@黑腿渔夫抓乌贼: @维他命羊 [嘻嘻]	1
小岳同学一定要我买这条领带，理由如下：＂爸爸，你戴上肯定好看；爸爸，这领带和律师很对称，觉得象律师戴的；爸爸，你戴上这条领带象老板；爸爸，别的律师看到你戴这么好的领带就会问谁给你选的，你就说是我给选的。＂好吧，买了。[哈哈][哈哈][哈哈]	1
果然最后一张是亮点！[哈哈]	1
[衰]//@黄凌宇Lincoln:哈哈，果然现在考驾照难度加大了，残股//@借我你的手: 我今天考到了！//@黄凌宇Lincoln: 欧册那[哈哈]//@Ryan_Chiphell: [哈哈] //@0小愚: 今晚你们都笑惨我了，哈哈哈哈哈哈@狼妈王小吟:先停车，向他／她做智力问答，以确认对方是不是阿缺西。如不幸遇武疯子，则应弃车而逃。	1
我的天，好黑的天，一场暴雨就要来了，赶快回家收衣服[哈哈]跑快点。	1
//@正畸牙齿瑞尔袁峰医生: 好好配合欧、希望早日解套[嘻嘻] //@许龄月Amelie: @正畸牙齿瑞尔袁峰医生  袁医生一直有问我矫正情况如何有没有不舒服不适应，脾气超好的袁医生让我不再害怕去牙科。[哈哈]	1
【#邓文迪#分得#北京四合院#曝光 04年购入临近故宫[嘻嘻]】这座四合院位于故宫护城河以东的一个最为高档的街区，共有7间房，2004年，#默多克#以每平米4万元人民币、总价1000万元人民币的价格购入，里面有泳池、模拟高尔夫球练习场及台球室。[围观][威武] http://t.cn/8kAvdJd	1
【2013年南非葡萄产量获大丰收】据南非葡萄酒行业信息中心(SAWIS),2013年的葡萄产量预计将突破1491432吨，较去年增加了5.4%，超2008年的最高水平，葡萄汁总产量预计将#超过1百万升#。就质量而言，尤其对红葡萄来说，在颜色、结构、风味方面都很突出。[鼓掌]	1
[鼓掌] //@sunflowerhuang:[爱你]假期快乐，好好休息 //@欧塔娜: @霍小兵 @任茜茜-Sissi @郭鑫MM @超爷Tracy @郑宁娃达 @Amanda王小白 @中国聂世威 @周华-安易聚贤斋 @Anna张-聚贤斋 @SAYICUI @Sophia妍杰 @Herman_Lu @sunflowerhuang @背叛的季节-诺 @爱折腾的小卡--方芸  @西贝丹_Jandi @土风李保恩	1
[可爱]//@环旅国际旅行社: 都好美~	1
好呀好呀[嘻嘻] //@番茄不是西红柿的T-shirt:开心被转了，下次我要拍你家外景啊[嘻嘻][嘻嘻] //@菊儿小枣:活在自己的时代，爱着所爱[爱你]	1
离开酒店，准备漂流啦，@water214 @年幼沙子 多谢你们的精心组织，辛苦啦[太开心]	1
自己动手丰衣足食[嘻嘻]	1
呵呵 可以尝试男人都不敢干的事 全裸上下班??//@Ta家的小包：//@Andrew_Upton：女权呀//@环球美图博文：回复@刺桐梦:[哈哈] //@刺桐梦:转发此微博:我们男人的胸部可以随便摸！你们也可以！男人不介意！	1
[鼓掌][话筒]//@途秀:#途秀送福利#从法国空运过来的购物袋，源自老佛爷百货，听起来就各种高大上有木有~[花心] 各位投完票记得在微博评论@途秀 ， 主页君会给途秀达人留奖品的哦~悄悄扩散一下~	1
喜欢就好[爱你]，借此宣传一下:1月10号本周五，晚上19:30，我与搭档@嘻哈包袱铺徐x世s泽z ，将在朝阳文化馆(朝阳小庄麦当劳旁)举办相声专场，希望大家喜欢！(百度导航可以搜索:朝阳文化馆)[爱你]不见不散！	1
小伙子帅！[good]//@亚奥金茂悦:#悦关注#航天员聂海胜不老秘诀！介个要学习！[嘻嘻]	1
徐兄带领孩子王进入上海，偶代表上海同胞们必须热烈欢迎[鼓掌] ，希望开店多多，生意赞赞。//@徐伟宏:谢谢陆总捧场[握手]	1
@林子姐姐 这让你情何以堪[哈哈]	1
致丰还是立丰？[嘻嘻]	1
一战接一战[哈哈]	1
回复@侯?辉:在微创业互动学堂 Q群：329424436 在线互动学习，免费。顺道做个广告[嘻嘻] //@侯?辉:在哪里昂？ //@杨亚天:就在明天！	1
好久没动笔画画,打算恢复一下……＃小吉手绘# No.01 白描耶路撒冷 希望大家还喜欢 [嘻嘻][嘻嘻]	1
[鼓掌][鼓掌] //@ShanghaiAcat: @南柯一梦_梦醒篇 @宝熙莱_水晶 @阎小乐 @丫头-莎小莎 @中粮广场 @慢卷袖 @英杰拉姆 //@宝熙莱-晶珂:宝熙莱-Bao Gallery 保留原有50年历史的蓝天进口水晶灯；将增加定期的艺术品展览，2014年农历新年后首批将展示宝熙?近年收藏的具有欧洲文化底蕴水晶玻璃艺术品	1
。。。。尼嘛，斗了，怎么样[怒][怒][怒]//@jeffrey?__?:斗鸡眼？ //@Yukii0_0i:[泪][泪][馋嘴][爱你][爱你][爱你]//@蛮EVA蛮:[酷]//@?麽孓: [怒] 你说怎么办吧//@Yukii0_0i:我错了，尼嘛 。[泪][泪]	1
亲，好久不出场，一来带来这么多咖啡？[爱你][馋嘴]	1
雨下的不小啊，好爽啊！有没有人陪我去淋雨啊[嘻嘻][嘻嘻][嘻嘻]	1
红茶瞬效休护面膜。[爱你]熬夜星人必备。	1
回复@gloven:你们家两口子也让霍茹羡慕啊！[哈哈] //@gloven:哈哈，你家阿茹幸福死了 //@郭恪JAKE:阿茹[月亮][礼物][爱心传递] //@霍茹rudy:转发微博	1
呦，来做节目啊？别把听众都说睡了[嘻嘻]	1
五星要显在前额上，像包公，或显在胸口上。//@张晨初艺术空间: 整个新浪微博都知道是您原创的，还用得着注明出处吗?[哈哈]我也是从别人处转来的，知道肯定是您写的，就是这140个字写不下啊!//@法制洋葱头:转发我的微博而不注明出处，罚您给齐奇画幅中国角色。[亲亲]	1
Happy Birthday to 龟龟[蛋糕]麻麻好喜欢吃你的蛋糕啊[嘻嘻]有三文鱼,芒果，牛油果，鳗鱼，鱼籽[花心]	1
[互粉]【我五岁啦】#天天向上#“五周年”系列活动：“六一儿童节”即将到来，你是否有很多年没过这个节日了。[闭嘴]而5月31日的天天向上将唤起大家#你心中的孩子#和#你内心的童真#，让我们学会用孩子的眼光看待身边的人和世界，就像@杨宗纬 一样。。[太开心] http://t.cn/zHi68GC	1
[哈哈]//@龙江捕鱼者: [哈哈]//@i玉琰:你是想当妈啊，还是想当儿子啊！@凉风峰 @鱼丸粗面的Sky @表xiao妹 @段大梨 哈哈哈！	1
叶来劲！天天来劲！[鼓掌]	1
[赞][赞][赞][赞]小编各种佩服啊[鼓掌][鼓掌][鼓掌]	1
强烈建议有下午茶(下午酒也行)[馋嘴][可爱] //@xieyue:今天下午很合适去看晚霞，落日	1
[哈哈]人气爆棚，还有站着看的！	1
转给泰星迷[兔子]微信泰国13日北京时间18：00?19：00开放泰国九星对聊 加微信帐户TheStarToday 参与 [爱你]	1
[鼓掌]//@陶然万柳世界://@七兵QB:闻听崔健退出春晚，有神网评：“ 长出一口气，就像自己的初恋差点去做鸡。”	1
我入职第一天？孔孔入职第一天？杰拉德生日？whatever，its a new begining！@孔昱程 [爱你]	1
东坡豆腐，有东坡肉的感觉[鼓掌]//@西餐侯老师:帅哥大厨龙永泉[威武][围观] //@食全食美老倪:好像你还是下口了～阿龙大厨[good]@北京国贸饭店	1
回复@柠檬猫薄荷:对[爱你]	1
[哈哈]//@霏霏琦小只猪: [思考]有黑幕？！//@欣怡Leafly: @勇敢的马 @钟Sir--@霏霏琦小只猪 //@万度创智传媒:[哈哈][哈哈]	1
我也爱你，是亲，亲情你懂得。[爱你] //@菲式:至亲爱的?亲??@夏末_天天天有晴 @Yohoo_hedy	1
希望通利福尼亚州会成为帅帅和多多的幸福起点站~[鼓掌]	1
好吧。//@微博搞笑排行榜:清明节表白才是王道[哈哈]	1
不带这么玩的[哈哈] //@南京蒋玲:[哈哈][哈哈]//@神右王: 笑尿了！哈哈哈哈哈哈	1
大宝今天一岁半啦,哈哈,她刚刚在床上密集式翻了10几个前滚翻,特别可爱[gst耐你]我发现她的柔韧和灵活性都超好滴,瑜伽更是练得惊人的标准,很有悟性好姑娘[亲亲]妈妈非常爱你呀亲爱滴[心][心][心]母乳喂养继续进行中......	1
回复@33你个圈圈:素材比1：10？说明领导对你不放心唉。怎么没叫我注意的啊[哈哈][哈哈] //@33你个圈圈:TMD,黑框不知道谁后来打的!!!我说的是那些画...	1
窗前驻足的人今天特多。空气中弥漫着末日的气氛[哈哈]	1
如何一秒钟搞定吃货……[太开心]	1
回复@chuaqzgd:说得非常好[good]养身要牢记[耶] //@chuaqzgd:heddy是全方位人才呀[鼓掌]是的，如同父母也建议不要经常爬山，本来绝大多数都缺钙，这样膝盖磨损得更快，偶尔爬是可以的。我了解到补钙要人体真正吸收需要镁、维D和K参与，选择不当反而有害，而小米粥维B丰富还安神养胃，对于有胃热的人尤	1
坐沙发[哈哈] http://t.cn/zjNJEn4	1
决定夏天陪粑粑麻麻去俄罗斯。看到一个笑话，笑点又低了[哈哈]最近我一朋友对我说：“我想去俄罗斯旅游。”我说：“那不错，挺好。”他问我：“那什么最出名？”我说：“方块儿。”[哈哈]	1
[给力]#超级笑星#就好像是一桌喜剧菜肴，除了有创新的点心外~也少不了传统的美食！各种不同的美味相得益彰，才能让观众从中分享更多欢乐[鼓掌]~#超级笑星#让选手自由发挥出最拿手的节目，把最精彩的一面展示给观众们[赞]~这个冬天~#超级笑星#陪着大家一起~笑到嗨不停~[哈哈]	1
朝鲜美女思密达~[哈哈]@须弥哥@阿勒锦八戒 @冰城馨子 @财迷婆婆 @湖上淡云飘 @花子tt @黄村 @机甲 @君王也 @酷奶茶咪咪 @龙世界-非洲 @泡鱼儿 @品学兼优-娜娜 @全图解 @守望看世界 @书位 @涛儿妈 @小驴佳佳 @携单反走天涯 @刑警视觉 @杨孝文 @伊夫 @于海青 @云霄同?	1
哈哈哈哈，这小孩儿长得真好看… //@Sophie诺诺: [哈哈]//@岩栖舞者: 转发微博	1
#过年范儿#【撑死在三亚】海鲜、水果、特色小吃？海南四大名菜一个也不能少！如果2014喃有去三亚晒阳阳的计划～收图吧[可爱]	1
【指人儿915MAO】之JoJo篇//亲，考完试了[哼]，演完出了[太开心]，咱还是认真讨论一下骑车的事儿吧[偷笑]。。。特别声明，某些图片的腿型是镜头畸变所致，腿的主人要请我吃饭我完全不介意[偷笑]。。。@指人儿JOJO @指人儿萌子 @MotherFunk @指人儿赤赤 @鸟先生在睡觉 @VIVI紫焰玲珑	1
收到[哈哈]	1
这宝贝儿胖的下巴都贴地了~ //@树袋熊:肌肉好发达啊！ //@香格李拉:“气车”~~安全啊！[哈哈] //@南京日报汽车周刊:呵呵，可以命名为气鼓鼓的“气车”~~	1
[哈哈][哈哈][哈哈]可爱 //@微博经典语录:笑死我了[哈哈][哈哈]	1
团了世贸天阶烹饪大师，juice的餐~~~国贸的老汤餐品，期待美食中~~~除了juice都是双人餐，期待一起美食啦~~~[嘻嘻][?嘴]	1
哥，忍住，吃鸡蛋容易胆固醇过高，还是发鹌鹑蛋吧[嘻嘻]//@陶然:。。。。。。医生刚说要少吃蛋类肉类海鲜，这边厢鸡蛋免费，还是我最爱的茶叶蛋，情何以堪。。。。。[生病]	1
阳光、沙滩、海浪――至美之境！[嘻嘻] //@数字出版佳玉: //@世界美景: 阳光，大海，别无他求。。。[阳光]	1
谢谢博士！[爱心传递][鼓掌]	1
下次不要再错过了哈//@我叫什么名儿: 躲懒儿,没去,有点儿可惜了[可怜]//@北京中环假日酒店: 给力总结篇，还是心形的捏[爱你]	1
刚睡醒就让我乐的人仰马翻[哈哈][哈哈][哈哈]	1
是想扑倒吧？然后时间没计算正确，所以就失败了吧？[偷笑][偷笑]然后就被鄙视了？[哈哈][哈哈]	1
【#百变大咖秀第五季# 跨年倒计时】各位咖啡，祝大家新年快乐，天天开心！[亲亲] 顺带奉送小礼物，第一期亮点看这里！@王祖? 和@百变五侠官微 争相模仿《爸爸去哪儿》小萌娃，@王栎鑫 变身汪峰，他能成功上头条吗？精彩节目就在后天，1月2日晚22：00，开始倒数期待吧！[转发] http://t.cn/8kdwHBh	1
[ok]管盒饭。//@贾鹏paul: 我也去我也去~！每次都去~！ //@老头夜话:回复@狙击手阿荣: 下次活动来做义工，就可以和不错的模特同台技艺了！[嘻嘻] //@狙击手阿荣:真强，三星都被你们搞定了，左边模特不错[偷笑] //@老头夜话:我们策划执行很成功的 新品 用户体验营销 线下活动！[good]	1
哈哈，第一次近距离接触！[爱你]你们！昨晚high的睡不着！//@popmix情报站: 小分哥是high咖~~ [偷笑][偷笑][爱你]//@小分哥-GLane: 今儿没嗨够，下次继续[嘻嘻]	1
[哈哈]你仔细想想你当时照的是自己吗？[汗][黑线]	1
[给力][哈哈][围观]	1
混搭呢？[哈哈]	1
这里是北京，你认为是这样的吗？[嘻嘻]	1
[可爱]哪个岗位都一样。目标规划以及具体实施	1
A：我有一个梦想，月收入5万，像我爸一样！ B：月收入5万？你爸可真厉害！ A：不，我的意思是说，月收入5万也是他的梦想。[哈哈]各位，晚安~	1
[嘻嘻][嘻嘻][爱你]	1
您  的 帐 号 已 成 为 今 日  幸 运 用 户 , 立 即 登 陆 http://t.cn/zYBKoK0 进 行 了 解[礼物]   @股阿四 @YF-Young[哈哈]fLf7VB5CF3	1
[嘻嘻]那是胡总的招聘，小雷出于成本考虑暂时不招聘了。//@柳方春: 如果在杭州，我能帮雷总推荐不少人。//@雷聪_悦游旅游网: [酷]我是大专我光荣！//@胡海钢: 我刚又加了一句：你要觉得自己行，大专我们也欢迎！！ //@雷聪_悦游旅游网:[偷笑]我来跟你干吧，胡总	1
#小雷旅行#香格里拉小中甸村落的牛儿，私奔了。。[嘻嘻]	1
恭喜牛牛！ //@夏小仙_尖尖: 终于合法了啊！！！大家快来感受一下！！！[爱你]@大臭臭de小臭臭 @榀头抡足 @xupinfang @Lonely丹 @TheSmileSimon @麦条君 @breathjj @苏明明Su	1
等哈尔滨开店了，你就有口福了[哈哈]	1
在网上这种不好好说话的人还真有，互相尊重很重要。 //@任志强:[哈哈][哈哈] //@章诒和:回复@Stupidfrog:孩子，告诉你：我家早就抄完了，就剩一条老命，要吗？拿去。 //@Stupidfrog:要是革命起来先把@任志强 @章诒和 的家给抄了！革你妈的命！	1
今晚我自己可以静心收看了。[哈哈] //@成长秀:@浙江少儿频道 @全敏宇quanminyu @芒果哥哥要长肉 @高高125 @sasa_missing @童小年 @柠檬姐姐潘小蓉 @力波-没时间工作 @v王津津	1
睡一觉醒来后，就是1号，三天就转眼间过去了。哈哈。//@费费1026: 生活美不美好，就看你会不会自娱自乐啦！[哈哈][哈哈][哈哈][哈哈]祝29、30、31三天玩的开心啊！很难得的假期噢！	1
激动ing！！！[鼓掌][鼓掌][鼓掌]加油[爱你]	1
梦想有多大，舞台就有多大![鼓掌]	1
你敢不越来越年轻嘛[嘻嘻]	1
芒市芒果三角梅这么厦门嘛嘎，游记游迹云南行想当瑞丽嘛嘎…// @子梵梅:外心遇天热，你说叫什么//@跑滩的菜蟹VV: 你是有外心啦？！[哈哈]//@子梵梅: 回复@OnceBookstore:或者下月。 //@OnceBookstore:这一去，何时再出发	1
我要参加[哈哈] //@北京胡同印-大理老故事:对对，风花雪月的气氛、风花雪月的心情，再加上风花雪月的啤酒???[围观] //再来瓶风花雪月啤酒 这才叫生活啊//:在三楼露台坐看苍山洱海，在小桥流水旁看鱼儿戏水??? //@OLDFIELD-Felix:非常美的一家客栈 美到我都不想出去玩了 只想坐在院子里喝茶[爱你]	1
欢迎常来哈!![鼓掌] //@江山映像:给自己加加钢:中午和同事溜达到此，本想补补气，甩去这几天吃快餐的命运，犒劳下自己最近的辛苦，没想到还能关注得积分，现在的饭店啊，营销手段是越来越多了 @暹罗象泰餐  原文地址：http://weibo.com/2160565071/ypFe0kFi9 - 原文地址：http://t.cn/zWLTx9I	1
可爱滴宝贝，小吃货一枚哦~[嘻嘻]	1
谢谢@出版人宁宁 送的《10年奋斗，60年好生活》一书，书今天早上刚刚收到。期待你们做出更多的好书。[太开心]	1
这个必须转起[嘻嘻][威武][威武]	1
大手笔，值得推荐//@韩路-: 回复@翟Turbo:我一直很喜欢太平洋网站。 //@翟Turbo:你这么一发我马上喜欢上太平洋网站了,,,[哈哈] //@韩路-:太平洋汽车网50万SUV横评，很棒的花絮、很棒的编辑部。	1
如果是真的必成材[哈哈] //@胡崇曦:牛逼！[哈哈]	1
[太开心]漂亮	1
作图的兄弟可以拍大片了，不转都对不起你！！！！[哈哈]	1
回复@活宝在这里:呵呵，看来同样是活在回忆中的朋友 //@活宝在这里:正在看[可爱]	1
下午去学校教课曲艺，推广曲艺，让更多的人喜欢，能耐不大，水平有限，但是我不会保守，会的都教~这也是我的教课数学的思想！[嘻嘻]	1
又到了周末，天气开始转凉了，大家请记得添衣加被哦~ 祝大家周末愉快~~[可爱]	1
照着去做[鼓掌]	1
欢迎下次再来玩啊 一定哦[爱你][鼓掌][鼓掌][鼓掌][鼓掌]	1
回复@傲绣网:受宠若惊，唯有继续努力[泪][嘻嘻] //@傲绣网:纪实感很强[good]	1
扬州市中心好热闹。星巴克的wifi比我住的酒店还要强。[嘻嘻]	1
骗水瓶这事劝各位别干，瓶瓶看来，谎言基本和写脸上一样，[哈哈] //@蓓儿艾悦:@裴虹猪鼓励  //@BTV悦悦:我们拥有最坚强的内心，不允许后悔的执拗，锋利的唇舌和最善良柔软的神经。虚伪、滥情、投机取巧和＂语言的巨人行动的侏儒＂请自动绕行。	1
//@XXOO的激情宝典:让人崩溃的老婆[哈哈]太萌了，	1
妈亲花！[哈哈][哈哈][哈哈]	1
分享最新潮图[嘻嘻]	1
今天起的挺早，赶上一班人很少的57，还有座，真开心！！没迟到也，MP3里放到自己喜欢的歌了~~[鼓掌][偷笑]	1
[爱你]早上讨好少爷说周末带他参加万圣节趴？讨好老公说过年去韩国看那个外表青涩其实是个精虫上脑的色狼韩国朋友？结果~~~[汗]少爷说打死也不去过万圣节过香港太累又要被鬼屋吓死了！老公昨晚答说好今早又反口说过年想回去陪我爸！[悲伤][悲伤]这些理由都让人无法反驳！	1
记匈牙利一位幽默的公交车司机。[哈哈]	1
咋，海口大晴，28度。今，海口雨，18度。这就是海南，哈。好在咋天观澜湖之行开眼过瘾，分享图片吧。[可爱]	1
体验美食、小资生活和@热点联盟 产品，请到@沙发?咖啡馆[哈哈]@大诗姐姐  @诗韵梦寻  @雪花飘飘0412	1
生意兴隆@旺顺阁 [礼物]//@哗啦啦网_上海: //@旺顺阁: 财富购物中心店好热闹有木有~年前来用餐的客人好多[爱你]	1
哈哈，打折打折//@晶晶8th:合肥客户凭此微博打折，外省客户包邮[耶][耶][耶] //@我:保证质量与清洗水平，有需要可与我联系[鼓掌][鼓掌][鼓掌]	1
那也只能照出一个破碎的我。好琼瑶的话啊！ //@演员邵峰:是当镜子特好用吧！[哈哈]	1
S7B9[嘻嘻]//@一个闲人的小屋: H11N13//@橘子洲头2011: [笑哈哈]//@必须认识自己: 不要让病毒扩散开来//@一个闲人的小屋:有点病的感觉.	1
老婆夜夜鼾声如雷？？？？//@上海广告媒体圈: 这个对比好，大家看看[嘻嘻]	1
北京很难吃到的法国贝隆belon生蚝[哈哈][爱你][哼]????	1
回复@娴儿中国:12月31日至2013年1月2日还有三场演出，海峡两岸跨年狂欢节!@厦门牛庄文创园 @王少峰 @风铃叮当叶红姐姐 @洛兵 [鼓掌][鼓掌][鼓掌]@王海青微博 @gloven @IIA王平 @铜锣湾陈智 @陈莎SHA @闽南歌坛蝴蝶陈飞姐姐 @Trista黎花黛雨 @夏草萱 @夏达 @夏骏 @姚非拉	1
欧啦啦[爱你]感谢 @COMO酒店集团 //@COMO酒店集团:答案揭晓→今年年底即将开业的三家酒店分别是位于马尔代夫的 Maalifushi by COMO，泰国普吉的 Point Yamu by COMO和美国迈阿密的 Metropolitan by COMO。感谢大家对COMO酒店及本次活动的支持，获奖名单见本条评论。	1
你见着我4大爷Chateau Belingard先生了？带我问好呀[哈哈][哈哈]快给我带礼物回来?	1
//@权金城韩国烧烤:[可爱]谢谢，亲给的好评，我们会继续努力的！[抱抱]	1
情迷波斯湾 //@托斯卡纳TSKL: @J调de华丽 @北角山妖 @驻牙 @华子de围脖 @长腿叔叔 @花子tt @大寒江 @默沫De行走 @无须豆蔻 @蘅色?? @亚鲁藏布 机会来了、去伊朗啊![哈哈] //@大鸟kiki:有想去伊朗的博主，速度报名哦……	1
[哈哈]开始在全世界不受待见了//@精彩电影: 我们支持世界和平，但是我们不承诺放弃使用城管哦！	1
全屏都是足球的，看来足球魅力十足啊[哈哈]	1
回复@金小胖-要庄重:这个建议赶脚还不错。会不会变成球体[嘻嘻]	1
//@花生豆腐猪:@邻家小颖de呗 @绿豆杏仁茶-林骊 @ddtttd @糊里糊涂被叫alina @京K-TT @康康康湿傅 @刘海斌强强 @猫奶奶_QueenMi @烧饼无拘_葵园 @苏小胖er哥哥 @真针儿的摆忙 @张小凡先生 @123_悦 帮转哈，谢啦[爱你]	1
哈哈，下次再来个巧合[爱你]	1
我大?的@MUJI无印良品香港 ?微博了！[鼓掌]	1
爱死了，看到都开心！ //@郭?心如?花: 爱死了小可爱们！[爱你][爱你]	1
君亭湖滨酒店欢迎您的到来[哈哈]	1
表扬得我心里发毛。都是些习作，当练笔了。[嘻嘻] //@荆和平:向西边阳光学习。  //@西边阳光_efe:@阿戴围脖 @爱旅行爱自由 @北疆专列 @别国落 @博湖青荷 @成长阅读频道 @丁建仁 @鹤见先生 @金羚羊 @金色落叶骆娟 @南京先锋书店 @胖枕头2010 @乔选路 @鄯善县旅游局 @小苏哥SYK @小羊军团杨军 @逸波波	1
军演！空中管制！[嘻嘻]	1
四重溪清泉日式温泉馆的宇治抹茶红豆芋圆冰，泡完温泉吃上一口，顿感满足，这就是吃货在旅行时的最大动力[鼓掌][鼓掌]。	1
推荐一个好玩的童话木屋给大家哈~~今年最好的季节，周末的房子全部都订满了，桑心呀。。。明年再去玩好啦~希望国内也多一些好玩的度假村[爱你]@翟猫猫 @我是Selina猫眼 @mia327 @手边巴黎urruolan @新浪旅游 @小星星的小白天 @夏天的小摩女 @amanda刘小莎 @cissy熙 @詹小悦Jocelyn	1
没错，这里就是丽江的云杉坪，看完下图是不是有立马来的冲动？恭喜@柔软时光曾松 答对获得本次竞猜送出的价值110元蜀南竹海门票2张。[鼓掌]	1
明天下载激活，后天抢购，收藏起来吧。[哈哈]	1
oh MG, 真的是羡慕嫉妒呀，[太开心][亲亲]	1
构图没学好，重要的要框进画面来[偷笑] //@石家大小姐:保密！[爱你] //@黄晶angela:[哈哈] 我也要看事业线//@忧郁的石头joe:妹子麻烦镜头再往下拉一点[馋嘴]	1
拍摄间隙溜出去……能在这搭个帐篷该多好[鼓掌][鼓掌]，更完美[做鬼脸]	1
饱和度调太狠了！//@杨小娱:好美丽，有一种冬天冰冷又华丽，同想家...//@贤莹定中: 为什么看完了，有一种想家的感觉…住在东边儿望国贸的同学每天长途奔袭来中关村上班，思乡情切，恶哈哈[嘻嘻]	1
回复@-七彩流星:[鼓掌] //@-七彩流星:支持一个	1
[哈哈] //@陆二贰:北京人在??[哈哈]	1
小倩祝大家七夕快乐！16号-19号「安贞剧场」＜有相有声＞再次挑战你的泪腺！@嘻哈包袱铺官方微博 [爱你][爱你][爱你]	1
感谢博客君推荐！[哈哈] //@杨潇同学:@泡鱼儿 泡总作品！	1
哈哈哈哈哈～～～[哈哈] //@veggieg:这个故事认识你们谁啊？都别自做多了好吧[懒得理你] //@何必管我会是谁:这个故事还告诉我们“说的比唱的好”是有难度的。 //@宁财神:这个故事告诉我们，即使是神，刷屏也要付出惨痛代价~~~	1
热门话题说#看韩剧嫁不出去#，小编温馨提示：19年一次的双节过了，大家还是看《珠江新闻眼》吧！看珠眼还有奖拿呢。[太开心][抱抱][太开心]	1
[哈哈][哈哈][哈哈][哈哈][哈哈][哈哈][哈哈][给力] //@斐大文:[晕] //@马英宸:....//@sina坊间八卦: →_→	1
济南真是越来越洋气啦！好喜欢这家咖啡店，其实人家主要是卖家具哒[太开心]@sunflower_xin @jo的素年锦时 @T棉糖婆T  @唯泺WillowHome	1
我又累又饿，还洗了好多衣服！多么贤惠呀^_^连耳环都是绿色，我是有够专业喽！[哈哈][哈哈][哈哈]@樊小胖胖 @乐之sugar @王鑫钺 @安婷Tanz	1
周日下午小试身手，给大家泡了四款茶，简单说是绿茶，小沱茶，台湾乌龙茶，紫茶。大伙茶嗝不断，我也自我感觉良好。[嘻嘻]昨晚又泡了老茶头喝，流了好些汗啊，很舒服。以前只觉得行家的茶是最好的，现在也越来越能欣赏各种各样的茶。不同的茶带来不同的美好~~~期待下一款茶的缘分[心]	1
这个好！[哈哈]//@VERO_伶?小叮?: [挖鼻屎]买一个放家里 吓死@萌猫喵喵叫 ~~[偷笑]//@黄竞欧: @VERO_伶?小叮? @ //@爱尚奢侈品:户外必备睡袋~！	1
出发，干活去！[嘻嘻][奥特曼][威武][围观][打哈气]	1
我们正常发团，上海直飞冲绳机票特价，往返1500[嘻嘻]//@死撑2012: 天才第一步就是纸尿裤，一个道理[左哼哼] //@??627:。。。诱惑我咯！问题现在时局不太稳定啊！!你也是办这个签？//@死撑2012:@??627 攒点钞票，攒点时间	1
#玩转北京#听说这货9月份就要来北京啦，据说是栖身颐和园。到时你们有兴趣去现场观摩吗？[嘻嘻][嘻嘻]	1
[神马][浮云]你就是个悲剧！[哈哈][哈哈][哈哈]	1
今晚宵夜开始[嘻嘻][嘻嘻][嘻嘻]	1
小侄子终于因为想妈妈想回苏州了，而不是哭着吵着要待到过年[泪]……我终于可以睡个安稳觉了[打哈气]……铁打的我也实在祥不住你个小崽子天天五点起床，困shi我了[衰]……乖，明天暑假再来哈[爱你]@哥叫小伟哥 @Phoenix_Nirvana_	1
得多喝两瓶啤酒[嘻嘻]	1
长夜漫漫无心睡眠，小酌一杯！为了不涨肚子，换种酒尝试一下！@嘻哈七喜徐涛 @一弛 @孟陌陌 @夜千night @不是熊猫也爱竹 @兔拉拉810 @歌手张羽 干杯?????又到周末了[哈哈][哈哈]	1
回复@九年陈皮:好的 //@九年陈皮:成，我提前给你电话 //@广播人沈雷:回复@九年陈皮:好吧，为了这盆处女面，我等了，你说日子 //@九年陈皮:回复@广播人沈雷:6:45 //@广播人沈雷:你简直就是起哄架秧子[嘻嘻]	1
[鼓掌][鼓掌] //@暮色光芒:同意	1
新年快乐！祝福你们！[鼓掌] //@唯美摄影世界:新年快乐！[给力]	1
那些年，睡在我下?的妹?。。。[威武][爱你]//@布布是则馋老呸:不止十年了！ //@米妮毛: ……已经十年拉…… //@Brenda_加菲喵:@Aki_ice @米妮毛 @TT馋囡囡 @布布是则馋老呸  @谁是我的疯子 @精神世界的侠女 十年。。。。[浮云][浮云][浮云]	1
回复@脂肪宝宝: [可爱] 好滴 //@脂肪宝宝: @周尹波 到时一起过去拍婚纱就找leo //@没有蛀牙的LEO:回复@Ann-ZJ:好的，不用客气 //@Ann-ZJ:我加你的维信啊，谢谢	1
回复@心系祖国的风筝:要不纠集本方球迷最后一起砸场子搅局吧？[哈哈]那个片子叫「胜利大逃亡」 //@心系祖国的风筝:如果输了。他们怕是会把对方球员集体摆平。	1
[抓狂][抓狂][嘻嘻][嘻嘻][嘻嘻][嘻嘻][哈哈][哈哈][哈哈][哈哈][good]@陈玉霞博斐秀禾 开心―刻 //@杨那夫大厨:转发微博	1
和第一车网、机锋手机市场的市场总监谈了一下午，问题建议一大堆，不过我还是觉得，六只脚很有前途嘛，欢迎推荐有识之仕加盟，晚了没位置了啊[嘻嘻]	1
浪漫小资情调，适合小憩哈~[鼓掌]	1
学讲福州话，从昵囝抓起。[哈哈]	1
萧条好，可以推动zf减税，精简机构，体制改革。//@汪金保:萧条，好哇！[抱抱]//@经纬张颖: 真实的情况是中国经济正在经受一场滑坡，除了这个统计出来的GDP和CPl，我们看到的实体经济数据全都在下降！投资、出口和消费，全都开始陷入大萧条！	1
@句月草根525 @因为你-才会相信奇迹-复能采购部 哈哈哈哈！这个和菜刀剔牙有异曲同工之处吧[哈哈]	1
谢谢大家的支持哦~请投我一票~~[亲亲]	1
#河南旅游新生活#《河南旅游新生活》最新一期杂志“完美婚礼宝典”新鲜出炉[鼓掌]婚宴酒店的选择、创意婚礼TOP10、婚房、蜜月地的推荐等等，为您人生最重要的一场仪式提供一些可行性建议。在豫韩旅游合作渐渐深入之时，我们还特为读者推出一期印象仁川的专题，想去韩国的别错过！http://t.cn/8k7A1Qu	1
向往古代家庭生活，男人外出挣钱养家，我和几个要好的姐妹不分妻妾大小，分管财务、卫生、餐饮、园艺，每日在家读书习字扑蝶赏花，开心就给男人管理家庭，不开心就集体辞职，只要业务过硬，不怕找不到下家…[哈哈]	1
感谢您的支持[嘻嘻]	1
这学校不错[哈哈]	1
回复@马丁_源泉:当然。[哈哈] //@马丁_源泉:有人性团队吗？	1
@倪倪artjia 收到了！跟炸药包一样！前台姑娘手快断了。顺便问一下，介是故意的不是？[哈哈]	1
喝醉，从来就不是酒精的罪过，而是感情的度数太高~~ 芸芸众生之中。。。。。。谁还没喝多过？喝多了睡一觉。。。起来收拾行囊继续上路，寻找你的下一瓶酒。。。如果你的下一瓶酒喝不醉你，那说明你到家了[嘻嘻]同意的同学请举手[嘻嘻] 我在:http://t.cn/zWrSFdx	1
@上海新天地 情人节甜品Diy活动圆满结束，良辰美食，我和@新西兰鬼马主厨Jason 期待下一个情人节依然能和大家一起度过[爱你]	1
太扯了吧？[哈哈] //@泡菜谭:哈哈 //@瑞征蓝维维:过度包装无处不在//@AB摩羯Tony:手工打造 //@左小祖咒: 牛吹//@何森: [哈哈][哈哈]	1
在淘宝上呼唤卖家，半晌回复一句“我妈妈不在家。”我回复“等回来再问，谢谢！”对方回复“不客气”。好可爱的“淘二代”！[抱抱]	1
#UE巨星猜猜猜# Miranda Iambert[嘻嘻]@罗技中国 我在这里:http://t.cn/zlM9kWY	1
你看我们美吗?[哈哈][哈哈][哈哈][哈哈][哈哈][酷]	1
嗯，这是国庆!我做证。[嘻嘻] //@国庆电影学院:班长小时候很帅嘛… //@HUANGWEI的世界:。。 //@小文loves赵薇: 哈哈@赵薇 你们班长是吗？ //@彩晨Harry:@国庆电影学院，班长同志。。。介如何解释[黑线][黑线]	1
多谢瓷支持！祝福新年新气象哦！吃羊肉再暖和不过了！[嘻嘻]	1
我这个人就这么厚道！[嘻嘻][偷笑]	1
愿二位新人丝萝共结百年偕老，琴瑟相伴地久天长！[鼓掌]	1
今晚看到了三个优秀喜剧青年演员，演的真好，逗死我了。[哈哈][哈哈][哈哈]	1
KIMSCLOSET的年会，海鲜自助餐，太丰盛了！大家吃的HIGH，喝的HIGH，聊的HIGH！太开心了！[哈哈][爱你]	1
祝合作愉快！[爱你]	1
[嘻嘻]//@一鳞Rain: 天啊，这是什么牌子的吸尘器？	1
今天，又一位好姊妹过生日！多少年的不离不弃，多少年的相互鼓励，我看到你变得越来越美丽，永远散发着智慧，神最宝贵的女儿，生日快乐[爱你] [蛋糕] [心] [太阳] 福杯满溢 稳行高处！	1
确实1个月减了7斤 [抓狂]//@读心弟_王:回复@大嘴美人:不要外传!!因为我天都写一大堆东西而且还要熬夜。精神过度疲劳，所以才瘦下去了！[嘻嘻][嘻嘻] //@大嘴美人:怎么减的教教我	1
我今天竟然有些忙碌，不过我喜欢稍显忙碌的生活。忽然想起一句歌词：感觉快乐就忙东忙西，感觉累了就放空自己，别人说的话，随便听一听，自己做决定。[哈哈]	1
//@水清清qing: //@微博搞笑排行榜: 献给所有和奶奶有着童年的孩子~ [爱你]	1
回复 @程诗然:据说是不可以 //@程诗然:后悔可以当饭吃么[嘻嘻] //@墙根网-蜗牛:没去后悔了[泪]  //@程诗然:收了，她们一直在发微博，我都吃过一轮了[猪头]	1
回复@标哥的聊斋:[鼓掌]已见、溶合需时日；这几天降温期间生蚝偏瘦，口味亦有偏差，回温2天后又肥美，见笑！那天一直在研究广州沙面一号@蚝门酒色 Oyster bar加盟店事宜。后来想起打电话方见面，失陪了@标哥的聊斋 [握手]。@张新民 //@标哥的聊斋:您这是一种态度，和自己的价值观。我是另有见解，人各	1
可爱，有创意~~ 给朋友送礼物的时候不错的选择[太开心] 爱你的咖啡豆24	1
[转发]厦门等着你。。。赶紧报名吧@小乐映像 @狐狸猫amei @裴小墨 //@厦门市旅游局: 鼓浪屿上慵懒的驻足漫步，环岛路上浪漫的单车骑行，天空中直升机俯览最美厦门之旅，将是一番独一无二的完美体验，旅游体验师/微博达人报名依旧火热，赶紧加入最有追求的达人行列吧[鼓掌]	1
也不能完全怨卖鞋的，谁的脚正好7或者8号，如果你是7.5，多好，一个松一点，一个稍微紧一点。 //@贺江兵:我操，评论太牛叉了！[哈哈] //@李开复:[太开心] //@曹增辉: 评论亮了，一个是建筑面积，一个是使用面积。	1
一朝入党，样样精通。//@王福重: 2008年，我就跟朱清时说南方科技大学是不会成功的//@品读人生JNU: //@上海陈子善: 副教授领导公安局，公安局长领导大学，外行变内行，内行又变成外行，内行外行，外行内行，反正只有一行：领导行。[偷笑][哈哈] //@朱田夫:到底是内行管了内行还是外行管了内行	1
因为人太多，没办法照顾到每个人的表情，所以干脆全拼在一起，最重要意思到！I Love You[爱你]@Wradio多琪 @Wradio子谦 @Wradio石头 @Wradio乐文 @Wradio凌凌 @Wradio七喜 @wradio夏从 @Wradio小7 @wradio晶晶this @Wradio艺浩 @Wradio语珊 @天天向上的程_月月月 @追??的?子 http://t.cn/SXdPd0	1
回复@迁徙的格子:[爱你][爱你][爱你]哎呀真是太感动啦，谢谢啦	1
哈哈，河北的庙都塌了[衰][衰][哈哈][哈哈] //@樊小平: @举眉若黛	1
昨晚健一集团年会帅哥美女主持人![哈哈][爱你]//@健一公馆:健壹集团年会即将拉开帷幕！	1
求助@一个卤蛋儿 ，四季酒店的专家[太开心] //@爱美食的设计师_紫林轩主人:柳树叶也能吃，介绍下做法 //@嗜吃慧:腌的芹菜？	1
回复@肖丹:欢迎欢迎[鼓掌] //@肖丹:看着不错。我就跟在你后面吃吃喝喝啦[偷笑] //@陈雨星-精品购物指南:[馋嘴]更多参与，更多口福！感谢@happyfiona小屋同学和@北京华彬费尔蒙酒店和@DiningCity北京餐厅周 //@精品乐活志: [馋嘴]，谢谢小屋同学的试吃报告！照片看起来很诱人呢。希望以后多多参与我们线	1
#花好月圆，相约首都#小编只想说一句。小丑哥太搞笑了。笑点颇多，亮点无数。丢篮球太逗了。引得台下大人小孩儿一起乐[偷笑][偷笑][偷笑][哈哈][哈哈][哈哈][哈哈] 我在:http://t.cn/zlG54u7	1
拍照技术一流[爱你]	1
奔奔~[来] 我愿意[爱你]	1
我替@老锅老灶重庆火锅 谢谢您//@王小岚叫淼淼: 火锅超好吃~ //@望京一号餐厅:现在试营业还是8折，是亲的话，还有冰粉送//@旅游达人伟力: [嘻嘻]//@望京一号餐厅:@静雅静姝 这个还有效吗？	1
看到@甘雨桐 小盆友了~[哈哈] //@简白:1053,听我喜欢![哈哈]	1
新眼镜，凹造型用[哈哈]	1
所谓见头三分?，但俺只吃过烧扒整猪头，拆烩鲢鱼头，东山鸭头，白水羊头。兔头见过，没吃。[嘻嘻] //@老波头:I do！ //@沈宏非: 猪头、羊头、鹅头、鱼头、各种头，我最爱的是罐头！次爱的是老波头！	1
@文盲编辑 @Cuba- 可以申请去听听 //@璎珞珞: [鼓掌][给力]	1
6秒！?????????? ???赞赞赞赞赞！[哈哈][哈哈][威武][威武]	1
开春了，该活动了[鼓掌][鼓掌][鼓掌]	1
老朱有微博？//@遨游网99gg:回复@布梵:你们和@朱彦明 肿么合作的？//@布梵:替我们在路上宣传一下吧，我们和遨游网那边朱彦明老总开始一些合作，以后争取一起推广。[嘻嘻]	1
[哈哈]//@ll雪雪酱: 转发微博	1
#西江美食#想要问问你敢不敢，像我这样为辣痴狂。想要问问你敢不敢，再来西江吃脆肠[嘻嘻]	1
#随手拍晒年夜饭#恰好今天亲戚送来了从山西带来的陈醋，配上自家出品的温暖爱心牌饺子，赞啊！[嘻嘻][爱你]@贝太厨房  http://t.cn/8FJw5Ik	1
小灰是个美孩子[鼓掌]	1
17、18、19，傻傻分不清楚的妮儿，生快[蛋糕]明年就16岁生日还一起过啊[哈哈]	1
//@于洲:重赏之下，必有勇妇！这个可以有[哈哈]//@?臻曦: 中情局这个太给力了，但怕那些情妇多数终归是害羞的。或者每揭发一个，所贪之50％归情妇。重赏之下，必有勇妇。[呵呵]	1
大家一致认为你的厨艺超级棒[酷] //@杨新宇LION:我的菜很多人吃?的 嘿嘿 我是?啥做啥的 //@歌手含笑: 回复@陈晨BJ:47的 //@陈晨BJ:笑哥这对多大的？ //@歌手含笑:[哈哈][哈哈][哈哈]	1
快乐大本营十五周年诚意奉献《快乐到家》萌宠泰国大冒险，快乐大咖贺新年！[鼓掌]感谢首映会上先睹为快给好评的明星朋友们[抱抱]1月15日上映前先来看看预告解解馋吧[花心]你见过这样的快乐家族吗[偷笑]还有倪大红@杜汶泽@韩庚@蔡卓妍@陈思成 等大咖，更有泰可爱的萌犬乐乐[太开心]http://t.cn/zjui1bW	1
有没有人能够考证，我们从什么时候开始，把愚、蠢、痴、傻……称之为:二？我只知道，我们的先贤和圣哲，把这种人称为:仁。@温雅 @芒果V基金 @亚洲佛教杂志社 [哈哈]	1
在一起，在一起，在一起…[抱抱]	1
其实我自己都受不鸟了，不知到那里有没有卖帝王蟹的，下月搞定他哈哈[哈哈][哈哈] //@微美食客户端:#每日美食#瞬间hold不住啦！有木有~微美食客户端带您寻觅身边的每日美食[花心]//@_yuchan_: 大早上的发美食，你是闹哪样?[馋嘴][馋嘴][偷笑]	1
那我就只试穿不买[哈哈]	1
@Blueonline @Misspiggissippi @CUC艾欣 [爱你]	1
#多彩贵州微摄影大赛# @贵州省旅游局 @宾麒麟@海蓝1104@温暖从江贾家国@湖上淡云飘 @英雄的COOEYBABY @杨深明YMAN@弱冠年华 @达微世界  @洋光摄客 @漫步人生SD    机舱位子狭小拥挤，我一怒之下把前面的一张位子拆除了，小伙伴们有没有惊呆？[哈哈][哈哈]	1
//@小呢子011: 回复@玉兔009:[握手][握手][爱你][爱你]? //@玉兔009:[握手][握手][握手]	1
[偷笑]惬意的，欢迎亲入住我们中信资本御庭德钦精品酒店，躺在床上看梅里学雪山，不止是震撼！[爱你][浮云]亲，我们的SPA很赞咧，可以去体验把高原SPA哦[嘻嘻]	1
#江南私旅行##国庆在路上#可以准时回家了！[嘻嘻]@厦门身边事	1
终于见到活的朋友了[哈哈]	1
好朋友明天飞回格拉斯哥了，祝她旅途一帆风顺！我这才恍然大悟呀，格拉斯哥和格罗宁根，都是格村呀！[哈哈][哈哈]荷兰，苏格兰，爱尔兰，波兰…都是兰呀…我这是命中注定搭牢这些地方！	1
邱老师津巴布韦游记分享，照片很棒[赞]http://t.cn/74t6S[爱你]	1
你又进步了，越来越能吃辣了呗[哈哈]	1
自己！！！[哈哈] //@精彩电影:你想到了谁？[偷笑]	1
to male [哈哈]	1
#同城询问#哪位网友知道郑州的盲人学校吗？？来回答下互助下[爱你][爱你][爱你]	1
[咖啡咖啡]//@刘美人Barbie: 刚才你说话的时候我听到你吞口水的声音了，大冷天播这个对观众实在太残忍，呼吁大家明天中午11点10分千万别在旅游卫视看美味人生哦，巫山烤鱼，看了你就会后悔！[衰]//@许小添:这点儿，馋了[偷笑] // @姚微粒 :害羞！[可爱]	1
饭后一个mango~[爱你]	1
[哈哈]//@Mo暗月: //@笑多了会怀孕: 耍的就是你，，你咬我啊	1
脆皮布朗尼，脆的是皮，软的是心儿[嘻嘻]	1
森海Neumann 105s咪头。。。没离开过。。。[嘻嘻]	1
[哈哈]加油吧师妹！	1
//@莱芜三哥:[威武][哈哈][哈哈][哈哈][哈哈][哈哈][哈哈][哈哈]	1
俺们魔羯很低调啊[鼓掌]@自由岛冯晖 @时尚猫V@女丑女美@Cindiddy    @大眼的猫是妹妹小y //@刘芸:我和毛主席同天生日，同是湖南人 @吕一  :我们摩羯的代表人物 伟大领袖毛主席 是个名副其实的摩羯男！  @郭珍霓      @刘芸     @晨辰      @界庆     @我是台湾摄影师大宝   摩羯狂人们请低转	1
这个电影应该是瓦忻的主场了吧某节目你懂得[怒] //@刘忻:?花絮！啥时候拍的呢！！！时刻怂着的孩纸不怕！！！[哈哈] //@芒果娱乐无极限:这些怂孩子，好好打起精神哦！《娱乐无极限》下周将放送#暴走一班#大量拍摄花絮，如果不小心被拍到怂样子，那就……哈哈哈哈！[哈哈]	1
好吧，这一定是巨蟹编地[哈哈][哈哈] //@莫海婧maggie:最近???// @环球时尚家居 ：中秋节踢走霉运秘方	1
//@ESMOD北京: #ESMOD毕业生#设计师叶谦的独立时装品牌YE’S首个男装系列上市啦！[鼓掌]衩姐已经穿上了，你呢？[挤眼][偷笑]//@叶谦: 得到衩姐的认同不容易！毒舌也有温情天[哈哈]	1
帮最屁的@羽泉 做Live的都是PRO级的Master，也许因为这才让老师们委屈的，但是...！... 离过年不是还有日子吗[嘻嘻]//@铮子:哈哈哈，我比去年多了[哈哈]	1
不止我关心，大众都很关心。大众想问你什么时候把暗恋的那位介绍给大众？[偷笑] //@老M在线：[思考] 本来木有，但你一直牢关心，看来要有了[偷笑] //@dolphin0123：腿断掉和你的暗恋宣言有木有直接关系？[嘻嘻]	1
今天是马上吃鱼的节奏[嘻嘻]	1
笑死个人了[哈哈]//@得鱼买醉: [哈哈]//@北大黄卓://@金融八卦女: 莫言：一年小说白写了。。。。。[黑线]	1
确实好久没有堆雪人了[可爱]	1
#美莱台湾行# 捷运 搭捷运也不能 not 欢型 不知道是 HOLD住姐上身还是杰克逊上身[鼓掌] 当外景主持真不容易 唱完还要跳 HOHO @樊明玉 @四川美莱美容医院 @成都电视台都市生活频道cdtv-3	1
不转对不起自己[哈哈]	1
不能扎猛子[嘻嘻]	1
应用/平台/操作系统/硬件，都是拥挤的in China //@曾振宇:[嘻嘻] ，经常听创业者讲我们是“唯一“一家，一般不信，不过也没想到竞争已经激烈到这样的程度。//@张自权:还真是 //@疯狂的Tony:真长见识，我不知道有那么多 // @肖楠Sean :真多啊！红海！ // @WIH王道平 :Note..	1
应该是北京的吧 @朔望之间 参考下//@小乌龟qyg: 要回家的拿走，哥在首都保卫人民安全！//@lloivne: 不错啊//@FSTT: 这个不错//@sskaje: 真的么//@fengyoung: 居然还是大黑板……//@ruqiang: 收藏//@红尾火狐: [嘻嘻]好东西呀	1
久负盛名的藏书羊肉汤营养丰富，并能提高机体免疫力。来咖啡厅品尝一碗鲜美的羊肉汤，在愈加寒冷的季节，让融融暖意满溢全身。[抱抱]	1
在这里，闲逛大街小巷；在这里，品味文化馨香；在这里，饱尝闽南特色美食；在这里，读懂了悠久陈酿般的岁月宝藏……仆仆风尘，我打江南而来，不是归人，亦非过客……[爱你][带着微博去旅行]	1
回南京喽，咿呀咿呀喂[哈哈][爱你]话说还不知道南京家里住在那块也[挖鼻屎][挖鼻屎]	1
感谢亲们稀饭我们的酒店[礼花]欢迎大家入住古香古色的北京旅居华侨饭店//@港中旅孙武: 是梁思成设计，周总理经常去的酒店！//@travelerinhutong: @京京_JINGJING @Mis飞 感谢您光临@北京旅居华侨饭店 和对我们酒店的喜爱，今年酒店开业58年了，期待您的再次光临[鼓掌]	1
力求给每个朋友都得到实惠哦！//@周小笔是黄金小宝贝: @悦悦123 @Drindy_JYJ @刘亚男-LYN 这个怎么能错过！试试运气咯[太开心]	1
回复@旅游天使美丽中国行:[可爱] //@旅游天使美丽中国行:[bm可爱]@Daisy_姜雯 @伊豆323 @jennynui @马春瑞carey @许微_Anny @Charles杨州 @上戏邱佳妮miss_u @清清SH @依洛酱 @lucklily的微博	1
#炫父大赛#一下子不小心炫耀了爹和爹的爹！以及堂哥的爹！爹好可爱，萌爆了有木有！爹的爹简直帅翻！！爹的爹是我这辈子最大的榜样和偶像！[哈哈][哈哈][哈哈]	1
今儿早依然吃的包子。因为没袋口味不一样，总想都拆了吃，我估计我马上就要成包子了。[bed凌乱] 貌似会很悲剧。。。//@月隐鸣沙: 速冻的毕竟不如现做的。告诉您的朋友，哪怕就冲着美食，也值得来扬州一趟哦[嘻嘻]	1
就是我一直打电话早她的[嘻嘻]	1
[心]很久之前早霸王关于魔术师和飞碟的故事还记忆犹新[哈哈]~//@renirenita: [赞][赞]	1
[哈哈] //@生活小智慧：小姑娘你太有范儿了！~[哈哈]	1
我喜欢五花肉，每天十盒太少了。 //@高金庄园黑猪:[哈哈][哈哈][哈哈]小伙伴快来选购！@晌午的精灵 @苏怡GG @成都多米诺 @敏一嘴 @王诗琪Kelly	1
连蛋糕都上演彗星撞地球，末日的气氛十足呀[嘻嘻]	1
致敬！[加油啊]//@迈马:向默默无闻奋战在航空工业一线的员工致敬！[嘻嘻]	1
重温难忘的样板戏年代?[鼓掌][鼓掌][鼓掌]	1
The magic moment[哈哈]	1
回复@双鱼-辣椒:[ok] //@双鱼-辣椒:哪天也给我题一副，挂在我家，每天临摹[偷笑] //@画家刘勇:回复@赵璇Lucky:[嘻嘻]  //@赵璇Lucky:好漂亮  //@画家刘勇:谢谢[握手]   //@爱老夫子:刘勇好字！	1
更爱他了。从不在微博显摆工作。很适合演灾难片，完全看不出皮肤咋样。[害羞]@凌乱姐 中央6，快看！走心的表演！[太开心]	1
转发好看的纪录片《牛粪》！（果洛的金矿铜矿开采的差不多了，看来你以后只能嫁给果洛的虫草王或是牛粪王了[哈哈]）//@才让拉姆-才爷: 麻烦大家关注一下我将来的家乡 ，还有我的终身大事。[嘻嘻]我准备嫁以后果洛的富豪。因为世界前10名的富豪是我们果洛的。还有听说果洛的车，牧马人，悍马多了去了！	1
我的博友们，加我微信[哈哈]	1
呵呵，还是大龙虾好吃吧！[嘻嘻][哈哈]//@贾妍:“上周吃了五种做法的小龙虾，这周吃了五种做法的大龙虾”真欠抽啊。。。	1
#小米菜谱#身在米国，西雅图好清静啊，木有堵车，人烟稀少，于是就是想家，想咱堵了吧唧的北京，和那些美食，比如木耳烧肥肠，和大馒头夹上自己腌的流油的咸鸭蛋[泪]木耳烧肥肠的链接给大家http://t.cn/zYEVcH7，具体做法在里面，这是腌咸鸭蛋的方子http://t.cn/zWOrt2M。你们替我多吃点啊[爱你]	1
[赞][鼓掌]是从南迦巴瓦出来快到丹娘沙丘之前的那一段吗？好象不是.... 远处的南迦巴瓦、白云蓝天，脚下峡谷中似青似绿？的江水缓缓流淌，眼前一簇簇一片片？粉的红的桃花灿烂地开，江对岸村庄寺庙的诵经声在峡谷中回荡。那天的我，无比的幸福！	1
回覆@Wake_up_up:没有，是去年春天去的。妹妹好[抱抱][抱抱] //@Wake_up_up:哥你从四川回来后，又去江西了？	1
曾老师很会做打油诗啊[哈哈]也很幽默	1
点赞:统战工作六十年，一朝败在美剧前[嘻嘻]//@沈?涵:哈哈哈哈哈。。最后一句点赞！！！统战部要给字幕组发点饷银啊！！- -话说也没有看引进版日漫啊。就是天生对繁体看得懂。 //@殆知阁: //@春水无觞: 因果循环流转。	1
必须尝尝没有三聚氰胺的牛奶[嘻嘻]	1
原来如此，golden time [爱你]	1
每天早上,都在和温暖的被窝上演一场生死恋[可怜]终于熬到周五了[嘻嘻]	1
[哈哈][哈哈][哈哈][哈哈][哈哈]赞一个	1
Looking forward to[鼓掌]	1
回复 @kelly_小猫:哈哈，是不是因为要过生日才这么幸运哇，哈哈哈哈 //@kelly_小猫: 妞儿，你是要多幸运呀[鼓掌]	1
恭喜这位小盆友[哈哈]	1
感受火辣激情的江湖三样菜！挡不住美味的诱惑！吃出你的开心！[可爱]	1
诶呀，所有被盗的车都上过锁，所有离婚的夫妇当年都摆过50桌，毛主席也没说过这么经典的语录呀/@云潇: 所有被盗的车都上过锁，所有离婚的夫妇当年都摆过50桌――――你修好片后，请把这句话放上照片，图文并茂的发给你的客户嘛，加量不加价，友情赠送。。。。[哈哈]	1
三石哥，么么哒[心]//@网易应用: 三石哥，么么哒[爱你]//@网易云音乐: 三石哥，么么哒[心]//@网易LOFTER: 三石哥，么么哒[亲亲] //@网易云课堂:三石哥，么么哒[亲亲]//@网易公开课: [good] 三石哥，么么哒	1
我还以为剪头发了呢[嘻嘻]	1
老大又拿小的说笑了[嘻嘻][嘻嘻][嘻嘻] //@瑞丽柏克:某人日渐高级呢	1
回复@贡贡love:你是飞鱼人吗[爱你] //@贡贡love:叭叭叭	1
宝贝儿你太给力了[哈哈][哈哈]// @姜盐盐盐: 贱人啊啊啊啊阿啊啊！！！！	1
#早安美食#妈，下次叫我起床的时候直接报早餐名字就好了~唤醒胃口才能唤醒肉体嘛~赶快去给你们妈妈看看~[嘻嘻][馋嘴]	1
[抱抱]欢迎再来北京吃烤鸭哦~	1
回复@Rodge-Wan:我们做旅行社批发的，这个基本上是批发价了，给我们微博粉丝的特别优惠，仅限5个名额，报名截止9月3日[嘻嘻] //@Rodge-Wan:不贵啊，10月2日我生日，哈哈 有谁一起去吗	1
想去围观的童鞋举手！！！[哈哈]	1
//@冷笑话精选:这是人吓蛇还是蛇吓人啊！[哈哈][哈哈]	1
//@傻呱仙草仙儿仙儿的:@雀仔梓琳阿加西 @大大大老沈 @大琦仔平坐   @WX常联系 @??zm @小台姓孙孙小台 @白白雪糕 @elyse晓璇 @假洒脱-fay @深白椰子 @神经错乱精神病患者 好姐们儿的小店，同志们帮忙转发起来哦~有咨询的请私信~[威武][亲亲][亲亲]~~顺祝生意兴隆~~[鼓掌][鼓掌]	1
有一种东西叫-天气预报 呵呵，虽然不是次次都准，但可以参考[嘻嘻]	1
对，轻敲三声稍歇再三声，屋里的同志听到后就会迅速????????????推翻窗台儿上花盆儿给屋外儿来接头的筒子报信儿[鼓掌]	1
回复@小葛同学爱广告:在外面混成啥样了？[阴险] //@小葛同学爱广告:没办法，想到济宁，我就想到曾经的乐馨茶轩，这是我高中时最喜欢的节目，它和周杰伦的歌一起伴随了我高中的生活，现在已经工作了，还是那么怀念。[爱你] //@乐馨:[汗]	1
[鼓掌] [赞] //@常正德：//@济竹小妞：好美的片啊！ //@古城风雨: //@天水蔷薇红:无	1
哇，推荐之…//@夏希0514:亲哥的新书[鼓掌][鼓掌] 虽然庆功宴那天，被@丁天 哥遗忘的样书在我这里，已经开始拜读了。但我还是要网购些赠送给各位亲们，哪位需要签名，速速预约噢~[做鬼脸]	1
谢谢亲爱的圈我哈，可是这么好的事情能落在我头上吗。。对于旅行的热爱还是召唤我转发起来~~@阮导 @小柳菁儿 @酷奶茶咪咪 @风中柏杨树 //@me生活的懒窝: 快点转吧！是双人的，还是多国可选的，还是不需要爱特多人的[鼓掌]@CUC艾欣	1
嘻哈包袱铺北京晓攀文化传媒代表中国参加日本冲绳电影节，我们纵然有了很强的使命感[哈哈]	1
[鼓掌][鼓掌][鼓掌] //@厦门野牛:哇，吃货们迅猛报名哦@厦门小四 @Dora繁 @琥氏丹丹 @猫家姐是老太 @玛攸拉 @品味高端-海钓体验 @枫林人语 @咖啡DAVI	1
东西到货，G先生肯定又会夸我贤良淑德！买了三家的，刚买就告诉他了，他说，我太懂他麻麻的心了～～[鼓掌][偷笑]	1
捷泉是什么？//@有食很美--心砚堂: @首机壹叁陆 下次可以改地方了，别老是捷泉捷泉的。。[哈哈]	1
@大董大懂 新品一出，就感觉自己又老了一季[哈哈] //@热点红姨:真快！春的感觉还在回味，夏梦就来了！	1
不会忘记[爱你] @那位主子@love淡淡的小清新//@那位主子:@love淡淡的小清新 @碎碎随随岁岁念 @我是我柯 @超级小牛001 @旁雅雅 @jojotanhot @丝玄忆记	1
当编导不容易啊，主持人不干啦，只能再搜罗人，老白这个记者仰仗他长得像白岩松就当了主持，还不错吧？@宅-寺 ！哈哈[哈哈][哈哈][哈哈] 我在:http://t.cn/zYPq9AW	1
欢迎珍妮乘坐海航的飞机，也欢迎其他的导盲犬乘坐海航飞机。[可爱]	1
恭喜恭喜！还不请哥儿几个喝一杯[哈哈]@小水一方 //@AliceLiu_?萌: @北京人不知道的北京事儿 @北京玩乐攻略fun @吃货都在这里勾搭 @红绿灯-官方微言 @湖南卫视 @HITFM @全球玩乐攻略 @荣雪斌 @三联生活周刊 @舌尖上的美食家 @头条新闻 @微吃货 @携程旅行网 @周立波	1
//@雷锋网: 连续58年不中500万大奖的概率≈99.95%。我一定要试试。[哈哈]	1
独家报道: 来到酒店入住的客人,可获得惊喜欢迎礼品奥,以下都是独家创意....[太开心]@Virginia于沛辰	1
[嘻嘻]全世界最纯净的虾，绝对没有之一！[威武]虾肉好吃到难以用语言来形容！[阴险]全新主食「冰火岛?深海龙虾手擀凉面]  每天各店限量发售，且只卖75天哦?千万别留遗憾，错过就太可惜啦！！	1
化学是你，化学是我，化学难怪你不能不火//[吃惊][哈哈]噢，北大！@完玛三智: 这不是朝鲜吧！谁还敢上大学， 当今教育体制下培养出来的学子们，音乐数学化，扼杀创造力，培养奴性，救救他们吧！我们已经晚期了！ //@刘思齐北京:教育被化学上了找不着北，大了！	1
快休息吧。[睡觉] //@嘻哈包袱铺徐凤坤: 你也好好睡一觉吧 你都快死剧场里了 哈哈~~[哈哈]//@嘻哈包袱铺安鸣杰: 老徐！好好睡一觉吧！	1
[嘻嘻]//@萌宠爱心屋:爸爸麻麻们认可么？[思考]	1
可爱的指示…[嘻嘻]	1
侯长喜老师的相声百听不厌，太好了！！！[哈哈] [嘻嘻]『群口相声－－训徒』 http://t.cn/zWjc9Cs @新浪视频	1
绝对的原生态[哈哈][哈哈][哈哈]@李老师咖啡 @阿虎_? @北啡咖啡	1
爸爸后天早上航班到深圳，太开心了太开心了[哈哈][哈哈][哈哈][哈哈][哈哈][?你][?你][?你][?你][?你]	1
"回覆@于左的微博:还是写写二王吧 //@于左的微博:要想做到：""楷书，融冶魏晋，用笔朴茂恣肆，趣韵高古，别出新意。""郭强给推荐几个好帖。 //@编辑郭强:[鼓掌] //@中国书法家网站: //@书法家曹福聪: 关注，转发！！！"	1
回复@牧野江南:UFO，那马上可以上新闻！ //@牧野江南:我想做UFO，可以吗？ //@矽鼎吴薇:[哈哈]见这么多O，才知道自己什么都不是！	1
我只会想着天上掉馅饼！Its true！[哈哈][哈哈][哈哈]	1
[哈哈] //@姚若极:我们库是什么...安全第一i// @田耀儿 : 想想那个时候的鸟样，警示一下自己！要谦卑，要好好学习哈哈！[奥特曼]	1
回复@水乡网:好吧，因为你是我的朋友！乌镇 //@水乡网:你可以不在，美女一定得在 [哈哈]	1
【#我爱满堂彩#――深井冰系列】这。。。酸爽，简直不敢相信[哈哈][哈哈][哈哈]	1
标准的大吃大喝[馋嘴] 菜品不错，我们都饿了。还有萝卜汤。@中国摄影师联盟 等待跨年[哈哈]	1
太是这样了！[酷][熊猫] //@环球街拍:说的好[鼓掌][鼓掌][鼓掌]	1
南宁，早餐，又一次放弃酒店的免费早餐，来舒记吃老友猪杂干捞粉[嘻嘻]	1
《细小》如果让你感动，对你的人生态度有一点改变的话，我真的很荣幸。[太开心]	1
漂亮的双鱼//@朱哥哥Blue: 也是水命[哈哈]	1
好的！最近偶们的艺术品位越来越高了，听完交响乐，再看奥赛画展[江南style][江南style]@牵手星光下 //@瓶子whisper: @上海三联冯静 看完回来交流一下[哈哈][熊猫] //@汉译名著://@余中先:转发微博	1
[握手蜜蜜阿姨:#一麻一辣一句有你# 虽然认识一麻一辣没有七年那么长。但是在我心里已经有70年那么好吃了[偷笑][偷笑][偷笑]而且董事长@一麻一辣冯岩 人超好。送酸梅汤和会员卡。我吃过的香锅果然是最给力最好吃的。而且瓶子都超可爱。柠檬水好喝。夏日激情还没喝过。开车能喝嘛。哈哈。希望中奖[爱你]	1
[礼物][爱你]送老公的生日礼物。拿回来的时候已经被他同事抢了好多[害羞] 我在:http://t.cn/zWlxFB9	1
[爸妈情商]＂可爱?三岁照片从来不微笑＂。虎叔：＂这一定是你俩对孩子笑得太少，理性严肃评价过多[嘻嘻]来嘛?爷给妞儿笑一个，妞儿才给爷笑[做鬼脸]人类表情的特质是：相互模仿，包括：微笑、皱眉、不屑等等各种??＂提问可私信（不逐一回），有空挑着发。	1
回复@平安是福仁者无敌:受宠若惊啊[哈哈] //@平安是福仁者无敌:给沈雷老师单独留个吧 @客舱六支部 走个后门[偷笑] //@广播人沈雷:要不你给个出差机会？难不成马上买机票收藏吧？[哈哈] //@东航江苏市场营销部:马上购买东航机票，您就有机会把圣诞礼品带回家哦[笑哈哈][威武][给力]	1
我们家上新菜单咯！[鼓掌]铁板牛蛙、孜然呛牛肉、香辣牛蹄筋、薄荷牛肉、大碗花菜、麻辣香螺、地道湖南特色的口味小龙虾、水缸皮蛋、湘味豆腐丝、鱼子蒸蛋、大地回春汤、洛神菊花汤、秘制List凉面……还有N多最新菜品，欢迎大家来品尝！[花心]喜欢啤酒的朋友们不要错过，德国黑啤、小麦白、可乐啤[赞]	1
[哈哈][哈哈][哈哈]拜年了！	1
家族荣誉4 这片子巨逗 //@全球电影收录:挺搞笑的[哈哈]	1
只有我的午餐一半的分量[黑线]//@o鱼菲o: 回复@老波头:吃不饱，怎么有力气健身[嘻嘻]//@老波头:豪华！！	1
好几天没来了,忙演唱会的事情，很多朋友都问专辑什么时候发呵呵！谢谢大家的关心！月中发。[嘻嘻]	1
[哈哈][哈哈]//@三彩宝: 这种事，果然只能想想而已……//@捡泥佛猫: [偷笑]	1
吃了两张，，这小媳妇不错[给力]//@王建国SZ: 这饼，霸气啊！[赞]//@朱惑木棉花:撑死我了，好大的饼啊[嘻嘻]	1
午饭[可爱]吃完我想，其实也许我不喜欢吃日料吧[疑问]因为如果天天吃，我可受不了[偷笑]那，为什么还要去吃呢[疑问]这是为什么呢[偷笑]	1
一指老师给我也留一本，可以么？[可爱] //@明伦书院魏东林: 人生何处不相逢！昨晚在深圳某会所，恰逢一指老师在深圳清华研究生院讲学，偶遇，得赠此书惠我，幸也！//@明伦书院郭修竹: //@明伦书院施文忠: 一座恭王府，过客走马灯。不解兴亡象，中有风水魂。//@sonia莲花池:赏读老师著作，了解到风水原	1
走进西安，我们也期待！ //@黄记煌西安公司:西安今年也将在新店中使用iPAD点餐，敬请期待[鼓掌]	1
Ms跑得有点远！[哈哈] 我在:http://t.cn/8sbUG6G	1
今日声音礼物: ---- 你我都不是佛，喜怒哀乐、贪得无厌、吃喝嫖赌、执迷不悟，但是，简单地印佛经，是简单地为了来生能幸福，简单地不作恶，是简单地敬畏必然而来因果报应，，，，文字by@冯唐 ，今宵欢乐多不多？[嘻嘻]http://t.cn/8FvwEaG	1
[哈哈] //@我们读书吧: 《生活大爆炸》众主演与观众玩快闪	1
皆さん、おはようございます[呵呵]今天名古屋晴转多云，最高气温15度，最低气温10度，阳光下感觉还是暖暖的[可爱]明天开始又将小幅度降温，小伙伴们注意保暖哦！新的一周，一起加油吧[太开心]	1
龙门搅基客栈[哈哈]	1
回复@主播军梅:哦三年大变样，五年上台阶！哈哈谢谢啊，等有时间过去啊[哈哈][哈哈] //@主播军梅:哈，是三年大变样啊！啥时候来，姐请你逛逛然后吃特色小吃。[群体围观][馋嘴]	1
期待一直夺冠[哈哈][威武][围观]//@齐少枫:笑傲江湖无悬念收视夺冠[偷笑][威武]//@东方卫视笑傲江湖:[偷乐]谢谢各位笑侠的支持！	1
亲的这组图都拍的好有意境呢～泰辣椒餐厅整体风格也是古意盎然，充满了泰国韵味～感谢您晒出美图[可爱]	1
这个.....................搜一下老段出的书是跟哪几家社合作的，就大概知道是哪个编辑了//@编辑郭强: [嘻嘻]这个我艾特一下谁呢//@贝儿爸于小刀: @编辑段洁 发我私信 我不说//@亮兄本尊: 细节千万不要说，直接发长微博就行了。	1
我包包里还有些Hawaii 的沙子，加上这围巾一起拍卖怎么样，谁说喜欢来的[嘻嘻][笑哈哈]～	1
[哈哈] //@白云卓玛:难为人// @小尹的梦 :转发微博	1
[鼓掌][鼓掌] //@潘潘猫:这算是躺着被夸吗？还被夸得那么开心～	1
Ann D 奶白色+黑渐变sneakers Size 37 38 35 国内现货...要的赶快... #拼图#[鼓掌][鼓掌][鼓掌]	1
别人晚上溜狗狗，我晚上溜大迈迈，快速过完磨合期，我的专职司机哈利波波萌，天天撅个小嘴，边开边欣赏他的古典音乐，请自行联想哈利波特不骑扫帚了，此刻正溜大白迈，听古典乐[嘻嘻][嘻嘻][哈哈][哈哈]	1
宝贝淘 能再胖点儿不？抱你也是一种锻炼。[爱你][可爱]	1
[哈哈][哈哈][哈哈] //@广州第一:[哈哈] [笑哈哈] [哈哈]	1
[酷]华策影视做为上市公司 目光精准！这次要与海宁市合作打造武侠影视产业基地[赞]沪苏杭长三角核心区又多一旅游胜地和战略新兴产业增长极 这算公开信息吧[偷笑]//@华策影视:@席文 老师很棒哦，专业又敬业，昨天工作到凌晨3点多，今天8点半就精神奕奕地在现场了[鼓掌] //@席文：神奇的微博 上午就忙这	1
美女相聚，生日快乐！[爱你][蛋糕]	1
[鼓掌] //@墙根网户外摄影俱乐部:[鼓掌][鼓掌]	1
回复@娜CC:那个谁呢？？ //@娜CC:小戴同学现在在我这。[哈哈]	1
等了好久，终于收到从迈清寄来的明信片了。谢谢@小麦lily 对了，要健康哟，为了宝宝还要天天好心情[可爱][可爱][可爱]	1
好想去领略一番啊~~~[太开心] @游走的胖纸 @木?是式	1
是不是弄点“小主儿”服务员伺候？[哈哈]	1
Sizzler的午餐时刻[爱你][爱你]	1
花开富贵![爱你]	1
是福利就得扩散[鼓掌]	1
这是外国砖家的研究成果，在咱们中国要具体情况具体分析，比如这几天的大批量#百度K站#，就不是这57条能完全解决的了//@libby-sw: SE0又遇到难题，希望能有所帮助。[鼓掌][鼓掌] //@谢开: @libby-sw @胡泽南	1
[威武][呵呵] //@李晓峰cherry: 今天是我们东方风行传媒的年会。真喜欢传媒人年会的气氛。都豁的出去！都玩的开！其实很惭愧，很多幕后的同事我都没有见过或者叫不上名字。但大家都很爱护我。为了同一个梦想！2013我们一起努力[爱你][爱你][爱你]	1
[衰] 明天请假，你们老师也准了！！ //@llHwang:[鼓掌][心]	1
哈哈哈哈哈哈哈哈哈//@安森侯: [哈哈]	1
这泡只有一泡，但8582干仓的饼子我留了几块。亲自来拿才给你[嘻嘻] //@王怜花:别全喝了，口下留茶。	1
//@COCO小姐: 再次感谢评委[鼓掌]	1
解决了，谢谢大家[爱你][爱你] //@就爱脾气先生://@小夕Pchy: 转发微博@泰王国grand北京后援会会长 @米饭相思无用	1
@嘉美猫 收到t了，一起想想怎么拍才能冲出重围。@Bacardi百加得 [哈哈]	1
回复@好人老周:[哈哈]昂着头，憋着气，继续摸石头[哈哈] //@好人老周:回复@有福社长: 信仰坚定，摸石头过河[笑哈哈]	1
土豪金到手！烫啊！[嘻嘻][嘻嘻][嘻嘻] 我在:http://t.cn/zRiZch3	1
真是心系祖国呀，赞~[哈哈]	1
想醋鱼了[抱抱] //@京西老徐: [馋嘴]//@杭州凯悦酒店: 春暖花开的季节，湖滨28一系列春季时令佳肴，让清新、自然的味道惊觉您的味蕾！令人一试倾心。快来品尝吧！[呵呵][呵呵]	1
啪啪录的效果还是比现场差很多[哼][嘻嘻] //@杨猫:能上中国好声音么?[嘻嘻]人家还木有变完声呢![哼]	1
[鼓掌][鼓掌]感谢推荐！配图为#星野梦缘 石之教堂#位于#日本 轻井泽#非常震撼！	1
美人[?你] //@小F要保持微笑:猫森新帐号里各种萌宠来访照啊！访客们感觉都被吓尿了要[嘻嘻] //@猫咪森林西安:#来猫森做客的宝贝们# #猫森萌宠来访# 详情:http://t.cn/zHI68FB	1
2对儿很美的手串，情侣款哦，送男闺蜜，虎纹菩提和星月菩提加蜜蜡很美，亲亲快来拿哦！[嘻嘻][哈哈][爱你][爱你]	1
谢谢大家的支持，我们还会更加努力的，以后还会看到我们登上更大更加不同的舞台，希望大家可以一如既往的继续支持，你们的爱就是我们的动力所在^O^[给力][威武][围观][哈哈][爱你]@喜剧男人组合 @CCTV黄金100秒	1
#景区资讯# 【2014年@井冈山 旅游门票优惠政策公告】各种优惠政策不要错过哟~[爱你] @江西风景独好 @新浪江西 @江西头条新闻 @聚吉安 @吉安发布	1
沟里耍安逸了回家后油爆爆的生活啊～[嘻嘻]	1
回复@张平Frank:恭喜您，答对了！[嘻嘻] //@张平Frank:是半山半岛渡假酒店的官方围脖吗？ //@三亚半山半岛度假酒店:原来看到的，也不一定是真的！太有才了！	1
立个志：如果买了这台机器，就说明我体重200以下了[爱你]	1
新龟兔赛跑[嘻嘻]	1
【#我爱满堂彩#―快乐微直播】看惯了喜剧小品的朋友,今天有福了,[赞][赞]新手影小品<新农村喜事多>定会让您狂呼过瘾的.新婚夫妻突然变成了枝头鸟雀，叽叽喳喳地叫嚷出幸福的新生活.[耶]只是,过儿啊,能不能送只大雕来,把这不识趣的司仪叼走吧[哈哈]@大厂歌舞团安国良	1
[哈哈] 喜欢这个生态环保安静的小村子...	1
【[爱你]亲们，西江美食舫与众不同滴微博二维码来啦】只要用手机扫描一下二维码，就可以关注咱们滴官方微博啦！[太开心][鼓掌]还木有关注西西家滴抓紧时间扫一扫啦，味蕾滴享受，二维码，走你~~~~~~~~~[馋嘴][馋嘴]	1
//@狮子座-心理学: 太可爱了 [爱你]@超爱淘包包	1
其实我也是[哈哈]出发了！一会儿五棵松见[给力] http://t.cn/zOrK3Kf	1
就想要山地车！@姜美月2007 @美食旅游网 @i-旅游 //@千岛老豆: 想住千岛湖滨江希尔顿度假酒店湖景套房，想骑山地自行车在千岛湖畔游走，想拿个拍立得给女儿学习拍照，想给手机免费充点话费……是不是太贪心了[哈哈] 地址：http://t.cn/zOg3dhU	1
[鼓掌]#我是歌手#尚雯婕今天真棒！！ 我在:http://t.cn/zYd7hZw	1
吃货们无不啧啧称奇，好不喜欢！PS:写错一个字！[哈哈]@森林小天使-波琪 @SEVEN厦门摄影师 @日月星辰-心在路上 @每种型号生两胎 @志远天下行 @监控防盗安装XM @创意美食simon哥 @漫游者-强子 @陈小kitty猫@游子的歌@solo在厦门	1
不怕您的各种赖~[亲亲]	1
侬应该懂额[汗] //@???咪_Kiki:又出啥事拉？？？ //@ET华:这个确实[围观] //@mendy静静:我们想你也快疯了[偷笑] ，群里天天念着你，你不在的日子有人更狂了[汗] //@???咪_Kiki:嗯，想?子想?了。 //@ET华:你回来啦[哈哈]	1
来，give me five！！[哈哈]	1
其实我想说 大朱师叔发完后 我也以为是各种面条[失望][失望]原来不是啊，吃货的心得不到满足了……//@双子老赵: [哈哈]//@水勒个神: 大晚上的就犯饿，刚才看成了：这些麻绳哪些会出现在话剧《离婚》重口味汤面中。。。我是有多想吃面条。[思考][馋嘴][委屈]@方旭-明戏坊 @词语新作哈 @崔文? @even菇	1
[鼓掌][鼓掌][鼓掌][鲜花][鲜花][鲜花] //@严丰-有艺思:[嘻嘻][嘻嘻][嘻嘻] //@郑佩佩-Evelyn:支持支持[哈哈][哈哈] //@严丰-有艺思:回复@相声演员大春:又上了[哈哈] //@相声演员大春:这片子上了？还是重上？我看了n遍 哈哈哈 窝鸡婆 亲切的乡音~	1
#寻美厦门#巨蟹的我爱极了大海，而吃货的我今夜在海边享受美食。[爱你]@厦门胡里山炮台 @新鲜旅厦门	1
我们家吃货搞定了[太开心]	1
娱乱圈~ //@窝窝EAST:[哈哈]	1
好美的新娘，好漂亮的婚纱，好浪漫的爱情！[鼓掌]	1
身处瑞典水平的帝都人民向同样身处瑞典水平的魔都人民发去贺电 //@Aegissonic: @七妙 瑞典水平爽不？ //@好人卡灰太狼: 我相信北京的素质也恢复到瑞典水平了//@牌子坍特无节艹摩羯男小A:北京不在堵车[哈哈] //@乌里麻莎斯碗双档:多好啊多舒服//@茶馆酒仙:贱民就是矫情,空城又不是死城	1
好孩纸加油[可爱]你觉得呢？	1
恭喜[呵呵][鼓掌]//@美图摄影日记-张千里: [鼓掌][鼓掌] //@by_左手:[鼓掌][鼓掌][鼓掌]	1
你都毕业这么多年了 现在还能排在第几位？？ [哈哈][哈哈] //@laohoo1201: [围观][鼓掌]//@上海科技大学STU: 上海科技大学灵魂不灭，精神尚在。	1
哇！还有这个！[耶]@莫人出品人 [可爱][可爱][可爱]	1
//@吴海波sealyyg: [嘻嘻]@雅人清致_ @陈玉霞博斐秀禾 太搞笑啦，必须看。	1
领证两周年，在一起四年喽，时间过得好快，在婚姻里学习到很多，纵然很多人不相信婚姻，可是我依然相信有上帝的保守和两个人的努力坚持，婚姻一定可以幸福下去！感谢老公的包容和照顾，让我很幸福快乐。[哈哈]	1
80后脱口秀，#尚雯婕#！[鼓掌]	1
[哈哈]牛腩君说不是的…雕粉们觉得呐？	1
万般皆下品，唯有读书高。人类一思考，上帝就发笑。不如对山月，闲愁着酒浇。欲醉狂起舞，乱扶美人腰。[哈哈][哈哈][哈哈]	1
怎么会这么少，我印象里现在一个人最少要100了。。。我现在正在苦修易经，打算退休后开辟第二职业。。[哈哈]	1
感受江湖的火辣与激情！谢谢大家的支持与喜爱！周末愉快啦！[可爱]三样菜排队中----!	1
穿上圣诞装的童童，好可爱[哈哈]	1
【烘焙实验】本宫招待偶们家皇姥姥和皇姥爷的小点心：切打奶酪酥+全麦纤维饼，咸味饼干好吃啊，二位连吃带拿倒没跟我客气。。[右哼哼] 现在觉得家里烤箱小了，做出来总不够分的。配自制的蜂蜜枸杞柠檬水~~家有两老如有两宝必须伺候好~~~[鼓掌] 你们猜图片里那罐子雀巢咖啡是做啥用的？知情者不准剧透！	1
放一组冬天拍的雪景，会不会凉快点？对了，听说还有个办法，觉得太热，就思念一下心底深深喜欢的那个ta，想着想着，心就拔凉拔凉滴了。。。[雪][雪][雪人][哈哈]	1
闪亮的青春-CJW！转发让大家感染一下你们的灿烂可以吗？[跳舞花][抱抱]	1
[哈哈][哈哈]企业包场！	1
#随手拍##2013首届领攀岩友会#帐篷花[哈哈] @成都领攀登山培训学校  我在:http://t.cn/zHv479g	1
[鼓掌][鼓掌][鼓掌] //@刘钊521241:[good]//@博乐相声俱乐部: 一个字。感谢。	1
「热情布蕾卡布奇诺」不同咖啡味道，品味不同人生。[嘻嘻]早安，朋友!	1
欢迎加入@昆明市怕老婆协会 [偷笑]//@云楼报坊hu:管的严着呢！[偷笑]//@???直: 胡总以后要小心了，不能有作风问题，很多人会盯着你的！[偷笑]//@云楼报坊hu: 给点掌声！！[哈哈]@南蛮洋芋 @火把果新闻台 @YNTV訾德恒 @???直 @施怀基 @城中城 @春城观察者@小小喔@熙道	1
。。。比喻 比喻//@积木OL: 李敖比起国内的作家叫兽那是真敢说！//@火山丶: [lxhx转头]//@宣礼海: 转了~//@Mrs_ForeverAlone: [哈哈]笑屎我了 //@环球时尚精选:[赞]	1
这…[哈哈][哈哈][哈哈]@爆爆翔 @李大头ooo @琳琳姓吕 @发奋的俊哥 @西门小鸟 @魏权Weiquan	1
排名第一~我很欣慰~~恭喜恭喜 //@侯京健rockyhou:终于告一段落，感谢所有亲们的支持和帮助。这也是我们新航线的开始，愿八星在海可以发挥出自己更多的光辉。加油！再次感谢大家，还有我的可爱健谍们[馋嘴][爱你][爱你]	1
电影频道在放《海绵宝宝》， 太好看了！[嘻嘻]	1
@刘小佳爱yaka要疯了 感谢你给我的简单平凡感动的七夕。我们传奇的相识到相知到现在，我相信我们会一直走到最后。有你在的每一天都是情人节。爱你[爱你][爱你]	1
//@中国老舍研究会:这句“跟爷爷说再见”是剧本里没有的，80年代重排的时候根据老舍自己和孙女诀别的事情添加的。//@兜小猪奋个斗: 我去！~~~―> ―>//@芥菜是一棵菜: 右边……→ →//@龙一仪: 爷爷，我还好，您多保重！[嘻嘻] //@梁冠华:还真是第一次从这个角度看这一刻！[可怜]	1
?然是年?人 挪威娃娃[哈哈]	1
感谢关注@北京天伦国际酒店管理有限公司 旗下酒店[爱你]//@带鱼小蕾: 入住过几次@康源瑞廷酒店 期待@北京伯豪瑞廷酒店 豪华体验！@风吹裙角儿 @小宝海宝 @唾沫和眼泪 地址：http://t.cn/zWjKRsv	1
MM看起来，哈哈//@娄麒lousky: 欧洲杯预热，先睹为快！[哈哈][哈哈][哈哈]	1
@JanieJourney @百变飞天小女警Elaine 你们这些气死人的瘦美女，有的说了这！ //@Armaniwu:多吃杨家火锅[偷笑]//@杨絮-杨家秘笈火锅: 很好的安慰[哈哈]	1
转给@DJ佳伟 @耶律祁艾玛 [爱你] 和所有喜欢cheap monday的有范儿的盆友!	1
人一老，表情就像小孩纸，小卡通，小弱智[嘻嘻]	1
给自己捧个场[鼓掌]	1
#晚餐时间#今天要推荐的是一种超级好吃的小吃哦---臭豆腐！[花心]来自[长沙正宗臭豆腐]。地址：大经街夜市近中山路处。@蚂蚁要赶路 说：＂老板是正宗的湖南人，据说这是祖传的手艺哦，很正宗，而且据老板说，他已经在考虑要开一家店面，并欢迎加盟了哦！总之，好吃不怕店面小，赞一个！＂[鼓掌]	1
[爱你][给力]电视剧激情永远燃烧中的品茶镜头！@武夷山红骏茶业 @上海红骏茶业 @陈烟旧雨	1
安静的环境，贴心的服务，我们能做的就是让您暂时忘记生活中的压力和烦恼，充满电后开心的回到工作生活中！我们会期待您和家人平安喜乐的到来！晚安！祝万事顺意[抱抱][做鬼脸][月亮]	1
健一公馆开年红！[嘻嘻]	1
昨天太阳落山后再看枫林，这才体会到＂ 停车坐爱枫林晚＂ 的意境。 //@周洽强:红红火火！枫叶红了，我们来了，然后醉了[哈哈] //@万庆涛: @忠烈公 @广州大学张河清 @饶原生 @李铭建 @劳毅波广州大波波 @sun_昊枫林 @新丰旅游 @Jamie_梁灰灰 @QUANYECHAI @广东ABS车友会@水云-仙子 @武程翔 @梁佩红广州	1
啊！又过生日了？//@郭海MediaV:维多利亚港边上的一个闹中取静的酒吧，环境好，酒好，还不贵[嘻嘻]	1
在@厦门磐基皇冠假日酒店 学东南亚菜@厦门美食在热推 人好多有木有。[嘻嘻]待会有冬阴功哦[偷笑]	1
在邛崃上了一课有趣的白酒酿造和增香提味的讲解，并班门弄斧的亲手学调了几两。从此对这一派国学有了新的认识和尊敬。任何事做细了都很了不起呀！[围观][嘻嘻][哈哈][熊猫][鼓掌][鼓掌][酷]	1
吼一声，劳资喜欢//@沐沐的梨窝浅笑: 站出来吼一声！~~~嘻嘻//@墨斗鱼的地盘2011W良家族: 铁粉那是必须滴，挺胸~~~[嘻嘻]#钟汉良#[爱你]//@汪裕翔: 钟汉良的铁粉太多了，很具有品牌和传播价值～	1
忽如一夜春风来[嘻嘻]昨晚回到家整个人都摊到了床上，腿无比酥软，腰无比疼，可是这一切却觉得那么的值。观众们的反馈就是我们最大的回报了，昨晚，我们完胜[嘻嘻][嘻嘻][嘻嘻][嘻嘻]@嘻哈包袱铺小泽 @那谁叫那谁 @嘻哈包袱铺fei #嘻哈包袱铺五周年#	1
每个人都有发现真相的权利，现实也许残酷，也许悲哀。怎样都好，我乐意面对。这才是我。请不要用捏造的美好去和发现现实的人说。这样很伤人。不过，没关系，我的路，我会走得很好。也许得不到世界第一，但，开开心心就好[哈哈][哈哈]	1
享受生活的乐趣[哈哈][?力]	1
早安北京！！ 秋高气爽心情好吗你们？第一张是台湾看到的云，我觉得用手托着像个冰淇淋一样，看看吃货的浪漫还是离不开吃[偷笑]，第二张是在台南看到红色房子，第三张图是台湾的一种很有名的小吃，你们知道是什么吗？[偷笑]！[亲亲]	1
对呀。。。。希望他健健康康的?大[鼓掌] //@Amylovewilliam:为姐姐转@wukiki [嘻嘻]  //@vickiqlw蔚蓝的天空:[心]恭喜华仔![赞]这个成功男人身后默默支持他的女人,一个好妻子一定会有福报.[good]爱情,亲情,友情,哪个才是永远?[浮云]…   //@小信xiahky :哈哈！这个必须顶！祝福祝福，恭喜华仔！	1
本日最佳！[哈哈][哈哈][哈哈]	1
[嘻嘻] 谢谢点评	1
坏心眼和我一点关系都木有[哈哈] //@战群-Avaux:[花心]	1
太棒了，周四要与腾讯网美女编辑 @元宝滴娘 去 @胖星儿 家实录她在《30分钟做营养晚餐》里的几道经典菜品呢，期待奥~[可爱] //@林千千2011：呵呵，祝贺《30分钟做营养晚餐》大卖！	1
[害羞]哎哟~这得多浪漫呀~看来亲们是全家一起在看#超级笑星#哦~[哈哈]//@一马车音符: #超级笑星#老爸追老妈追到河边上，单膝跪地[偷笑]	1
Wish you a pleasant holiday~ //@狐狸有不一样的伪装: @飞o那儿 @SherryLuo_0 @筱猪八 whatever three of us, full of fun and wish magic RP! [嘻嘻]	1
回复@弛耳霍饕:后天就扫完了，回头你看看，要没有前边的老头，我就长焦出片了 //@弛耳霍饕:可惜没带彩卷，十分期待你的100vs[花心] //@AchaoVision_谢超:回复@弛耳霍饕:双色彩很漂亮 //@弛耳霍饕:回复@AchaoVision_谢超:多谢超哥指导，最后一张偷师了。[嘻嘻]	1
太过分了，小宝也是人间罕见的美女嘛[嘻嘻][嘻嘻]//@高晓攀:我只想和大家见面……为什么要照这样一张照片[哼]	1
[嘻嘻]//@每日经济新闻:据了解，想要申请使用资金归集功能十分方便，只需带着招行的U盾和要绑定银行的U盾就可以办理。功能虽受到女性热捧，却遭到大多数已婚男士集体吐槽。http://t.cn/zj1iak6	1
【早安。国丰维景】美好的一周，从国丰维景精美的甜点开始[太开心] [馋嘴] 早安~~	1
圣诞节 来friday餐厅和家人 爱人想用大餐[爱你]	1
@热点红姨 自然是领队，不列在特邀队员之列[嘻嘻]//@康保李汉光: 回复@谭昱君:谭总是常客，等你的安排哦！ //@谭昱君:有时间一起去体验 //@康保李汉光:二维码作为入口的新应用，值得体验一把，学习一下！ //@谭昱君: 红姨带着大家去体验! //@热点红姨:发现贵宾体验里木有我呀！呵呵。	1
记得十年前江河老兄还曾到家里帮我安装过音响来着…[哈哈]	1
回复@黄村:做茶过程的香那叫香的不得了啊，记得先闻一闻再开讲就口吐莲花了[哈哈] //@黄村:岩茶我的最爱啊，喜爱肉桂的香，水仙的醇 //@野山狐:之后可以来，开始采茶了，满城尽是岩茶香  //@李峥嵘:我真的真的真的很想去，但承诺别人在先 //@野山狐:你真的真的不想来吗？  //@李峥嵘:哎~~	1
在京城的朋友们感兴趣的话可以去看看！@皂皂女王 //@黄鹤的旅行:[嘻嘻]//@空勒个白滴:为什么好的户外题材的电影网上都下不到啊，遗憾！	1
牛b的发改委。 [哈哈] 百度都膜拜。	1
回复@Italk沙龙:哦 咱不签售啊 欢迎自带书出场 按倒强签 //@Italk沙龙:他，既是天使投资人也是技术大牛，为什么离开Facebook？为什么关注投资？2013年开年第一场，欢迎王总@王淮Harry 来italk掀起一场头脑风暴，现场版真人签售，各位亲们，还等什么？期待呀！！！[鼓掌][鼓掌][鼓掌] @孔华威	1
[爱你]真棒 既然入围了 就加油最终选中[good]	1
这个调调好喜欢！~[爱你]	1
[泪]谢谢，新年快乐，来年武汉见，//@RosaRowe:@张小兔808 @_adol__ @garden1987 @猴子她二叔 @批萨治愈系 @找精神De小4 @爱洁平方 @光影and记忆 @活力鱿鱼 @拉普达你好 @Rachel喵 @李寅77 @武汉说ing @一笔征程 @樱小花yy [爱你]	1
一定要推荐[哈哈]//@傻妮儿在北京: 杭州酒店资深玩家推荐。我也来荐一个柳浪闻莺对面的桔子水晶。旅游季节来啦	1
有理//@佶佶徐: [哈哈][哈哈][哈哈][哈哈]	1
中秋节快乐！ //@收录唯美图片: 一组创意月亮照，提前预祝大家中秋快乐。[爱你]	1
这个好认[嘻嘻] //@国安国米:见不到真面部，还得留神帽子[汗]	1
//@边疆边吃边说: 薄荷口味 //@赫柏夫人:你是哪座？[哈哈] //@边疆边吃边说:[围观][围观]	1
人生中，唯有美食，不可辜负[嘻嘻]（减肥的孩子情何以堪呐）	1
真帅~//@经纬Harry: 哇，戴老板厉害啊！//@潘溶融:戴老板上央视奋斗节目，席间谈笑风生，结束后还有好多观众希望合影，要签名~[嘻嘻]	1
[嘻嘻] 欢迎您来参加！	1
桌山上的风景 可美啦可美啦可美啦[哈哈][哈哈][哈哈]@饭团子饭团子	1
[鼓掌][爱你] //@文小倩倩:@Y歆Trency @Radio李丹 @小-小-香 @铥铥猫咪 @乐乐小酒酒 @BeQueen	1
就是喜欢面条[嘻嘻]	1
朝内怕信息流动太快，来不及封杀 //@Jimmy童珏铭:我们这里可以30m 我已经觉得很快了//@设计师余涵恩:[吐]@中华保钓号: 中国大陆网速排名世界第90位，收费却比世界网速排名第一的韩国贵27倍！幸福却还象花儿一样[哈哈]//@中华保钓号: 香港宽带，199港元1000M带宽！	1
我就怕你戴会小，刚刚好我就放心啦...美美的过年吧...蜜蜜小姐新年快乐思密达...[哈哈][哈哈][哈哈][爱你][亲亲][亲亲][亲亲]...	1
可以感受到伊朗的季节之美了~ //@大鹏背包走天下:终于用电脑翻墙上了，人品啊！ //@行者梦野: 可以关注参与@行家旅游杂志 的猜谜活动，将会送出总共50张明信片[嘻嘻] //@寻找安多芬:我想要明信片啊！	1
[嘻嘻]粉粉们的最爱啊~//@文文巍: 每次去金鼎轩必吃的榴莲酥[爱你]	1
[话筒] 6月1日儿童节，爱佑慈善基金会将携手百度开展“欢笑守护童心”活动。[可爱]你的欢笑将会给先心病的孩子带来最好的节日礼物！欢迎大家多多关注[围观][围观][围观][心][心][心]	1
回复@beachsoft:是的，北京特有的很多东西都难觅踪迹了。感触最深的是北京话的消失。 //@beachsoft:回复@黄玺赫:[哈哈]小时候的话梅5分一袋，只有三颗，每颗都薄薄的一层皮，可感觉那么好吃 //@黄玺赫:有散装黄酱吗？明儿想吃炸酱面。来一毛钱肉，够一家子吃了。	1
#微游山东##两湖达人山东行# 登上千佛山，全家保平安，旅行第一站，我们来到千佛山，达人们对红色的平安符挂满古树感到特别好奇，拍照相机手机一起上[哈哈]@趵突泉@天下第一泉@泰山风景区 @湖南旅游 @湖北旅游@山东银座泉城大酒店 @小虎同学tiger@83小钟 @易粉寒易粉寒 @贾先兵@江涛视觉 @momo的松弛熊	1
没看文章，但很赞同这句话[鼓掌][鼓掌] //@16hostel:很赞的文章? //@阳小草:今天唯一静下来看完的一篇文章	1
[哈哈]//@DIY私房菜:亮了~亮了~	1
妹子你这么欢乐，你家人知道吗？哈哈哈哈 [哈哈] [哈哈]	1
[爱你]东山岛	1
是！我们是喝酒派！ //@QUANYECHAI:晚上可是一杯酒换一口肉呢～[偷笑]//@饶原生:回复@武旭峰:饶光盘，吃光光[哈哈] //@武旭峰:想得美！全被饶老师吃光了！ //@饶原生: @武旭峰 @忠烈公 @水云-仙子 @广州大学张河清 @万庆涛 @饶原生 @sun_昊枫林 @Jamie_梁灰灰  @劳毅波广州大波波	1
@不能早起的猫 @猫里猫气的耗子 @淡定的四喜丸子 @冯陈晨 //@如花减肥日记: 一个胖纸的烦恼，笑死我了[嘻嘻][哈哈]	1
#周末时光#带可可出去走走，可以去我一直想去而可爸一直不愿意去的地方。[亲亲]每对夫妻是不是都会有一些不同步的地方？只是不斤斤计较也不会影响生活。报告个好消息，昨晚洗澡时，可爸说我肚子真的变小了。刚才换衣服，裤子上的扣子也能扣到里面一个扣子了。[笑哈哈]不要太轻易哦，那样我会骄傲滴……	1
强烈支持,艳羡ing~祝活动成功,有所收获~ [围脖] //@新安郡主于海安:啊。。。。我不在啊。。。一挑老师啊。。。啊啊啊啊啊啊 啊。。。。[泪][泪]啥时候结束？ //@汪一挑 : 回复 @Trek8000 :回老兄，启动暂定本月11号，地点是咱的老家，休宁五城 [嘻嘻]  //@Trek8000 :转发此微博:啥时，具体线路？	1
必须得是带签名滴[cai晃头]//@走入时间: 希望朋友们喜欢！[可爱]//@源形毕露: 这本书沉淀性很强，是我2年前召集其他8位我很欣赏的不同领域的摄影人一起写的，内容涉及几个领域，比较具有收藏价值。	1
收到这么多以前同事和朋友祝福很开心，谢谢你们...在这里不一一回复了[嘻嘻] //@唐小?:[蛋糕]// @张亮hy : [蛋糕]// @小米粒儿HY : [蛋糕]确实是个好脾气。。。 // @周杰0724 :生快生快哦！！好脾气先生！[蛋糕][蛋糕] //  @先生聂心?  :同祝永远爱笑爱脸红爱牛仔裤爱絮叨的好大哥生快！[蛋糕][干杯]	1
来新的啦！[太开心]//@声声入耳761: 算了吧，相机借去@俺叫老鬼也不打算要了[偷笑]//@迎风也三尺: [给力][赞]//@新疆千年胡杨: 转发微博	1
晚上来到衢州三头一掌吃饭，上海女孩@周斌YOHOME 的妹妹在北京的店，美味地道，清华西门向北200米。鸭翅相当不错。[鼓掌][鼓掌][鼓掌]	1
超级玛丽//@张庚_晒太阳的螃蟹:说得似乎有点道理，不过真不明白为什么还有那么多得人要争着搬进这新大楼，削尖了脑袋要挤进央视呢？总不是为了体验爬楼的乐趣吧？//@邹悦: 似乎不如跳下去//@航博里://@Sharon山芮: [哈哈][哈哈]@爬上墙头等待红杏儿@三石而立-王@DC邓淳 //@不过是一介泛泛之辈: [哈哈]	1
欢迎更多的吃主来探店！[哈哈]@懒人业余餐厅安贞店 //@COCABA酷科贝: //@京城美食探店: [吐舌头]	1
#午间小憩#[鼓掌] 不管天气多冷[雪] 都喜欢[心] 吃冰激凌[c娇羞] 。。。	1
#小编传送门#小编已经看到洋气的墨水啦，好有FU~[太开心]	1
一路平安！//@佟大为:我是明天的票[哈哈] //@一白张:你们都回到家了吗？我想回家了~[泪][泪][泪]@王宝强 @王珞丹 @佟大为 @景甜 @张译 @黄觉 @吴君如大美女 @吴刚的微博 @鸡毛蒜皮与鸡毛蒜皮 @小柯 @?奕迅所? @电影越来越好	1
回复@水和田007:在芳村茶叶市场里面一间叫做“荷香居”的平民餐厅，没有空调，只有风扇，围绕池塘而建，夏季对着满池荷花，全部用荔枝果木烧鸡烧鹅，不少传统小菜，天天爆满！//@水和田007:在边度食呀！彭总[哈哈]	1
不错不错[鼓掌]//@VickieLi: 呵呵，这个我喜欢@任娜kitty @天使相灼 @西屋瑞希 @Aaron博	1
太可爱啦，我也想过节！[哈哈] //@一对板砖:我也要儿童节礼物！！[泪]木有人送我礼物！！	1
回复@摄影旅游杂志:这组作品 可以投到9月月赛你心中的城市里嘛？ //@摄影旅游杂志:不错 继续好片~！[哈哈] //@播放WBF:感谢编辑的鼓励支持 [围观] //@摄影旅游杂志: 《我眼中的帝都之夜》	1
俺明天就到！[嘻嘻]//@o鱼菲o: 参见总舵主[嘻嘻]//@老波头:欢迎二帮主	1
我罪恶了。我上班都没赶上大雨。[嘻嘻]	1
那些天天在一起的日子里无论如何也想不到长大是这样的[爱你]晚安少女们	1
幸福就是，不管发生什么，在我心里都不会把你的手放开。。 //@刘忻:幸福就是，不管发生什么，在我心里都不会把你的手放开。。。一半祝福一半羡慕[可爱]	1
周一咱聊五毛钱的 @David-杨 [哈哈]	1
?一直想要的Ipad Mini昨晚作为惊喜出现了[鼓掌][鼓掌][害羞]……他说一定要等到那什么Retina屏（其实我也听不懂[汗]）……不过，惊喜中的惊喜是――这是专属Winny的惊喜? ……[爱你][害羞][害羞]	1
回复@LisaYuWang:[害羞] //@LisaYuWang:你太谦虚了，弄的我都觉得不好意思了。。 //@没有蛀牙的LEO:回复@LisaYuWang: 嘻嘻`见笑了 //@LisaYuWang:yay~~~[鼓掌] //@没有蛀牙的LEO:杂志，其中的版面	1
吉子哟，给@guolilong 穿内内了吗 ？[哈哈] //@荡漾唔嗦:@胡建龙 ，@宋宪龙 @郭立龙  猜猜这是谁捏？	1
你给点折扣我就光临[哈哈] //@薛成俊:哈哈，等哪天我在德国混得走投无路了，咱哥俩一起回中国开店卖比萨饼去！[哈哈]	1
//@亲爱的回家:【剧联盟】#土地公土地婆#人间处处有真情，“一方有难八方支援”[偷笑]更何况还有一个善良得没底线的土地公和一个刀子嘴豆腐心得土地婆，他们看到村民有难，一定会出手相救的[哈哈][挤眼][兔子]山神石神又来搞破坏，这对活宝会如意吗[偷笑][嘻嘻]今晚1119:30分锁定@深圳卫视	1
幸得唐先森钦点真是与有荣焉[偷笑] //@Chris_Tang:本次拍摄唯一的女BOSS! [鼓掌]	1
回复@??小Mo仔:[抱抱] //@??小Mo仔:@Kasuki_H	1
[哈哈]好大好实惠的巧克力,舍不得吃呐~~~[爱你]亲爱的要幸福哟	1
//@夜青羽-: 哈哈哈哈哈//@purple--大口妞:[哈哈]好厉害呀 //@哏纠花花麻:@哏纠??叭 哈哈哈哏纠有这个潜力	1
好幸福[花心] //@Jade姑娘:哇，你无@ 我，差点错过左添[嘻嘻]，多谢你的祝福哦，也祝你们新婚快乐[可爱]	1
呵呵~！威武的王总//@奔跑的蜗牛y：看马腿都劈叉了，超载[嘻嘻]	1
[挖鼻屎]无聊//@味道工坊陈乐乐: 越看越爱@球球V发胖 @味道工坊小笨鸟圆子 //@方臣一品:哈哈！~这个玩样好。[嘻嘻][嘻嘻]求链接！~//@味道工坊陈乐乐: 链接呢 //@盒子世界:好想买一个，轻轻松解闷之用......	1
回复@angel手中的小豆:[心][心][心]//@angel手中的小豆:回复@大卫独夫DE吴志伟:[哈哈]这本书很好看！	1
#传统盐商菜：清炖汽锅蝴蝶腩# @卢健生 卢哥您的最爱[哈哈]//@D1nger:大师，你怎么看[思考][思考]@一毛不拔大师	1
[good] //@七仙瑶池康年温泉度假酒店:位于七仙岭国家旅游度假区，想象一下躺在椰林里，在一片绿郁葱葱、花香岛语的环境下洗温泉澡，是多么的心旷神怡、宛入仙境。[心]//@佳堤国际贸易: 美妙的巴厘岛风情！还应该有鸡蛋花的身影~[可爱]//@涵舍木制别墅: //@翔子PHOTO:我想去泡~	1
[嘻嘻] //@郭德纲:感谢兄嫂大力支持，回头我请您吃茶叶蛋！ //@于谦:v脸的澳洲薰衣草小熊，补水的波碧水。@郭德纲  @王惠的世界 您这两款产品的针对性太强，我就不发照片了！[哈哈]	1
看来兴趣第一啊！[哈哈]//@东光分公司罗焕焕: 转发微博	1
我想要这个，那个，还有这个。。。[爱你]。@败家de妞	1
当心被打屁股[嘻嘻] //@NJBC周大锴:回复@广播人沈雷:女神的魅力是不需要用任何其他某某来比较的[嘻嘻] //@广播人沈雷:不过我觉得徐子涵比孙俪漂亮多了@NJBC周大锴 你觉得呢	1
【今天你“傻笑”了没】健康并不需要大张旗鼓，一个小动作也能成为意想不到的健康催化剂。美国得克萨斯大学研究显示，看喜剧时由衷发笑的人，血液循环速度会增加21%，且效果可持续24小时之久。而看严肃记录片时，血液循环速度会下降18%。 所以，尽可能发现生活中的笑点吧[嘻嘻] #中环*简单生活#	1
感谢肯定[爱你]祝您探索愉快 //@有艾琳的日子:要你的肯定真心不易！赞它一个...[噢耶]	1
我有两个很明显的窝窝。。。你们 看性感不？[笑哈哈]//@南京市旅游委员会: [嘻嘻]苏苏同学研究起这个来了。	1
//@坛太一-健气受: [呵呵] //@仁王?治--:[可爱]//@坛太一-健气受:恩~【抱抱】~乖~小吕治 //@仁王?治--:[抱抱]//@坛太一-健气受:恩~乖【摸头】~不哭了哈~这个不一定准的~ //@仁王?治--:[可怜]叔叔//@坛太一-健气受:啊~~这个肯定有不准的啦~不要伤心啦~ //@仁王?治--:[伤心]不?不?	1
[可爱]玉米好?害。	1
水水[哈哈]	1
#沃阁分享#@沃阁恋馆-私密浪漫汽车旅馆   携手众西祠版主周末欢乐版聚的第二波帅哥靓女隆重登场恋馆VIP总统套房咯！准备high翻天吧[哈哈][哈哈][哈哈]@Damon_孙立人 @cute-Zz @Babybaby-S @沃阁一哥 @艾米1895电影街 @安飞士租车南京 @贝黎诗南京店 @c_c车友团 我在这里:http://t.cn/zHFPfry	1
多大点儿事？[嘻嘻]	1
回复@肖仁福微博:肖老那么多精彩绝伦的官场小说都可以好好值得研究[鼓掌] //@肖仁福微博:只要不付费，只要符合十八精神，坚决同意研究！	1
哈哈，你还穿越着呢。。。 //@陈默撒吗:奇怪，为什么没人艾特我？ //@Jacky_Gu:穿越清代 求高清 //@北京麦克摄影-周宇: [嘻嘻]我这里有高清版！	1
回覆@宝宝赵小猴: 很帅的包！ 我没那个相机哎。。 要不你问问 @ffunky //@宝宝赵小猴:石头叔也用他们家的包？ 能放下PENTAX 6X7麽 [亲亲]	1
【真该打[哈哈]】3月15日晚，合肥市包河花园小区酒店门口，一位父亲见儿子醉酒，不让儿子开车，儿子一气冲进驾驶室要启动车子，父亲趴上车头说“你要是敢开，就得从我身上轧过去。”。一围观男子怂恿：“‘轧过去，轧过去……’”。结果，父子两人合伙将这围观的人暴打一顿[哈哈]http://t.cn/8s4fXdX	1
@大思萌小火鸟快来啊  //@费猫猫: 下家一号举手，哈哈哈[嘻嘻] //@我家的MONKEY:这伴郎很帅嘛@大思萌小火鸟 婚礼上要看好，小心别人惦记[哈哈]	1
没心没肺。。。[哈哈][哈哈][哈哈]	1
回复@纪摩:[鼓掌] //@纪摩:应该再加上一条，最必须重视的人，看了这条微博，转发的人， 哈哈哈	1
还是你狠！柯南都不如你//@了了荒原:文革，命案，产子，家变，密室服毒……两岸三地巨星加盟//@无痕轩:@张德武先生: [哈哈]//@信浮沉: @了了荒原 @阿吐罗魏 @西卡Scarlett @艾英悦 @Mushroom127 @JQKBO @吕彦妮Adele @成一男 @王逸石 @阜东木南 @董汶亮 @Pan潘Yi艺 @散步的包子 @麻小pothead	1
回复@Fiona姜姜:已经有人投入战争了，大家转发完别忘了求PR把自己的转发量搞上去，十个骆驼等你拿！[礼物][圣诞老人] //@Fiona姜姜:回复@去哪儿网度假:[抱抱]我一定把骆驼拿回来[鼓掌] //@Fiona姜姜:这骆驼非我莫属 #2012旅行心愿#2012，我想和@刘小猫-喵  一起去香港！@去哪儿网度假 @去哪儿网	1
这个...那个...//@嘻哈包袱铺小泽: 等公司的泰国游和iphone5[鼓掌]	1
[爱你][爱你] //@热短发:有个哥哥真好[可怜]	1
//@Irene晚夏:升级版…// @呜里吗里 :给力转！ //  @sammy找自己  :[哈哈] //  @CannonM  ：... //  @阿巴辣子  ：瀑布汗。。。 //  @remy_guo  ：13。。。 //  @顾晨Seven  ：怒顶	1
#瓦德拉玛.印象#【样板间奢华绽现】京南庄园独栋@龙熙瓦德拉玛庄园 样板间，奢华亮相。那是我们一直都期待着去掀起的面纱。亲眼见证着这一刻，每一个细节，都处理的极致完美。奢华、醇厚、臻致、惊艳……[花心]PS:有你的梦，伴着花香飞翔。此爱天下无双。[鼓掌]	1
不管是小剧场还是大剧院，好演员好作品才是观众喜爱的根本[嘻嘻] //@嘻哈包袱铺胡静楠:#嘻哈包袱铺2013悉尼站#	1
【城市之音四川台FM102.6】城市之音#2013校园迎新#巡回晚会第十站之明星音乐教室，在@孔令奇 孔老师和同学们的欢笑声中完美结束了，现场的大合照你有吗？来找找吧[太开心]@西南财经大学天府学院	1
终于有单口了~//@刘锡铭_: 郭老，您终于继续《济公传》了，我们真是望穿秋裤了[泪][泪]//@郭德纲: 我佛慈悲[太开心]	1
???▲??▲?????▲?????▲?????▲????? 妙脆角要火！[哈哈]	1
盐业局工作的一位同学说，他们把大门口盐业局的牌子摘了下来，怕疯狂的人们去盐业局大门口排队买盐[哈哈]	1
终于可以出门看#一代宗师#了。等@shirlly最近不逛街  起床，就可以一起去吃清迈天堂啦。Nice Day[鼓掌][鼓掌]	1
时候不对[嘻嘻][嘻嘻][嘻嘻]	1
小吃货一只啊[哈哈]学动画的人是这样玩孩子的，时而恶搞，时而温馨。怎样都是满满的爱啊[心]祝小宝宝健康快乐，茁壮成长[心][温暖帽子]#欣爱的朋友##欣爱影像#之设计	1
明年我们整一个 //@小糊涂诸:  @康棒棒他爹 @鄢蔓 @黄小小小珊 @大漠山水  //@昨夜我不在:水军，走你[哈哈]	1
#天天向上#：【倒计时】#长沙有戏 助力梦想#@果实戏剧工作室 由汪涵和@杨乐乐 夫妻档发起，旨在面向社会，征集优秀的没有公开排演过的剧本，经过中国著名戏剧人的评选，为最终的三个剧本和团队提供排演资金支持，为年轻人实现梦想创造机会。[威武]各位热爱戏剧的朋友，一定要多多支持和捧场了！[鼓掌]	1
四种度假旅行方式：1．到此一游型：上车睡觉，下车拍照；２．不差钱奢侈型：认准五星级，只奔名品店；３．驴友探索型：风吹雨打，不走寻常路；４．旅游达人型：行程量身定制，从容享受美好假期。亲们热爱哪一种呢！[哈哈]	1
再算一卦: 再过一天爸爸就要去上班了，心情有点小郁闷。[爱你] 我在:http://t.cn/zYi3n2f	1
八珍豆腐香阿[嘻嘻]	1
湖景房和临湖浴池是我们酒店的亮点，值得体验！祝您们周末都有个好心情~ //@兜兜妈1980:趁兜兜还没满三岁，赶紧去吧！那里的临湖景观房和浴缸也好诱人啊！@王男兜兜爸 //@千岛湖希尔顿度假酒店:[哈哈][good] //@丹青33: 档期排起来@苏小?@包子归来 //@胡-鹏: 排入计划，卡卡。	1
回复@摄影师大刀367:呵呵[嘻嘻] //@摄影师大刀367:不错。羡慕啊…	1
[哈哈][哈哈][哈哈]5花黑玛瑙现货已瘦..喜欢的伙伴们可以预定哦！[太开心][太开心][太开心]	1
[吃惊]//@昊东Howard: 下次请弄切桑窝，弄则钢盔//@Money_Great: 吃桑窝＝挨揍，普及上海闲话！转转转//@昊东Howard:记者到编辑都不是上海人//@Shiningxiaxia: 可悲~ //@杨小资的新家:上海话已经慢慢消失。。[泪][泪] //@卡通宝妈Gloria: [哈哈] 吃生活，吃桑窝	1
切~[哈哈][江南style]//@魔王1987: @霍VV [右哼哼][左哼哼][偷笑]//@斑妞妞: [偷笑]	1
中午小憩，做了个美梦[嘻嘻]	1
回复@珠光宝气中:[可爱][可爱]一般来说呢，喜欢吃甜食的人，脾气都不坏，坏情绪可以被巧克力、蛋糕、布丁、奶酪等一切甜美的食物代谢殆尽的哦！ //@珠光宝气中:最爱 //@WISH梧桐:喜欢甜品的哇，尝过有木有？@李翊熠 @珠光宝气中 @洋宝宝的妈 @艾德拉	1
回复 @田小雪sue:没错。每天看非诚勿扰。现在看1210的一集。马上跟得上。[哈哈] //@田小雪sue:阿松最近看非诚勿扰很多啊！	1
[鼓掌]@成一卷 @alice大a @青柠冰Julie @顾小小同学	1
帮忙顶下[嘻嘻]//@lavender_wang: 支持 //@孙毅: @狐钰钰 你送我的礼物啊？ 看的我胃疼！我是水瓶啊 @酸酸甜甜小草莓金梓K 你说对了~ @大浦天天见 亲 那个节目叫《图闻天下》~ @wendy_西雯 毛叫可攻可守？！ @哈雷_威 @不二什维克 @胡宇 @张牵 禁止起哄~ @hilo @Kay 没事没事~ @Ms堂的小黑屋	1
这是一个吃菠萝的季节[亲亲]除了在西双版纳爱吃菠萝以外，这次是第一次感觉北京卖的菠萝还挺好吃[太开心]@mia327 @我是Selina猫眼 @张熙	1
晚上因为生病不停哭闹，还是爸爸有办法，抱了一会就慢慢睡着了，应该很舒服吧~[爱你][心]	1
[哈哈][哈哈] //@哇塞_睡不醒的粒粒:哈哈哈哈哈哈，笑疯了我要!!! //@白花花的妹纸:还有聚贤庄杯第一届也是最后一届掐架冠军	1
人生旅程无非两种，一种只是为了到达终点，那样生命便只剩下了生与死的两点；另一种是把目光和心灵投入到沿途的风景和遭遇中，那么他的生命将是丰富的。――米兰?昆德拉。[太阳][太阳][太阳]早安，重庆！我将开始忙碌而充实的一天[太开心][耶][心]	1
暖房派对我赞助麻小吧?[哈哈] //@刘铁NPC:嗯，等全弄完了我组织个大趴[嘻嘻]//@Vetrax嚣张卫视: @刘铁NPC 这是新家咩？好期待！[好爱哦]//@北京陈可:你周一到就能看到整体效果了！ //@守望云开:身在帝都的O粉们又有一个好去处了！	1
#十月十日卖萌日#到下午茶甜品时间了，让甜甜圈来卖个萌吧，嘻嘻，有资深吃货知道这是谁家的吗？[嘻嘻][耶]@美食推 @微美食	1
还是在国内安全系数大呀[偷笑]//@AmyZhao1217: 出轨有风险，外遇需谨慎啊[哈哈][哈哈] 唉呀妈呀，乐死我啦~~@CherryZhangzz @竖立行走的螃蟹 @吴昊DanielWu @冷冰冰1006 @谭昱君 @?笑的眼睛fi	1
@大喜庆 要不要回家溜达一圈[嘻嘻]//@百度: 是的，我们在一起了！百度、猎豹、小米“橙色大巴免费送老乡回家”活动已经启动。最早一班车是1月30号早上8点，从北京开往西安（途径太原），欢迎大家一起报名回家。	1
咱们大官V哒速度真快耶！微博微信宣传不停歇，更要大家多到店光顾方知到底多好多美貌呐！欢迎光临！[太开心][心][鲜花]#COTTONPINK北京三里屯店#官方微信：cottonpinkbj 问路哒寻店哒淘店哒购物哒纷纷走起来吧！[酷][鼓掌]	1
[鼓掌][鼓掌][鼓掌][心][心][心] //@导演李松霖:回复@??川?脖:[握手] //@??川?脖:李导您好，我是一个演员新人 ，也是您的小粉丝，一直很喜欢你的。一直都有支持和关注导，希望导有更多好的作品出来，永远支持您，也期待有机会和导合作 ，我刚刚开了微博不久，真诚邀请导支持关注我微薄 谢谢	1
#新品回顾#[得意地笑]如果你爱巧克力，这款全新甜品可不要错过~[馋嘴]入口之前，巧克力的暗黑醇厚已让人招架不住地联想它在舌尖的滑软。一口咬下，首先是黑巧克力的香醇，在你猝不及防之时，巧克力球中的奶油芝士已经从四面八方涌来冲击你的味觉。[鼓掌]“小龙女的武器”带来的甜蜜一击，你要接招吗？	1
以爱之名，约会#海德堡#[可爱]	1
祝福我们的二妞[爱你]//@胡从泳://@殷陈强: @华益助弱服务中心 @纠纠张 @l墨小默 @化晓芹 也祝愿我们华益的单身青年和志愿者，爱情美满，婚姻幸福！	1
家有一宝的童鞋们，我先代你们体验一下医院流程哈！代谢病医院现场采集[嘻嘻]比任何超市、商场都繁华[泪]排队的我都看了两篇小说了，争取第五篇看完时能成功交上钞票[抓狂][抓狂]	1
[哈哈] //@谭超:ha	1
#周末HK好康#  这想带这只可爱的熊宝宝回家？即日起到沙田广场内的屈臣氏BB概念店，购物满 HK$149，就可以抱回家罗！[心] [抱抱]	1
这里游客不多[鼓掌] //@吉小娜小姐：穿着vera wang在burano的巷子里拍了好多照片呀。安安静静的小岛，因为太远的关系吧，游客也没那么多。	1
我也爱你们[哈哈]//@武圣教主:那是那是！//@五岳论坛:那是那是！//@龙泽古今磊: 那是那是 //@郑忠阳v:那是那是！//@全图解:是吃水不忘挖井人//@郑忠阳v:还是要感谢@新浪龙江旅游 的牵线，希望下次新浪的朋友不要集体缺席！//@哈_尔_滨:有朋自远方来，不亦乐乎[太阳]	1
最近生活质量很高嘛[鼓掌]	1
又是一年油菜花季[抱抱]@阳澄湖费尔蒙酒店	1
[嘻嘻]@蕴德堂禅茶 @我叫什么名儿 @狐狸汪汪	1
@李维嘉 这身阿迪达斯的休闲西服套装真有点唐宋波西米亚风的赶脚。[哈哈]20:10分，不见不散！	1
救了我，本来想干一通宵的[嘻嘻]	1
看来5哥很理解和支持政府的工作噻[嘻嘻]	1
//@热门事件榜:这个冬天太有爱了，强烈推荐[嘻嘻]	1
//@中东卖炭翁: 难道这环境也是同卵双胞胎?尼玛央视你也太懒了[哈哈] //@长信猴://@比利小子复活3:[哈哈]//@纽约市J委书J记: 哈哈哈哈	1
“鸡胸”？那不是一种身体发育不正常吗？得治啊！[打哈欠] //@全球奇闻趣事:鸡兄，你为何如此吊[哈哈]	1
看的我眼都馋了，@一粥一茶 啥时露露你的手艺？@飘扬的瘦风子 是不是也想吃？[嘻嘻]	1
[抓狂][抓狂][抓狂][右哼哼][左哼哼][左哼哼][左哼哼][怒骂] //@梁延利:[笑哈哈][笑哈哈][笑哈哈]//@Redvulture: [嘻嘻]//@趣图一刻: 单身的唯一理由是丑吗	1
1999？！真心动啊，选个岛马上飞，反正落地签[哈哈]	1
[哈哈]切糕！	1
好么,连前挡风玻璃里的风景都画上啦[赞][爱你]//@小予CAT:@边边小猫 你爱的[汽车] //@宾虚BenHur: [good]	1
鞋更秀气[偷笑]//@joe糖炒栗子??: 霸?[哈哈] //@StefanieQse:[哈哈] //@微博小百科: 哈哈哈[哈哈]	1
@公共频道直播新余 换小编了？风格大变呀[嘻嘻]//@新余市广播电视台:关注哟！~//@丁茂生-直播新余: 剧透一下：那焦急的面容原来是客车抛锚，他们被困高速服务区三个小时，能不着急吗？另外今天的节目还有精彩的网球运动奉上！敬请关注哦！ @虾虾114 @珠珊胡武鸣_33649 @腾桂老表 @何?同?	1
@Chocolate--Hazel郑海阳 加油~[心][心][心]  今天想了很久关于你和其他遭遇了不幸的善良的孩子们的事情。真实的生活本就存在着极度的不公与无奈，但我们都要相信，经历磨难也是接近幸福的一步，只要活着就有希望~[爱你][爱你]愿一切安好，爱你~[爱心传递]	1
[哈哈] //@元芳苏州旅游找我: @kevin_虞 @安迪胡 @Ctrip-11 红中，red center[嘻嘻]	1
慢游好时光[鼓掌]	1
中联ESPN运动主题音乐酒吧！[威武][good][哈哈]	1
[嘻嘻]让记忆像蓝天一样明媚！[阳光]	1
原本前菜有一道烤乌鱼子，没想到@Fields甫田网  的台湾乌鱼子实在太好吃，等我订货的时候居然售罄[抓狂]无奈改了这道烟熏三文鱼，但意想不到的是甫田网的这款烟熏三文鱼也是那么的好吃，而且包装打开已是片好的，于是，只花三分钟我就装完盘了[哈哈][哈哈]	1
[哈哈][哈哈][哈哈]//@赤辉-董继闪:[威武]@黄浩俊Howard  //@潘兵_爱美正能量:好羡慕的呢。//@中朗李路: [哈哈]很难练成 //@瑾瑜寒冰:回复@Jiramisu心如莲花:那就对了[哈哈][哈哈][哈哈]	1
妥了！就这么定了，快去找地方，把牛板筋和羊蝎子开到台湾去！[哈哈] //@田地?: ??地?的路?…[路?]//@风林火山私家牛板筋火锅:望京的呼声很大啊?朝阳区。 //@小翘蕾蕾: 望京。。。。哈哈	1
"右边的，说的太对了！ //@荔枝娘:""仿佛自己又变成了需要呵护的小女生""看到这话我觉得很诡异，现在很多愿意插手儿子家庭的婆婆都是这么过来的吧？？// @宝宝公主的奶牛生活 : [嘻嘻]"	1
[哈哈] 我们的SIX GOD 也加入了~	1
日，谁才是今天的无产阶级？ //@任志强: [哈哈][哈哈]日报只掠夺财产权。	1
厉害！ //@罗永浩可爱多:建议把“也”改成“更”[可爱]  //@周超DE微博:作?一?新?方人 我也得? 老? 我崇拜你！	1
//@双鱼座-心理学: 这都是纸箱做的~[鼓掌] ，推荐关注@全球精彩创意	1
专门购买了日本产的环保食品级袋子，有牛皮纸袋专门用来封装面粉，另外还有对应封装巧克力和可可粉一类的，以后可以直接到店购买分装类产品咯！[嘻嘻][嘻嘻][嘻嘻]	1
回复@宋永红Song:[good] //@宋永红Song:永远喜欢[嘻嘻] //@编辑郭强:永红还热衷摇滚吗？ //@宋永红Song: 转发微博	1
[嘻嘻] //@连春虎:敢不敢来一个烟，这样烟酒茶不分家了。[哈哈] //@私旅行:来自牛栏山二锅头的问候。[哈哈] //@连春虎:早茶，来自牛栏坑的问候。	1
这个北海烤鱼在云南腾冲哦![嘻嘻]//@茸芭莘那:下次去吃！[花心][花心]@Z莫莫  //@世界唯一的湖泊浮毯:是了是了，腾冲美味首选!@茸芭莘那 @柳莺儿 @美丽中国湿地行2013	1
哈哈哈[哈哈]好玩吗	1
可不！?//@方大少HOW:你也在追?[哈哈]哈哈哈 //@张帆DORA:回复@演员邵彪:对吖！昨晚的没看吗？[??]//@演员邵彪:张嘉译是演员啊	1
感受时尚就OK,不需要拥有[偷笑] //@宋涛先森:[哈哈]	1
[嘻嘻]//@段郎说事: 韩媒称朝鲜导弹反复出仓回仓 发射车四处乱转http://t.cn/zT55jGv	1
[爱你]super lady	1
哈哈中午做的请大家给予指导@火龙美食1968 @餐饮世界赵泽瀛 @日下客 @星级酒店培训郗老师 @挡不住的美食个性@得着您那2011 @李吉?jason  [鼓掌][鼓掌] 我在:http://t.cn/zTo63SE	1
@老徐家二小姐 [鼓掌][鼓掌] //@好大只菇菇: 啊啊啊啊啊啊嗨森	1
八一八汪星人的黑历史[偷笑]真是又蠢又呆萌[哈哈][哈哈]	1
海的女儿[花心] //@张峰博:#米卡风尚##星妆美妆分享#要不要这么美啊[鼓掌][鼓掌][鼓掌]喜欢的亲们帮转起来啦，@模特马冰玉 把小雏菊演艺的十分完美，视频十分优美，配上优雅音乐太完美了@摄影师张群云 在你的镜头下永远都是最棒的[赞] @演员馨月 @张仪嘉mia @苗圃 @十四点 @浩浩的浩 @刘金洋 @陈宥坤	1
三周年[爱你]	1
开场啦。。。[威武]半个世纪的的场馆，五年的相声团体。携手为您带来一场相声的视听盛宴[太开心] 我在:http://t.cn/zHkgM13	1
哈哈哈，这么美的风景现在才看见，非常美啊！！//@庾云彰: @sue孙悦 你觉得呢？[哈哈]//@鹤峰发布:美吗？@新浪湖北旅游	1
好事！[哈哈][哈哈] //@嘉善老顾:有可能[思考]	1
友谊就这么走到了尽头。。。[哈哈]	1
开奖啦[鼓掌] 恭喜第一批幸运粉丝 @yytank @芝麻开门_585678 @Oo妖妖o @rippleslw @多幸福多快乐 @宁静720 @丹媚0618 @可乐水果 @LBR3231花苑 @爱家的吃货Juju 请大家于6月5日前将姓名、电话、快递地址、邮编私信给我，期待大家拿到礼包后晒出自己的拿手菜，@Nicole的生活书 和 @海天招牌拌饭酱 [亲亲]	1
今天从@上海锦江饭店 @上海新锦江大酒店 和@虹桥宾馆 获悉，管理公司marketing团队制作的@锦江国际酒店 微信公共平台宣传海报已经放在酒店员工食堂的橱窗内，鼓励我们的员工关注，太感谢了！希望越来越多的锦江员工能够关注进来，真正凝聚好企业文化！[爱你][爱你][爱你]	1
[鼓掌]//@松谷听雨:[赞]	1
阿妙你老有才啦！[嘻嘻][嘻嘻] //@Wo皇团结:111111,节日快乐？[花心）// @西安快联浏览器 ://  @麻坛一姐V  :姐妹们，三样菜吃起来！[鼓掌][鼓掌][鼓掌]	1
在万米高空，上脸书推特，不需要翻墙吗 [哈哈]	1
狗狗NG，所以跳很多次~ //@汪?城???廊:伊森跳??高??去，?到狗狗了啦 汪大?[偷笑] //@汪东城: 是我在追人。?是被追。哎呀。?之我跳很高就?了[鼓掌][鼓掌][鼓掌]	1
[嘻嘻][嘻嘻]尘埃落定后国外的网站就再也打不开了[嘻嘻]	1
//@烧伤妈妈小黄: 谢谢[爱你]//@径边小溪: 坚强，加油！[给力]//@烧伤妈妈小黄: 谢谢爱心转发，祝福你[心] //@选择性失忆症------2货: //@烧伤妈妈小黄:谢谢 @青岛摄影师深蓝 及所有好心朋友的爱心呼吁与支持，感恩！好人一生平安！ [心]	1
迷恋渡假的感觉~~~[爱你]	1
?在开始至到9月1日，香港铜锣湾时代广场露天广场举行“Gundam Docks At Hong Kong”活动，各位高达迷想同1:3比例的高达和1:3比例的渣古影相，万勿错过！[太开心]	1
[爱你][哈哈][给力]	1
麽麽[爱你][爱你]	1
哈哈哈 //@逼了个逼你个大逗逼://@卡了蛋儿KYOSA:你这么听话搞得我都没脾气了[衰] //@金钢坦克:嘿嘿，可以学习一下，以后用得着//@卡了蛋儿KYOSA:@金钢坦克 考虑练习一下不？这样以后我生气不会超过三分钟。 //@Nakula修?:[哈哈] //@CARSSENJAL://@博务正业://@yu	1
工作很辛苦啊，加油加油！[嘻嘻]	1
恍惚间以为是北海道//@王佳庆123: [爱你]	1
此刻听到@盛博 老师在节目中再次提到「梦想成真」活动的场景，好亲切啊[鼓掌]@叶沁Catherine	1
你后面都一个排了已经[哼][哼]//@方大少HOW:求泡妞手段[嘻嘻] //@张帆DORA:回复@金徽骑士:他们泡妞手段全被我听到了，他们是在我附近区域吗？[嘻嘻] //@金徽骑士:这种情况专业的解释叫“波尔代热斯现象” //@张帆DORA:啊？[吃惊] //@安代劲:我的电脑和音响也有过这种现象！	1
大咖模仿秀重磅来袭！Billboard炫目现场[爱你] 猜猜这是谁！[哈哈] 还在等什么，还不快来支持你的巨星偶像！！	1
//@徐芳华1130: 快到周末了，来自驾游吧。。。[爱你]	1
同感，我正想发呢 //@徐永青: 这条腿很长啊[偷笑]@江苏steven-lu 你怎么看。[嘻嘻]	1
周末愉快[爱你]	1
顶级厨师胸器好给力啊[嘻嘻]//@大牛不吹牛:小妹妹长得真可爱！！！！[得意地笑]	1
[嘻嘻] //@潘多拉的猫猫：@Sindy_樱	1
这俩哥们，干嘛不从边上绕行呢？[哈哈]	1
直接上推子……[嘻嘻]	1
[哈哈] //@飞常准：咦……下次飞航班你可以这么玩儿~[哈哈]	1
通宵娱乐节目的说法很赞，各位亲们早安，开始接着啃MA了[咖啡][咖啡] //@米花儿莹:五一通霄娱乐节目：ME assignment, Negotiation Paper, Group Case Study... 祖国的大花朵们，加油 [抓狂][耶][咖啡][月亮][赞][威武][鼓掌]	1
@穆鸿逸Walter 这个选题不错[嘻嘻]	1
嘉里健身和嘉味也在现场哦，欢迎各位童鞋去一试身手[鼓掌] //@NFL中国:谢谢志愿者和工作人员的辛勤准备工作，今天将在京西学校为大家奉献一场美味橄榄球大餐！#NFL主题公园北京站#	1
马一个回头看 //@媒体微博头条: 唉嘛，这剧情，这台词，这结局！万万没想到呀！[太开心]@冯小刚 冯导给个春晚的机会呗～	1
今天由衷地感谢各位亲们的深切关怀~[爱你]我一定注意安全，开车不开门、[挤眼]上车不下车，[偷笑]见人拦车就撞，[阴险]绝不给不法分子任何便宜占愿世界和平![奥特曼]重庆太平![奥特曼]阿门!	1
唉，果真，果真是有乱嚷嚷的！[困] //@王思岩：[哈哈] //@岳?山:如果乱嚷嚷了，后果是啥？？[嘻嘻] // @尚涛 ：尚涛造型欢迎你的加入，咨询电话：010，64172702。如果接电话的是我，可不要乱嚷嚷咯：）	1
回复@作家编剧杜青:没问题，别忘了还欠我稿子。 //@作家编剧杜青:送本样书吧，老兄[挤眼] //@编辑郭强:回复@作家编剧杜青:谢谢，忘了AT你了。 //@作家编剧杜青:呵呵，当初就觉得这个封面好 //@编辑郭强:回复@老爱围脖:2 //@老爱围脖:是第1个方案吗？[鼓掌][鼓掌]	1
蛇蝎男人太恐怖，我宁愿做榴莲男人[嘻嘻]//@怪力小萝莉super:你要做蛇蝎美人吗[偷笑]	1
太符合中关村加班的?丝了[嘻嘻]	1
不是吧陕西的女婿居然不懂，你果真是个锤子[哈哈]//@浪侠游七洲:[哈哈]锤子是专门砸钉子的 //@七洲游侠:锤子，哈哈，西北汉子懂的。@浪侠游七洲 //@周鸿?:开复这问题问的铿锵有力，但是开复显然没有在陕西呆过，随便找个陕西娃问问就知道锤子是什么意思了//@李开复:那锤子是什么样的人呢？	1
培哥 我在上班好哇[泪]//@陪陪无人陪: 哈哈哈。。。不说自己出去玩了多少时间[嘻嘻] //@球球V发胖:[挖鼻屎]光想旅游 不想工作 拖出去喂鸟	1
//@中国经贸出版社总编辑://@周因茵同学:我去当这里的阿姨好了。。//@我有好多小梦想:圆滚滚圆滚滚 //@神马OTZ:肝颤了！//@卡李://@阿毛打酱油:幼儿园缺啥职位不？ //@中国经贸出版社总编辑:[嘻嘻]  //@蓝海菲:哇～熊猫宝宝也上幼儿园了咧～好可爱，我想去当老师～  //@世界旅游协会:最好玩的幼儿园	1
[哈哈] 新浪微博的媒体属性更强些？//@奚希: [哈哈]//@财经女记者部落: 总结的太到位袅[嘻嘻]	1
[哈哈]//@购物党: 咱购物党的数据都是真实滴~//@JobsJiao: @购物党 呵呵	1
你个色狼！ //@苏小星的秘密花园:@魏小扫 好想和你一起做美甲啊呀呀！！想暴了[爱你] //@上海沃画报: 【@Doll_Nail_Lounge 周年店庆#全场六折优惠#】老式洋房里的摩登美甲会所,一周年庆典美甲/美睫/脱毛/产品都#六折优惠#，想扮靓的MM们赶紧的，新年要有新气象哦！>>>http://t.cn/zltSurl	1
永远搞不懂的时尚[嘻嘻]	1
眼泪笑出来啦~~~~~[哈哈]//@YachtSmith: 新代言啊！//@??律?2011: 哈哈，太像了[哈哈]	1
回家洗个澡的赶脚真好[抓狂][泪][哈哈][嘻嘻]	1
我桌上的草怎么还不开花呢？[可爱]	1
怀念和这些努力的妹子们在一起工作的日子，加油//@谢麻豆-: [爱你]是美丽温柔可爱的阿尤米，发自内心的喜欢啊[心] //@AlisaZhang1220:@谢麻豆- @屋根里汤经理桑 看看咱家小美女赞的MV~	1
me too[亲亲][抱抱] //@Yvonne-LY:  so I like it ～	1
我要入股[太开心][鼓掌] //@独一味朱德张:一般人我不告诉 @马仕途 @惜惜的世界 @思尹诺恒 @kickingbirdyang @蔡康永 @徐小平 @斑点文化传媒 @娜小鱼儿 @甜甜317 @微刊艺术设计 @未茉 @olivia忆楠	1
年后呗，年前没有快递了都。为了让我们老大悔恨痛苦内疚自责，我准备送他一本[偷笑][偷笑] //@天堂尘爱:又想要的吗？[害羞][害羞][害羞]随时关注我们的活动哦。[哈哈][哈哈][哈哈][哈哈]	1
互动活动很开心，学到三样美食大餐，偶和@高小包子 合作烧烤橙汁三文鱼终于夺魁[哈哈]	1
兴工街“笑眯眯”焖子铺[嘻嘻][嘻嘻]	1
回复@梦里的鱼会飞:众台长们及将军等还在吃酒，上午有个主持不得不先撤一步。 //@梦里的鱼会飞:回复@何苏六:刚刚吃了一碗煎蛋面[哈哈][哈哈]珠江边的你还兴奋得睡不着么？[嘻嘻]	1
[哈哈][哈哈][哈哈]防干纹不	1
My 3rd song[嘻嘻]【你我的心：中文歌词】→ http://t.cn/zj4XvoF 歌，合唱：Miss X and 大村敦志 作?，作曲，演奏，?音：大村敦志 翻译：树海森[可爱]	1
//@陈莎SHA:美～[亲亲][亲亲][亲亲]	1
要一个一个看呀、、、[哈哈][哈哈]//@SuperMeee_BigYuuu:补习	1
中央六台地小鱼吃大鱼好搞笑[哈哈]	1
[哈哈][哈哈]//@杜子建: 哈哈，送《微力无边》，不仅时尚，而且实用，并且大补------补气补血补文胆。//@李?翔：[?] 不送人微力无边，都不好意思给人打招呼	1
痘痘，黑头，缺水，粗毛孔，敏感油光，暗黄，整张脸都快毁掉了！肿么办？[抓狂]凯梵蒂蜗牛原液面膜，圈内众多名人疯传的美白面膜，一款能让皮肤全能新生的神器！[爱你]5分钟急救肌肤问题，一片可以水润一周！识货的姑娘速戳：（去评论中找链接哦） 。	1
回复@武进花博会:今天回北京又吃榴莲酥了，还是唐?的好吃 //@武进花博会:喜欢榴莲酥[馋嘴] //@嗜吃慧:回复@京M银狐:陪我瘦下来[偷笑][太开心]  //@京M银狐:我不摘食[嘻嘻]	1
艾玛，也是要闹哪样？ //@微博搞笑排行榜: 太可爱了[抱抱]	1
特别感谢大家能来 ，涕零的，希望下次还有机会一起玩[爱你]	1
[太开心]祝福~~//@康源瑞廷酒店: 浪漫又甜蜜的六月，再次欢迎您[鼓掌]也祝愿这对新人牵手到白头哦[心]	1
六月九日，西安站！[嘻嘻][嘻嘻]	1
[鼓掌][鼓掌]希望小哥在日本能被更多的日本民众喜爱//@SuperciciPlus: [鼓掌][鼓掌][鼓掌]@旅行摄影的美食人_JC咖	1
[爱你]//@新浪厦门:【旅游如何和社会化媒体结合】新浪地方站管理中心副总经理@李峥嵘，介绍旅游机构和旅游景区怎样应对社会化媒体，建立新的营销。她认为，三亚宰客门、伦敦事件等负面事件，景区的舆情分析是失败的；此外，微博活跃群体，可能是景区要获取的高端旅游群体。	1
回复@悠哉海盗:这就是西藏，一个来了就不想走的地方！就算你走了，早晚还是会回来的地方！[哈哈][哈哈][哈哈] //@悠哉海盗:去年去骑的? 不过以后有机会 还回去	1
祝福！//@扬州网官方微博: 祝10对老夫妻阖家幸福，度过一个温馨的重阳节[鼓掌]	1
[抱抱] //@韩旭07：哎，白生活在国贸了[抓狂]//@张旭_乐乐:看过这个吗？ @增舸	1
@Roxy-Mei 太后的风格！！！//@ifeelcool: 女王足下系列??非常?民，如有男?入手更好[嘻嘻]	1
可是我比你大~~！//@SO圆溜溜: 呵呵，应该是历尽千辛万苦的。[偷笑]@陈武涛 //@A型血狮子座:寻寻觅觅，终于找到了这条微博。//@A型血狮子座: 这个必须要支持下！溜溜你大他五个小时，还比他高，认了这个弟弟吧[偷笑]//@SO圆溜溜: 必须的，很惊喜，很意外啊！一定要的。[爱你]	1
这样刷墙是不是很方便？[太开心] [可爱]	1
现在这个季节的菜并不代表 @诺亚有机 的水平，因为昼夜温差小所以味道不如其他季节[嘻嘻]。但不管怎样，绝对安全地说！	1
拍画册[嘻嘻]	1
[鼓掌][鼓掌][鼓掌]//@王加林2011:[威武][威武][威武] //@许健铁刨花儿:#每周日的精彩#走起[围观][鼓掌] //@谦祥益:@奏耐天津 @天津文艺广播1046 @摄影师奕柯 @每日相声 @王帅--小帅帅 @周?-小尖果儿 @陈树桐说相声的 @杨长在 @相声演员刘兰亭 好友帮转，谢谢啦！	1
#蒙牛酸酸乳MusicRadio中国TOP排行榜颁奖晚会系列活动#杭州拉票会。今晚19点，就在杭州电子科技大学下沙校区学生活动中心剧院，期待尚雯婕！[鼓掌]	1
[爱你]哇塞~好怀旧的呢！那位客人一定是上海老客勒吧~[赞]	1
老崔的演讲惊艳全场！[哈哈]	1
芒果季节,富丽万丽怎么可能忽略亲们的芒果情节呢~我们即将甜蜜推出芒果主题茶歇!敬请期待吧![鼓掌]	1
木有想到这么壮观啊~~[哈哈]	1
帅！[嘻嘻]	1
【神饼预定开启】亲 @zhenzhengrace-new ，您预定的6盒鲜肉月饼请于7/17号中午15:00左右至我们中餐厅提取，来时请报微博名 [馋嘴][馋嘴]。。`(*∩_∩*)′ 竺姐姐[嘻嘻]	1
[嘻嘻]立秋到，贴秋膘，吃点好的很必要~汤好味，面筋道，鲍鱼鸽蛋不能少。春有凉风秋有月，品尝美食在！雕！爷！	1
【零点缘分互动贴】睡不着的蟹蟹们开始活动起来啦，快来报上生日，遇有缘蟹友啦~~[太开心]	1
[吃惊]头发都白了，主持也太费神了吧[偷笑]虽然没看见#渤起锅#精彩的主持，但！相信你永远绝对给人惊喜！虽说这次没骑回金马，但你兄弟@杭航 在#意大利博洛尼亚#给你骑回了一匹超级限量战马！而我的礼物呢？法拉利*****和法拉利***各一个！[熊猫][给力][爱你]	1
潮忻土忻傻傻分不清楚 //@2岁木粉_晴儿://@大白白queen：[鼓掌][鼓掌][鼓掌]	1
谢谢[心][爱你] @佛灯下-诵经 @Sunny--TB @讷讷木123 .......	1
热忱的欢迎您的入住哟~[可爱]	1
可算找到近点的影城啦~我的电影票不用再送人啦！//@纳纳小姐: [鼓掌]//@伊简梅: 橙天嘉禾凤凰城影城今天开业了！[嘻嘻][给力][威武]抢票了，本人贡献出10张影票，有好友要的没？公司的同仁表示发的福利电影票可以就近使用了[哈哈]，橙天嘉禾万柳影城，上地影城不要生气哈[哈哈]从朝阳去你们那边看	1
很幸福的一对[呵呵]//@阿誉菜品设计: 回复@小厨健哥:一起努力吧 //@小厨健哥:回复@阿誉菜品设计:你得抓紧啊。。。 [嘻嘻]//@小厨健哥: @阿誉菜品设计 @大明_朱皓 @利玛神美食 @美食DJ阿亮 @味道世家孙正林 @小厨和贤	1
今天天气挺热，看看南极的冰山消消暑吧~[太开心]@shengwei2004 @蔡景晖 @旅人林建勋 @苏莱曼soliman @fly_灰灰	1
疑似真人[嘻嘻] //@莫乃光：真、假人？	1
像素不给力啊，而且耗电情况不知是否改进//@微博Android客户端: Android 4.0 终于来了[鼓掌]	1
准备人生中的第一次：单人皮划艇！一会汇报战况[哈哈]	1
这个梗又可以笑一个月！哈哈哈哈哈//@冰块儿君也是柠檬水儿:神烦 //@米利朵: 噗保安 //@星文连BO_俊腐驱己eternally: 噗哈哈哈哈！保安神烦啊！对不起我不该笑！噗～[嘘][哈哈]@米利朵	1
曦利组合！ [鼓掌]@策划人李宁:我建议把这个组合固定下来，推出系列话题。这个我可以继续张罗 @覃曦:回复@乔建祥新文化:又有人夸咱两啦。[哈哈]@新营销张利二 //@乔建祥新文化:确实是两个方向的人，在互补的定义下，这样刚柔的合作方式趋向完美。@覃曦:回复@强李有道:有机会单独交流咖啡厅服务！	1
我也加入转发的节奏！[嘻嘻][嘻嘻]能中奖不！[哈哈][哈哈]求签名版哈！	1
@河南省焦作市温县旅游局 [嘻嘻]//@焦点联播: [哈哈]	1
央广对农广播中心招聘报名截止倒计时：第五天。如果您知农业、爱农村、愿意服务农民，请通过网络尽快报名。国家台的对农广播频率，将掀起关注三农、关心三农、支持三农的浪潮，希望您是浪花一朵。[鼓掌]	1
真的吗？ //@BTV火旺: [鼓掌][鼓掌][鼓掌]	1
老有所依！最佳旅行大爷一枚[嘻嘻][嘻嘻]	1
回报的背后是付出，付出多少，回报多少 //@杨洋-爱海的小鱼:尖锐深刻！赞一个！[鼓掌]  //@杨立康:只有付出过辛苦代价的人，才能收获真正的成功！如果你没有，就别天天瞎得瑟！其实别人都知道，你屁都不是…献给靠家得瑟的代们。	1
//@玩美煮艺: 回复@绿色橙子sea:[呵呵] //@绿色橙子sea:口水了。好爱这一口。 //@玩美煮艺:回复@非常音乐刘伟:是呀！ //@非常音乐刘伟:又好吃又营养 //@玩美煮艺:[哈哈]前些天用苋菜煮小银鱼干	1
回复@Mr_小绿:是吧 估计你得知道 那就走3月呗 我们陪你 要长一块儿长[哈哈] //@Mr_小绿:我早知道这小岛了！一个星期不行！说是3月到半年显著！ //@京城小?勒:@Mr_小绿 绿儿呀~~~怎么着 还不走一趟	1
陈总支持 事半功倍 哈哈//@陈业文新大都: [给力][哈哈][鼓掌] //@郭月晨:明确目标 坚定信念 前进 //@风光王健:近期为了企业的发展有些纠结，中午和千禧大酒店的高管探讨如何营销，晚上和@郭月晨 取经，晚间又和知己聊人生聊发展，受益非浅，在此深表感谢！	1
老妈，节日快乐[爱你][心]	1
回复@橘子水J:你最好[爱你]//@橘子水J:真够早的 出差快乐	1
年前最後一次折?指甲，先?特一下我?神滴?友?@幸福岩石儿 @??森林007 ，?好party迎接?亮的我！[嘻嘻][嘻嘻][嘻嘻]再?特一下我的美甲?兼老?@_?老敢 ，可得保?不能在大?一???同我一??亮滴指甲唷！否?，我拿鞭炮把她指甲崩掉！[酷][酷][酷]回去?，回去喝！[ok]	1
回复@蕾蕾Ira:别有味道[鼓掌] //@蕾蕾Ira: @阿绛85 师傅，你最爱的小夜曲	1
孩子也认为:朋友比成绩重要[赞]这点和我不谋而合[呵呵]看来孩子长大了，明白了！[鼓掌][good]@无厘头的小熊维尼 @万国击剑	1
#我的印度# 我最爱的清晨的瓦拉纳西[哈哈][爱你] 我在:http://t.cn/zY9Qhkd	1
[哈哈]恩 真不错~//@大力芬: 还真是(⊙v⊙)嗯	1
支持优秀的艺术创作！ //@河东狮文化:很黄婆卖瓜地通知，大家最新一期《新望》第327期庄臣明星饭堂详细介绍了河东狮文化4月1日愚人节最新爆笑混酱剧《暗恋有毒》，各大便利店及报摊有售，敬请各位老友转告各位老友让更多老友捧捧场。  //@导演思诺:[鼓掌]@庄臣微博 @何东hds	1
今年过节不收礼，喝酒就喝这几箱[嘻嘻] @好人老周 @湘夫人	1
现在孩子都喜欢叫果果，@唐宁小怪 的孩子叫唐果果。凑个热闹，我有了孩子就叫夏果果[嘻嘻]	1
老虎的形象开始进入成长的尴尬期，眉头皱皱巴巴滴，书上说要尴尬四个月才能慢慢好看。可为嘛在俺眼里看虎儿子咋看咋好看捏？[哈哈]	1
//@baiyany:真的是耶~~~// @爽爽firefly ：偶会先用脚~// @CharlaineRavi ：[哈哈]	1
肢体语言也很好，增加不少乐趣。//@西西里豫: 一般餐厅、酒店、旅游景点都有说英语的。要不就猜~肢体语言。[哈哈][哈哈] //@萌小讷:如果只会英语，是不是没法去玩儿了啊// //@西西里豫:其实，西西里比爱琴海更美！更丰富！	1
朋友竟然也能瞬间变成同路伙伴，看来有些事是会成为一种无形的运道，不断传染下去的。[嘻嘻]	1
[鼓掌]//@懒人业余餐厅: #火腿高峰论坛# 即将举行，敬请关注。十年制一腿，臻一太不容易！！！ 弹起我心爱的肉琵琶，唱起那动人的歌谣！	1
【节目预告】《新亮剑》热播，今日将迎来万众期待的政委赵刚隆重登场！[鼓掌] BTV文艺频道今晚22点10分播出的《天天影视圈》节目中，主持人@btv向真 深度对话这位“神枪手政委”的扮演者@任泉 ，讲述片场内外的那些事！在线直播地址http://t.cn/S4RKR2	1
准备开新戏？[鼓掌]	1
今天从樟木口岸经过近15小时的车程，现奔驰在拉萨的高速路上，终于回到拉萨！好累啊！[可爱]	1
看到@黄?泥 的新简介，热泪和着鼻涕流满我的脸！[哈哈][挖鼻屎]@孙恒海	1
[哈哈] 若是你拿苹果5的话，我拿果4跟你换/@西丰客人在1984:我报了“人文”类，拉票时间 http://t.cn/zjEHQ5F 等到mini搞到手，见面一人玩一次 [哈哈]	1
哇 //@CCTV天下足球:今晚看《天下足球》，明早买《足球周刊》！米兰球迷，行动起来吧。[哈哈]	1
我在这里: #板长寿司(北京apm店)#好久没见@悲催的服务生 ，和@卖男孩的胖火柴 一起宴请她[哈哈][哈哈] http://t.cn/z0sqVnL	1
歌诗达邮轮是小朋友的游乐天堂[哈哈]	1
好像有解决方案了， 50块钱了事， 啥都不用了[哈哈]//@苏杭-移动互联网用户: 说要ICCID才能处理， 可卡背面ID的已经剪卡剪没了。 打电话给联通客服也说提供不了ICCID。 我还是个球被来回踢！//@苏杭-移动互联网用户: 表扬 @中国联通上海客服 批评@京东 前者拿了我联系方式1小时之内联系了。	1
我是绝对hold住了的，是周总他先没hold住！[太开心]	1
还是那么威武[爱你]	1
这货要当兵去了。真心地希望这货在部队也能开开心心地！回来以后继续你那标志性的“办人低调”和“羞涩笑”[哈哈][偷笑]	1
#水墨江西#现在我们正在去婺源的路上，天气很好，绿树青田。司机是个江西大美女，好幸福[哈哈]。婺源我终于要来了?	1
#老板去哪儿#老板有多高？有没有三层楼那么高啊~[哈哈][哼][抓狂][泪]@王星餐饮品牌策划人:老板有多高！企业有多高！	1
回复@芳草碧连天722:[嘻嘻]微信总是慢半拍。 //@芳草碧连天722:太美了，受不了了[抓狂]	1
不要交税吧？这个可以有[鼓掌][鼓掌]	1
@陇海线Shelley ，你不在京的日子，我戒赌了！[哈哈][哈哈][哈哈]	1
受教了@明天过后----- //@小苹果露: 惹不起，我躲得起[偷笑]//@小结1848: 我也是大家中的一员…//@晴朗麻麻:大家都懂的//@南山大道8号:[哈哈][哈哈] 斯坦，我懂的！//@斯坦利的天空:孙某某，惹不起啊//@我们都爱古诗词:总结：姓孙的，你惹不起...[奥特曼]	1
什么叫@你呀[偷笑]是你拍着胸胸跟小甘说滴哟[哈哈]莫想赖哟[嘻嘻]妞儿[哈哈][哈哈] //@王筱kiko:即然直接@ 我了，ok啊，这场必须棒，各媒体各艺人我亲自组局看小甘同学精彩表演，高珊细节拜托你辛苦一下统计人数！ //@宋涛灰太狼:我也要看@歌手演员甘萍 的话剧	1
[威武][威武] //@冯佳慧Amy:恭喜！[哈哈]//@麦浪BJ-RT: @豆芽BJ-RT 大型国际0-400加速赛事拉开序幕！	1
好对！好联！[赞][赞]//@沪上老爱:县黄梅戏黄梅天黄梅，三界二字一黄梅（湖北黄梅县、安徽黄梅戏、气象上的黄梅天，三种不同类别，却同用一个“黄梅”。[哈哈]）===赣九江粤九江川九江，一市二镇三九江。 //@九江市旅游局官方微博:赣九江粤九江川九江，一市二镇三九江。诚征上联！	1
[鼓掌]感谢各位亲们对酒店的支持哦！酒店的茁壮成长离不开你们的支持！我们因你们的支持和认可备受鼓舞，更加努力的做好我们的每一处细节，只为让亲们在酒店度过一段美好的度假时光，为您的假期勾勒一段美妙的回忆！[爱你]	1
回复@阿籽小姐:没有我你本来马上要看到的是《龙族三》中二呢[爱你] //@阿籽小姐:当年姐拿到龙族三，一看，居然是（上），后来我就一直期盼什么时候能出（下），结果，居然是分了（上）（中）（下）的！臣妾愚钝！ //@江南:那个吻里有点叉烧的味道~[害羞]	1
hoho！欢乐欢乐！[太开心][太开心][太开心]	1
每天早上进了小家，第一件事就是和看到的第一个宝贝来个“morning kiss”。[爱你] 今天是安安，亲完还要抱抱！想来我们彼此的内心都是满足和快乐的。以前总在想，什么时候能够快乐得工作啊？原来拥有了最单纯最原始的爱---来自孩子的爱比什么都重要！愿每一位朋友每一天都能过的满足快乐！[心]	1
//@六个核桃3116:[太开心][太开心][太开心] //@河北音乐台心迪:分享好音乐！支持！	1
Crème br?lée，超正宗法式焦糖布丁，香法露香草条加上铁塔奶油熬煮后制作蛋奶糊，再加入泡了一年多的香草朗姆酒去腥，低温烘焙后用韩国幼砂糖制作焦糖层，最简单最纯粹的制作，拥有奶油般爽滑口感和浓烈的香草气息，限量供应，在@UID_Cafe 可以找到哦！搭配一杯原味不加糖的拿铁最好啦！[嘻嘻]	1
[阴险] //@梅里小草: [哈哈][哈哈][哈哈]	1
回复@王于京:的确吸引！[哈哈][馋嘴] //@王于京:诱导小偷想去偷东西吃[偷笑] //@梁锦江:回复@王于京:[哈哈]这么健康的食品，何罪之也？[馋嘴][握手]  //@王于京:梁总，您这不是诱导犯罪吗[偷笑]  //@梁锦江:这。。。太吸引了！[馋嘴]	1
#早安御庭#早安粉亲们[爱你][太阳]明天就要迎来十一长假，您准备好了么？是长途旅行还是短途出游，亦或是错峰出游呢？小编建议：名胜景点咱还是不要凑热闹了，去年十一疯狂拥堵的景象历历在目；带上父母就近游以二到三小时自驾车适宜；找个安静环境好的度假酒店，休息放松，品美食，做SPA@HOTEL-ZHANG	1
[赞][赞]感谢您的支持！祝您旅途愉快[太开心][太开心]	1
[哈哈][哈哈] //@小布:哎哟，我笑了	1
@马_小川 [爱你]//@辣妈专属: 转发微博	1
幸福的一家子。话说有了孩子后，男人才变成了真正的男人 [哈哈]	1
咱还有点别的事儿吗？ //@任卫新:在米果哪？找个色唐捏捏。[哈哈]	1
很美的啊！//@三亚国光豪生度假酒店：//@捷报摄影JBPHOTO：@行者无疆365820 欢迎随时关注 [哈哈]	1
辣井越来越好吃啦[爱你]	1
偶与大爱建筑大师扎哈-哈迪德 ZAHA HADID 滴合影~~不容易啊！！感谢@神马_敬军 [鼓掌] @米小米_	1
三全水饺全家都爱~不转你就亏啦[嘻嘻] @享受阳光摄影 @六零儿 @野千寻	1
[哈哈] //@维他命羊:探子！[偷笑] //@每日维他命Beijing: [偷笑]@曙光ruirui //@不赖赖: 店里来了探子竟不知 //@薄荷Rebecca:@不赖赖 @冷山雪具 赖老板的货品华丽丽的出镜鸟[鼓掌]	1
[哈哈]一起屁颠屁颠吧！ //@韩玉hany:早晚有一天，你也会被闺女这样敲竹杠，并且你还会乐的屁颠屁颠的！[偷笑] @我是徐峥	1
哇哦[亲亲]//@?小拉?太: 块给我传纸条吧~我也当回爱神[耶	1
早安~[可爱] //@胖子爱宅:麦子早![呵呵]	1
好喜欢的雪人[哈哈][哈哈][哈哈]	1
【#超级笑星#精彩剧照】杨议老师！为什么你的眼神如此犀利[衰] ~难道是因为刚刚张贡赫童鞋爆料的太多了么？[哈哈]	1
[哈哈][干杯][微风]	1
还有美吕[嘻嘻] //@快乐的老毕在杭州:勾起了对三亚无穷回忆，水平，椰风，海滩，天涯海角，南山。。。。	1
亲爱的，你家牛牛舔了我一脸的口水[偷笑]@李佳璐888 像孙红雷还是象林永健呢？？[哈哈]	1
承蒙厚爱，姐姐我一个月没有发过稿子了[哈哈]要继续关注，说不定有猛料	1
自己有奶的不要跟母们抢！你的我也先预定[哈哈][哈哈][哈哈] //@小曹曹是我滴: 我也要~~~~哈哈哈哈//@是的我在北京: 够富裕哒！！！[哈哈]一个样儿的来一块~[哈哈][哈哈]	1
[晕]这个强[嘻嘻]	1
我考?唱stars嫁 ,我???，好?russell Crowe ![哈哈][哈哈][哈哈][哈哈][哈哈]	1
#小米派发福利哈#无条件只要您乐意，转发此微博，说出你最喜欢什么蛋糕，法国国宝级@卡门贝尔现烘芝士 蛋糕登陆北京！今天开始到9.18日晚6点止，共有39张体验券，卡门贝尔8寸芝士蛋糕白吃，您还不赶紧的啊！（可惜只能北京的筒子啊！[泪]），爱吃蛋糕的童鞋走起啊！[赞][嘻嘻]	1
一起来顶他![太开心]沙发啊	1
#马尔代夫国庆特价机票# 10月3号 成都川航直飞麻袋 ＃3680/人＃ 这才是国庆难得的白菜价格[哈哈]单机票往返含税 数量有限 预购从速咯[给力][给力]参考航班时间为:成都-马累3U8989 1745/2015;马累-成都 3U8990 2145/0715+1 企业QQ:2355240939/2355260699 @海游艾米@海游田田	1
正在努力的准备，为了一个新鲜的开始?夜晚，寻找一份不寂寞的声音，@央广高速广播 你会发现，更多夜晚的美＞＞高速夜未眠＜＜@央广孟昕 @王学锋在此 @我是董彬 @寂静D天空 [爱你]	1
[哈哈] 早安！	1
有才今晚大直播[爱你]	1
@玉林烤鸭官微 的粉粉们，现在光临玉林烤鸭右安门、华威桥、平乐园、垡头、定福庄、金台路、马驹桥、小西天、六里桥和黄村店烤鸭吃一套送一只鸭券哦~[得意地笑]快到周末了，跟小伙伴们走起吧！[鼓掌]	1
#GIF# 贱者当道。。。[哈哈]	1
[哈哈][哈哈] //@穆杉伯男: 话说刚才背后拍我一下 给我吓坏了 @太阳sun99 [泪][泪] //@ShawnLi:啊呀妈呀，吓死我了。	1
再凑个人来桌麻将[哈哈]	1
微博不长，应该再多写点[嘻嘻]	1
好吧，我也耶耶耶一下。。[偷笑]//@阿本的地盘: [嘻嘻]//@三甲超超: 瓶子好人[嘻嘻]//@2Tomato:拼搏的水瓶[奥特曼]	1
#中国梦想秀#德普也玩中国摇滚，和@陶? 一起弹吉他唱一首《一无所有》瞬间点燃了现场！！[鼓掌]买两张电影票和德普一起看电影，梦想君想大家一定都有一个和夏总一样的愿望吧！[心]我们夏总的每一份礼物都很别致和有意，德普收礼物的同时还不忘给给大家扇扇子，好贴心有木有？[心]	1
欢迎[太开心]	1
谢谢米总！[爱你] //@米瑞蓉:香气袭人！ //@托斯卡纳TSKN:感谢您的鼓励与厚爱！[爱你] //@王宏玲:太清新了,来得正是时候.	1
我也爱襄阳[鼓掌] //@风飞筝:这就是我的家乡――襄阳。//@爱面吧-Siwiko: 襄阳 一个有故事的古城//@简白: 襄阳故事多！！！[鼓掌][鼓掌]	1
托马斯瓦萨里，匈牙利钢琴大师，也是肖邦奖得主。今晚来听八十岁大师的演绎，嗯，以后夜蒲改音乐会，也不赖嘛[爱你]	1
[亲亲]//@地理熊: 回复@大卫独夫DE吴志伟:[good]	1
祝福[可爱]	1
近十年很想安静看一本书，或做一次菜，或弹弹久违的琵琶。?[哈哈][哈哈] //@LullaFi: 最近很想安?看一本?，或做一道菜，或??久?的琵琶。每天只是工作工作，在忙碌在?出，??入些新的?西，??心不那?空。//@治愈系心理学: 这条路上你看到的风景总是特属于你自己的	1
幺儿乖哦//@无乔_不成书: 养生套餐适合我[嘻嘻] //@王小毛的幸福生活: 女报品质美丽团购，总有适合你的项目，亲们，转起来！@万诚文 @王大发GTD @微博王子奥斯卡 @我的眼里全是沙 @无乔_不成书 @吴蔓子 @夏天111 @闲来无事的纳豆 @小莉lili @小彭景独霸独霸 @小田田不甩你 @小新起驾回宫 @小型壮 @小腰	1
寻玉昆仑的旅程明天开始，进了山就木有信号了，再见就是5、6天之后。@Mus娜娜 打电话找不到我千万别着急哈，要记得想我哦！[嘻嘻][嘻嘻][嘻嘻]	1
@linda亿起发 笑一下。[哈哈]	1
回复@刘美娜-大L:极具冠军相，心理素质也好，可惜倒在徐若 ?题下[偷笑] //@刘美娜-大L: @BrantLiu 成绩可好？[哈哈]	1
激动人心的时刻[心]#微动日照#传播大赛大奖ipad实图奉上!感谢@日照市旅游局官方微博 的好活动.东方太阳城给了我太多惊喜,美食霸占味蕾,美景俘获视觉[爱你]仙山兔耳鳗鱼香螺,故地重游也仍有遗憾.日照,美就一个字,我还会再来的@日照旅游王立新@日照旅游-日出先照当属日照@日照旅游咨询网@山海美景	1
。。。等明天醒来他们是什么反应？[哈哈]//@冯文杰: ron哥口味重啊//@来去之间: 围观马甲 //@bian:这个这个，睡了 //@nico: 张馨予上错号啦。 //@魏君子: 男怕上错床？女怕嫁错郎？这是上错号了么？	1
[哈哈]//@芯茹芷谁: 总结：1、彭总很帅；2、百万葵园的鸡很棒； 3、阿拉斯加帝皇蟹跟萝卜膏很搭；4、广州酒家比以前高档多了；5、少了美酒，我说的是当地的。//@peng树挺: [酷]	1
心动-开心果慕斯[抱抱]//@微笑的熊妈妈: 好诱人 //@华远会:#华远会联盟商家#ebeecake新网站上线啦~[礼花]各位亲，更多新品猛戳链接啊~[好喜欢]	1
[可爱] 我喜欢看虎妞儿院的内群疯子美女们嬉笑怒骂，我喜欢看小妖娜娜无奈的说堵车啦，我喜欢看洛瑶随时随地的纯天然自然美照，我喜欢邓小松的抓狂和蛋挞的专一，我喜欢大尾许不务正业的四处游荡，我喜欢满小意同学挤兑蜜蜜王，所有我喜欢的，每天都在网上，那么，我为何还要玩儿小忧伤？！	1
#周末HK好康#  即日起至8月31日於丹麦鞋履品牌ECCO专门店屯门V City分店购买任何鞋履产品，可获海洋公园日间入场券1张[太开心] [鼓掌] 。（优惠只限ECCO屯门V City专门店，并以单一发票计算；每日限送10张，送完即止）新店地址:屯门乡事会路83号V City M-80号铺  @ECCO_爱步	1
[嘻嘻]真好。让那些狩猎者去死吧。[怒]	1
这个倒数第一 可以有！[哈哈] //@冷笑话精选：居然是亚军？[汗]	1
京津两地吃货必备！[鼓掌] 话说我已经买了两本了，可否直接领张美食券啊[偷笑]//@潘潘猫:欢迎大家在3月31日，周日下午两点，西单路口东的北京图书大厦与猫相会，现场有美食代金券相赠[偷乐]有书的带着书来，没书的现场可以买哈~	1
明天再给你烧壶开水，泡茶哈[哈哈]	1
@Dimple在凤凰新媒体  //@?生活香港正品_小?:KITTY控要出手咯~~[嘻嘻] 可找小?代哦, 可?鞋子, 袋子都在等哦.	1
? //@木子要努力努力再努力:！！！教授太赞了！//@Jam范迪塞尔脑残粉小至是也://@尿急急: [好爱哦]//@sayaka丶:[太开心][太开心][太开心] //@黑桃国王A的桃心皇后G:女神姐姐在喝水的时候 金秀贤还看着她微笑[偷笑] //@都随你喜欢:好感动啊	1
影视圈的朋友猜猜这三位是谁？！哈哈……[哈哈][威武][围观]	1
很有爱啊[哈哈]	1
末日后就是新开始了，忘记以往的不快出外走走吧！[亲亲]好天气在等你！[太阳] #香港九龙公园#	1
@不可比方 送你了。为了将来有免费的、随叫随到的、笑容可掬的、永久不会拒载的专车司机?，我是煞费苦心的培养你呀！快学！[嘻嘻] //@神也暧昧:果断mark！ @Amy小牛QQ 你也学学吧	1
[哈哈] //@雅-宝:// @萝卜de冬天 ：// @yoko桃 :哈哈	1
想～有～//@石头的心跳:有大西南平台不？[嘻嘻]//@诺小娜nona:[呵呵]//@双吉蛋堡不加蛋:心动了[花心]//@诺小娜nona:syly@syzychina.com 可以发到这个邮箱	1
#我在江苏卫视跨年#[嘻嘻]@义潮妈妈	1
吃晚饭,猜猜看！[哈哈]	1
带着幸福休假，想大家（是不是表达的过了[偷笑]） //@燃烧的麦子:[哈哈]too// @Qunar?? : 我也很的幸运，哈哈，这真的是我第一份工作哦// @IM黄天文 :这样看来我真的是很幸运，哈哈。  @lily_李立   @Qunar??   @燃烧的麦子   @行者--佳明   @湿人彭文华	1
好吧，我转//@杰子爱乐乐: 转了@靳小?-jxm [嘻嘻]	1
[嘻嘻]朝阳大悦城倾情推荐！！[偷笑]新品尝鲜要赶早?不然过了75天可就木有了哦?	1
大家周五早！[阳光][可爱]	1
我在北京吃烤羊腿，爽[哈哈]回上海开一个[钱][花心]	1
万达IMAX免费体验，每天两场凭会员卡或者任意消费十元小吃饮料就可以领票两张，欧也！超大屏幕太爽了，电影只看IMAX～[嘻嘻]厦门的影迷行动起来吧[耶][耶]	1
山和山不相遇，人和人要相逢[可爱]//@陈中:好突然，满满的好基意啊。谢谢老兄，老基友，老板。在桔子两年半，是我职业生涯最欢乐的时光，虽然我们也有争吵，但?叔这人，绝对值得跟。尽管我突然骚动离开创业了，但我仍然会每天洗干净等待?叔翻牌，以后我就是桔子外围男了	1
这样拍照也不错哟~[鼓掌]	1
是不是该把魔羯座小朋友找出来[哈哈]@京京丫头  //@一句古诗词:发生的好事	1
超级帅！！！//@陈奕迅歌迷会神经研究所?地分所:萌一个！13夜[嘻嘻]	1
分享图片  不近视的朋友免费分享一下近视的感觉，[哈哈] 因为给我拍这张照的哥们儿大概眼睛的近视度数为二百九十九点九九九度[偷笑]	1
[鼓掌][鼓掌][嘻嘻][嘻嘻]//@Rita王圣婷: [鼓掌][鼓掌][鼓掌]	1
#中青旅员工风采大赛#  兄弟你老霸道了[嘻嘻]	1
花毛分体后再合体,简称?????????????????变形金刚[哈哈]	1
回复@龙洋V: 不出两年 龙洋将走出南京 影响全国 //@龙洋V:谢谢亲 您的书我收饭啦[爱你]还有一本星期一给长征姐 //@盛世读书:转发微博	1
神马相机都是浮云，都不如ps来的直接[哈哈] //@-以后之后-: 伦家羞羞~~~有了**相机，肤色蹭蹭亮~~~虾米豆豆都是浮云~~~[偷笑]	1
这个狠！[哈哈] //@蔡蔡_蔡潆萱: 这个太好笑了 //@李浩修dragon:哈哈哈，一看就是老江湖，伤不起啊~[哈哈][哈哈][哈哈] 笑死我了！// @造型师萧峻 :[泪][泪][泪][泪]	1
午间分享，了解幻日[可爱]	1
摸到了摸到了！ //@幽幽的seven:今天圆满了！辛苦亲爱的们！@艾晓霏 @胡爷励志要成为大女人 @艳子Jane @Oh-My奥利奥 丁路！[鼓掌][鼓掌][鼓掌]	1
终于//@襄阳万达影城: #万达IMAX 襄阳唯一#襄阳万达影城的IMAX厅近日已经挂幕完毕，11月5号至11月7号试营业（播放 @IMAX 体验片），11月8号 #铁甲钢拳# 震撼登陆！[鼓掌]	1
欢迎各位大神踊跃送花篮[嘻嘻]	1
像这样的小摆件，是不是还停留在您小时候的记忆里？#和平饭店收藏馆#不单为您讲述和平饭店的前世今生，更将带您回到小时候的记忆里[可爱]	1
回复@dos100:[哈哈] //@dos100:像你这样玩命发红包，千万要注意身体啊！	1
[哈哈]//@台湾米其林厨师学会: 呵呵，美食的诱惑 //@陈子君君君君君:越看越可爱 //@台湾米其林厨师学会:好耐哦	1
//@林志炫TerryLin: #林志炫世界巡演#你?在哪?呀？！想你?唷~[害羞][太开心] //@刘柏良Barry:今晚在?州海心沙跟大家一起送走???美好回?的2013，?心?喜地迎接2014[哈哈]。	1
我呼吸不畅，鼻子受堵，喉咙开始疼痛..然后一阵紧张，想起了数日前去翁家山喝茶时下车遭遇一群开心的鸡鸭围攻..然后又一阵紧张，想起了近来饭局多多，常与各路友人密切接触..........然后，醒了，发现天黑了，饿了。[哈哈]	1
深夜放毒，我们的日本空运货是越来越全了[嘻嘻][嘻嘻]沙丁，扇贝，竹荚，鲳鱼，日本牡蛎，加拿大海胆，平贝，虎头鱼，马面鱼，石鲈。今天多达十种空运货噢。	1
爱拍//@xin_may:蛮好玩地[哈哈][哈哈][哈哈]	1
#早安#人的一生注定会遇到两个人，一个惊艳了时光，一个温柔了岁月。[可爱]你遇到了吗？	1
睡前必须公布个消息，不然憋得我睡不着了，内什么，明儿一早咱们新的粉丝福利又来了，这次比较丰富，有锅、有餐具、还有好吃哒，都是你们在我这里觊觎很久的~~~啧啧，好了，就公布到这里，都洗洗碎吧[鼓掌][鼓掌][鼓掌]	1
#haollee烘焙课堂作品# 今天出炉的纯手工健康吐司~[抱抱] 淳朴的味道是不是更诱人？~[挤眼]	1
哇塞，强呀，这个好[good]  //@潘昕:有木有？有木有？？有木有？？？[哈哈]	1
忍不往扩散?[鼓掌] //@科幻世界姚海军: 全新重译，期待久矣；虽然还没看到译文，但仍忍不住扩散。 //@北星微博: //@幻想新刊NPC: 必须扩散！	1
您今天也带阿婆阿公去看猫宝宝了吧. 有爱心的乖宝宝! [赞] //@悦馨:是啊,野猫把猫宝宝生在我家阳台上啦！ // @光照大地 :[哈哈] 又来了一只小猫阿! 和米多颜色一样哦. 好玩!	1
[猥琐] //@微博搞笑排行榜:胖了点儿..一看就是水货[哈哈]	1
//@全球流行风尚: [爱你]@最签名	1
想一个个扶起来来着[哈哈] //@王秋楠Novia：哈哈 凌乱了[哈哈]	1
这里是验血验尿等的地方 有结果后 他们会把检验报告传给你的家庭医生 再由家医看能开点药扛着就扛 扛不了 家医转别人 阿门[哈哈][哈哈]	1
和鸿利同学一起参加著名电影人程青松老师生日宴[哈哈]	1
环秀度假愉快哦！[太开心]	1
圣诞礼物入手[嘻嘻][太阳]	1
[心]//@小予CAT://@姜小喵_: 你太美了[爱你]	1
@雨痕小朋友 你就当中午五块钱支持静茹了吧[哈哈][哈哈][哈哈]	1
3块7还能能干这么多事~可以省钱准备去旅行啦~~[太开心]	1
应该改进，我们的官员已经不想住美国了。[嘻嘻]//@美??港??事?: 最好能有英文版，以利改?！//@hahadfaf:赞！权威揭批美帝！！@美国驻华大使馆 @美??港??事? //@作家岳南: 把你们的老婆、二奶、小三加一群兔崽子弄回大陆，就不用再费力叫骂了。[兔子]//@薛纪天EdDuck: 又见高级黑。	1
。。。。右边的右边  //@刘杉:哈哈，这不露馅啦//@王健_美联储: 从英文抄来的书再翻译回英文？[哈哈] //@Resmon_Liu: [哈哈]	1
七夕舞会[抱抱]好创意啊[good]祝各位Vacer玩的开心[爱你][爱你]	1
谁写的，真对我口味[嘻嘻]	1
快来抽奖????[鼓掌]	1
回覆@九?堂:我可不是老师哦，我也是学生[哈哈] //@九?堂:回复@阳光和天地:如果老?拍的?一定更美。[嘻嘻] //@九?堂:幸?之神?降??的?上？	1
强大的导游工具，导游们都可以歇菜了[哈哈] 不过我更多是出行前就查好这些信息，要是它能读我的唇语或脑图就更强大了...[抓狂] 人就是贪心！ //@zine_yan:这个视频曾经看过,非常庞大的一个系统,产品域很宽 @黄晓靖XiaojingHuang @胡子妹 @黄药师之屁哥无敌	1
一定会的！//@龙吟跳跳糖: 龙龙希望新余校园越办越好[爱你]好徒弟@清风慕竹597419103@狐狸一朵喵，加油吧[奥特曼]你们可以的//@新余校园:小伙伴们考试全过[给力][给力]	1
新年好[嘻嘻][爱你]	1
四人凑一起不容易~[哈哈]开喷！@PanPan潘哒哒 @ritachen0125 @tracy830128  我在这里:http://t.cn/zHDvvRq	1
"将“骨;字改作""还""。 //@紫燕雅然:[鼓掌][ok] //@一斗自然全:【夏之韵一一接清泉君】扁舟轻荡柳秀，断云一抹窗明。老宅风骨叙旧，新绿梦归幽情。 //@清泉石上流长:【夏之韵（二）一一接创意君】世事沧桑多变，水乡情怀依旧。尤恋小桥流水，扁舟轻荡柳秀。"	1
不懂???的朋友可以看了，感?字幕?！//@百度王祖蓝吧:[哈哈][哈哈][哈哈]笑翻了	1
[哈哈]//@马里奥小黄: 大家还觉得哪个童话好玩？我去改编~~[j媚眼]	1
不由得想起小时候灯市口丁字路口的那家小店。[泪] //@北京香格里拉饭店:祝亲和女掌柜周末快乐，甜甜蜜蜜！[鼓掌]	1
我唱歌呢[爱你]//@郭梦:转发微博	1
今天我们说起你啊 胞妹[哈哈]@jamie风的舞蹈 //@就这样不见:转发微博	1
[哈哈][哈哈] //@董郎dxp:[哈哈][哈哈][哈哈] //@老梁-有话说:哈哈哈[鼓掌]//@王朔有话说:哈哈哈[鼓掌]	1
??！[嘻嘻]	1
#途易在线 精彩旅行#你想拥有一次简单、安全、方便的全球旅行吗？[噢耶] [噢耶] 想一次性解决全球签证吗？[花心] [花心] 那就玩命戳[嘻嘻] [嘻嘻] http://t.cn/zQVx49B??&scene=taobao_shop。跟吴镇宇、张智霖一起冲上云霄！！！[鼓掌] [鼓掌] [得意地笑] [得意地笑]	1
因93号汽油上涨至8元一升，车流量下降，但行人流量增加，交通压力增大。为此，从5月1日起实行路人限行。单眼皮单日出行，双眼皮双日出行，一单一双夜间出行，戴墨镜出行者按故意遮挡号牌处理，对盲人出行者按无牌号处理，对割双眼皮出行者按套牌处理，请相互转告 [嘻嘻]	1
在大巴上忽然听到柬埔寨版＜北京一夜＞，实在太有喜感了[哈哈]忍不住要分享。	1
[哈哈]不必过分紧张！	1
软卧车厢里上铺是一对青年男女，女孩好像第一次坐卧铺，有好奇心，问男：厕所好吗？一会去趟，有纸吗？男答：一般，刚开始有，过一会就没了，领你你参观一下吧。厕所回来，将熄灯睡觉，女问：脱了睡吗？都脱什么啊？男答：只要不脱内裤，其他都行。下铺的我噗嗤一声！[太开心]	1
@荒唐的直来直往 @whereiskevin @爱莉诺 @春de魔术师 @左小强 @Yuki? @陈光耀 @东方欲晓98 @VickieLi @捷克小亮 @linda_li_ding @lilylow @CocoLiuYY @Coco--Hu @realeyes @Encore海潮 让我们追随灿烂阳光，跟可爱的CoCo度过暖冬吧 [可爱]	1
在明代，就有“凡遇害，吃（炙）烤羊肉”的说法。如今“义聚成”为您提供了可安全食用的美味烤肉之余，最新推出“北冬虫夏草酒”，适量饮用，如同将健康灌溉进了身体！欢迎大伙来这大口吃肉，大口喝酒！[哈哈]@大酒缸1898 @Cherry_惜	1
哈哈哈哈！ //@楼仲平:几年后。。。[哈哈]	1
哈哈，颜老师高！就是高！ //@颜家文笔:三爷，你莫听栾平扯乱谈，他卵上来联络图，他是来吃鸡把腿的！出书时必为这个好些。哈。@朱金泰 @刘青作曲 @霜刃KaK //@湖南文艺出版社孙佳: 回复@刘青作曲:比如说有花鼓戏的《沙家浜》，还有湘剧的《沙家浜》，口味杂得很啊！[哈哈]	1
哈哈哈哈和老哥配合滴相当默契，想起表大爷@质量报戴占军  的～啊～这水好甜啊！笑场[哈哈]	1
//@王留生:[哈哈]//@伍健文: 太乌龙了。	1
[泪][泪][泪]我本来是打算和你们一起过的吖~偶木有那么伟大~谢谢师姐的祝福~我会继续为生活部努力嗒~[爱你][爱你][爱你]//@杰smile杰:小佳烨，生日快乐。。一直帮人家准备生日，却不告诉我们自己生日。。谢谢佳烨这些日子以来对生活部的贡献哦。。。原来你真的很小啊。。。哎。。一定会更加优秀的哦	1
酒店的中央空调没开暖风，好...冷...呀[鄙视]，还好盈子聪明，借来了暖风机，好...暖...呀[鼓掌]	1
午餐，类似我们必胜客的自取，俺全部吃光[偷笑] 调料汁选对了(酸甜口)，材料取对了(没拿三文鱼，面条)[鼓掌][鼓掌] @岚-向日葵 @我就叫小帕 @XING_LJ @SK-裳小雪大北京 @野野绿的夏天	1
王大哥，哈哈哈哈，笑死我了。[哈哈][哈哈][哈哈][哈哈] //@王琪博:引而不发，获而不得，留有余地的人生，才可能有广阔的前景。	1
[偷笑]向你问好～//@?J_L?: 还好那天我在~~~~见到了从高中开始就喜欢的戏剧大师。//@噢咿噢唱歌岛-OYEEO: [太开心][太开心][太开心]//@YANT2011: [赞]	1
生存岛上的捏泥儿，厉害吧厉害吧  [鼓掌]	1
[偷笑] //@厦门晚报美食周刊:佛跳墙怎么办？[嘻嘻]	1
ICS上海外语频道《独立探店报告》年度颁奖礼即将在朗廷扬子火热上演！@ICS独立探店报告 期待……[鼓掌]	1
[兔子]好喜欢这样感觉的图片~是不是亲？@爬范儿 [抱抱]	1
你有意的吧…@拉脊山 小心你们家博士滞留机场，我在乌鲁木齐吃烤串[哈哈]//@拉脊山: @JSBC零度以下 @景蛮蛮 不知下周如何哈哈 //@民航资源网: @乌鲁木齐交通广播 @974宋春雪 @张岳3728	1
葡萄架下，微风徐徐，想不到吧，就在王府井。楼门外，邻居大爷种的花草，在这喧嚣都市中，也找到了老北京童年的记忆。最牛的是，我家的WIFI信号在这里是满格的[嘻嘻]，下次你路过这里是街道也搜得到杠杠的无线信号，但，密码我可不告诉你[嘻嘻]	1
刚看到群里发的: 兔兔， 你快从树上下来。。 2013真是新年新气象！ [哈哈]	1
回头我找找我拍的香水湾图片！美的不得了啊！ //@梦oo???落:啊呀 忘记@小宝-jason 罪过罪过//@加倍努力的小木: 光影技术不一般噢。[嘻嘻]	1
材料准备好了，明天的早餐：腊肉枯炒豆丝[鼓掌]@风飞0718 @潇潇的简约厨房 @晋一Sunny	1
只要你想到，做到，客户一定能感受得到。@荒唐的箜卡KA //@Kisag瓦氏炉:有图有真相。[挤眼][爱你]	1
处女座的人QQ不是隐身就是离开，其实他根本就在线！因为只和感兴趣的人聊，其他人一概不理。超懒。爱发呆。擅长装傻。天真单纯没心机。喜欢微笑。见生人话少。好友扎堆爱闹。老友只想念不联系。讨厌形式主义，讨厌装b的人，讨厌娘娘腔，会有想打人的冲动。[偷笑]认同的举手，不举手的才是处女座[哈哈]	1
谢谢@诗韵梦寻 姐姐送的大作《全球四季旅行月历》像一本时间导航，如果想那个时候出去玩儿，就查查适合去哪儿，景观、美食、购物一应俱全。书的纸质摸着特别舒服，色彩漂亮[爱你]那个别册《全球50道经典美食》犹如字典，查查学习一下。高产作家啦[推荐]期待新书问世	1
张张都精彩 //@菜菜的食摄空间:京菜，京菜[鼓掌][鼓掌][鼓掌]	1
回复@淼式小窝硒: 非常感谢您的支持！本次活动，我们采用第三方平台抽奖，大家可以点击链接http://t.cn/zYrQFln 查看，欢迎大家监督。我们会定期为酒店最亲爱的粉丝们提供各种微博活动，希望大家多多支持。也许下一个中奖的就是您！[可爱]	1
回复@Ekstasis: 装好4sq客户就带你去。。。。[嘻嘻] ，顺便帮我宣传下哈。http://t.cn/zOKtYUR //@Ekstasis:回复@WebLeOn:求带 //@WebLeOn:要说“我也会去哦“比较有吸引力啦！	1
@小苣芽子 你怎么那么靠近我呢？都远离你们组织了！[嘻嘻]	1
世纪公园美丽的落日斜阳，@AlexxTang ，你们的辛苦有回报咯[嘻嘻] All rights reserved	1
说法点儿上了，小点[爱你]	1
春晚还得看啊，不然你都不知道别人骂什么[哈哈]//@王赛赛:春晚离开了微博，就真该谢幕了~~~[哈哈]	1
高端洋气！[馋嘴][馋嘴][鼓掌][鼓掌]	1
开饭馆的好处之一是常有新鲜的饮料喝，今天送来花生露和老气水，本人亲自尝过，味道不错，你们要试试吗？现在除了＂家禽味＂的饮料不安全，其他的应该都还行！[可爱]  #Weico+#	1
众亲 春暖花开 你可以带TA满足下美胃了哈[吃货][吃货][太开心][鼓掌]青年餐厅超值团购来袭！已售万余份[噢耶][真V5]价值100元现金券―仅售78元！[江南style][太开心]//@青年餐厅: 这个真的可以有！！[吃货][江南style][带感][吃货]	1
王伟医生的＂正畸治疗规范＂开始了[哈哈]	1
哈哈哈。你比蔡康永壮多了。[嘻嘻]	1
回复@不动山之助:不要，要看人品。[嘻嘻]//@不动山之助:回复@黄玺赫:[吃惊]不要厂证么？有一年冬天查得特别严，行人都不让进，后来坐58路进去的。//@黄玺赫:回复@骑着混动的帝都青年:[威武]//@骑着混动的帝都青年:去首钢了	1
现在的女汉子呀~~~//@诗影子: 美女欺负人！[哈哈]//@冬雨5188:露点了。[哈哈]//@书生语录:转发微博	1
回复@提拉米苏米拉:太！专！业！了！[鼓掌] //@提拉米苏米拉:@龙猫吃了 芝加哥深盘批萨@YUMMYBOX美盒比萨 //@提拉米苏米拉:这！是！哪！儿！啊！啊！啊！啊 //@龙猫吃了:我去！这是啥啊！ //@瓜皮的id酱: 这厚度这拔丝(тωт。`) //@蒙眼小皮蛋和她的小粑粑: 丧心病狂	1
回复@冰人儿:谢啦!亲[太开心] //@冰人儿:恭喜恭喜[嘻嘻]	1
承接前两条微博――我想了想，大概是这样：我们和外婆家共同特点，都是在所在“价位区间”做到了“性价比无敌”。六七十块在外婆家你能吃到“丰盛实惠”，一百几十你能在雕爷牛腩吃到“极尽巧思”（又称“形式大于内容”）。噢，对了，外婆家还有个对手叫绿茶，我们暂时没有~[嘻嘻]	1
//@大风海上人: //@曝光准确6: //@水泊公明无悔:[哈哈]茅台都能服预备役了。//@反贪女侠: @马加妮: 有趣。到底是给谁喝的？	1
@石景山犯闲桌游吧 虽然你已经收拾滴相当nb啦[嘻嘻][嘻嘻]	1
[哈哈][握手]//@没有蛀牙的LEO:回复@七洲网浪侠:老朋友相见，亲切又温馨[呵呵] //@七洲网浪侠:今天七洲网办公室将迎接来自斐济的朋友，告诉你斐济有多美！@没有蛀牙的LEO //@七洲游侠:转发微博	1
呵呵，[赞][赞][赞] //@豆豆听胡爷说故事:我该申请小号啦[嘻嘻] //@蒋小婷消停:[汗]都快成广告专业户了。 //@豆豆听胡爷说故事:@_夏云裳_ @新浪河北玩乐购 @素颜出门不怕晒 @冒失鬼小璐 @?德子 @紫墨轩老崔 @Sugar?吃糖 @蒋小婷消停 宣传吧	1
夏鹏太不厚道了[吃惊]，竞争对手尽然都给冻鱼[偷笑]，不过女生们也不要高兴的太早[阴险]活鱼宰杀也是个问题[哈哈]	1
江西抚州有。[哈哈]//@花喵公的小事儿:没吃过…	1
当苏梅遇上清迈//@后海吹小风儿:希望今年能去，想一起的转起来[哈哈]	1
我关注林青霞的时候，她已然都是男不男女不女的节奏了，原来年轻的时候真的挺美的//@P神出品: 怀念旧时光的感觉[爱你]！稀有一博，值得 一看！[赞]	1
#舌尖上的春节#年夜饭[嘻嘻]	1
谢谢大飞的称赞，我们会一如既往的努力！//@非晓礼: 回复 @马志岩Jerry:你们小伙子做事很耐心，赞一下[哈哈] //@马志岩Jerry:公司事情太多，只能让技术自己去了，不然就有机会见见大飞了。老熊，你们好好做啊，希望发展的速度超过光速！ //@高原飞熊: 这个必须转！梦想，从机房开始[哈哈]	1
好吧，我再努力睡会，同学们，过会见[嘻嘻]	1
一个第一眼就会爱上的地方，[可爱]爱琴海永远是你们的蜜月之家，欢迎你们再来[爱你]	1
[哈哈][哈哈]//@Patty_Leek:哈哈哈哈哈哈//@?甚麽的: 转发微博	1
艺术照就是像这样在演出间隙抽空拍出来的[嘻嘻]！得瑟吧~哈哈！化妆摄影：@郭晶nnn	1
妈妈照，爸爸发，我们滴宝宝笑哈哈～[爱你]	1
都是熟脸[嘻嘻]@绿野仙踪olivia @拉布拉多鱼 @青柠幽幽 @66and12 http://t.cn/zOLYi3q	1
[晕][晕] //@演员包雪松:还好摸的不是大姐[哈哈][哈哈][哈哈][哈哈]	1
永远支持[爱你][爱你][爱你] ！//@心怡scarlettchou: 回复@love映霓:[呵呵]??支持! //@love映霓:期待的不得了啦！[抓狂][爱你][嘻嘻] //@心怡scarlettchou:[耶][太开心]	1
[爱你]大家都灰常喜欢你们哦~也希望以后有更多优秀的作品~带给大伙儿更多的欢乐！[得意地笑]今晚21:30~一起期待#超级笑星#带给大家新的精彩！	1
[鼓掌][心]//@光影下的丑角: 好不容易找到这个美女，也感谢小美女能及时传回照片，我们会继续努力，也希望可爱的小编向大家问好[给力]//@超级笑星官博: 狗狗这么可爱，小姑娘一定会好好疼爱它的[嘻嘻]~加油喜剧男人！大家都很期待你们后面更加精彩的表现~//@喜剧男人组合: 希望狗狗过得开心O(∩_∩)O~~	1
今天年前最后一天营业！2月14恢复正常营业[嘻嘻][嘻嘻][嘻嘻]	1
好的，欢迎[鼓掌]//@杨代胜:带上我！[爱心传递]//@陈玉霞博斐秀禾:朱总猜对了，哪天过来请您吃饭！//@大明_朱皓:在车里拍的，玻璃反光。//@陈玉霞博斐秀禾: 真不是PS出来的，大家可以猜猜怎么拍出来的，猜对有奖励，MIYA不许透露哟//@博斐秀禾_杨文娟:[群体围观][鼓掌][心]肿么拍出来的，好美喔！！！	1
我们会继续努力的[鼓掌]	1
回复@亚洲订房网:在一个浮躁的行业里，必须挺一下专注、执着、冷静的同行 //@亚洲订房网:亚洲订房网表示有压力，不过为了更专注于B2B，俺们今天果断拒绝了去哪儿的续约合同和淘宝旅行的邀请~[嘻嘻]	1
为什么@Mr尾鳍 一直在吃毛脚蟹吃个不停，因为他是毛脚女婿哦！哈哈，允许我一边去笑一会儿[太开心][偷笑]	1
香宫香传中国影响力[鼓掌] //@王宏玲：转给有需要的童鞋//@香格里拉酒店集团：您说的太对了！巴黎香格里拉的“香宫”今年11月开业，将成为巴黎所有五星级酒店里唯一的一个粤式中餐厅//@洪晃ilook：我觉得你家巴黎酒店最招人的就是有香宫，可以吃着中国饭，咱啥都能西化，就这中国胃不行。	1
回复@锦瑟画眉:让她习惯背着就好了，小孩子其实心里都明白，就跟单独开车带出门一样啊[嘻嘻] //@锦瑟画眉:回复@叮当_一个人旅行:我们的优势是体重轻点，哈哈。就是如果我带出门就必须要抱，还不让爸爸抱，如果跟阿姨出门就可以自己走。。。很欺负人！	1
这个必须转[给力][鼓掌][帅]	1
欢迎地产金融家们常来@潮汕渔家 聚聚聊聊！[鼓掌][good]感谢@范国才 和@首创华夏都丹 让俺认识这么多好朋友！[握手]	1
锦庭因为有大家才不断的进步，朋友们有意见都会跟小编通过微博或者别的途径告诉小编，好的坏的我们都记在心里并逐步改变，感恩一路有大家[爱你]	1
@李特TT 好像挺准[挖鼻屎] //@星座小王子:[嘻嘻]	1
确实好看。//@-Duoer-: 《决战朝鲜》好看，《决战长空》也差不了！祝贺李峰！[鼓掌]	1
去不了，推荐@杨潇同学 去~[哈哈] //@:@襄樊咩咩羊  @简白 @泡鱼儿 带上我啊[阳光]	1
我陪塞班走到了最后诶[哈哈]	1
我：热！他：到湖南就不热了。我：湖南15度呢！他：那到家里就不热了。[晕][晕]停车外带全聚德。[嘻嘻]	1
//@杜子建: 我现在报名还来得及不？有位相面大师说我骨骼清崎、面貌俊逸、有万世不偶之才！可官拜宰相之职！//@陈劲松: 没看报考公务员排长队吗？[猪头][哈哈]	1
记得《肖申克的救赎》里有句最经典的台词。他们在监狱里建图书馆的时候，有本讲《越狱》的书，他们说这应该归到教育类当中去。[嘻嘻]喜欢美国式的幽默。//@温商杨林科: 越狱 好看	1
昨天两集中最大的笑点！！[哈哈][哈哈]//@陈赫: 我真的笑翻了！当时拍戏的时候也是全场笑翻了！完全即兴的！我服了自己了！[嘻嘻][嘻嘻][嘻嘻] //@陈耘康康:卧槽~~~果断手机彩铃！！！！小东西长的真别致！！！	1
好嗨啊！[哈哈][哈哈][哈哈]	1
回复@搜房网叶华:谢谢[嘻嘻] //@搜房网叶华:恭喜杨帅	1
以为柯南的技能都是天生的？！惊天大发现，夏威夷是个神奇的地方！[lt赞] 除了有蓝天、碧海、沙滩、美女，能度假、购物…更能培养拔尖人才！柯南，你瞒得我们好辛苦~戳大图看真相[哈哈]夏威夷柯南培训中心，全方位培养，淡季出行，限量抢购7999元起~教练，我也要去夏威夷！>>http://t.cn/8kBgWNM	1
第一个怎么就让我想起德川家康那套行头了呢？//@装呆鱼：[嘻嘻]//@成涛涛: 这个。。。[懒得理你]	1
不是所有人都可以成功的化身为一只胖胖的土拨鼠[哈哈]	1
@我是粼粼 [嘻嘻][馋嘴][带着微博去旅行]	1
我喜欢，好安静[嘻嘻][嘻嘻]	1
和代笔无关吧//@马强_游戏 06年我所在的公司有款＜疯狂卡丁车＞ 发布，我亲眼见到一张韩寒软文植入的乙方合作意向书，不知后面为何没谈成，没保留证据可以拿2千万么？[泪]//@宋晨枫: //@Peter王强 凌晨回复的呀。韩寒这样重视麦田，麦田这辈子值了[哈哈]	1
太有想象力了[偷笑] //@熊出没-真的: 这是给外星人的输油管道吗？怪不得咱油越来越贵了 //@谭育君77:@澳洲网通旅行公司aubest_com @诗韵梦寻 @战群-Avaux @熊出没-真的 @清华秦鹏 @lily186 来一睹神秘吧[浮云][浮云][太开心][太阳]	1
提前收到一份圣诞小礼物[嘻嘻]	1
艺术教育要从娃娃抓起[哈哈] 小天才 跳一段跟一段[good]棒极了！	1
Good Idea [鼓掌]	1
俺有媳妇，就不用学习这个啦[哈哈]//@全球热门排行榜:[抓狂]终于有人开教男人穿衣打扮的微博啦~~~[来]推荐型男关注@男装搭配日记 吧~	1
还是郫县豆瓣安逸[哈哈]//@云海偶遇:外星人路过！[衰] //@流光点点星冷:“三聚氰胺”是中国人都认识[哈哈]	1
@苏州御庭精品酒店-LGD 王厨的发型好霸气[哈哈]@木?是式 @Calvin_Zhu的Style	1
Thank u 4 ur support!!!希望过阵子弹着吉他唱着歌去广州的时候也能那么晴朗~[可爱]	1
10月5号来摩登音乐节看这首歌的unplug现场吧~[可爱]	1
@韶湖假日小镇官方微博 二期要用上。真诚一吻，咖啡两杯。[哈哈][给力]@长沙小玩子  //@符如梁:收录。生态谷说不定能用上。	1
终于要出了，繁体版本的[哈哈]	1
萌萌滴节奏~[嘻嘻][偷笑]	1
@Sophie诺诺 [哈哈][哈哈] //@可爱宠物中心: #iPhone 5#的SIM卡也遭恶搞～~ 瀑布啊。~~ ！	1
欢迎来玩啊 美女[爱你][鼓掌][鼓掌][鼓掌][鼓掌][鼓掌]	1
#随意拍#终于厦门的冬雨走了，这个海上花园的明媚华丽回归。铁路公园的火车，灿烂的市花三角梅，红顶白墙的建筑，依山而建的图书馆，瓦蓝的天空，你若安好便是晴天哦[嘻嘻]@ezShare易享派 @新鲜旅厦门  我在这里:http://t.cn/z8LtVH1	1
温泉控~[爱你]谢谢支持。。周末愉快。	1
肥要减，但健康也很重要哦[可爱]	1
